Date,ARIMA,RandomForest,LSTM,NaiveZero,ResidualHybrid,ConfidenceWeight,RegimeSwitching,Actual
2022-10-17,0.00434443930732561,-0.00391789695239132,-0.0008192929672077298,0.0,0.0037413920457303068,-0.0008192928382733107,-0.00391789695239132,0.02215352750339694
2022-10-18,-0.003234220475597189,-0.005966028823035696,-0.001808445667847991,0.0,-0.003691917318679894,-0.0032342208101977478,-0.005966028823035696,0.023012630514239213
2022-10-19,0.0003064404387175053,-0.002797724875945502,-0.0006468467763625085,0.0,-1.4765221473373412e-06,-0.0006468473586739019,-0.002797724875945502,-0.0066814741855632164
2022-10-20,0.00190578982275227,-0.003651885623275962,-0.00017545050650369376,0.0,0.0013853719014643583,-0.00017545069903955132,-0.003651885623275962,-0.003051940329593244
2022-10-21,-0.00013482754037047004,-0.004710900404112589,-0.000343636202160269,0.0,-0.0006873963601175415,-0.0003436407169317831,-0.004710900404112589,0.04495114669689942
2022-10-24,-0.003111287187705642,0.013771115328033275,-0.00216728076338768,0.0,-0.0010870244631696253,-0.0021672797690460385,0.013771115328033275,0.011012650980499025
2022-10-25,0.0023292682041732957,0.012696754609010562,-0.001741246785968542,0.0,0.003955759785766821,0.002329268353285021,0.012696754609010562,0.011193617958402666
2022-10-26,-0.0003150286004460169,-0.006763859053248951,-0.0018008670303970575,0.0,-0.0009954959468060198,-0.001800867501102919,-0.006763859053248951,0.009848796305615129
2022-10-27,0.00023537934036209744,0.0076198861741651,-0.0014001925010234118,0.0,0.0012896981946780637,0.00023537981564037764,0.0076198861741651,0.004429028967303207
2022-10-28,0.0004399374418184019,0.003550100132856236,-0.0006986947846598923,0.0,0.000921070945646208,0.00043993799720536993,0.003550100132856236,0.013667237747182275
2022-10-31,-0.0005430915693415334,0.002667540516587376,-0.000539412721991539,0.0,-0.0001436268891712704,-0.0005392369319004876,0.002667540516587376,0.007839029224840578
2022-11-01,0.0005180607932541875,-0.0019108036483259498,-0.0005367945996113122,0.0,0.0003026019675502436,-0.0005367948190752991,0.0005180607932541875,0.01174450957842801
2022-11-02,-0.00024106199737931874,0.00023216688687821918,-0.0007298073032870889,0.0,-0.0001418435185845978,-0.00024106206391191206,-0.00024106199737931874,0.0034653178381804216
2022-11-03,0.0006903025801589874,-0.003820616564009213,-0.0006155638257041574,0.0,0.00023629400361891464,-0.0006155642784955823,-0.0006155638257041574,-0.0026337425510345775
2022-11-04,0.0005437672755537251,-0.0012983311420478839,-0.0005961278802715242,0.0,0.00040838007803807466,-0.0005961273359634448,-0.0005961278802715242,0.025582263453672042
2022-11-07,-0.001796851522399695,-0.0009538120258850437,-0.0005809401045553386,0.0,-0.0017921281573858138,-0.0009538135100908485,-0.0005809401045553386,0.012908514505062318
2022-11-08,0.0009708103011122856,-0.0009779579441544161,-0.0002929787733592093,0.0,0.0008323557608222525,-0.0002929781077312734,-0.0002929787733592093,0.004018659880978499
2022-11-09,0.0005129952203646965,0.005016150562285311,-5.233830597717315e-05,0.0,0.0011203095062915988,0.0005129967610289683,-5.233830597717315e-05,-0.005564567601790596
2022-11-10,0.0008285003020646591,-0.00020991975958180051,0.0002691386907827109,0.0,0.0007453196454456613,0.00026913898815034024,0.0002691386907827109,0.044069731754469176
2022-11-11,-0.0033364860257856913,0.0005409710825740629,0.00039206119254231453,0.0,-0.0031610918547596667,0.0003920548341172747,0.00039206119254231453,0.01797083415115398
2022-11-14,0.001959250585520763,0.0038250470033806636,0.000650189642328769,0.0,0.0022994944391275716,0.001959250812871651,0.000650189642328769,-0.007322163774580386
2022-11-15,0.0015658983279316818,-0.006681747120684049,0.0008646807982586324,0.0,0.0005967650715230932,0.0008646795087012199,0.0008646807982586324,0.0013591207417732668
2022-11-16,-0.00043908568879271533,0.0012880560153056015,0.0010680314153432846,0.0,-0.0003482880627620304,0.0010680275739655073,0.0010680314153432846,-0.0014376963527973604
2022-11-17,0.0005837889463867653,-0.00429810313030374,0.0013235057704150677,0.0,-8.506044275174919e-05,0.0005837878029177495,0.0013235057704150677,-0.006691964455077942
2022-11-18,0.0006800746628550888,-0.005353977141699511,0.0013030540430918336,0.0,-0.00012261000482409045,0.0006800732284731291,0.0013030540430918336,-0.0015282342760071807
2022-11-21,-4.434350882071979e-06,-0.0014694511883293563,0.0011850851587951183,0.0,-0.00028491993942827667,-4.4345084912060484e-06,0.0011850851587951183,0.0026598171618786846
2022-11-22,9.00889823112253e-05,-0.0029200772552025987,0.0009099582093767822,0.0,-0.00035231294129877517,9.008809755927253e-05,0.0009099582093767822,0.009580189976607041
2022-11-23,-0.00017795964194574113,-0.002712563667186986,0.0006198999471962452,0.0,-0.0005593329094889461,-0.00017796049793772427,0.0006198999471962452,0.006181081659049129
2022-11-25,0.00046883371611659917,-2.737561885210014e-05,0.0003637012268882245,0.0,0.00041571653158852835,0.0003636944365222068,0.0003637012268882245,0.006734346178620084
2022-11-28,0.00014323547628630761,-0.004937205122184276,0.0001688954944256693,0.0,-0.0004914650213393964,0.0001431995195201595,0.0001688954944256693,-0.016856660634045496
2022-11-29,0.0018783246841715933,-0.007183762513380244,0.00023914054327178746,0.0,0.0008851135194744839,0.00023914006863749298,0.00023914054327178746,0.003524421279408783
2022-11-30,-0.001095357160487798,-0.005005901949638846,0.00030893052462488413,0.0,-0.001698051430114248,-0.0010953576159918074,0.00030893052462488413,0.012875375581191869
2022-12-01,-0.00020405818407523348,-0.0039012911519268473,0.00026128205354325473,0.0,-0.0007027799988946084,-0.00020406005351867711,0.00026128205354325473,-0.006078109092004785
2022-12-02,0.0015439034586116258,-0.004396847518154573,0.0005640595918521285,0.0,0.0008849819341687797,0.0005640587748548916,0.0005640595918521285,-0.008451350227745279
2022-12-05,0.0003825044830871731,-0.007084502991144024,0.0009178209002129734,0.0,-0.0005913754977152088,0.00038250275587256626,0.0009178209002129734,-0.02403981352479607
2022-12-06,0.0015200113222006949,-0.002145726225358158,0.001470132265239954,0.0,0.0010676887430343335,0.0014701132659443803,0.001470132265239954,-0.023501545526238878
2022-12-07,0.0004957514950265813,0.0016657752588912094,0.0020044026896357536,0.0,0.0005170537728772826,0.001665773176352147,0.0020044026896357536,-0.008273092565047567
2022-12-08,-0.00039819981356088946,0.004460527715638881,0.002342119114473462,0.0,-1.914875394798426e-05,0.0023421190075211137,0.002342119114473462,-0.005125524181925427
2022-12-09,0.0003638736869273192,0.00417502153745827,0.002407240914180875,0.0,0.0006699473040764069,0.00240724083804883,0.002407240914180875,0.0029558967970855516
2022-12-12,-0.00015497389903545278,0.0014024179022697919,0.0016506901010870934,0.0,-0.00010992638887338779,0.0014024145478872972,0.0016506901010870934,0.011186390587652684
2022-12-13,-0.0002529071146855888,-0.002127622372159372,7.132216705940664e-05,0.0,-0.0005130663397719198,-0.00025290964717260235,7.132216705940664e-05,0.015057606959440358
2022-12-14,-6.279013404139041e-05,-0.001965884558266937,-0.00012719402729999274,0.0,-0.0002944418182326187,-0.00012720854350236116,-0.00012719402729999274,-0.022797330761676355
2022-12-15,0.0027512186669566845,-0.0011239973698839118,0.0006520265596918762,0.0,0.002441770198746496,0.0006520266461937156,0.0006520265596918762,-0.029711522884932208
2022-12-16,0.0007471693037688163,0.002404548072987769,0.0012272025924175978,0.0,0.0009139591380198089,0.0012272038190373228,0.0012272025924175978,-0.009997598417383662
2022-12-19,-0.0007160543638452589,0.0038299777371002767,0.0010702082654461265,0.0,-0.0002972803482711208,0.0010702084625614425,0.0010702082654461265,-0.005036532748589495
2022-12-20,0.0002779306619247037,0.005554940772425279,0.0015516597777605057,0.0,0.000829977713739325,0.001551660311955705,0.0015516597777605057,-0.00034819957096806205
2022-12-21,7.712151913196445e-05,0.004858112704987297,0.0020213464740663767,0.0,0.0005121278657010315,0.0020213466356159148,0.0020213464740663767,0.01632521418718637
2022-12-22,-0.0008276532333876385,0.007880214690162545,0.0010222606360912323,0.0,0.00010407898282444917,0.0010222610302996085,0.0010222606360912323,-0.01316614028971814
2022-12-23,0.002269825237802492,0.007503831044704555,-2.331392897758633e-05,0.0,0.003110590654150413,0.002269825482520666,-2.331392897758633e-05,-0.00020257843019786705
2022-12-27,-0.0007016616587600826,-0.0003907342498868947,-0.0012847940670326352,0.0,-0.0006148701407831824,-0.0007016631453826199,-0.0012847940670326352,-0.010298539946309582
2022-12-28,0.0011231478758803935,-0.0034696845876655657,-0.0011788213159888983,0.0,0.0007410643640558554,-0.0011788213138865735,-0.0011788213159888983,-0.003221852909253047
2022-12-29,-0.00014574665573943132,0.0025557612677435657,-0.0015700749354436994,0.0,0.0003080581065326134,-0.000145746324528272,-0.00014574665573943132,0.007482196879887381
2022-12-30,-0.00034450348932157183,0.0006848587198822252,-0.0022579801734536886,0.0,-5.857574746418956e-05,-0.000344503936850009,-0.00034450348932157183,-0.00014561407003044045
2023-01-03,0.0008171407279075709,-0.0008621718354966923,-0.002917480655014515,0.0,0.0009159466649476721,-0.0008621719441982333,0.0008171407279075709,0.008236580286011593
2023-01-04,-0.0003649740284628281,5.3836763891441446e-05,-0.0031696322839707136,0.0,-8.159426178323722e-05,-0.0003649760485338422,-0.0003649740284628281,0.004265759023144237
2023-01-05,0.0005297405123616354,-0.0018047077104573124,-0.0025508212856948376,0.0,0.0004930486143380318,-0.0018047068017614275,0.0005297405123616354,-0.01139637348532335
2023-01-06,0.00128717846527056,0.0013057967452826372,-0.0018677799962460995,0.0,0.0015496094932505949,0.0012871302806400267,0.00128717846527056,0.012488698830746374
2023-01-09,-0.0013571714326579105,-0.0031715444484212703,-0.0020140379201620817,0.0,-0.0015289300774330228,-0.0020140385754852668,-0.0013571714326579105,0.014035696693033662
2023-01-10,0.00023192348880486403,-0.0018669903263347542,-0.0016942316433414817,0.0,0.00012938299474144345,-0.0016942264397801737,0.00023192348880486403,0.012275418423829508
2023-01-11,0.00022672908630952138,-0.0035413443834925846,-0.0019545916002243757,0.0,-6.260750511633331e-05,-0.0019545914288177,0.00022672908630952138,0.01972827481381278
2023-01-12,-0.00041110437403168597,-0.004684450733504911,-0.002244658302515745,0.0,-0.0007920262882813727,-0.002244658437775227,-0.00041110437403168597,0.014869052529894806
2023-01-13,0.0004316188724025452,-0.0019207213767607496,-0.001942232483997941,0.0,0.0003344339250544682,-0.0019206792676591633,0.0004316188724025452,0.010914960838892445
2023-01-17,0.0003172126876047071,-0.005493218403138214,-0.0018314553890377283,0.0,-0.00022911766960182801,-0.0018314555810661315,0.0003172126876047071,-0.06655110868736543
2023-01-18,0.0054189989825437455,0.004453113942489457,-0.0008397370111197233,0.0,0.005814738913094882,0.00445311309817147,0.0054189989825437455,-0.002374932529736765
2023-01-19,-0.003959926704637342,-0.0017353239525074943,-0.00011054326023440808,0.0,-0.004000298130722721,-0.001735324118103861,-0.003959926704637342,0.0047438685377527625
2023-01-20,0.00044582243842865613,0.0007716375642140911,0.0005572288646362722,0.0,0.00047720593412733676,0.0005572330617634244,0.00044582243842865613,-0.025730712112672995
2023-01-23,0.0024187245134040043,-0.005506118009943166,0.0013831520918756723,0.0,0.0015173508012268793,0.0013831512731985436,0.0024187245134040043,0.021130261679738534
2023-01-24,-0.0028965940591981075,0.0005649316039738779,3.7920064642094076e-05,0.0,-0.002707524467399389,3.791851486298562e-05,-0.0028965940591981075,-0.0023229323595379
2023-01-25,0.0020653849992784933,0.0022903951999990123,-0.0008285578805953264,0.0,0.002331995053207705,0.0020653809394946044,0.0020653849992784933,0.003725210479282951
2023-01-26,-0.00030283432057134083,0.007710968255979358,-0.0014112709322944283,0.0,0.0007863804957554238,-0.0003028335447781489,-0.00030283432057134083,0.015157896093825946
2023-01-27,-0.0005050811242193952,0.006115906231555599,-0.0014806820545345545,0.0,0.0003997572509658984,-0.000505080252296243,-0.0005050811242193952,-0.003584219623544789
2023-01-30,0.0014945031857145153,0.0073605194385827685,-0.00085270288400352,0.0,0.0024184202054515296,0.0014945034409749173,0.0014945031857145153,0.010574287406662079
2023-01-31,-0.0008145131622372496,0.003490952423170895,-0.00022217897640075535,0.0,-0.00032725871639802405,-0.0002221775630145248,0.003490952423170895,0.02309066937552389
2023-02-01,-0.0005790790517407333,-0.0026737770666039155,0.00035830686101689935,0.0,-0.0009171812995206776,-0.0005790796393258516,-0.0026737770666039155,-0.0002734284856683514
2023-02-02,0.001712473122194141,0.0014820823907926775,0.0009858869016170502,0.0,0.0017436902158552122,0.0014820800949194286,0.0014820823907926775,0.010229058982370476
2023-02-03,-0.000655097367844483,-0.00024276083489987874,0.0014598965644836426,0.0,-0.0007781279609924445,-0.0002427590080283824,-0.000655097367844483,0.0012981013772865601
2023-02-06,0.0008619170405693546,-0.004382979017621712,0.00190577597822994,0.0,0.00012279343512363098,0.0008619162750061967,0.0008619170405693546,0.0022949211732520396
2023-02-07,0.0001291758154496597,-0.0005811536343421793,0.0013686309102922678,0.0,-6.145775727406166e-05,0.00012917641378876424,0.0013686309102922678,0.00966201763883864
2023-02-08,-0.0002412888157864889,-0.0028944533052820583,0.00014377720071934164,0.0,-0.0006033914368501609,-0.00024129102270275014,0.00014377720071934164,0.0018679113998310783
2023-02-09,0.0007706094434581495,-0.00238992193355436,-0.0007595662027597427,0.0,0.0005032361074529082,-0.0007595662428148782,-0.0007595662027597427,-0.01913694489736418
2023-02-10,0.0016571605348877617,-0.00609697886104515,-0.0010043305810540915,0.0,0.0009110917406108192,-0.001004330760216795,-0.0010043305810540915,0.008900813649587757
2023-02-13,-0.0015658281263081432,-0.0021560690449177102,-0.0016684225993230939,0.0,-0.0016308627887175525,-0.0016684301179146085,-0.0016684225993230939,0.007352722999510999
2023-02-14,0.0004995748884154802,-0.002734297711595437,-0.0018877557013183832,0.0,0.00029373830763421,-0.00188775494135324,-0.0018877557013183832,-0.006007074253739663
2023-02-15,0.001124820149028144,-0.002114472557115212,-0.001595884095877409,0.0,0.0009457939184766413,-0.0015958825422550962,-0.001595884095877409,0.0068624256170167685
2023-02-16,-0.000632993391886375,0.003001166914963809,-0.001368994009681046,0.0,-0.00011981020581604978,-0.0006329923118889345,-0.001368994009681046,-0.011121104845095348
2023-02-17,0.0015406808083365617,0.0007527804280261731,-0.0007553454488515854,0.0,0.0016318738604225345,0.000752779824239694,-0.0007553454488515854,-0.0046026728311624795
2023-02-21,-0.00014626513646761555,0.0007691903325370225,-0.00011676583380904049,0.0,-3.471039286920693e-05,-0.00011673521216140453,-0.00011676583380904049,-0.020230499820524547
2023-02-22,0.0014682012710004974,-0.0013739168188568979,0.0007054485031403601,0.0,0.0011772040564882284,0.0007054476759815634,0.0007054485031403601,-0.0006370073081639252
2023-02-23,-0.0009126137815450148,0.0018532299537412904,0.0012535472633317113,0.0,-0.0007468187703791171,0.0012535460625455442,0.0012535472633317113,0.007316086172447938
2023-02-24,-0.00010183329940970434,0.0015703049469219593,0.0017027306603267789,0.0,-4.240758030263434e-05,0.0015702981051608422,0.0017027306603267789,0.0008522093668023944
2023-02-27,0.0007201795913024783,-0.0062301133565365865,0.0016546231927350163,0.0,-0.00022226862759906177,0.000720178667269804,0.0016546231927350163,0.00460665809104453
2023-02-28,-3.140380059834299e-05,-0.0008641844927747341,0.0015671425499022007,0.0,-0.00026688977629857043,-3.140322746515183e-05,0.0015671425499022007,-0.03871195983339836
2023-03-01,0.0032439435611225755,-0.012200447578392561,0.002425640821456909,0.0,0.0013883693605628814,0.0024256396707563214,0.002425640821456909,-0.008398236262270172
2023-03-02,-0.0016374145456143942,0.0026373011994785707,0.0028070504777133465,0.0,-0.0014715805469799898,0.002637295610854476,0.0028070504777133465,0.008255012428158135
2023-03-03,-0.0005278523436742365,-0.0037591382194192492,0.001742366817779839,0.0,-0.0011173618449300238,-0.0005278524744897566,0.001742366817779839,0.022629432345937943
2023-03-06,-0.0006463213513144072,0.0017066484131532376,0.000175532404682599,0.0,-0.0004211024741332008,0.00017553296622434278,0.000175532404682599,-0.00011201164673601669
2023-03-07,0.001679186406912699,0.008463226011765131,-0.000634769385214895,0.0,0.0027146686553057376,0.001679186691338532,-0.000634769385214895,-0.03120588439851022
2023-03-08,0.0022591063989764477,-0.0068947225275000764,-8.623262692708522e-05,0.0,0.0013126915654120028,-8.623290610909087e-05,-8.623262692708522e-05,0.00923277131445355
2023-03-09,-0.002353078966609163,-0.006619536715938101,-0.000797420390881598,0.0,-0.0030125691903810647,-0.002353079374321781,-0.000797420390881598,-0.020828813709405165
2023-03-10,0.0025592226919176975,0.003754606435141418,0.0009022585581988096,0.0,0.0028446740452860485,0.002559222459549219,0.0009022585581988096,-0.043066828802993534
2023-03-13,0.0018402652055411303,0.0053889068106319745,0.003281285986304283,0.0,0.0021633140552423206,0.0032812862052762357,0.0018402652055411303,-0.03781654871916375
2023-03-14,0.00025943816527804593,0.0032461619904886768,0.005098120775073767,0.0,0.00023239785261959672,0.0032461617856932917,0.00025943816527804593,0.020826734561121798
2023-03-15,-0.0031945886315114824,-0.0010496634250306768,0.004328139591962099,0.0,-0.0035477325352710753,-0.001049663145128653,-0.0010496634250306768,-0.0314053080888827
2023-03-16,0.004021096359900376,0.015689427097661933,0.002280775923281908,0.0,0.005617446458064675,0.0040210968481602626,0.015689427097661933,0.009246386548994354
2023-03-17,-0.0024850105907539242,0.003544666028749149,-0.0021971408277750015,0.0,-0.0017579662996990409,-0.002197137552048441,0.003544666028749149,-0.03734479711426694
2023-03-20,0.003585110180434905,0.008195494008446108,-0.001827573636546731,0.0,0.004605419135954411,0.0035851101483102663,0.008195494008446108,0.019541530107915223
2023-03-21,-0.0034534683281529466,0.003165743524709187,-0.0033130028750747442,0.0,-0.00264086591469244,-0.003312996010124956,0.003165743524709187,0.024729614587553038
2023-03-22,5.9429332684722005e-05,0.012655563733420742,-0.003444816917181015,0.0,0.0019167319047375744,5.942953851319062e-05,0.012655563733420742,-0.011442986134470208
2023-03-23,0.0024851559484033122,0.010982363012329112,-0.002158576622605324,0.0,0.00392603128288487,0.002485156045996585,0.010982363012329112,0.003754839637346583
2023-03-24,-0.0009357626872896394,0.013224333395478178,-0.0018305713310837746,0.0,0.0009011377488373502,-0.0009357616428354961,0.013224333395478178,-0.007267984389032713
2023-03-27,0.0010597496790688988,0.015953894511384337,-0.002151546534150839,0.0,0.003179033776679389,0.001059749923144355,0.015953894511384337,0.018888165525432397
2023-03-28,-0.0014947665674390686,0.01751389326314385,-0.001827535917982459,0.0,0.0008995092117599127,-0.0014947636329093903,0.01751389326314385,-0.0002827869883690868
2023-03-29,0.00150992882502594,0.017418328491515617,-0.0011294421274214983,0.0,0.0037083488560539666,0.0015099291407652514,0.017418328491515617,0.0071344877368021125
2023-03-30,-0.0003793642148494357,0.018773356228963037,-0.0009351067710667849,0.0,0.002051232282611343,-0.0003793624741138223,0.018773356228963037,0.0013088167215158366
2023-03-31,0.0005986389980622295,0.009458098755295625,-0.0007473853183910251,0.0,0.0018127378865948375,0.0005986396270404384,0.009458098755295625,0.01841931177052764
2023-04-03,-0.0009608194431383124,0.0005030654158368835,-0.0018865636084228754,0.0,-0.0007022219474860697,-0.0009608190474364786,0.0005030654158368835,-0.0018053936409050792
2023-04-04,0.0015217987405592608,0.000558575771947297,-0.002347382018342614,0.0,0.0017208615541034833,0.000558575079800947,0.000558575771947297,-0.011923032637265758
2023-04-05,0.0008197379734651905,0.001973042804801683,-0.002470368752256036,0.0,0.0012345955248900175,0.0008197374116494812,0.001973042804801683,-0.0034772448655563514
2023-04-06,-0.0002590490455176432,-0.001752162759140142,-0.0025239181704819202,0.0,-0.00025823355378089746,-0.0017521621355869805,-0.001752162759140142,0.0027021635936213245
2023-04-10,-4.7716993135778804e-05,-0.004469522421527796,-0.002389602130278945,0.0,-0.0004052143812558273,-0.0023896020765952156,-4.7716993135778804e-05,0.007909092310224358
2023-04-11,-7.572089114540133e-05,-0.0025299807730487693,-0.0021002481225878,0.0,-0.00021439651479537736,-0.00210024629979246,-7.572089114540133e-05,0.007388908968447142
2023-04-12,0.00022346485289795727,-0.004301148029169927,-0.0015579035971313715,0.0,-0.00019304567853958339,-0.0015579037936017449,0.00022346485289795727,0.008728715060631635
2023-04-13,5.0081496613898113e-05,-0.0038745007950082328,-0.000922266161069274,0.0,-0.0003584172437790557,-0.0009222668489000739,5.0081496613898113e-05,0.005706832315841444
2023-04-14,0.00034600250555958864,-0.005788864419189048,-0.0004949829890392721,0.0,-0.0003485374095338197,-0.0004949839864735479,0.00034600250555958864,0.014318946303622836
2023-04-17,-0.00044584349337517656,0.006982043077370012,-8.315824379678816e-05,0.0,0.0004491290088833866,-8.315564320389329e-05,-0.00044584349337517656,0.008158525365499228
2023-04-18,0.0005518471196842247,-0.0002079069140211083,0.0001035376189975068,0.0,0.0004942084574634113,0.00010353858866662999,0.0005518471196842247,-0.017132534086776778
2023-04-19,0.0018091590703476564,0.0008018257955720805,-0.00012764117855113,0.0,0.0018434130561349156,0.0008018258783945073,0.0018091590703476564,0.008884995621489441
2023-04-20,-0.0015320252278977166,0.0009744872488756132,-0.00010559697693679482,0.0,-0.0013375327393372197,-0.00010559720100925571,-0.0015320252278977166,0.005387802007027803
2023-04-21,0.0006158362688230046,0.004210344985072432,0.0003103262570220977,0.0,0.0010885901805419952,0.0006158392427049068,0.0006158362688230046,0.008671767842859078
2023-04-24,-6.510084529020709e-05,-0.002281243190331285,0.00063947809394449,0.0,-0.000399130650914891,-6.510180973316263e-05,-6.510084529020709e-05,0.006709221091751877
2023-04-25,0.00028113234183694267,-0.00010750269601746593,0.0009149439283646643,0.0,0.00018048687116322085,0.00028113332898215454,0.00028113234183694267,-0.013110156453084738
2023-04-26,0.0014974090237221916,-0.0005162797003943561,0.0010408409871160984,0.0,0.0012843190753903094,0.0010408394477996233,0.0014974090237221916,-0.008638588699771148
2023-04-27,-5.957923056111711e-05,-0.0008105355384653586,0.000897776975762099,0.0,-0.00023201356397496456,-5.957894482810788e-05,-5.957923056111711e-05,0.014864054291678926
2023-04-28,-0.0011899916875922714,-0.0011416934113888599,0.000701814133208245,0.0,-0.0013399491629460941,-0.0011416740716398276,-0.0011899916875922714,0.0053718008674574795
2023-05-01,0.0009283783620894376,9.358065122178514e-05,0.0004634131328202784,0.0,0.0008627689202290343,0.0004634136807194866,0.0009283783620894376,-0.008391819010498784
2023-05-02,0.0010275377405391402,-0.005432720737317344,0.00039899355033412576,0.0,0.0002749672138043825,0.00039899213581944887,0.00039899355033412576,-0.0213675718333171
2023-05-03,0.001114359460601198,0.00042325535821726476,0.00032117587397806346,0.0,0.0010937020512666522,0.00042326352358721065,0.00032117587397806346,-0.01425966308517665
2023-05-04,-5.008808000422948e-05,-0.0026156499042951386,0.00042723421938717365,0.0,-0.0004088890956591507,-5.008977680995381e-05,0.00042723421938717365,-0.022742471264147683
2023-05-05,0.0011096516031096518,0.0028656648784879347,0.0006224819226190448,0.0,0.001368464531046908,0.0011096530785678694,0.0006224819226190448,0.017770379780268675
2023-05-08,-0.002266457741645339,-0.0029221051124943853,0.0002927929162979126,0.0,-0.0025590941255056975,-0.002266456611507197,0.0002927929162979126,-0.0015605744323191962
2023-05-09,0.0017140749100957233,0.0010331516927923482,0.0004163544508628547,0.0,0.0017362820628659425,0.001033151844537479,0.0004163544508628547,-0.0053432466986359575
2023-05-10,0.0003544046251602543,0.00018565204460186787,0.00012658619380090386,0.0,0.00035217525361768955,0.00018566256494857667,0.00012658619380090386,-0.006859235558624902
2023-05-11,0.0003647606232115134,-0.005292180863532571,0.0002743205113802105,0.0,-0.0003321502300053816,0.0002743098731263813,0.0002743205113802105,-0.005689801646384986
2023-05-12,0.0002700330723544508,0.0023775213276260487,0.000353929033735767,0.0,0.0005255275706971585,0.0003539401821079702,0.000353929033735767,-0.003811165822090371
2023-05-15,0.00021986440313702046,0.004345872152657454,0.0009061270975507796,0.0,0.0006770298700631912,0.0009061282599345954,0.0009061270975507796,0.008011866648576185
2023-05-16,-0.0004728238544906892,0.004892584988043622,0.0009093664702959359,0.0,8.128789737453122e-05,0.0009093669418127557,0.0009093664702959359,-0.003920024215457277
2023-05-17,0.0010677582430617051,-0.0006146700446932155,0.001083529437892139,0.0,0.000856972444763419,0.0010677025640383328,0.001083529437892139,0.028788927556531
2023-05-18,-0.0020243108350887543,-0.0024129040468005257,-0.00028384721372276545,0.0,-0.0022161898122843734,-0.002024308848777564,-0.00028384721372276545,-0.0018189546711468926
2023-05-19,0.002237784055672113,0.0004176367117076621,-0.0006824714364483953,0.0,0.0022519131443856093,0.0004176370702567722,-0.0006824714364483953,-0.010461630402860952
2023-05-22,0.0005715744619652378,-0.0035478071714098564,-0.0004471770371310413,0.0,0.00014264631399181932,-0.00044717769449443005,-0.0004471770371310413,-0.0037782941606250226
2023-05-23,-0.0001670758356097429,-0.0047842472296181155,-0.0005355239845812321,0.0,-0.0007116003982164333,-0.0005355264487618268,-0.0005355239845812321,-0.0041634800806907455
2023-05-24,0.0004185308001165577,-0.0016750610383599615,-0.00048040435649454594,0.0,0.00023196308376004321,-0.0004804046307910268,-0.00048040435649454594,-0.011688435143607422
2023-05-25,0.0008235224226180483,-0.0008918400886887878,-0.0009252873715013266,0.0,0.0007541179943866315,-0.0008918124596161387,-0.0009252873715013266,0.012645917638869904
2023-05-26,-0.001308875168779994,-0.001833780406820857,-0.0020175829995423555,0.0,-0.00131580319059192,-0.001833776922603518,-0.001308875168779994,0.024791914968771925
2023-05-30,-0.0005034721887219712,-0.0004987777760339225,-0.002806149423122406,0.0,-0.00031304180651621494,-0.0005036211427781984,-0.0005034721887219712,-0.003560522171113658
2023-05-31,0.0019554678307701994,0.006019419082572379,-0.002469430211931467,0.0,0.0028262996914937112,0.001955467810717099,0.0019554678307701994,-0.013584246816156671
2023-06-01,0.0006843330051505862,-0.0005675063954010113,-0.0021247188560664654,0.0,0.0007600560101481883,-0.0005675065516019837,0.0006843330051505862,-0.0234275331043587
2023-06-02,0.0009982201620502159,-0.007111733986155792,-0.0014308446552604437,0.0,0.00018868497107763567,-0.0014308448906360195,0.0009982201620502159,0.022655360963329867
2023-06-05,-0.002619418604433204,0.0052344384405438515,-0.0012152496492490172,0.0,-0.0017572727670507804,-0.0012152490930950534,-0.002619418604433204,-0.005701363493093077
2023-06-06,0.0023195599139784777,0.005754910135668126,-0.00040450860979035497,0.0,0.002971896174985232,0.0023195599898853557,0.0023195599139784777,0.015387194354835116
2023-06-07,-0.0013806081348431943,-0.004620269722601259,-0.00025755632668733597,0.0,-0.0018765814990746598,-0.0013806087152075355,-0.0013806081348431943,0.027018379502898756
2023-06-08,-0.0005686049301254837,0.0008683427756244438,-0.00015041437291074544,0.0,-0.0004241631361247642,-0.00015041297269981552,-0.0005686049301254837,-0.0008342895763547442
2023-06-09,0.0018649276473732684,0.005845925680460824,0.0003386664320714772,0.0,0.0024864505122591473,0.0018649280506445765,0.0018649276473732684,0.0016381380141181963
2023-06-12,-0.00020014951532755276,0.002964373034778435,0.0003837313852272928,0.0,0.00014573872043095737,0.00038373270485925876,-0.00020014951532755276,0.010273888609440986
2023-06-13,-0.0003318563542594828,0.0016661055243036226,0.00035371194826439023,0.0,-0.00013960470502017184,0.000353712641858992,-0.0003318563542594828,0.008827037140349832
2023-06-14,0.00029735943854738533,-0.004318442093546267,0.00033923311275430024,0.0,-0.00028082383203128657,0.00029733686227768685,0.00029735943854738533,-0.011983821985517626
2023-06-15,0.0015116258633358314,-0.003381606326964223,0.0005547840264625847,0.0,0.0009812384596052698,0.000554783237448343,0.0005547840264625847,0.003892754038205196
2023-06-16,-0.0008572590553087157,-0.00246957200570052,0.0001545940467622131,0.0,-0.001141437208471794,-0.0008572594221865489,0.0001545940467622131,-0.004217788020567186
2023-06-20,0.0009116964570805366,0.004710511782612884,3.302906407043338e-06,0.0,0.0014595945224101354,0.0009116972924053931,3.302906407043338e-06,-0.022690642447262387
2023-06-21,0.0014947599636212611,-0.001895937950161209,-9.244763350579888e-05,0.0,0.0012034297584154587,-9.244770888407085e-05,-9.244763350579888e-05,-0.017231522583285173
2023-06-22,3.196037817626931e-05,-0.0005019053771523718,-0.0003025613841600716,0.0,-6.9333883128386265e-06,-0.0003025593890821917,-0.0003025613841600716,-0.01703301522277405
2023-06-23,0.0005663341224849034,0.002947243277020169,-0.0005037269438616931,0.0,0.0009510121028788237,0.0005663346356126808,-0.0005037269438616931,-0.015356075184528466
2023-06-26,0.0004095312021287752,0.0004232190740970249,-0.0007567306747660041,0.0,0.0005073888213105222,0.0004094683111612511,-0.0007567306747660041,-0.007495145605038911
2023-06-27,-3.0388428777851665e-05,-0.00010702085940759942,-0.0007977783679962158,0.0,2.3337786041958096e-05,-0.00010703213350708505,-0.0007977783679962158,0.0034834818511454927
2023-06-28,-0.00029353416596756155,-0.00042500780029526406,-0.0008727820822969079,0.0,-0.0002621479404924577,-0.0004250130691619565,-0.00029353416596756155,0.0006697292226392986
2023-06-29,0.0005046893699145919,0.00518239429368433,-0.0005634900298900902,0.0,0.0011751949725317,0.0005046900906488199,0.0005046893699145919,0.02962142255547875
2023-06-30,-0.0017510594455493057,0.005256070065649288,-0.0006234604516066611,0.0,-0.0009715408594772769,-0.0006234597363604145,-0.0006234604516066611,-0.0017037517564353667
2023-07-03,0.0022217704047621653,0.0004055470131822958,0.00037430564407259226,0.0,0.00214794108447833,0.00040557654668029445,0.00037430564407259226,0.012539539865040592
2023-07-05,-0.0010085233132248112,-0.0017410862749223715,0.0006257254863157868,0.0,-0.0012344743127924323,-0.001008522563024496,0.0006257254863157868,-0.020289693702600677
2023-07-06,0.0024255713572010826,-0.0051110659990313626,0.0015748656587675214,0.0,0.001557293075090815,0.001574864635552841,0.0015748656587675214,-0.022273950697727418
2023-07-07,0.00032039992706629024,0.000643662516551701,0.0025616735219955444,0.0,0.00017586718254508434,0.0006436650701644716,0.0025616735219955444,0.006908986420760784
2023-07-10,-0.0014566452909204072,-0.003743839525984208,0.002477998146787286,0.0,-0.002065827002951717,-0.0014566451081089726,-0.0014566452909204072,0.004116358968230022
2023-07-11,0.000628911737367226,-0.00033132904186810913,0.002470011357218027,0.0,0.0003575577456356066,0.0006289122340441636,0.000628911737367226,0.013838868572350407
2023-07-12,-0.00047563581876369917,-0.0013713327772563394,0.0005330474232323468,0.0,-0.000670324053850569,-0.00047563569423157855,-0.00047563581876369917,0.017056264349694112
2023-07-13,-5.940773858983481e-05,0.0005542313049091157,-0.0009506199276074767,0.0,9.047541054259926e-05,-5.9408243364374054e-05,-5.940773858983481e-05,0.006961047550259928
2023-07-14,0.0007378108830825779,0.009052911357195693,-0.0025860148016363382,0.0,0.002047190772548961,0.0007378110635255888,0.0007378108830825779,-0.007604627568410403
2023-07-17,0.0010216154051592677,-0.00074217751225594,-0.003122267546132207,0.0,0.0011436442339342356,-0.0007421776587743835,0.0010216154051592677,0.003091581740360599
2023-07-18,-0.0005172577685357411,0.0038758125605042977,-0.003713858313858509,0.0,0.00029328609633054014,-0.0005172576834266544,-0.0005172577685357411,0.03031224247369614
2023-07-19,-0.001497379976798705,-0.0016285996158801163,-0.004021850880235434,0.0,-0.0013055868321105513,-0.0016286067048103573,-0.001497379976798705,0.009677939574343639
2023-07-20,0.0015047129242057719,0.0033181207862461003,-0.0032818587496876717,0.0,0.002125139526538422,0.0015047125821958667,0.0015047129242057719,0.02982542156282788
2023-07-21,-0.0014048001439255936,0.005525765306188495,-0.002637934871017933,0.0,-0.0004401824682420392,-0.0014047994785439846,-0.0014048001439255936,0.0031302296562488816
2023-07-24,0.0018252074192535005,0.00224809781583167,-0.0013152887113392353,0.0,0.0021367835455148613,0.0018252053839222133,-0.0013152887113392353,0.01960996284199468
2023-07-25,-0.0011278972837818644,0.006417695756016357,-0.00031714822398498654,0.0,-0.00025520964202036954,-0.0003171471420301753,-0.00031714822398498654,-0.011855078670385577
2023-07-26,0.0022285813989198835,-0.00041137543705118703,0.0008123395964503288,0.0,0.002016633417780683,0.0008123397072023287,0.0008123395964503288,0.008030714641547301
2023-07-27,-0.0012174717532865305,-0.0012096480080648097,0.0010966139379888773,0.0,-0.0014072840304893484,-0.001209546642650095,0.0010966139379888773,-0.008566359871347816
2023-07-28,0.0014157858598771757,-0.00018448113354079204,0.0012089259689673781,0.0,0.0012335852544162749,0.001208921897691452,0.0012089259689673781,-0.00361725307150316
2023-07-31,-0.00012587690272145943,0.00039173645105528276,0.0008960075792856514,0.0,-0.00014567689294554825,0.00039173640033677535,0.0008960075792856514,0.0074460996082667714
2023-08-01,-0.00041490469316741833,0.0018372437286283334,0.0003433203382883221,0.0,-0.00019699354850896456,0.0003433209852054519,0.0003433203382883221,0.0051849478862190275
2023-08-02,0.0004120718586188443,0.003944972390462229,-0.0002841923269443214,0.0,0.0009093707073926457,0.0004120730078486317,-0.0002841923269443214,-0.01867951226453276
2023-08-03,0.001734782813288821,-0.00019743029600219396,-0.0005673111299984157,0.0,0.0016839933995241093,-0.00019742812397184208,-0.0005673111299984157,0.005850186445490357
2023-08-04,-0.0013772185524792966,0.0012986243447980943,-0.000754816341213882,0.0,-0.0010953535917037095,-0.000754815226194883,-0.000754816341213882,0.00016989067950885553
2023-08-07,0.0008199443885837424,-0.0007663637490548053,-0.0003665502881631255,0.0,0.0007202485402100093,-0.00036654864084314067,-0.0003665502881631255,0.00660305425925049
2023-08-08,-0.00017941093756291383,-0.0011665153742614707,9.506140486337245e-05,0.0,-0.00032494812460741134,-0.00017941354355518614,9.506140486337245e-05,-0.020744808358077092
2023-08-09,0.0020371349158814444,0.005992998496271686,0.00038015434984117746,0.0,0.002666305444562171,0.00203713526599975,0.00038015434984117746,-0.01612297530326942
2023-08-10,-6.774561283042364e-05,-0.00099208881909273,0.0008973664371296763,0.0,-0.0002624084430089059,-6.774556732321854e-05,0.0008973664371296763,-0.006704967452379151
2023-08-11,-0.00013587663520445934,-0.003705749295379508,0.0017159043345600367,0.0,-0.0007330464274706839,-0.0001358768946773654,0.0017159043345600367,0.0009690845010977411
2023-08-14,-3.818534054137455e-05,0.003541778867251054,0.0021694942843168974,0.0,0.0002255558713716639,0.0021694940092197735,0.0021694942843168974,-0.008814092419398682
2023-08-15,0.0009826770247547303,-0.0002686391647479108,0.001955757848918438,0.0,0.0007466445563121254,0.0009826767970817878,0.001955757848918438,-0.016509115398626227
2023-08-16,0.0007752397246158123,-0.0014097158237323017,0.0015327655710279942,0.0,0.0004407278599643949,0.0007752388652610704,0.0015327655710279942,-0.009375287173613984
2023-08-17,-9.720271787913044e-05,0.004745116710407915,0.0014553674263879657,0.0,0.0003777301004441598,0.0014553677658628258,0.0014553674263879657,-0.004842876944601339
2023-08-18,0.00015672520659053892,0.002369100891947038,0.0019572789315134287,0.0,0.0002837485660926825,0.0019572770697812727,0.0019572789315134287,-0.007939329765071942
2023-08-21,0.0005850786635375111,0.0031763399382090706,0.0025798697024583817,0.0,0.0007432644720722214,0.0025798685323340587,0.0025798697024583817,-0.008871979491828637
2023-08-22,0.0003892980299595654,0.003469618549885761,0.0034386496990919113,0.0,0.0005214344595658319,0.0034386196948564493,0.0034386496990919113,-0.010205164775177121
2023-08-23,0.00044677603625458345,0.0033336225048062867,0.004373562056571245,0.0,0.00048248157806649066,0.0033336218912164367,0.004373562056571245,0.011043267742203135
2023-08-24,-0.0010165798409457558,0.0016091168718328417,0.003296064678579569,0.0,-0.0010452034248136358,0.0016091166603096094,0.003296064678579569,-0.007379983243647629
2023-08-25,0.0015742556035951674,0.00523157651620388,0.003556495765224099,0.0,0.0018662153093513688,0.003556495672921114,0.003556495765224099,0.0005936678554453142
2023-08-28,-0.00034194008954722906,0.004063441195337988,0.002709074644371867,0.0,-4.4952428054160544e-05,0.0027090742346530315,0.002709074644371867,0.018015835498938
2023-08-29,-0.0008172768436098153,0.00044925018916140973,9.417477122042328e-05,0.0,-0.0007347220332240145,9.417306543510556e-05,9.417477122042328e-05,0.019984870844871744
2023-08-30,0.0001388068281627641,0.0009512611268274608,-0.003286789171397686,0.0,0.0005223942958273741,0.00013880589209612184,-0.003286789171397686,-0.003706210704737368
2023-08-31,0.0016263081544515535,-0.0008045484293252417,-0.004507760051637888,0.0,0.0018293605940771162,-0.0008045485704745766,0.0016263081544515535,-0.002651269229294238
2023-09-01,-4.5052828586626844e-05,-0.0017291559281865066,-0.0052012293599545956,0.0,0.00017035774633692227,-0.0017291562334235662,-4.5052828586626844e-05,-0.0009462596047593869
2023-09-05,0.00016836338539717,-0.0008394440645385449,-0.004829742014408112,0.0,0.000454949811282629,-0.0008394448043442235,0.00016836338539717,-0.011211063297514775
2023-09-06,0.0009618040511097908,-0.002712985047161649,-0.003876439295709133,0.0,0.0009031345300651997,-0.0027129844611034097,0.0009618040511097908,-0.00812561232218662
2023-09-07,5.8676338226875725e-05,-0.006243060569281308,-0.0032409210689365864,0.0,-0.00045393918312729137,-0.003240921038946249,5.8676338226875725e-05,0.002581194085553643
2023-09-08,-0.0003259928034936757,-0.0031450354735696514,-0.0027830887120217085,0.0,-0.0004744254840707639,-0.002783086371017992,-0.0003259928034936757,0.010996780082842907
2023-09-11,-0.00019205495698801947,-0.0017701290066246531,-0.0027035053353756666,0.0,-0.00018148863221852026,-0.0017701285704176707,-0.00019205495698801947,-0.0026763224512466725
2023-09-12,0.001111877421013304,-0.00446770866432701,-0.002027802402153611,0.0,0.000675995120084961,-0.0020278023109385245,0.001111877421013304,0.019068525758128552
2023-09-13,-0.0012737563752910099,0.003201895643837581,-0.001935604028403759,0.0,-0.0006619094566034395,-0.0012737550922521975,-0.0012737563752910099,0.012254566926522034
2023-09-14,0.0007115587817032849,-0.0013548415049873309,-0.001331078470684588,0.0,0.0006226701217422854,-0.0013310401437376278,0.0007115587817032849,0.028226576411189
2023-09-15,-0.0009593342392632748,0.0029474867146267996,-0.001094161649234593,0.0,-0.0004617651941692145,-0.0009593271866045537,-0.0009593342392632748,-0.0059088240739618315
2023-09-18,0.0023055382130108847,-0.0022387451835637825,-0.0005383673124015331,0.0,0.0019741800563938035,-0.0005383670763698425,0.0023055382130108847,0.0022744096623576997
2023-09-19,-0.0005670450231713814,-0.0021627108424352877,-0.0004016880411654711,0.0,-0.0007793604039164298,-0.0005670503725294213,-0.0005670450231713814,-0.004173864990450058
2023-09-20,0.0006999907767197525,0.0009608929398393829,-0.00013704570301342756,0.0,0.0008014867633399625,0.000699988164854847,0.0006999907767197525,-0.01529656167823353
2023-09-21,0.000976209632227917,-0.0056661714862364255,0.0004860942717641592,0.0,0.00018954946098877765,0.00048609240220859573,0.000976209632227917,-0.019372848054489054
2023-09-22,0.000544222286673669,-0.00011581729149897563,0.0008645103662274778,0.0,0.0004356318753265506,0.0005442206943358112,0.000544222286673669,-0.007141451087117857
2023-09-25,-0.0003760263741847595,0.000568734871164893,0.000863408378791064,0.0,-0.00036057664629272364,0.0005687325566803657,-0.0003760263741847595,0.0028930214462222444
2023-09-26,-0.00018047473390705863,0.0008430501630295977,0.0002913196221925318,0.0,-9.192918611094264e-05,0.0002913199268814865,-0.00018047473390705863,-0.01538332939320026
2023-09-27,0.0015192294240066646,-0.0007363626027507665,-0.00031579541973769665,0.0,0.0013896670297500696,-0.00031579359760619834,0.0015192294240066646,-0.005791664183252426
2023-09-28,-0.0004043609587114141,0.001643135928482962,-0.000981346471235156,0.0,-0.00010184936990685861,-0.00040435971947606176,-0.0004043609587114141,0.010044266493295744
2023-09-29,-0.0006205022107979587,-0.0011111372554391164,-0.0014715911820530891,0.0,-0.0006114244063347785,-0.0011111365263639305,-0.0006205022107979587,-0.005025035638263468
2023-10-02,0.0012972050908038322,-0.0010734268088772945,-0.0011006853310391307,0.0,0.0011997244984884939,-0.0010733930517876976,0.0012972050908038322,-0.015792939733600384
2023-10-03,0.0008220410820702297,0.00016030524099863657,-0.0003947329241782427,0.0,0.0008399636399571232,0.00016030552958507134,0.0008220410820702297,-0.039645382987366
2023-10-04,0.0017769249398275702,-0.0021684326308666767,0.0011574662057682872,0.0,0.0013367452121879383,0.0011574648971402583,0.0017769249398275702,0.008068745409094382
2023-10-05,-0.002690235473655456,0.0041454416145692095,0.0019122380763292313,0.0,-0.0022185535847590895,0.0019122378461227528,-0.002690235473655456,0.006137948653655105
2023-10-06,0.0007824545337960164,0.0012239070871735978,0.0024771851021796465,0.0,0.0006976981989273684,0.0012239085455726245,0.0007824545337960164,0.006356748889398538
2023-10-09,0.00019345381725004163,0.008425592729395642,0.002495670923963189,0.0,0.0010286607466305987,0.002495671189370661,0.00019345381725004163,0.00041575146414522254
2023-10-10,0.0005442108792279036,-0.0007083559832294871,0.0018710939912125468,0.0,0.0002788532033809806,0.0005442109238041454,0.0005442108792279036,0.0068857210048595486
2023-10-11,-0.00022467229462028214,0.003212505035414796,0.0012557263253256679,0.0,8.125118121630033e-05,0.00125572648938592,-0.00022467229462028214,-0.005574950954797265
2023-10-12,0.0010448402281083861,-0.0008116403838568173,0.0010947035625576973,0.0,0.0008095717636854146,0.0010448214845434644,0.0010448402281083861,-0.010178728903512882
2023-10-13,0.0004662738304631929,8.668732830813108e-06,0.0009768970776349306,0.0,0.00036719698619857254,0.00046627405549467204,0.0004662738304631929,-0.001776862903267196
2023-10-16,-0.0002573852580553316,-0.000689888543118487,0.0011613008100539446,0.0,-0.0004282024657825386,-0.000257383660459444,-0.0002573852580553316,0.01632276651794422
2023-10-17,-0.000799560999381876,-0.00023856743847518923,-0.00017314225260633975,0.0,-0.0007813551014525281,-0.0002385804938530107,-0.000799560999381876,-0.01612865058487022
2023-10-18,0.002363587236755375,0.008163135117874734,-0.000584348279517144,0.0,0.0033287555939506045,0.0023635874033780535,0.002363587236755375,-0.024211158364942423
2023-10-19,0.0005713381685397338,0.004842522104690188,-0.0007957755587995052,0.0,0.0012158721535836473,0.0005713386649217902,0.0005713381685397338,-0.009215616981007469
2023-10-20,-0.0006062189283675783,1.8763467234684943e-05,-0.0007107876008376479,0.0,-0.0005197787598769734,-0.000606211139571431,-0.0006062189283675783,0.0028702793618589034
2023-10-23,-0.0002748078243002191,-0.002156420616837437,-0.001017281785607338,0.0,-0.0004478807797642612,-0.001017282252520648,-0.0002748078243002191,-0.0027700427560482244
2023-10-24,0.0007134450178783943,0.00021988842810562021,-0.0015936394920572639,0.0,0.0008421996378742693,0.00021988696097495887,0.0007134450178783943,-0.0001335804415733402
2023-10-25,4.1362709248950235e-05,0.0004370121710654614,-0.0021632048301398754,0.0,0.00027238366467941444,4.1360647661461785e-05,4.1362709248950235e-05,-0.008121712141537495
2023-10-26,0.0007759955550663508,0.0003466187333773726,-0.0024743257090449333,0.0,0.0009905072669091656,0.00034661676945695963,0.0007759955550663508,0.0007745825111990027
2023-10-27,-0.00032631378001477234,-0.0021099630643551044,-0.0024637184105813503,0.0,-0.0003721828757080279,-0.0021099608134514344,-0.00032631378001477234,-0.02412782360226949
2023-10-30,0.0018640531022626507,3.3489308869910813e-06,-0.000654706556815654,0.0,0.001840030696841477,3.349909058029732e-06,0.0018640531022626507,0.03697475224625172
2023-10-31,-0.003673255282729904,-0.0028247228075309414,-0.0016067984979599714,0.0,-0.0037379717840783588,-0.0028247224515195266,-0.003673255282729904,0.00919856991940659
2023-11-01,0.002284166742449434,-0.002109655687148112,-0.0015039518475532532,0.0,0.0020493893697972124,-0.0015039504658582467,0.002284166742449434,0.011624875433109687
2023-11-02,-0.00030318522597342317,-0.006274746679812161,-0.0022286924067884684,0.0,-0.0008879771950255019,-0.0022286926785610537,-0.00030318522597342317,0.021259613273596302
2023-11-03,-0.0005047147388730303,-0.0024033960110657017,-0.002905086847022176,0.0,-0.0005432263631152624,-0.0024033945518464805,-0.0005047147388730303,0.04322590406073927
2023-11-06,-0.0012303113769794663,1.0807729060171214e-05,-0.0032147224992513657,0.0,-0.0009121687400542569,-0.0012303116779872763,-0.0012303113769794663,-0.011388562461845655
2023-11-07,0.003492960461907096,0.006850409207415975,-0.001958919456228614,0.0,0.004360493265869266,0.003492960347594912,0.003492960461907096,0.0001235778168457463
2023-11-08,-0.0010041532027472966,-0.004597823347564109,-0.001405359827913344,0.0,-0.0014185369447538606,-0.0014053619949913956,-0.0010041532027472966,0.0018811117319285481
2023-11-09,0.00021168881551857246,0.010244018763252007,-0.0007598382653668523,0.0,0.0015409505314480793,0.00021168974305358406,0.00021168881551857246,-0.011714914881472856
2023-11-10,0.0011002384181193372,0.00012330968710821393,2.8773254598490894e-05,0.0,0.001066935022190229,0.0001233190244656514,0.0011002384181193372,0.014637672926994891
2023-11-13,-0.0014954835925618491,0.002501914799828662,-5.259386671241373e-05,0.0,-0.0011167124187508655,-5.2593565776455826e-05,-0.0014954835925618491,0.004291798241640679
2023-11-14,0.001017734052011839,0.0037291311515343924,-0.00024814746575430036,0.0,0.0014597068970907275,0.0010177344721874848,0.001017734052011839,0.03548891366945499
2023-11-15,-0.0018859818087028444,0.009061855319924657,-0.0007945509860292077,0.0,-0.0006128088515958273,-0.0007945501729128075,-0.0018859818087028444,-0.0033119544011763766
2023-11-16,0.0026565170484930175,0.003970799422908935,-0.0007954577449709177,0.0,0.003104763852738668,0.0026565165782990174,0.0026565170484930175,-0.00275867685839623
2023-11-17,-0.0002024972661005344,0.0024191749409652953,-0.0008999730926007032,0.0,0.0001814409804457704,-0.00020249621760316504,-0.0002024972661005344,0.007457185181004542
2023-11-20,-0.0004178986777043057,-0.0010745823360603125,-0.0008031409233808517,0.0,-0.00046790328105362106,-0.0008031398486430529,-0.0004178986777043057,0.0007663575493996107
2023-11-21,0.0007006470299211606,0.003477571062275548,-0.0005472933407872915,0.0,0.0011492997114462005,0.0007006474701079453,-0.0005472933407872915,-0.013285887775594894
2023-11-22,0.0010132002236566623,0.0021788138776434947,-0.00015300831000786275,0.0,0.0012544840955917064,0.0010132002232205383,-0.00015300831000786275,0.010896584517566572
2023-11-24,-0.001345047843638215,-0.0010719095439348449,4.252629878465086e-05,0.0,-0.0014254378948875405,-0.0010719068050976672,4.252629878465086e-05,0.0015050139609509474
2023-11-27,0.0009720179704116238,0.0005324258663809198,0.00041415943996980786,0.0,0.0009632757327762028,0.0005324319168340877,0.00041415943996980786,-0.004254926376076155
2023-11-28,0.0005138970462037077,-0.0006598771395434907,0.0006511105457320809,0.0,0.0003564333032636892,0.000513890713457045,0.0006511105457320809,-0.0001778188774992124
2023-11-29,-3.555285282365257e-05,0.002498166892479378,0.0006410987116396427,0.0,0.00022414318841700894,0.000641099647246694,0.0006410987116396427,0.01587829810516296
2023-11-30,-0.0006996506489877043,-0.0034227524713052308,0.0006202312069945037,0.0,-0.0011475329898294993,-0.0006996510385263055,0.0006202312069945037,0.003754772680921092
2023-12-01,0.0010582130307735828,0.0031519772213893637,0.0007077270420268178,0.0,0.0013478116227072351,0.0010582153906160568,0.0007077270420268178,0.019972443914250425
2023-12-04,-0.0009119272324358829,0.004708404536518634,0.0003368348116055131,0.0,-0.0003150734700230612,0.00033683538247202883,0.0003368348116055131,0.002751451515204868
2023-12-05,0.0013396861018363528,-0.0017352374456582342,0.00013886870874557644,0.0,0.0010558179460309653,0.0001388684103829304,0.00013886870874557644,-0.022109257229489664
2023-12-06,0.0016191097206439643,0.004145665008834167,0.00027284290990792215,0.0,0.0020446946329970538,0.0016191100668542738,0.00027284290990792215,0.0006433792757023635
2023-12-07,-0.0012588826104601972,0.0035944275588827407,0.0006382525316439569,0.0,-0.0008109891996810913,0.0006382527201532033,0.0006382525316439569,0.007719336352396519
2023-12-08,4.8022208680394954e-05,0.00045935208977032816,0.0009305835701525211,0.0,2.6475053734895195e-05,0.00045935239601617504,0.0009305835701525211,0.01785948635989099
2023-12-11,-0.0003559162002072232,0.00048593865272952196,0.0008397978381253779,0.0,-0.00034967515233559615,0.00048593702766174093,0.0008397978381253779,0.0026473778140880745
2023-12-12,0.0011640125351802658,0.003916402019618858,0.0007220215629786253,0.0,0.0015431632554002944,0.0011640144244229977,0.0007220215629786253,0.0024134279909138606
2023-12-13,9.422350920550485e-05,0.0015414779757932672,0.0003920022863894701,0.0,0.0002498760719962502,0.0003920047537389823,0.0003920022863894701,0.02829624710485992
2023-12-14,-0.0013864065760083996,-0.003356494855231256,-0.0002471997286193073,0.0,-0.0017256324632721615,-0.0013864069451972067,-0.0002471997286193073,0.055602566080865994
2023-12-15,-0.0013962343616261141,0.019576442793611013,-0.0009598148753866553,0.0,0.0011791723471380948,-0.0009598126431555151,-0.0009598148753866553,-0.007748849070083762
2023-12-18,0.00407024008402048,0.006360139435396769,-0.0006414117524400353,0.0,0.00474381963066748,0.004070239859850863,-0.0006414117524400353,-0.010860181067730798
2023-12-19,-0.00014657866003923216,-0.0025892430534124105,-0.00019844020425807685,0.0,-0.0004464483116465036,-0.0001984583526009423,-0.00019844020425807685,0.015945634208310758
2023-12-20,-0.0013784591745970038,0.008765870425450817,0.00010031987039837986,0.0,-0.00023726918899004607,0.0001003204303457741,0.00010031987039837986,-0.01297435760541977
2023-12-21,0.0022412722840822476,-0.0006663107045068872,0.0009231793228536844,0.0,0.0019879092039859596,0.0009231791936731972,0.0009231793228536844,0.008046566185024404
2023-12-22,-0.00125718768463979,0.00482820604080571,0.00118182972073555,0.0,-0.0007005587433103745,0.0011818298563062808,0.00118182972073555,0.0002102044747620223
2023-12-26,0.0008881186469128213,-0.0007022608114978245,0.001224557519890368,0.0,0.0006623565227843721,0.0008881163201562011,0.001224557519890368,0.0025187664136970384
2023-12-27,8.228537574179518e-05,0.002138106316013931,0.0008451163885183632,0.0,0.00027537129720617076,0.0008451169237904875,0.0008451163885183632,0.007492639141651356
2023-12-28,-1.9702971162944085e-05,-0.0014791466840295478,0.0001474168529966846,0.0,-0.0002152021592537155,-1.970819989657311e-05,0.0001474168529966846,0.0050071430302157756
2023-12-29,0.00044419396710662764,-0.0023541697411922947,-0.0003658733912743628,0.0,0.00016254566177226865,-0.0003658741202620162,-0.0003658733912743628,-0.0016576865156245836
2024-01-02,0.0006366049895444334,-0.005328758196676913,-0.0005898961680941284,0.0,-5.045258644708912e-06,-0.0005898967711621754,-0.0005898961680941284,0.006536908127968483
2024-01-03,-0.00026962522213890076,-0.006826925154585126,-0.0007533835014328361,0.0,-0.0010462157261045349,-0.0007533853954761681,-0.0007533835014328361,-0.016907373864806997
2024-01-04,0.0017679047852260444,-0.007489360125766508,-0.0005577792762778699,0.0,0.0008069902771647989,-0.0005577795616638355,-0.0005577792762778699,0.0030336503696642104
2024-01-05,-0.00104468179056269,-0.005687369436979823,-4.944014654029161e-05,0.0,-0.0017048138539116288,-0.0010446825780291145,-4.944014654029161e-05,0.00907221356866726
2024-01-08,9.902199694112175e-05,-0.00641061635457706,0.0005992688238620758,0.0,-0.0007527609838611324,9.902015945884464e-05,0.0005992688238620758,0.006242680852734881
2024-01-09,0.0004704090520326062,-0.008157660373251845,0.001065962016582489,0.0,-0.0006530054035357525,0.0004704074944144041,0.001065962016582489,-0.013254067273605667
2024-01-10,0.0014034092908412892,-0.006460374562239979,0.0012806585291400552,0.0,0.0004343799941511384,0.001280650642297127,0.0012806585291400552,-0.004649468016032795
2024-01-11,-0.00033906879476891554,-0.002834624477364765,0.0011850259033963084,0.0,-0.0007754549752990844,-0.00033906904964484005,0.0011850259033963084,-0.0058026128595170525
2024-01-12,0.00048706292215597167,-0.003158204399922372,0.0008596307598054409,0.0,2.460233629200811e-06,0.0004870605265887253,0.0008596307598054409,-0.0052805999384879804
2024-01-16,0.00029914569556269615,-0.004093843750009157,0.0007503485539928079,0.0,-0.0002850418324046033,0.0002991437165761188,0.0007503485539928079,0.007122089057334593
2024-01-17,-0.0004298351407187409,0.00573527453339167,0.00044206896563991904,0.0,0.0002659213069220782,0.00044206992108035366,0.00044206896563991904,-0.00863224394190823
2024-01-18,0.0013346515786068767,0.001875840981674529,0.0001012628199532628,0.0,0.001503724738823401,0.0013346505470886556,0.0001012628199532628,-0.0007158877690699821
2024-01-19,-0.00029171220410521614,-0.002060346912842295,-1.7137659597210586e-05,0.0,-0.0005345691173495163,-0.00029171525500396094,-1.7137659597210586e-05,0.013937607054745492
2024-01-22,-0.0005266070761060289,-0.0012858945492490298,-0.0002858451334759593,0.0,-0.0006409986305556303,-0.0005266098818187852,-0.0002858451334759593,0.009789612578973074
2024-01-23,0.0006004614378374189,0.0050436504689040625,0.0005545039311982691,0.0,0.001157488765320055,0.0006004820647648397,0.0005545039311982691,-0.01353826987316228
2024-01-24,0.0016041652656880138,0.002486512333239172,0.000834781036246568,0.0,0.0017774620778270077,0.0016041654312813044,0.000834781036246568,-0.003604449136951396
2024-01-25,-0.0004624539701913028,0.0007220875679420521,0.0006956797442398965,0.0,-0.0004104453661065104,0.0006956454035973246,0.0006956797442398965,0.008660420212090129
2024-01-26,-0.00032732350528519354,-0.00035076446661436845,0.0005854194168932736,0.0,-0.0004054939680224926,-0.0003272852901556266,0.0005854194168932736,-0.012912944225703977
2024-01-29,0.001678055540458733,-0.0008851631286001634,0.00021585923968814313,0.0,0.0014794512710143539,0.0002158594633196766,0.00021585923968814313,0.0073053382777590785
2024-01-30,-0.0010737020114140637,-0.005447412166014309,-0.0008022565161809325,0.0,-0.0016406687779820007,-0.001073705439918523,-0.0008022565161809325,0.016444726253464548
2024-01-31,-0.0001238127376095597,-0.004861336131206845,-0.001090860809199512,0.0,-0.0006339707878647691,-0.0010908615760623283,-0.001090860809199512,-0.0074199218121275
2024-02-01,0.0017241969392818974,-0.0017937615622927194,-0.0004417480085976422,0.0,0.00146473544802156,-0.00044174773131882894,-0.0004417480085976422,-0.0004168553450839191
2024-02-02,-0.00033194536037146324,-0.0007304137894557513,-0.00042118626879528165,0.0,-0.0003742026464685652,-0.000421194015980733,-0.00042118626879528165,0.010392606083407285
2024-02-05,-0.00029711974018147,0.0008506221261628258,-0.000753824831917882,0.0,-0.00011655666846813377,-0.0002971184298895097,-0.000753824831917882,-0.01255723667539849
2024-02-06,0.0017354985792682161,-0.00015841977742507782,-0.0008719393517822027,0.0,0.0017146516928174323,-0.00015841890728750458,-0.0008719393517822027,0.005130052906921203
2024-02-07,-0.0009339913719458583,3.593271347032512e-05,-0.0010604743147268891,0.0,-0.0008027944669949402,-0.0009339846176444035,-0.0010604743147268891,0.00432850145223417
2024-02-08,0.0004789684282933456,-0.0007149301213330791,-0.0010817238362506032,0.0,0.00045898397330344976,-0.0007149282459772017,-0.0010817238362506032,-0.004198453379952312
2024-02-09,0.0007783259689058827,0.0011930735702218337,-0.0009439826244488358,0.0,0.0009719647242042937,0.0007783241493120384,-0.0009439826244488358,-0.002027866372014178
2024-02-12,9.71539285930932e-05,-0.0007599271645688738,-0.0007480004569515586,0.0,6.011486375166826e-05,-0.0007479298269072654,-0.0007480004569515586,0.021573876684682334
2024-02-13,-0.0011180675854571378,-0.0015351320351334006,-0.0004893702571280301,0.0,-0.001221831261430078,-0.0011180667847329067,-0.0004893702571280301,-0.03601704087637339
2024-02-14,0.0038992613922605134,-0.0005940671966135277,-0.00015747705765534192,0.0,0.003674240685578979,-0.00015747502400315354,-0.00015747705765534192,-0.0018761849171628263
2024-02-15,-0.0021085649973016903,0.000928332443786746,-0.0005133813829161227,0.0,-0.0018619454200409441,-0.0005133814494721082,-0.0005133813829161227,0.019333610414045466
2024-02-16,-0.0006502547415869404,-0.004735127512885972,-0.0006847906042821705,0.0,-0.0011560304186467674,-0.0006848177280619846,-0.0006847906042821705,-0.0025459647290755607
2024-02-20,0.0017128484740968695,0.007011393559336516,-0.00047777104191482067,0.0,0.002553197615361213,0.0017128487415125312,-0.00047777104191482067,0.00020808870302360539
2024-02-21,-9.824257624043418e-05,0.0027980360839796907,-0.0005510295159183443,0.0,0.0002997144125356071,-9.824072243958071e-05,-0.0005510295159183443,0.009705107998024844
2024-02-22,-0.0002679236111857546,0.0008724590796592602,-0.0005548004992306232,0.0,-0.000102278465436973,-0.00026792102485905596,-0.0005548004992306232,0.005650143433199003
2024-02-23,0.0005676070830797468,0.001130817373060043,0.00016970618162304163,0.0,0.0006705397566145988,0.0005676078144495041,0.00016970618162304163,0.0014843371423214555
2024-02-26,0.0004696895772490484,0.0007003674507337298,0.0009319892851635814,0.0,0.00046029752632874705,0.0007003674680994779,0.0009319892851635814,-0.002124652614314239
2024-02-27,0.0004700455604163852,-0.0008846923815830899,0.0013236695667728782,0.0,0.00023098435942912695,0.00047004512874036623,0.0013236695667728782,0.001510766770888344
2024-02-28,5.7214060460600324e-05,-0.0005760930569963556,0.0013273567892611027,0.0,-0.00012635923318212648,5.721484842812233e-05,0.0013273567892611027,0.013107476748671283
2024-02-29,-0.00040836742406918843,-0.00173784229183724,0.000732360640540719,0.0,-0.0006679535221830173,-0.00040836754812126065,0.000732360640540719,-0.01055958420781181
2024-03-01,0.0017611458867205854,-0.0009071591342757191,0.0003535131982062012,0.0,0.0015449583809567463,0.0003535132807726893,0.0003535131982062012,-0.0024447751692081117
2024-03-04,-0.00032733092340326246,-0.0020675739273001066,-0.00033911713398993015,0.0,-0.0005430434615168831,-0.000339189095372986,-0.00033911713398993015,0.010636426424830266
2024-03-05,-0.00043005512987141374,-0.007048489424370196,-0.0007520001381635666,0.0,-0.00122759851552736,-0.0007520030663404634,-0.0007520001381635666,-0.0034220852226099344
2024-03-06,0.0012005904035249872,0.0021813446810273105,-0.0008934780489653349,0.0,0.0014953548041821494,0.001200589863060024,-0.0008934780489653349,-0.003433756032872269
2024-03-07,0.00020015127789503232,-0.0037209957533641974,-0.0013004378415644169,0.0,-0.00016436848200547305,-0.0013004380942955864,-0.0013004378415644169,-0.002930734055018553
2024-03-08,0.0002919676863121133,-0.0003494174041678482,-0.0013508633710443974,0.0,0.0003475507701269156,-0.000349417961881946,-0.0013508633710443974,-0.0037140830350090408
2024-03-11,0.00037790545773273295,-0.0035507458284188757,-0.0010669269831851125,0.0,7.854415540767767e-06,-0.0010669272720683024,-0.0010669269831851125,-0.0021471088270722917
2024-03-12,0.00022260662360177442,-0.0006521538293536576,-0.0011703901691362262,0.0,0.00022853349165923026,-0.0006521530477110542,-0.0011703901691362262,0.0052174632455948165
2024-03-13,-0.0001317291485667266,0.0003440407911024232,-0.0011269237147644162,0.0,9.560296310606948e-06,-0.00013173023881328172,-0.0011269237147644162,0.01058320464593851
2024-03-14,-1.9783597255748164e-05,0.0004852279613179915,-0.0006998201715759933,0.0,9.91634076713458e-05,-1.9784103401803676e-05,-0.0006998201715759933,-0.009476174037985827
2024-03-15,0.001502290867359701,0.0005013415804267408,1.9393759430386126e-05,0.0,0.001499917380267158,0.000501342649708028,1.9393759430386126e-05,-0.003609085648835149
2024-03-18,-0.00016530275439363646,0.0011190779116826517,0.0004256400861777365,0.0,-5.410034641783677e-05,0.0004256403347384752,0.0004256400861777365,-0.007361429398105717
2024-03-19,0.0006122261081629773,-0.0023455610008453745,0.0005844286642968655,0.0,0.0002462325904664164,0.0005843954450563298,0.0005844286642968655,0.011099247663481918
2024-03-20,-0.000821149604243595,0.00031137312408801627,0.0005764506640844047,0.0,-0.000795361050007568,0.0003113702612754981,0.0005764506640844047,0.019895419724053405
2024-03-21,-0.00018989150083232768,-0.004777221991742897,0.0006007025367580354,0.0,-0.0008262585171390363,-0.0001898925446158507,0.0006007025367580354,0.042564855877841916
2024-03-22,-0.001213714502035047,0.009022711415842447,0.000150088089867495,0.0,-5.1577938902816955e-05,0.00015008870935693896,0.000150088089867495,-0.016794302985936777
2024-03-25,0.0038172132816819957,-8.491897948927813e-05,0.0006265875417739153,0.0,0.003594397394689391,0.0006265886300814732,0.0006265875417739153,-0.004631980763250931
2024-03-26,-0.0008303084818922081,-0.0036803494330991233,0.0005525595624931157,0.0,-0.0012991894365265144,-0.0008303088533566584,0.0005525595624931157,0.003057401720260864
2024-03-27,-1.2557254844463087e-05,0.01031238313879116,0.0003844026941806078,0.0,0.0012403126112282387,0.0003844050999933465,0.0003844026941806078,0.022084419752688753
2024-03-28,-0.0008263452851087849,-0.0010104275343893756,-0.00011249007366131991,0.0,-0.0009081203654117656,-0.0008263413080417437,-0.00011249007366131991,0.005858691754579674
2024-04-01,0.0012834205233895244,-0.0009671624348018469,-0.0005177585408091545,0.0,0.0011516913878917845,-0.000517756880072233,-0.0005177585408091545,-0.010057765617948822
2024-04-02,0.0010971252494235385,-0.0010554291179884052,-0.0008636295096948743,0.0,0.0009907583574961377,-0.0008636248592015004,-0.0008636295096948743,-0.008158820700723634
2024-04-03,0.00013846261148287297,0.00506966466235614,-0.0011580617865547538,0.0,0.0008593581692752943,0.00013846317887976318,-0.0011580617865547538,0.009343189747732928
2024-04-04,-0.0006848289087693438,0.0034194381795360773,-0.0011228055227547884,0.0,-0.00013768174434014254,-0.0006848268794503349,-0.0011228055227547884,-0.018897334947598425
2024-04-05,0.0021371780289812,-0.003520306735582146,-0.00030093028908595443,0.0,0.0016337547059344017,-0.0003009303884775308,-0.00030093028908595443,0.004470029183343069
2024-04-08,-0.0012325304027894616,0.001355611906982714,-0.0002333024312974885,0.0,-0.0009926530429209253,-0.00023330206109307684,-0.0002333024312974885,0.0060345595600782495
2024-04-09,0.0003805227013476315,-0.002122937547332884,-0.00018701401131693274,0.0,0.00011559833326860457,-0.0001870152511148876,-0.00018701401131693274,0.0004140542030459661
2024-04-10,0.0006177665390732893,-0.0004610585724997374,-0.00019952085858676583,0.0,0.0005508197713366672,-0.0001995182846244351,-0.00019952085858676583,-0.024524595801191453
2024-04-11,0.001799510435736783,-0.0010805023984703968,-0.0002787546836771071,0.0,0.0016122531546754945,-0.00027875392021310956,-0.0002787546836771071,-0.008218107677334737
2024-04-12,-0.0007080241299894988,-0.001957744260869286,-9.46595537243411e-05,0.0,-0.0009142008051008185,-0.0007080249561428598,-9.46595537243411e-05,-0.0203064806405051
2024-04-15,0.0012823256904788206,0.000811853932778184,0.00046571705024689436,0.0,0.00129107134689279,0.0008118546886875276,0.00046571705024689436,0.028823952088414075
2024-04-16,-0.0026741496393271474,-0.0014759553613247654,0.0013100783107802272,0.0,-0.0028534404309648793,-0.0014759548868019093,0.0013100783107802272,-0.010078542823612119
2024-04-17,0.002904590926431793,-0.0014024847479788501,0.0022508229594677687,0.0,0.002422200954099025,0.002250821708112401,0.0022508229594677687,0.017608489459541337
2024-04-18,-0.0016766852085470507,-0.0009466101174495131,0.0017180503346025944,0.0,-0.0018656621757105235,-0.0009466091264697877,0.0017180503346025944,-0.001982634802587858
2024-04-19,0.0016144081112807616,0.0041126929821368625,0.0012758782831951976,0.0,0.001953389374092699,0.001614410647929629,0.0012758782831951976,0.0022054730696427645
2024-04-22,-0.00010608662428279085,0.000682665805191911,0.0005470924079418182,0.0,-6.172787605905202e-05,0.0005470866653313029,0.0005470924079418182,0.0325102520748511
2024-04-23,-0.0015601927143469448,-0.008281315801352754,-0.001114105572924018,0.0,-0.00243384322834031,-0.0015601947973160016,-0.001114105572924018,0.015808262557989
2024-04-24,0.001319914204397373,-0.003948767372803656,-0.0016237435629591346,0.0,0.0009065826257877471,-0.0016237434727084086,-0.0016237435629591346,-0.002266695052593626
2024-04-25,0.0011024519387894556,-0.0013204003165140977,-0.0017239234875887632,0.0,0.001033795942908117,-0.0013203982629579327,-0.0017239234875887632,-0.007092939665160631
2024-04-26,0.00046291459929562276,0.0025295101228514976,-0.0016336983535438776,0.0,0.0008930909974048781,0.00046291459238104497,-0.0016336983535438776,0.017744208541415438
2024-04-29,-0.0011993249835032746,0.001516198335008211,-0.0014231184031814337,0.0,-0.0008427540619867027,-0.0011993209226517506,-0.0014231184031814337,0.007549154391117177
2024-04-30,0.0010132286301445148,0.0017076741391129433,-0.0006908281939104199,0.0,0.001240188853270401,0.0010132277804282325,-0.0006908281939104199,-0.009562529126748773
2024-05-01,0.0011946465502005147,0.0007770073063338518,-0.00011763455404434353,0.0,0.0012508366524038761,0.0007770060386037304,-0.00011763455404434353,0.0005623155975024702
2024-05-02,-0.0003879790063121117,0.0017839490208016848,1.1760130291804671e-05,0.0,-0.0001505007827489372,1.1762055834113768e-05,1.1760130291804671e-05,0.013077297864031053
2024-05-03,-0.000365317371613566,0.0013049090631067324,-0.0002661661710590124,0.0,-0.00016552573100348772,-0.0002661569205082557,-0.0002661661710590124,0.01288549563647028
2024-05-06,0.0003110636020693854,0.0003457189127193744,-0.0005278028547763824,0.0,0.000384539608247676,0.0003110375092957988,-0.0005278028547763824,0.012451366115542999
2024-05-07,0.00019806706227706974,-0.0011694685113195441,-0.0008899775566533208,0.0,0.00011749463102429535,-0.000889974921526352,-0.0008899775566533208,0.0002928343539377348
2024-05-08,0.0009380809204558279,-0.0034323612691403043,-0.001015639747492969,0.0,0.0005549764682593225,-0.0010156398453718938,-0.001015639747492969,0.007072837712061026
2024-05-09,-0.00023059321366794794,-0.0006679328313744307,-0.0011103004217147827,0.0,-0.00021251994244547297,-0.000667932857128887,-0.0011103004217147827,0.01908063170560606
2024-05-10,-0.0004383143846643643,-0.0017508295926530954,-0.0010623736307024956,0.0,-0.0005502896256114013,-0.0010623737796774655,-0.0010623736307024956,-0.001823566737525851
2024-05-13,0.0015383140396579723,0.0006701460103207337,-0.0005084831500425935,0.0,0.001598964794339469,0.0006701457081231207,-0.0005084831500425935,-0.0025762664697172467
2024-05-14,0.00016877725020778852,0.0027507527956999794,0.00010011548874899745,0.0,0.0004959296917460784,0.00016879101520833855,0.00010011548874899745,0.010767277278038409
2024-05-15,-0.0004942570940367501,-0.0011511665600347882,0.0005662612384185195,0.0,-0.0006634865731516472,-0.0004942565175369781,0.0005662612384185195,0.01648389989637462
2024-05-16,-1.967560714557381e-05,-0.002797909195976371,0.0008405046537518501,0.0,-0.00043652218835207385,-1.9676407314159868e-05,0.0008405046537518501,-0.003374176843443755
2024-05-17,0.0014325887589347306,-0.003617977710068168,0.0009372271015308797,0.0,0.0008445640053158927,0.0009372253103534904,0.0009372271015308797,0.00686518732842335
2024-05-20,-0.0004893997936545327,-0.005705192288789082,0.0008356444304808974,0.0,-0.0012480821250377685,-0.0004894003555570736,0.0008356444304808974,-0.010272347712551746
2024-05-21,0.0014406326569470751,-0.004254978504328144,0.0008498953538946807,0.0,0.0007801542537211283,0.0008498938626206827,0.0008498953538946807,0.016007216828183145
2024-05-22,-0.001349198676032851,-0.002308505166176337,0.0005857226788066328,0.0,-0.0016281715355842847,-0.001349198152064832,0.0005857226788066328,-0.017217540626102645
2024-05-23,0.0024967097160765923,-0.003059215784991588,0.0005967164179310203,0.0,0.001961566646629955,0.0005967161655452709,0.0005967164179310203,-0.009190494601238337
2024-05-24,-0.0003254949369732746,-0.004553789206010282,0.0006970047252252698,0.0,-0.0009362766149870964,-0.0003254956766694883,0.0006970047252252698,0.006591845701309996
2024-05-28,-0.0004427038448326981,-0.006543378432203929,0.000827397161629051,0.0,-0.0013070363709689844,-0.0004427044670712984,0.000827397161629051,-0.0029750469515623136
2024-05-29,0.0010262312163643792,-0.010948397416328812,0.0009565224754624069,0.0,-0.0004590280516253227,0.0009565086141296167,0.0009565224754624069,-0.005758091363417335
2024-05-30,0.0004328548289287564,-0.006836612182084041,0.000644079816993326,0.0,-0.0004897086906557305,0.00043285027656780824,0.000644079816993326,-0.009263354869162368
2024-05-31,0.0005906143105341207,-0.004061314932206273,0.0004894405719824135,0.0,1.972628732895259e-05,0.0004894310992205308,0.0004894405719824135,0.013873917089839491
2024-06-03,-0.0010210340311371342,-0.0033649202814062485,0.0001472288859076798,0.0,-0.001409198470675691,-0.0010210344593679953,0.0001472288859076798,-0.003379026238526452
2024-06-04,0.001497875576141045,-0.0025077875242000246,0.0001868183317128569,0.0,0.0011072063094420444,0.00018681794096787256,0.0001868183317128569,0.000703044821699499
2024-06-05,-6.443836694725562e-05,-0.0012603434297046169,3.893258690368384e-05,0.0,-0.00022186753661128272,-6.444702250650073e-05,3.893258690368384e-05,0.013915510600711169
2024-06-06,-0.0004344921023909164,-0.0007951577543463647,0.00022413954138755798,0.0,-0.0005337013059634474,-0.0004344908587279165,0.00022413954138755798,-0.00778443885942344
2024-06-07,0.0016707658910798517,-0.0030725198550219756,0.0007891244604252279,0.0,0.0011528489371629403,0.0007891235875672156,0.0007891244604252279,-0.006987856376238737
2024-06-10,0.00014136902778314825,-0.0044145229691963635,0.0010403861524537206,0.0,-0.0005000224808983024,0.00014136813732578223,0.0010403861524537206,-0.0029942523881288474
2024-06-11,0.0001846580906802317,-0.0031015544942034085,0.0007029238040558994,0.0,-0.0002672494949428073,0.00018465647270111924,0.0007029238040558994,-0.020672950068411952
2024-06-12,0.0015061505920712253,-0.005114936179442503,0.0005917970556765795,0.0,0.0007571184790653911,0.0005917961395647453,0.0005917970556765795,0.009922124376423848
2024-06-13,-0.001514969830460549,-0.0005387311308598057,0.0005900796386413276,0.0,-0.0015669669464844975,-0.0005387309929355481,0.0005900796386413276,-0.005251205830171227
2024-06-14,0.0014941115677143421,0.003592021958838036,0.000201835049665533,0.0,0.0018618730091300923,0.0014941118641360759,0.000201835049665533,0.0002464113580602117
2024-06-17,-0.00011214849715998035,-0.005444525826507559,-0.000767631339840591,0.0,-0.0007220612854168399,-0.0007676326470675523,-0.000767631339840591,0.0082976430695894
2024-06-18,-0.00010067752763781281,-0.005195583769114952,-0.0016105340328067541,0.0,-0.0006105824450060261,-0.001610534415464625,-0.0016105340328067541,0.01597636381196358
2024-06-20,-0.00014646310577340116,-0.000610233892848851,-0.0020286976359784603,0.0,-4.90268013287562e-05,-0.0006102353358343786,-0.0020286976359784603,0.0013545518925991693
2024-06-21,0.0011463098759577556,0.002948456023256482,-0.0016161922831088305,0.0,0.0015984583880674307,0.001146309683407678,-0.0016161922831088305,-0.017330915704562803
2024-06-24,0.0013329284979682141,-0.0003144403488598516,-0.0008340408094227314,0.0,0.0013064656775510597,-0.00031443903797462986,-0.0008340408094227314,0.026112228390045105
2024-06-25,-0.0023500490538064293,-0.006391353444586786,-0.0006548820529133081,0.0,-0.002993006449829547,-0.002350049395701223,-0.0006548820529133081,-0.010245126868621864
2024-06-26,0.0027566537963359056,0.003246582468834586,0.0003626790130510926,0.0,0.0030150296290739845,0.002756652180886166,0.0003626790130510926,-0.0033288622146165248
2024-06-27,-0.0003645889289019267,-0.0015778237490377196,0.0005757583421654999,0.0,-0.000593181000449312,-0.0003645891671958227,0.0005757583421654999,-0.021956404630411104
2024-06-28,0.0016088428006675302,0.002419364720416233,0.00021510859369300306,0.0,0.0018246713692331481,0.00160884228639984,0.00021510859369300306,0.014160543547364622
2024-07-01,-0.0018535965607866314,0.00019087605485716848,-0.00024318393843714148,0.0,-0.0017318031311889333,-0.00024318561151330604,-0.00024318393843714148,0.024761699444380978
2024-07-02,-0.00010581301154404709,-0.0027352202306369505,-0.0005699815228581429,0.0,-0.00039494177978975637,-0.0005699832065902059,-0.0005699815228581429,0.0041968630848578225
2024-07-03,0.0014394943123962165,-0.0016506722354193081,-0.0008006771095097065,0.0,0.0012394184752347135,-0.0008006763817899203,-0.0008006771095097065,0.004949000311918628
2024-07-05,3.473358136929944e-05,0.0008398666556420725,-0.000938044860959053,0.0,0.000215185166785531,3.473336829010283e-05,-0.000938044860959053,-0.006797741168771889
2024-07-08,0.001033527818323649,0.0024748310712014833,-0.000976772396825254,0.0,0.0013787305877535955,0.0010335276224122379,-0.000976772396825254,0.00015055168348658592
2024-07-09,-0.00013551936999994986,-0.0025820292608044982,-0.0005706725060008466,0.0,-0.00040426709106935717,-0.0005706742968478287,-0.0005706725060008466,0.01708564031619379
2024-07-10,-0.0006403271083214009,0.0007914839532913814,-0.00045466708252206445,0.0,-0.00047735375225544134,-0.0004546625549024546,-0.00045466708252206445,0.012735084966118167
2024-07-11,0.0005922286931161402,-0.0021979120838641845,-0.00029687571804970503,0.0,0.0003181205222221457,-0.00029687631477697516,-0.00029687571804970503,0.0007096831859617259
2024-07-12,0.0008964229357201722,0.00037634577621677504,-6.170336564537138e-05,0.0,0.0009106595595727912,0.000376346133266115,-6.170336564537138e-05,0.00135544966256448
2024-07-15,0.00017312144687696597,-0.002039773660661195,-4.005407390650362e-05,0.0,-8.483911339597687e-05,-4.00582217144525e-05,-4.005407390650362e-05,0.02540999502196209
2024-07-16,-0.001153095701894175,-0.005448430977319991,-0.0005621656309813261,0.0,-0.0017366438479957565,-0.0011530971557319244,-0.0005621656309813261,0.021683851756746204
2024-07-17,0.0005402906376627153,0.007019381636462853,-0.000753205269575119,0.0,0.0014536700365163045,0.0005402912552729579,-0.000753205269575119,-0.0016713096661766622
2024-07-18,0.001508578148114854,-0.0035205947478629653,-0.0005931766354478896,0.0,0.0010556574137816836,-0.0005931767694237601,-0.0005931766354478896,-0.03231802129274065
2024-07-19,0.002017619617311882,0.002401989378385091,-0.0001273881207453087,0.0,0.002242325644195636,0.0020176174948795646,-0.0001273881207453087,-0.002636008824183842
2024-07-22,-0.0013829928924930753,-0.0036231707245544826,0.00018316012574359775,0.0,-0.0017910485358200651,-0.0013829930841910464,0.00018316012574359775,0.00434166966410756
2024-07-23,0.00029879241353771843,-0.0003156864185067008,0.00034759583650156856,0.0,0.0002182576892821539,0.00029877435136366095,0.00034759583650156856,0.010437240503173158
2024-07-24,-3.5138358402819834e-05,-0.0009613526783581065,0.00022739364067092538,0.0,-0.00017210945582992474,-3.514106133743257e-05,0.00022739364067092538,-0.011135539473797085
2024-07-25,0.0016106677515054441,-0.0020166743774065886,0.0002509082551114261,0.0,0.0012711199565035246,0.00025090796137691495,0.0002509082551114261,0.010241172210174026
2024-07-26,-0.0010616785944398098,0.001839927829304297,-0.00016427958325948566,0.0,-0.0007743752670557162,-0.00016427896985852575,-0.00016427958325948566,0.014777111222779617
2024-07-29,0.00019923599089807076,-0.002388600342818421,-0.00021244202798698097,0.0,-8.904424464611352e-05,-0.00021244398622468234,-0.00021244202798698097,-0.012725181138398723
2024-07-30,0.0018920754802077748,-0.0055492069996848515,0.00017435752670280635,0.0,0.001107151637916436,0.00017435711986732986,0.00017435752670280635,0.025943272790691693
2024-07-31,-0.0021681643033455078,4.254241624602414e-05,0.00016795736155472696,0.0,-0.002085504033000805,4.253501978209481e-05,0.00016795736155472696,0.0066226101654412615
2024-08-01,0.0016681934794744943,0.002760501933045757,0.0005370253347791731,0.0,0.001897460912911135,0.0016681934481369049,0.0005370253347791731,-0.01765888920198769
2024-08-02,0.0015219621474333621,0.0005580184261518633,0.0009952413383871317,0.0,0.0014453637284247047,0.0009952417237796762,0.0005580184261518633,-0.06075457600951802
2024-08-05,0.002980477324578866,0.01387325307243366,0.0019616526551544666,0.0,0.004420775895812431,0.0029804782123919846,0.01387325307243366,-0.02499966618437654
2024-08-06,-0.001547157723506488,-0.000745609094464825,0.0006752450135536492,0.0,-0.0016305814368438895,-0.0007456085527973416,-0.000745609094464825,0.024106865912598707
2024-08-07,-0.0019500032744919663,-0.00041044622807256373,-0.00010177389776799828,0.0,-0.0019106857701049957,-0.00041044879820859525,-0.00041044622807256373,0.005915873725465598
2024-08-08,0.0016575406900901186,-0.010568910753033726,0.001175489742308855,0.0,0.00017492185495635265,0.0011754877615427312,-0.010568910753033726,0.02661868218574423
2024-08-09,-0.0012375343390171958,0.006137548908765377,0.00036885886220261455,0.0,-0.00045167496592616425,0.00036885931065167634,0.006137548908765377,0.00920067294177896
2024-08-12,0.0013454520051356487,0.004521990954274244,-0.0007289450732059777,0.0,0.0019120000678152893,0.0013454521721291692,0.004521990954274244,-0.00975653195733139
2024-08-13,0.0012048620334642313,-0.0014264832379710683,-0.000943693914450705,0.0,0.0010543624717077,-0.0009436923166935154,-0.0014264832379710683,0.013177364053979058
2024-08-14,-0.0011217616811451854,0.007662789166868511,-0.0012636202154681087,0.0,-1.626828991392387e-05,-0.0011217548436766981,0.007662789166868511,0.01364794336257539
2024-08-15,0.0004283718998155625,0.0012746338788670515,-0.0012413106160238385,0.0,0.0006714013534745529,0.0004283713191337829,0.0012746338788670515,0.000641492171767824
2024-08-16,0.0009358285063641165,0.0008103944299884634,-0.0001942289381986484,0.0,0.0010133786236052257,0.0008103875761606147,0.0008103944299884634,0.010445836074047594
2024-08-19,-0.0003567176616122462,0.003082154162361592,8.75062687555328e-05,0.0,3.484496167057322e-05,8.750817607803083e-05,0.003082154162361592,0.0008326184325708023
2024-08-20,0.0009336431718479856,0.0059489526869894276,0.0006035052938386798,0.0,0.0015853368449251864,0.0009336459833374873,0.0059489526869894276,-0.014650732843741668
2024-08-21,0.0011500480325065143,-0.00034747049791040665,0.0011861093807965517,0.0,0.0009606132136868395,0.0011500224255655848,-0.00034747049791040665,-0.0017709686759664397
2024-08-22,-0.0003791955877762192,-0.00035134701991508977,0.0011798343621194363,0.0,-0.000504263390457949,-0.0003513141689908977,-0.00035134701991508977,0.0025949866261635026
2024-08-23,0.0002721221667905488,-0.002152598807136181,0.0003928000805899501,0.0,-3.973841995348154e-05,0.00027211442741672176,-0.002152598807136181,0.02317493827284685
2024-08-26,-0.0008797801983860556,0.00515862868441586,-0.0011332673020660877,0.0,-0.00010701606801320426,-0.0008797764498434453,0.00515862868441586,-0.0030473215660198946
2024-08-27,0.0018620681778149365,0.0016801236682517083,-0.0019239422399550676,0.0,0.0021515538992899143,0.0016801185091323305,-0.0019239422399550676,-0.0012018530358219519
2024-08-28,-2.0050295670640938e-05,0.0008707136038741208,-0.002399443881586194,0.0,0.0002870328951629768,-2.005099586576105e-05,-0.002399443881586194,-0.0077777227010499715
2024-08-29,0.0008354072693015197,0.00448921347333031,-0.002325227251276374,0.0,0.001550937307955791,0.0008354073119561319,-0.002325227251276374,0.01336084409387233
2024-08-30,-0.0008922636929123168,0.00301123039320084,-0.0018905308097600937,0.0,-0.00032392198773420196,-0.0008922629492287211,-0.0018905308097600937,0.006192543892882967
2024-09-03,0.0008617556319033401,0.00045500260206440775,-0.0011231586104258895,0.0,0.0009747569356118328,0.0004550007884433747,-0.0011231586104258895,-0.04569251787987188
2024-09-04,0.0032605474344301216,-0.008809207288811061,0.00028046805527992547,0.0,0.0020033912340559614,0.0002804678299341669,0.00028046805527992547,0.006502428786032064
2024-09-05,-0.002738225257686921,-0.004990506627184022,0.0010121774394065142,0.0,-0.0033278699773753393,-0.0027382250805824695,0.0010121774394065142,-0.005641199703295185
2024-09-06,0.0016251618369649105,-0.0011888968355436259,0.0018475049873813987,0.0,0.0012564414730620276,0.0016251577346074152,0.0018475049873813987,-0.017096267641610166
2024-09-09,0.0008673538099440892,-0.003555563690581012,0.0027071814984083176,0.0,0.00016495366408557192,0.0008673534929980096,0.0027071814984083176,0.018509522248384657
2024-09-10,-0.00164228601436579,-0.00377979901319855,0.0023486490827053785,0.0,-0.0022374713535448618,-0.001642285797412017,0.0023486490827053785,-0.04487515005387335
2024-09-11,0.004293060257261351,0.004615224737919067,0.0033411518670618534,0.0,0.0044116549439243615,0.004293058220719753,0.0033411518670618534,0.008611427494810796
2024-09-12,-0.003028545921309671,-0.0025121061010847283,0.0009731481550261378,0.0,-0.003294164554946281,-0.002512104458978195,0.0009731481550261378,0.00611482022924522
2024-09-13,0.0010775295798961288,-3.088477172467229e-05,-0.0006657131598331034,0.0,0.001083239590633138,-3.088410200669782e-05,-0.0006657131598331034,0.010345843540535306
2024-09-16,-7.753480015845233e-05,0.003461815610586049,-0.0013146331766620278,0.0,0.0004651566072187879,-7.753427549806591e-05,-0.0013146331766620278,0.012799062377294322
2024-09-17,0.00010881967404240605,0.0013688097172440566,-0.0017530457116663456,0.0,0.00041920863252008873,0.0001088194181624516,-0.0017530457116663456,0.00047392742566867687
2024-09-18,0.0009510210181571065,-0.0011220457323179679,-0.001305455924011767,0.0,0.0008789324568733294,-0.0011220408207706376,-0.001305455924011767,-0.0016702239060709552
2024-09-19,0.00034095830454339634,0.0015227560627508316,-0.00052588403923437,0.0,0.0005595758621734939,0.0003409586107616034,-0.00052588403923437,0.03895641181477564
2024-09-20,-0.0021073808595161573,-0.002225487530314845,-0.0006080248858779669,0.0,-0.0022457022394293605,-0.0021073731996060167,-0.002225487530314845,-0.010775743535870828
2024-09-23,0.0032813549974850336,0.004679539542472972,0.00020485959248617291,0.0,0.00370909211404165,0.0032813546081273803,0.00020485959248617291,-0.0020484921621558593
2024-09-24,-0.0006013336757049426,-0.003579890789307137,8.26285540824756e-05,0.0,-0.0010285948782445728,-0.0006013347980039576,8.26285540824756e-05,0.0012255514014364354
2024-09-25,0.0003217663833087909,0.004064687393644807,-0.0002752424916252494,0.0,0.0008370325041765516,0.0003217677857054342,0.0003217663833087909,-0.01391091817404413
2024-09-26,0.0012735333346372514,-0.003638231544212732,3.931082028429955e-05,0.0,0.0007637072028496682,3.931028314124756e-05,0.0012735333346372514,0.011699799138770955
2024-09-27,-0.0011892478102430762,0.0005399372387868411,-0.0006080502062104642,0.0,-0.0010218576675537897,-0.00060804936109923,-0.0011892478102430762,0.00319457276511719
2024-09-30,0.0009920731071284652,0.0030979537353971616,-0.0007897871546447277,0.0,0.0014011910331342282,0.000992073193300348,0.0009920731071284652,-0.0068436910574617
2024-10-01,0.0007976757504859992,0.0035120496352145586,-0.0015838263789191842,0.0,0.0013319973815373812,0.0007976758018988779,0.0007976757504859992,-0.010027617198488019
2024-10-02,0.0005354865477537295,-0.0004950025345788157,-0.0022588728461414576,0.0,0.0006375593899737327,-0.0004950029368192779,0.0005354865477537295,0.0037059986180368217
2024-10-03,-0.0003784087846062598,-0.0014095204276790443,-0.0024667109828442335,0.0,-0.0003346248476796066,-0.0014095204515114845,-0.0003784087846062598,-0.01204393475401898
2024-10-04,0.0013990773343025725,0.001331755382882518,-0.0019922100473195314,0.0,0.0016702919239026926,0.0013317412580407997,0.0013990773343025725,0.018466580773652368
2024-10-07,-0.001528472830841906,0.0001590753300488694,-0.0015272449236363173,0.0,-0.0013184510407726914,-0.0015269356609439308,-0.001528472830841906,-0.0010911757383766168
2024-10-08,0.0016263660550262812,-0.002639719868894352,-0.0006005784380249679,0.0,0.0012787815301744964,-0.0006005783967458495,0.0016263660550262812,0.003934676801650001
2024-10-09,-0.0001805243746186422,0.002239446920926553,7.498524792026728e-05,0.0,9.972976253436405e-05,7.49886696942962e-05,7.498524792026728e-05,0.017190313519865066
2024-10-10,-0.00043558577155963833,-0.007450907837096638,0.0005966160097159445,0.0,-0.0013941907553883174,-0.0004355865959845437,0.0005966160097159445,-0.0028942097847715264
2024-10-11,0.0014742006017067109,0.0018420049381809359,0.0012810822809115052,0.0,0.0015359190928292744,0.0014742030227029173,0.0012810822809115052,0.024667349679342705
2024-10-14,-0.0015011607051011902,-0.00046270391053225476,0.0014440157683566213,0.0,-0.0016146756786720603,-0.00046270347332712036,0.0014440157683566213,0.012415465550382665
2024-10-15,0.0010774756363910658,0.003937443276938626,0.0013953623129054904,0.0,0.0014073726676454873,0.001395365045946664,0.0013953623129054904,-0.0007081128399105012
2024-10-16,0.0008755318424493845,-0.003890741988055846,0.0014744645450264215,0.0,0.000232685566982673,0.0008755303880885289,0.0014744645450264215,0.014217473800846182
2024-10-17,-0.0006801203860403439,-0.002639036629109797,0.0011196782579645514,0.0,-0.0010724181614027667,-0.0006801204310756419,0.0011196782579645514,-0.0016243190540462169
2024-10-18,0.0013129039670739427,-0.004472077272857176,0.0006851964863017201,0.0,0.0006443457888037275,0.000685195092088081,0.0006851964863017201,-0.0009456971261961636
2024-10-21,0.00017900941351189632,-0.00020254963729074814,-0.0001492876763222739,0.0,0.0001585667352531624,-0.00014927260744407558,-0.0001492876763222739,-0.020453756806417017
2024-10-22,0.0015814186576670985,-0.002372195539041417,-0.0006367752212099731,0.0,0.0012720197227876068,-0.0006367750960550915,-0.0006367752212099731,0.0009652299316086012
2024-10-23,-0.0008718494221288392,-0.0016548003666613483,-0.0013353712856769562,0.0,-0.0009311222256684401,-0.0013353703226911607,-0.0013353712856769562,-0.002124450850412198
2024-10-24,0.0007676325158881138,-0.0006589247755944802,-0.001660217996686697,0.0,0.0007901723167983337,-0.0006589244788836118,-0.001660217996686697,0.014015618573247483
2024-10-25,-0.0006311027257353807,-0.005930423095979271,-0.0018420582637190819,0.0,-0.0011911031249507427,-0.0018420588436747565,-0.0018420582637190819,-0.02294959070408925
2024-10-28,0.002604458480920295,-0.0017207449364684982,-0.001183609594590962,0.0,0.002378220957183932,-0.0011836080036158594,-0.001183609594590962,0.021194112826103194
2024-10-29,-0.002420696460077269,-0.000564453066926884,-0.0008819230133667588,0.0,-0.0023164338224909214,-0.0008819254945320078,-0.0008819230133667588,0.0013360619719551441
2024-10-30,0.0017649013294492892,0.0008142209604154005,-0.00021409480541478842,0.0,0.001809688253371057,0.0008142208813215611,-0.00021409480541478842,0.00022889034209954882
2024-10-31,0.0002056261036111373,-0.0010531560889670457,0.0003994657890871167,0.0,3.29091049424988e-05,0.00020562179053472873,0.0003994657890871167,-0.012685157574662126
2024-11-01,0.001134076313489904,0.004657881598241548,0.0009215426980517805,0.0,0.001590361167478055,0.0011340806911467106,0.0009215426980517805,0.0030083282996288736
2024-11-04,-0.000551399660192606,-0.0014526336637837513,0.0014248305233195424,0.0,-0.0008265474298318356,-0.0005513990585618066,0.0014248305233195424,-0.015289086735695102
2024-11-05,0.001611563158073804,-0.004388223877083901,0.0018617521272972226,0.0,0.0008438798975629967,0.0016115593594078436,0.0018617521272972226,0.029835767825241458
2024-11-06,-0.002389635335128788,-0.0002750131886560543,0.0012694481993094087,0.0,-0.0024280114523151032,-0.00027501336284277357,-0.0002750131886560543,0.12308235735217399
2024-11-07,-0.005281430225291809,0.00861609810999885,-0.0004137458745390177,0.0,-0.003952315931100698,-0.00041374577990625815,0.00861609810999885,-0.02344463769727597
2024-11-08,0.00866475517967005,0.00022870182319491842,0.0001608806342119351,0.0,0.00831545814931568,0.00022871602700806658,0.00022870182319491842,0.012105055752286762
2024-11-11,-0.0028918809351307067,-0.008049519491540497,-0.0007778777508065104,0.0,-0.0037083685817680644,-0.002891881213907787,-0.008049519491540497,0.021954650904370557
2024-11-12,4.8861689982221184e-05,0.0012240260871382866,-0.0007310231449082494,0.0,0.00025948402895915217,4.88621194444003e-05,0.0012240260871382866,-0.01631928764001958
2024-11-13,0.0025358372137920413,0.0018785385320757568,0.00027176953153684735,0.0,0.002640657131552441,0.00187853763690496,0.0018785385320757568,0.0027467417228553706
2024-11-14,-0.0009234095313771216,-0.003219420141301776,0.0008294589351862669,0.0,-0.0013538110137562866,-0.0009234096660614328,-0.003219420141301776,-0.009485707097464515
2024-11-15,0.0013107238392798578,-0.0005574808580830967,0.0014546995516866446,0.0,0.0010662364025245104,0.0013107175235028867,-0.0005574808580830967,0.008340642261454605
2024-11-18,-0.0006839942048130268,0.0033334326647479497,0.001093051047064364,0.0,-0.00033027889941423123,0.0010930511632092194,0.0033334326647479497,-0.009394617594953468
2024-11-19,0.0015398543665092336,-0.008289089530417628,0.0006909164367243648,0.0,0.0003860065527768533,0.0006909153728840838,-0.008289089530417628,-0.011305285432757306
2024-11-20,0.00046540776579287175,-0.0007194109573671671,-0.00014601148723158985,0.0,0.00036829038556158056,-0.0001460113795146511,-0.0007194109573671671,0.00094552118788525
2024-11-21,-0.0002091833501708984,-0.006767931288466013,-0.0005821716622449458,0.0,-0.0009950866596060844,-0.0005821741673864284,-0.006767931288466013,0.02407503183797286
2024-11-22,-0.0009060113734596063,-0.00013071661911260427,-0.0009848111076280475,0.0,-0.0008029797812010021,-0.000906000283517937,-0.00013071661911260427,0.011127175615854908
2024-11-25,0.0010780643972261837,-0.003684744561690486,-0.0011360030621290207,0.0,0.0006675693460189184,-0.001136003121335969,-0.003684744561690486,0.00041468992605366527
2024-11-26,0.00076830152100382,-0.002552993479326485,-0.0009862844599410892,0.0,0.000499412565888214,-0.0009862843917603226,-0.002552993479326485,0.004087484407013436
2024-11-27,7.442537135143943e-05,-0.006221539786320455,-0.0007901168428361416,0.0,-0.0006382313455821905,-0.000790117812802172,-0.006221539786320455,-0.00011555299753978327
2024-11-29,0.0006442970348943927,-0.0034958856302690355,8.503688150085509e-06,0.0,0.00018120561414753625,8.502405437194759e-06,-0.0034958856302690355,0.005172936483818672
2024-12-02,3.674596473285212e-05,-0.0021788136985831587,0.0008204217301681638,0.0,-0.0003037324830966499,3.674514288886149e-05,-0.0021788136985831587,-0.006394440539622601
2024-12-03,0.001086826657818121,-0.005636028813632553,0.0017100881086662412,0.0,0.0001983531760536882,0.001086825207188891,-0.005636028813632553,0.0006147079668411911
2024-12-04,-5.492024491915177e-05,-0.006906779844972377,0.0021912057418376207,0.0,-0.0010932547417230225,-5.492054383090665e-05,-0.006906779844972377,-0.005613022423066805
2024-12-05,0.0008419266446040004,-0.004128946590581003,0.0021718728821724653,0.0,0.0001133359897593796,0.0008419260949138531,0.0021718728821724653,-0.0031952884443562047
2024-12-06,0.00026461180461577027,-0.008418727276284987,0.001717707491479814,0.0,-0.0009363852054497013,0.00026461123251225,0.001717707491479814,0.004814120848514992
2024-12-09,-2.2767190825278248e-05,-0.004839999279377044,0.0007156444480642676,0.0,-0.0006834579125387127,-2.276833392371492e-05,0.0007156444480642676,-0.009314905766852614
2024-12-10,0.001268429943933942,-0.0070547628956997,-7.153682236094028e-05,0.0,0.00034255213048472565,-7.153742437665185e-05,-7.153682236094028e-05,-0.015418117582950034
2024-12-11,0.0007752848750744264,-0.0075602561825706535,-0.0008586036274209619,0.0,-0.00012789787517894383,-0.0008586040895371996,-0.0008586036274209619,0.012788924390151796
2024-12-12,-0.001180177265448351,-0.0023459027385789475,-0.0016481297789141536,0.0,-0.0012867454900867329,-0.0016481304777559167,-0.0016481297789141536,-0.001604499738441891
2024-12-13,0.0013483484265732434,-0.0024419360696044355,-0.0015553293051198125,0.0,0.0011158014965459494,-0.0015553285239161213,-0.0015553293051198125,-0.01041557315905974
2024-12-16,0.0008433620560601517,-0.0027214428291711256,-0.0008572714868932962,0.0,0.0005397046139160575,-0.0008572715383622791,-0.0008572714868932962,0.0014507804073544638
2024-12-17,-0.00027100905851103955,-0.004241629641704682,-0.0002976457471959293,0.0,-0.0007632100150651305,-0.0002976804143190424,-0.0002976457471959293,-0.02006942841746742
2024-12-18,0.0017954798429384087,0.0032829401426005115,0.0007372405380010605,0.0,0.0020679364622452697,0.00179548011473775,0.0007372405380010605,-0.04344062626088612
2024-12-19,0.0019070906706304706,0.004298722937396934,0.0036172298714518547,0.0,0.002063888237136395,0.00361722899244313,0.0036172298714518547,0.006773825617498316
2024-12-20,-0.002313462846904735,-0.0034327290130683986,0.006349680945277214,0.0,-0.0031670659790964417,-0.0023134620704606465,0.006349680945277214,0.021624079814414558
2024-12-23,-0.00018453205222251467,-0.0004697700079997275,0.006365100387483835,0.0,-0.0007600372194746848,-0.00018452872342040994,0.006365100387483835,0.008233237229812838
2024-12-24,0.00106968900924611,0.00701916813303802,0.004127615597099066,0.0,0.0015583682997921912,0.004127615578308353,0.004127615597099066,0.020822970500182263
2024-12-26,-0.0005906939033396315,0.0016892620898517213,-3.297040530014783e-05,0.0,-0.0003527898408471248,-3.296919867066398e-05,-3.297040530014783e-05,-0.0026803758884987117
2024-12-27,0.0016751501401986034,0.002027612158874421,-0.0026530888862907887,0.0,0.0020758812700459074,0.0016751475499543163,-0.0026530888862907887,-0.008726335323795804
2024-12-30,0.0006181955381413306,-0.001243072564980728,-0.0040635340847074986,0.0,0.0007724305131687902,-0.0012430727473715132,-0.0040635340847074986,-0.0045750692177983715
2024-12-31,0.00020444067507203697,-0.006553090734787809,-0.004841952119022608,0.0,-0.0002209117608958735,-0.00484195173338148,-0.004841952119022608,0.0033236416517560315
2025-01-02,1.371137377778397e-05,0.004160785294044917,-0.004236210603266954,0.0,0.0008804671271643307,1.3711367947903426e-05,-0.004236210603266954,0.004095502645778058
2025-01-03,0.00037490193282954003,0.0029625900348555587,-0.0029115534853190184,0.0,0.0009680589541170166,0.0003749018507767762,-0.0029115534853190184,0.00893441020364756
2025-01-06,5.8294075354588964e-05,0.002566041633798053,-0.0017987785395234823,0.0,0.0005236509138894504,5.829421481077457e-05,-0.0017987785395234823,0.0056037167245968165
2025-01-07,0.0005290827847659823,-0.002927968445440255,-0.00052168924594298,0.0,0.00018526386434603362,-0.000521689780582203,-0.00052168924594298,-0.005620971222550287
2025-01-08,0.000989060239714659,0.002891055227896925,0.00021388875029515475,0.0,0.0012897944187789325,0.0009890610012210066,0.00021388875029515475,-0.0001723508971721504
2025-01-10,4.856097172644574e-05,-0.0007236765357464149,0.00011959669791394845,0.0,-5.3449841959126316e-05,4.854857117116954e-05,4.856097172644574e-05,-0.035125835648781384
2025-01-13,0.002538029770861869,-0.0069005061530147925,0.00018848157196771353,0.0,0.0015565120168512297,0.00018848128774001804,0.002538029770861869,0.005254052203985925
2025-01-14,-0.0018796313976306527,-0.004582699841318563,-0.00105226447340101,0.0,-0.002284413562473923,-0.0018796322336935565,-0.0018796313976306527,0.01512619062270357
2025-01-15,3.442576208936301e-05,0.0032041777702829276,-0.001740970415994525,0.0,0.000575477415018827,3.442600942701203e-05,0.0032041777702829276,0.058430909392814194
2025-01-16,-0.002316903349076761,0.005375648455079885,-0.0021073268726468086,0.0,-0.0013763532124551983,-0.002107322279821526,0.005375648455079885,0.011600670709615084
2025-01-17,0.0028347567436326077,0.007769084375863493,-0.0016880929470062256,0.0,0.0038220381638708915,0.0028347567620546784,0.007769084375863493,0.02090591710321806
2025-01-21,-0.0006485800659054369,0.0008271868069229791,-0.0017582227010279894,0.0,-0.00037334145541685144,-0.0006485798430323526,-0.0006485800659054369,0.013960927079969947
2025-01-22,0.0006345036220938079,0.012029112464859826,-0.00193080585449934,0.0,0.0022647883767624895,0.0006345039238612563,0.0006345036220938079,-0.0031716908440910796
2025-01-23,0.0012153501055847918,0.0002720090213052194,-0.0010389756644144654,0.0,0.001283750619384188,0.00027200872510923363,-0.0010389756644144654,0.010642861021486786
2025-01-24,-0.0005272638095152021,-0.001123194993391717,-6.047506758477539e-05,0.0,-0.0006399501927499573,-0.0005272642702406134,-6.047506758477539e-05,-0.004073925308931563
2025-01-27,0.0012570857486917794,0.002071863728619687,0.000667858577799052,0.0,0.0014071161004230092,0.0012570862157670595,0.000667858577799052,-0.0056999870336465535
2025-01-28,0.00043110671208098305,-0.0011011474854970204,0.0009040020522661507,0.0,0.00020133173422906908,0.00043110525813433735,0.0009040020522661507,0.0071120267603601165
2025-01-29,-0.00032369334620503947,-0.0011894239726886991,0.0009104371420107782,0.0,-0.000533237518203554,-0.0003236930027494258,0.0009104371420107782,-0.0006587037559466417
2025-01-30,0.0008723787676393935,-0.001562712801630902,0.0010506475809961557,0.0,0.0005544787760197838,0.0008723736306816467,0.0010506475809961557,0.012968986856801088
2025-01-31,-0.00047763945999068007,-0.0001233290430255787,0.0008702720515429974,0.0,-0.0005446524490460993,-0.00012332724089726156,0.0008702720515429974,-0.008241999291829241
2025-02-03,0.0016151221848221791,-0.0045736660485386285,0.000592352997045964,0.0,0.0009288556088949834,0.0005923522147140592,0.000592352997045964,-0.01261836108724024
2025-02-04,0.0005971660460172966,-0.007308182734472122,-0.00013863887579645962,0.0,-0.00032649497107230263,-0.00013864009172852038,-0.00013863887579645962,0.0028581561062772614
2025-02-05,-0.0004221899837633645,-0.005644635893463184,-0.000684022787027061,0.0,-0.0010508695513730217,-0.0006840263758023109,-0.000684022787027061,0.017614952600411786
2025-02-06,-0.0004122290207390011,-0.006693087077560899,-0.0008755790768191218,0.0,-0.0011560812681589896,-0.0008755810539039285,-0.0008755790768191218,0.019591410574140416
2025-02-07,0.0001735277857678318,-0.004344373137691496,-0.0007991890888661146,0.0,-0.0003088168687632985,-0.0007991898328915106,-0.0007991890888661146,-0.003530801917371868
2025-02-10,0.0015937621434910115,-0.0051581559955177925,-0.0003576907911337912,0.0,0.0009139441182518499,-0.0003576910948214804,-0.0003576907911337912,-0.00822091522690384
2025-02-11,0.0005444900481038792,-0.00015765669943522423,0.00031226262217387557,0.0,0.00047620924729596095,0.00031226047180582533,0.00031226262217387557,-0.0050703068515157695
2025-02-12,0.0002817547561389089,-0.005650042114823387,0.0009407236357219517,0.0,-0.0005111649415835759,0.00028175341173419186,0.0009407236357219517,0.0027155632605876173
2025-02-13,4.6704627791204335e-05,-0.007923757107830715,0.0013265208108350635,0.0,-0.0010512431666563253,4.670397307985146e-05,0.0013265208108350635,-7.702575988799856e-05
2025-02-14,0.0006200975539058533,-0.007757161175142868,0.0015249989228323102,0.0,-0.000497591959364952,0.0006200965705922829,0.0015249989228323102,0.017717111900059253
2025-02-18,-0.0006348776937051644,-0.008707803339428284,0.001403733855113387,0.0,-0.0018081430823039101,-0.0006348780599142092,0.001403733855113387,0.01746823944326192
2025-02-19,0.0004086663921697356,-0.0025137159290186035,0.001132047502323985,0.0,-1.4850191423743944e-05,0.00040866535553613493,0.001132047502323985,-0.006028306520660995
2025-02-20,0.0016214971950746751,-0.0034512784270515668,0.0007860990590415895,0.0,0.0010587416449512948,0.0007860981007499118,0.0007860990590415895,-0.03951951443218641
2025-02-21,0.0022387515913738693,-0.0008186221859567574,0.0007284640450961888,0.0,0.001982583111036782,0.0007284640293881301,0.0007284640450961888,-0.026282071128610963
2025-02-24,-0.00023569938511040485,-0.0037681824286068355,0.001052927109412849,0.0,-0.000781783982885062,-0.00023569987700121096,0.001052927109412849,0.0008628614572027367
2025-02-25,-0.000797745050267361,-0.004366946401222125,0.0009664524695836008,0.0,-0.001387610375426577,-0.000797745336437681,0.0009664524695836008,-0.018098139702941954
2025-02-26,0.0017339689980826953,0.0028486332887803388,0.0012098500737920403,0.0,0.0019159714367164098,0.0017339700032710618,0.0012098500737920403,0.004640379556502301
2025-02-27,-0.0008840684679394243,0.004016155762494005,0.0006490259547717869,0.0,-0.0004003200132306649,0.0006490263093850351,0.0006490259547717869,-0.01594136955066056
2025-02-28,0.0017510005978196214,0.006172918884824825,0.0011995238019153476,0.0,0.0023470573217439132,0.0017510021785367863,0.0011995238019153476,0.023231304750644836
2025-03-03,-0.0018644935865971637,-0.006898944260793639,-0.00039888679748401046,0.0,-0.0026121851403510385,-0.0018644940694261252,-0.00039888679748401046,-0.027748052802230867
2025-03-04,0.0034723526891068768,-0.003427737106743325,0.0006910680094733834,0.0,0.002842501317249801,0.0006910678928566804,0.0006910680094733834,-0.04066641702799207
2025-03-05,0.0010357251788460013,-0.004325423165485739,0.0016929965931922197,0.0,0.0003139990435129461,0.0010357238484773022,0.0016929965931922197,0.020320731339036804
2025-03-06,-0.0028460260787473626,-0.0024398599268652386,0.000474214437417686,0.0,-0.0030691923816590634,-0.0024398578198075774,-0.0024398599268652386,-0.043772214362926526
2025-03-07,0.0044481276710171425,0.01228053166246295,0.002844284987077117,0.0,0.005555599967236961,0.00444812816610106,0.01228053166246295,-0.01419294008043062
2025-03-10,-0.0013931039488873443,-0.0033398995471515757,0.0027444779407233,0.0,-0.00197663273990755,-0.0013931036773201534,-0.0033398995471515757,-0.051343157007490495
2025-03-11,0.002756781902325548,0.005667263465974151,0.004584415350109339,0.0,0.002968496467023544,0.004584414974878691,0.005667263465974151,-0.0004326641765642495
2025-03-12,-0.002399359893015837,0.008629207520610102,0.004669081885367632,0.0,-0.001608913822955145,0.00466908177441173,0.008629207520610102,0.00802153829488156
2025-03-13,0.0003284843217262142,0.014059050233010734,0.004790165927261114,0.0,0.0016702826761043421,0.004790166043426858,0.014059050233010734,-0.02055672321869032
2025-03-14,0.0020783209121467373,0.0048466725199917985,0.005026613362133503,0.0,0.002179944807820169,0.004846667384654595,0.0048466725199917985,0.031140510364079176
2025-03-17,-0.00271840879114576,0.014455979038887784,6.7453947849571705e-06,0.0,-0.0008046378616304896,6.745692269324737e-06,0.014455979038887784,0.018174929411814228
2025-03-18,0.0013379658508246707,0.01500847792664945,-0.003434882266446948,0.0,0.003433634048098288,0.001337965987115969,0.01500847792664945,0.0007977417549192645
2025-03-19,0.001150447755368746,0.01529813377805281,-0.005493154749274254,0.0,0.0034597663682468917,0.0011504478351712464,0.01529813377805281,0.010026045607338864
2025-03-20,-0.0003923347030235886,0.014002138909081824,-0.0073865619488060474,0.0,0.0019766198754428144,-0.0003923346295508632,0.014002138909081824,0.009535555060270479
2025-03-21,0.0004047236715024865,0.013080950287000246,-0.007193329278379679,0.0,0.0026095156355076944,0.0004047237242051331,0.013080950287000246,0.004362444109968669
2025-03-24,0.0006002637913987495,0.007928553163653625,-0.0063821556977927685,0.0,0.002088407455120301,0.0006002637981543089,0.007928553163653625,0.02612694640326689
2025-03-25,-0.0009626556812456434,0.006224069375816939,-0.004722001496702433,0.0,0.00024213266993687393,-0.000962655554490077,0.006224069375816939,0.01001693903698097
2025-03-26,0.0012840247155995591,0.014903227784655415,-0.0026119505055248737,0.0,0.003301009823858597,0.0012840248987280554,0.014903227784655415,-0.02072741541646876
2025-03-27,0.001890531068793703,0.015008379544970297,0.00017677160212770104,0.0,0.0036651762834160745,0.001890531575405612,0.015008379544970297,-0.026483664370875404
2025-03-28,0.0005138852456505008,0.021685518231926833,0.0016575298504903913,0.0,0.003055757021843098,0.001657530673436328,0.021685518231926833,-0.028676038632609376
2025-03-31,0.0006234619152785319,0.02193313238307405,0.0027869180776178837,0.0,0.003098442172639033,0.0027869184871901673,0.02193313238307405,0.0058196490488016915
2025-04-01,-0.0013686513724467336,0.019946564907799964,0.0010933163575828075,0.0,0.0010824084164634316,0.0010933167103966556,0.019946564907799964,0.003946210062778483
2025-04-02,0.0007635886001015535,0.02736834303894752,-0.0006932541145943105,0.0,0.004196357974475788,0.000763589247991985,0.02736834303894752,0.02636104878937068
2025-04-03,-0.0009210615988226914,0.018436922967378547,-0.003150614444166422,0.0,0.0016730915937849151,-0.000921061202357167,0.018436922967378547,-0.09663758062663921
2025-04-04,0.007308356483486603,-0.0022564548524074773,-0.002717024413868785,0.0,0.006943955187296128,-0.002256452795098034,-0.0022564548524074773,-0.0823649978605986
2025-04-07,-0.0008829976097226191,0.01400719715670328,-0.0016584451077505946,0.0,0.0010349693696344038,-0.0008829963906112929,0.01400719715670328,-0.011321010674965545
2025-04-08,-0.0028881671374495184,0.021615485597584784,-0.000446250312961638,0.0,-3.8449914272719026e-05,-0.0004462499491056431,0.021615485597584784,-0.007092628885655893
2025-04-09,0.0013090006955028674,0.010495891021195844,0.0072598992846906185,0.0,0.0019622692056105195,0.007259899143842602,0.010495891021195844,0.11175041190935563
2025-04-10,-0.005436179410569023,-0.029801082622144294,-0.0024527942296117544,0.0,-0.008715913288253945,-0.005436179704494907,-0.029801082622144294,-0.053794263169951444
2025-04-11,0.009350473063293868,0.012775751117789646,-0.0005329568521119654,0.0,0.010591813844736965,0.009350472872676107,0.012775751117789646,0.009428694361756288
2025-04-14,-0.004377444140655376,-0.0019067688997656935,-0.002427949570119381,0.0,-0.0042305384572436456,-0.0024279509690785872,-0.0019067688997656935,0.01911079258610579
2025-04-15,8.44634586502339e-05,0.009331860997821856,0.0006208475679159164,0.0,0.0011916694505431664,0.0006208493105553803,0.009331860997821856,0.007728310996532918
2025-04-16,0.001380157656675659,0.00490857901853233,0.005233669187873602,0.0,0.0015017892906217445,0.004908576244521292,0.00490857901853233,-0.017558650867923287
2025-04-17,0.0012568618850856755,0.010390591383582424,0.008014414459466934,0.0,0.0018370059770677339,0.008014414186915541,0.010390591383582424,0.020703939545278226
2025-04-21,-0.0018477254911010866,0.0031456272789384433,0.006640215869992971,0.0,-0.0019257785530795689,0.0031456271931314607,0.0031456272789384433,-0.016085829518320018
2025-04-22,0.0025312818124636535,0.008716205866142319,0.0060761249624192715,0.0,0.0030091330623132867,0.006076124865870573,0.008716205866142319,0.036485185141903256
2025-04-23,-0.002558377312149282,0.0037288275792180304,0.0019637197256088257,0.0,-0.0021483610791912387,0.0019637193807509504,0.0037288275792180304,0.017764705109507884
2025-04-24,0.0015874098791579467,0.006233586470389141,0.0019405164057388902,0.0,0.002136810839919847,0.0019405189889718918,0.006233586470389141,0.02989018749444209
2025-04-25,-0.00041872072643474756,0.010528507394411062,-0.002259611152112484,0.0,0.0010961337126240505,-0.0004187202751395053,0.010528507394411062,-0.0009356003998509332
2025-04-28,0.001728234827983986,0.005726072671618748,-0.0036966479383409023,0.0,0.002673279109437489,0.0017282347622416944,0.005726072671618748,0.002822498893227114
2025-04-29,-0.00016977734692179226,0.008719001665443985,-0.0046596890315413475,0.0,0.0013071722244443087,-0.0001697772367755083,0.008719001665443985,0.00460132732960806
2025-04-30,0.00019848718707621944,0.006567708948604037,-0.0051726591773331165,0.0,0.0014343711436489172,0.00019848721623114723,0.006567708948604037,-0.002498920839997365
2025-05-01,0.0007420833550277001,0.0022663096131703316,-0.005266867578029633,0.0,0.001427282786224975,0.0007420828661798277,0.0022663096131703316,0.011404051880293272
2025-05-02,-0.00045244485268358333,0.005937078754745573,-0.004537953995168209,0.0,0.0006799716882073234,-0.00045244476449302675,0.005937078754745573,0.02191288660769714
2025-05-05,-9.5598036686016e-05,0.003112619994095547,-0.003304020967334509,0.0,0.0005683900769837696,-9.559803670589733e-05,0.003112619994095547,-0.01161994167069919
2025-05-06,0.002058323220323175,-0.00279162712366186,-0.0016975835897028446,0.0,0.001764095906925999,-0.0016975829434357564,-0.00279162712366186,-0.0183968185972776
2025-05-07,0.0003976128737269498,-0.006607310282681122,-0.000302069413010031,0.0,-0.00041691088814792374,-0.0003020706796088062,-0.006607310282681122,0.004649139625633309
2025-05-08,-0.0008216378529279211,-0.0026056597627328805,0.0007813838310539722,0.0,-0.001175935454645832,-0.0008216379160689394,-0.0026056597627328805,0.024660846654237012
2025-05-09,-0.00038476855335967445,0.0005289637929880177,0.0015511751407757401,0.0,-0.0004306065266937698,0.0005289639086493001,-0.00038476855335967445,0.0024716880415225503
2025-05-12,0.001587260834168724,0.004565599202504961,0.0019727020990103483,0.0,0.0019263270678533595,0.0019727042946771772,0.001587260834168724,0.04185558154035826
2025-05-13,-0.0021079023475466564,-0.006260441952136014,0.0018154907738789916,0.0,-0.0029484177501863653,-0.002107902361597654,0.0018154907738789916,0.02086838135805965
2025-05-14,0.00151346323022877,0.004781240422187605,0.0012980129104107618,0.0,0.0019381095245254664,0.0015134675231551432,0.0012980129104107618,0.012818859268876236
2025-05-15,0.00041181063414159566,-0.010865824375817602,0.0005436352803371847,0.0,-0.0010032788762937934,0.00041180325032694166,0.0005436352803371847,0.007006218196093112
2025-05-16,0.0003136089592785977,-0.010858011761009454,0.00010408871457912028,0.0,-0.0010601378872111668,0.0001040840781040177,0.00010408871457912028,0.005069131771168809
2025-05-19,0.0003759578181721248,-0.018182092383449845,4.661147249862552e-05,0.0,-0.0019076222463578867,4.660850936052494e-05,4.661147249862552e-05,-0.010931445556267232
2025-05-20,0.0011577066543649141,-0.002336400752164615,0.00018149818060919642,0.0,0.0008031262832939577,0.0001814975551732797,0.00018149818060919642,-0.009484602412660612
2025-05-21,0.00019801861280086225,-0.0004284510337280431,0.0006046469206921756,0.0,8.648973947957056e-05,0.00019801775675251234,0.0006046469206921756,-0.021767884130424974
2025-05-22,0.0011376184336397476,-0.004021153142279824,0.0013408635277301073,0.0,0.0004785235207981094,0.001137613755181163,0.0013408635277301073,0.008005410736847064
2025-05-23,-0.0011277983251091544,-0.0019300815046582322,0.0017212849343195558,0.0,-0.0014625883450538706,-0.0011277974325094712,0.0017212849343195558,0.0005180570640600453
2025-05-27,0.0010517400172663067,-0.00020429288200279444,0.0012947554932907224,0.0,0.0008753110104982018,0.0010517367307725728,0.0012947554932907224,0.02831520423270981
2025-05-28,-0.0011718493015541208,-0.008514738936031531,0.00047899450873956084,0.0,-0.002222245348788364,-0.0011718497704229197,0.00047899450873956084,-0.011910215581973978
2025-05-29,0.002521318626690484,-0.004164712255843208,0.0002022605767706409,0.0,0.0018800119390979368,0.0002022603748193762,0.0002022605767706409,-0.00590130638010177
2025-05-30,-0.00028973392280073006,-0.0070878420551578085,-0.00021629744151141495,0.0,-0.0011422466881134338,-0.0002897470319554401,-0.00021629744151141495,-0.0073176076395105
2025-06-02,0.0004789145831552513,-0.010242847566937378,-0.00045932119246572256,0.0,-0.0007787391950811815,-0.0004593221538371026,-0.00045932119246572256,-0.0028854002832876023
2025-06-03,0.00029719225843491924,-0.006688871892515385,-0.00037970009725540876,0.0,-0.0005168622291819227,-0.00037970141179410297,-0.00037970009725540876,0.008498735513930092
2025-06-04,-0.00018871077909572123,-0.009299917026287317,-0.0001517028867965564,0.0,-0.001326232787946419,-0.00018873630527446546,-0.0001517028867965564,-0.007680572015455506
2025-06-05,0.0013264851888055078,-0.006067474749817035,0.0006616918835788965,0.0,0.0004606445338777627,0.0006616905324261351,0.0006616918835788965,0.011069797066183018
2025-06-06,-0.0007386422709625426,-0.003030881000289617,0.0009599014883860946,0.0,-0.0011640952630330077,-0.0007386424231353532,0.0009599014883860946,0.013312973429275631
2025-06-09,0.000377960234087342,-0.007800590374762479,0.0015838650288060308,0.0,-0.000739803818660089,0.00037795952844861443,0.0015838650288060308,-0.000782032855798685
2025-06-10,0.0011141496496511025,-0.004621390098103905,0.001996524166315794,0.0,0.0003272478344202121,0.001114148693198978,0.001996524166315794,0.0021979601157938716
2025-06-11,4.382705241469755e-06,-0.005755790812701348,0.0015795896761119366,0.0,-0.0008427074188744864,4.382244754846848e-06,0.0015795896761119366,0.015011884375694355
2025-06-12,-0.00028329752347694637,-0.00708725349577533,0.0007539434591308236,0.0,-0.0012159999734423132,-0.0002832983387876593,0.0007539434591308236,0.0015048710340105046
2025-06-13,0.0011820790580201275,-0.00634095182008099,-0.00012318605149630457,0.0,0.00035297144422830377,-0.000123186655674399,-0.00012318605149630457,-0.0186821849301974
2025-06-16,0.0012628491202614904,-0.010428417978747738,-0.0008651610696688294,0.0,-1.7429600257689486e-05,-0.0008651614346051468,-0.0008651610696688294,0.023055819663143382
2025-06-17,-0.001965751020439672,-0.003840188851849841,-0.0012444773456081748,0.0,-0.0022586103096600765,-0.001965751870118147,-0.0012444773456081748,-0.005125738314108126
2025-06-18,0.002243922752854097,-0.0038027481031690487,-0.0007600389653816819,0.0,0.00173869257881114,-0.0007600389696153186,-0.0007600389653816819,0.016827357633638552
2025-06-20,-0.0010067142859485757,-0.0027326904206072845,-0.0007470007985830307,0.0,-0.0012430343878146852,-0.0010067175282164034,-0.0007470007985830307,0.008714511835156034
2025-06-23,0.0008182698429639343,-0.0021616131135215096,-0.0006172790308482945,0.0,0.0005655881557757741,-0.0006172790797860557,-0.0006172790308482945,0.009443436736236498
2025-06-24,0.0002804102677803968,-0.0026658084760733973,-0.0007952838204801083,0.0,2.2517556120759904e-06,-0.0007952842143490451,-0.0007952838204801083,0.02327086971085164
2025-06-25,-0.00048304871977598824,-0.005040455263255828,-0.0007669775513932109,0.0,-0.0010270999892951836,-0.0007669808148776729,-0.0007669775513932109,0.011651973267281329
2025-06-26,0.0010051523139682221,0.00018688592714211666,-0.0005820434307679534,0.0,0.0010341243433745514,0.00018688600516179939,-0.0005820434307679534,0.02548346625757173
2025-06-27,-0.0005803787347713123,-0.002444276833080281,-0.0006429111817851663,0.0,-0.0008073042283900145,-0.0006429261234754415,-0.0006429111817851663,0.005297695927100321
2025-06-30,0.0013657553227195147,-0.002638798429464635,-0.0003867903142236173,0.0,0.0010116230098327222,-0.0003867904405176507,-0.0003867903142236173,0.02422610538849243
2025-07-01,-0.0008737621750895988,0.0004665713202613312,4.554938641376793e-06,0.0,-0.0007792856444326272,4.5539194968420195e-06,4.554938641376793e-06,-0.0018243094944406558
2025-07-02,0.001741378288130068,-0.008260716097621848,0.00042776696500368416,0.0,0.0006042811784822341,0.00042776631996911625,0.00042776696500368416,0.013259929837521332
2025-07-03,-0.0006641594566806964,-0.00538530038414407,0.0004975676420144737,0.0,-0.0013477860475563548,-0.000664160104265294,0.0004975676420144737,0.010822751273645865
2025-07-07,0.0005609152947576323,-0.004676676785162061,0.0005265554646030068,0.0,-8.840435111278895e-05,0.0005265281536943439,0.0005265554646030068,-0.017775333837867318
2025-07-08,0.0019239666213836516,-0.004358226235197039,0.0006385189481079578,0.0,0.0012477265959957241,0.0006385183714274763,0.0006385189481079578,-0.019386867998673424
2025-07-09,0.0001768012089834142,0.00016484532299428767,0.0007823493215255439,0.0,0.00012538769122833875,0.00017687122563536903,0.0007823493215255439,-0.0010331627567820548
2025-07-10,-0.0004411679948891922,0.0011306276009862297,0.000950818182900548,0.0,-0.0003602210511869787,0.0009508133999837882,0.000950818182900548,0.01787082677766172
2025-07-11,-0.00018061437497932315,-0.0038170669440101557,0.0007246344466693699,0.0,-0.0007080367679086749,-0.0001806152023709101,0.0007246344466693699,-0.005897862165538435
2025-07-14,0.001827133267098136,-0.0027405205841873398,0.0004022777429781854,0.0,0.0013758705793885835,0.0004022773601217104,0.0004022777429781854,0.01177517654299604
2025-07-15,-0.0008119396503010784,-0.0009691460800731931,-0.00016748935740906745,0.0,-0.000884646182427836,-0.0008119349160110727,-0.00016748935740906745,-0.015242422287453594
2025-07-16,0.001924973066548191,-0.007940110925305248,-8.85286572156474e-05,0.0,0.0008626386030882347,-8.852902603961757e-05,-8.85286572156474e-05,0.008941976046972102
2025-07-17,-0.0009737112206250394,-0.0013421802804861232,-0.00013847350783180445,0.0,-0.0010884524691542829,-0.0009737097157433551,-0.00013847350783180445,-0.0042130049686717125
2025-07-18,0.0012781788639317226,-0.007138303962578285,0.0004226054879836738,0.0,0.00030074900244268115,0.0004226044541267835,0.0004226054879836738,0.0034226507459167417
2025-07-21,1.6082176633870344e-05,-0.004486225427086011,0.0007874966249801219,0.0,-0.0006081170424446129,1.608110567543866e-05,0.0007874966249801219,-0.0031960342140533175
2025-07-22,0.0007539412523835903,-0.008585289304340611,0.0012431003851816058,0.0,-0.0004492508593509836,0.0007539393234354354,0.0012431003851816058,-0.00794939797028444
2025-07-23,0.0006758952019602208,-0.008451521625939292,0.0014018313959240913,0.0,-0.0005204444318531638,0.0006758939377492758,0.0014018313959240913,0.024135009507285386
2025-07-24,-0.00127883591912459,-0.0037495074973682863,0.001082264818251133,0.0,-0.001781131243863514,-0.0012788359378765385,0.001082264818251133,0.0023108148800675466
2025-07-25,0.001863273482345498,-0.0032962886298165805,0.0013729431666433811,0.0,0.0012612624550121208,0.001372941349562226,0.0013729431666433811,0.013534606087182273
2025-07-28,-0.00040691909665224865,-0.002719480060301482,0.0011699730530381203,0.0,-0.0008248728337211562,-0.0004069192979604067,0.0011699730530381203,-0.007338386176489472
2025-07-29,0.0014336785730112017,-0.003477159622875378,0.000940826372243464,0.0,0.0008628450230084605,0.0009408245776823032,0.000940826372243464,0.011445280679908049
2025-07-30,-0.0006754843987422806,-0.006893897583086279,0.0002407222636975348,0.0,-0.001525299933397837,-0.0006754853270608605,0.0002407222636975348,-0.0016817605095560064
2025-07-31,0.0012205775017677264,-0.005978693008583621,-0.0001968645810848102,0.0,0.00044103103042054893,-0.0001968651126911638,-0.0001968645810848102,-0.00984643324144269
2025-08-01,0.0007813834064160983,-0.009918335621924158,-0.0005133375525474548,0.0,-0.00044413502447864244,-0.0005133382174196078,-0.0005133375525474548,-0.01956580766554849
2025-08-04,0.0008181801820697631,-0.00032278570879792147,-0.0011977265821769834,0.0,0.0008423170566383627,-0.0003227854433866692,-0.0011977265821769834,0.022932213552892416
2025-08-05,-0.0017467459085566438,-0.0037653815294255676,-0.0015458135167136788,0.0,-0.0020146599044464065,-0.001746750341423212,-0.0015458135167136788,-0.00707711102566073
2025-08-06,0.0024300612718960325,-0.004748654402654478,-0.0010593623155727983,0.0,0.0018239001506323838,-0.001059362331081071,-0.0010593623155727983,0.0052986907589863096
2025-08-07,-0.0005122406177594334,-0.0036226735129288694,-0.0006836714455857873,0.0,-0.0008853986850378462,-0.0006836768715638474,-0.0006836714455857873,-0.006922934256177955
2025-08-08,0.0010369208252579596,-0.0056781888416097895,-0.00010102400847245008,0.0,0.00029461570834087383,-0.0001010247064696966,-0.00010102400847245008,0.002123552038465856
2025-08-11,-3.500352043963754e-05,-0.006345405131657575,0.00027502680313773453,0.0,-0.0008462962436370464,-3.500656683959939e-05,0.00027502680313773453,-0.0028184887671333005
2025-08-12,0.000734097309028935,-0.007079542897606149,0.00028837210265919566,0.0,-0.0002020605540431396,0.0002883700048324889,0.00028837210265919566,0.033012275267171334
2025-08-13,-0.0014489547477773213,-0.002327920600385,1.4364602975547314e-05,0.0,-0.0016790425268600338,-0.0014489542951042864,1.4364602975547314e-05,0.0017606670258205413
2025-08-14,0.002283046003065398,-0.0015512294447155566,0.00015492679085582495,0.0,0.0019810801187187684,0.0001549269068251065,0.00015492679085582495,0.0033648755729373354
2025-08-15,-4.7056918110617064e-05,-0.00411007281872933,7.821813051123172e-05,0.0,-0.0005632868375527273,-4.70645291233821e-05,7.821813051123172e-05,-0.022302593908139545
2025-08-18,0.001621566561793065,-0.005389701114953874,0.0004983713733963668,0.0,0.0008411696421425106,0.0004983706544387631,0.0004983713733963668,0.0003284594068362835
2025-08-19,-0.0008365088670198553,-0.004663987604475014,0.0004711422079708427,0.0,-0.001420892993230682,-0.0008365093694499669,0.0004711422079708427,-0.013192717766779457
2025-08-20,0.0013981664467444214,-0.006121537884905357,0.0005112291546538472,0.0,0.000534983699305463,0.0005112281804361315,0.0005112291546538472,-0.0009708503990117167
2025-08-21,-0.00020484835194467256,-0.0027466120620882233,-0.0001764972257660702,0.0,-0.0005236704262510916,-0.00020488090695465168,-0.0001764972257660702,-0.006584851414439536
2025-08-22,0.0008118764894032226,-0.0032168424437954523,-0.0008160419529303908,0.0,0.0004444603003831083,-0.000816042150277035,-0.0008160419529303908,0.035590654773750445
2025-08-25,-0.001737828432170154,-0.004751777954713579,-0.0015021590515971184,0.0,-0.002132536654923605,-0.001737832308130612,-0.0015021590515971184,-0.004187320914726071
2025-08-26,0.0027878892532405834,-0.0028907139040086475,-0.0009012124501168728,0.0,0.0023849754387743954,-0.0009012122189049605,-0.0009012124501168728,0.013658558884431524
2025-08-27,-0.0009594951866210425,-0.0020999243581173487,-0.0007491086144000292,0.0,-0.0011188398213371107,-0.0009594990197046417,-0.0007491086144000292,0.0009608449918750156
2025-08-28,0.001065945747789641,-0.0025840168023338627,-0.0002514669322408736,0.0,0.0007200900848911666,-0.000251467261805864,-0.0002514669322408736,0.002065425703271331
2025-08-29,0.0003427518623210268,-0.0018107296653445198,0.00019350062939338386,0.0,8.69188289545902e-05,0.00019349451630414798,0.00019350062939338386,-0.007978780050553443
2025-09-02,0.000897066627768128,-0.0024760149945034005,0.00038109737215563655,0.0,0.0005196108865632636,0.00038109579129695366,0.00038109737215563655,-0.019511525627904584
2025-09-03,0.00100364157295663,-0.002140465768225236,0.00031766045140102506,0.0,0.0006687130377070269,0.000317659404355359,0.00031766045140102506,-0.00039684693067406403
2025-09-04,-0.0005940511143537452,-0.002790486241531048,0.00016659725224599242,0.0,-0.0009302497833288518,-0.0005940519707055242,0.00016659725224599242,0.02479413585561515
2025-09-05,-0.0006109847844340626,5.371048068925697e-05,3.610970452427864e-05,0.0,-0.0005815712200412034,3.6060222854980486e-05,3.610970452427864e-05,-0.01437712912192205
2025-09-08,0.0027133101683545317,0.003989479804577168,0.0005081495619378984,0.0,0.003054016928104715,0.0027133098390564395,0.0005081495619378984,0.00491866675380472
2025-09-09,-0.0010509052446929096,0.0005126229087525875,0.00027573411352932453,0.0,-0.0009656001465856056,0.0002757306801200434,0.00027573411352932453,0.029316015783598836
2025-09-10,-0.0007000904749408974,-0.002661370821828209,-0.00039758789353072643,0.0,-0.0009692369745555501,-0.0007000932496383406,-0.00039758789353072643,0.007381884423843509
2025-09-11,0.0018371835153986825,-0.002022847643274145,-0.00030778447398915887,0.0,0.0015333997991693212,-0.0003077843573725012,-0.00030778447398915887,0.01949475099010669
2025-09-12,-0.0006179295175008713,0.002693257525151167,-0.0004128366126678884,0.0,-0.00022255008334919643,-0.0004128321056508072,-0.0004128366126678884,-0.005968848012283888
2025-09-15,0.001734091048654075,0.0007274775050814152,-0.00010294555977452546,0.0,0.0017602095665791202,0.0007274777149338692,-0.00010294555977452546,0.008552422121784146
2025-09-16,-0.0005625243017926868,-0.0020042313703672655,2.947122266050428e-05,0.0,-0.0007908442124243655,-0.0005625252926469206,2.947122266050428e-05,-0.0015645722978538177
2025-09-17,0.0010459322704752044,-0.0054213879594505075,0.00020550760382320732,0.0,0.00030995109483580776,0.00020550659442797645,0.00020550760382320732,0.011001777569831611
2025-09-18,-0.0002835031934746187,-0.007972250318033815,0.0001282358425669372,0.0,-0.0012748043945252912,-0.0002835054804314351,0.0001282358425669372,0.01262429990290257
2025-09-19,0.0003901013214972524,-0.005683499466739159,-4.899890336673707e-05,0.0,-0.0003299438314601218,-4.900099301100071e-05,-4.899890336673707e-05,0.0008575134495336822
2025-09-22,0.0010240027117063585,-0.0020407528408462818,-0.0002545049646869302,0.0,0.0007478058422263197,-0.00025450518642069705,-0.0002545049646869302,0.0006954072894026688
2025-09-23,0.00024438952221327893,-0.004620930941456219,-0.0005742566427215934,0.0,-0.0002939161270160799,-0.0005742576142794247,-0.0005742566427215934,0.0009430104221700759
2025-09-24,0.0004078249585861526,-0.008273583267531357,-0.0005576320691034198,0.0,-0.0005935323339432264,-0.0005576329731731174,-0.0005576320691034198,-0.017376530598297284
2025-09-25,0.0014344240456183586,-0.004240943218676488,-7.349999214056879e-05,0.0,0.0008520843998006761,-7.350041458543186e-05,-7.349999214056879e-05,0.002936030040563956
2025-09-26,-0.0007658462098983898,-0.006729310018947331,-0.00016069640696514398,0.0,-0.001558271726188464,-0.0007658476893072202,-0.00016069640696514398,0.009704133582171282
2025-09-29,0.00032721390096342656,-0.005060747563334093,-0.00020441295055206865,0.0,-0.0002998312741993594,-0.0002044146186895301,-0.00020441295055206865,0.002004177546262162
2025-09-30,0.0009457668621825075,-0.0016229429647963906,-0.000163742559379898,0.0,0.00071740134711491,-0.0001637427746886928,-0.000163742559379898,-0.009709748660499099
2025-10-01,0.0009013046138105294,-0.004787966582136696,-9.570845577400178e-05,0.0,0.00027511131838614,-9.570924373586893e-05,-9.570845577400178e-05,-0.013705556248738185
2025-10-02,0.000566675649440499,-0.005373366661856787,0.00025923209614120424,0.0,-0.00014759415866701336,0.00025922904200722694,0.00025923209614120424,-0.00783446271592782
2025-10-03,0.00021146107328051726,-0.003811790469000954,0.0007591231842525303,0.0,-0.00033464163690558366,0.00021145950241199316,0.0007591231842525303,0.013508865885505785
2025-10-06,-0.0005101907719099461,-0.006405058512095434,0.000965917541179806,0.0,-0.0013658819254468257,-0.0005101912788688566,0.000965917541179806,0.00857103836167376
2025-10-07,0.0009172981441662148,0.00030921826298557976,0.0009389941114932299,0.0,0.0008397950710350646,0.0009172575792162311,0.0009389941114932299,-0.008988802089212964
2025-10-08,0.0012539581171281797,-0.004636795557534006,0.0009685248951427639,0.0,0.0005440107667916388,0.0009685215944100588,0.0009685248951427639,-0.016780306851452924
2025-10-09,0.0006432486683660111,-0.0036770246696105776,0.001152253826148808,0.0,6.334974721327593e-05,0.0006432469427975515,0.001152253826148808,0.00443313110671801
2025-10-10,-0.0006344253758026113,-0.004391474338901333,0.0008836793131195009,0.0,-0.0012273910214769881,-0.000634425767627374,0.0008836793131195009,-0.020203801280049203
2025-10-13,0.0020487309510605284,0.0008952183178285006,0.0017940446268767118,0.0,0.0019261005107400891,0.0017940418411510515,0.0017940446268767118,0.02890984079895965
2025-10-14,-0.0022940953262909885,-0.0002333023134036207,0.00129899091552943,0.0,-0.002333732719430977,-0.000233302480389955,0.00129899091552943,-0.020571650279987252
2025-10-15,0.0034496822810959043,0.002368309811403064,0.00016214897914323956,0.0,0.0035860795134224784,0.002368309341224854,0.00016214897914323956,-0.0036784801051332056
2025-10-16,-0.0008445918850660187,0.0014180502384778578,-0.00043906597420573235,0.0,-0.000596295599817785,-0.0004390640582614896,-0.00043906597420573235,-0.012896426094179616
2025-10-17,0.0010330506364038237,-0.005386801692690898,0.0002902147825807333,0.0,0.000294934090124152,0.00029021361608959605,0.0002902147825807333,-0.009702774978314642
2025-10-20,0.00041463032261640254,0.0018217301473064163,0.0006235518376342952,0.0,0.0005726089787636387,0.0006235557455402316,0.0006235518376342952,0.01657797752372891
2025-10-21,-0.0008786383284688042,-0.003563648649484794,4.278073902241886e-06,0.0,-0.0012857518241794319,-0.0008786390863585378,4.278073902241886e-06,-0.005701949220160375
2025-10-22,0.0018945162911338312,0.005963284572827486,-0.00019148427236359566,0.0,0.00257311587160759,0.001894516524407058,-0.00019148427236359566,-0.01912827220330884
2025-10-23,0.0009212531949814794,-8.104801592281111e-05,-0.00023451009474229068,0.0,0.0008917405942897629,-8.104257916837903e-05,-0.00023451009474229068,0.008265576476477186
2025-10-24,-0.0011109572422829035,-0.0026827425561123546,-0.0011061003897339106,0.0,-0.001307066623292465,-0.001111102459836922,-0.0011061003897339106,0.04314324851294891
2025-10-27,-0.001013089002263427,-0.006087805129267773,-0.002816305961459875,0.0,-0.0014962936604834476,-0.0028163062099264484,-0.002816305961459875,0.007764321151511965
2025-10-28,0.0024609953971271668,0.0028220117062232298,-0.0023926235735416412,0.0,0.0029061069774716677,0.002460992848375516,-0.0023926235735416412,0.0026547808351106896
2025-10-29,8.620657467061943e-05,-0.0012132636604805203,-0.002171782311052084,0.0,0.00011056610456830361,-0.0012132633877378939,-0.002171782311052084,-0.011465737336791917
2025-10-30,0.0010143778196281105,0.0062396340638128265,-0.0013957954943180084,0.0,0.001863702758256616,0.001014378042887087,-0.0013957954943180084,0.009026104322776089
2025-10-31,-0.0006268111383825087,-0.0030438693827221047,-0.0007402574992738664,0.0,-0.0009184150671669363,-0.0007402657276118099,-0.0007402574992738664,-0.0010002698386028558
2025-11-03,0.0011666486355918198,-0.000801953428384296,-0.00015583606727886945,0.0,0.0010305637141134107,-0.0001558352793581269,0.0011666486355918198,-0.004889209048750518
2025-11-04,0.0005586970945182469,0.001038160682726534,0.0001501971564721316,0.0,0.0006520759935103835,0.0005586974535737601,0.0005586970945182469,0.006737104728843186
2025-11-05,-0.00023364394293577678,0.00012152338831467318,-0.0003051758976653218,0.0,-0.0001835232077564292,-0.0002336331428030168,-0.00023364394293577678,0.002853693667146674
2025-11-06,0.0007944354976326925,-0.0019662614650018183,-0.0008945489535108209,0.0,0.0005899401668549571,-0.000894548613534127,0.0007944354976326925,-0.006971767580207714
2025-11-07,0.0008993085791336544,-0.0023120865099558853,-0.0011988208862021565,0.0,0.0006724273660564076,-0.0011988204657157175,0.0008993085791336544,-0.0015756715160886382
2025-11-10,5.232637822294358e-05,-0.008133695759603784,-0.0018150962423533201,0.0,-0.0008129853173629666,-0.0018150966190650327,5.232637822294358e-05,0.013716300626191334
2025-11-11,-0.00025329686220400537,-0.0006674231323003615,-0.0015925244661048055,0.0,-0.00019444772296678587,-0.0006674244567897786,-0.00025329686220400537,0.016311283834809644
2025-11-12,0.0004321780267105435,-0.0023121511996839583,-0.0013736799592152238,0.0,0.00023935642662437892,-0.0013736794490589812,0.0004321780267105435,0.03475802656863486
2025-11-13,-0.0006469896263361875,0.0010408553833192666,-0.001426378614269197,0.0,-0.00037257235913086675,-0.0006469889383335914,-0.001426378614269197,-0.040711711437437285
2025-11-14,0.004353491547390007,-0.006574020952475652,-0.00024343431869056076,0.0,0.003371862320140692,-0.00024343437821928667,-0.00024343431869056076,-0.018279055303249633
2025-11-17,-0.0014303861519848766,-0.003062485282765932,0.00027669360861182213,0.0,-0.0017743464141093783,-0.0014303861251370887,0.00027669360861182213,-0.019598801398902015
2025-11-18,0.0009170106349856528,0.002343078678257646,0.0014121932908892632,0.0,0.0010537500925626086,0.0014121942302814821,0.0014121932908892632,0.0009536817721257612
2025-11-19,-0.0002732701782988761,0.004333821241471527,0.0019706229213625193,0.0,0.00011537689502415059,0.001970622943822164,0.0019706229213625193,0.012405029590341897
2025-11-20,2.9791702083912153e-05,-0.00030057219591093806,0.0015356088988482952,0.0,-0.0001354913308411388,2.9794047628589962e-05,0.0015356088988482952,-0.01575983994446294
2025-11-21,0.0020174338803842576,0.010647915499024569,0.0022006044164299965,0.0,0.0030769462741920906,0.0022006096985077305,0.0022006044164299965,0.0004264530454220005
2025-11-24,-0.000694871006268531,0.004920198274805531,0.0008516858797520399,0.0,-0.00012322440383657042,0.0008516862798453082,0.0008516858797520399,0.021320633428744785
2025-11-25,-0.00044622431613161416,-0.0013364686028497527,-0.0006164787919260561,0.0,-0.0005430352593432421,-0.0006164832122648928,-0.0006164787919260561,0.014576236101703789
2025-11-26,0.0009681732911964221,-0.0019852495751782866,-0.001592213287949562,0.0,0.000811524295241622,-0.0015922111467956052,-0.001592213287949562,0.016919081849755397
2025-11-28,3.814423662426141e-05,-0.004682210556098574,-0.0017983505968004465,0.0,-0.0003981939290444985,-0.0017983507942065267,-0.0017983505968004465,0.012216550140092049
2025-12-01,0.0005270953441885171,0.0015205188279959483,-0.0013217026134952903,0.0,0.0008032157353350846,0.0005270948798981986,-0.0013217026134952903,-0.018547777137323605
2025-12-02,0.0019104403308118885,0.0034019083381718455,-0.00034948275424540043,0.0,0.002282469639326951,0.001910440103331031,-0.00034948275424540043,0.005350380953730584
2025-12-03,-0.0010821521934636336,0.0027899036581805693,0.00014197270502336323,0.0,-0.0007009516732208908,0.00014197314323277342,0.00014197270502336323,0.025864431974153616
2025-12-04,-0.00034088613790365577,-0.004760897316057138,0.00022897348389960825,0.0,-0.0009382209856289418,-0.0003408876604437156,0.00022897348389960825,0.0015050286491778146
2025-12-05,0.001841280559397567,0.0007732255597717632,0.0006409280467778444,0.0,0.0018072568951459577,0.000773232071439944,0.0006409280467778444,0.019771477396205696
2025-12-08,-0.0009409597920932719,-0.00011457093009912808,-5.8674675528891385e-05,0.0,-0.0009108036029708728,-0.00011458699554603789,-5.8674675528891385e-05,0.014094647138354491
2025-12-09,0.0007798196667724066,-0.002068231149484867,-0.0006215405301190913,0.0,0.0005407341898708355,-0.0006215405524160268,-0.0006215405301190913,0.011346630924353967
2025-12-10,0.00044816458420576804,-0.004652877794186835,-0.0011057853698730469,0.0,-5.886905108621639e-05,-0.0011057857308051304,-0.0011057853698730469,0.014339162554548032
2025-12-11,7.928849831323215e-05,-0.0019799735810248106,-0.0015092442044988275,0.0,-4.615032906998701e-05,-0.0015092427178418244,-0.0015092442044988275,0.02420870536914351
2025-12-12,-0.00014628904017187355,-0.0015896199518030216,-0.0016524485545232892,0.0,-0.00020182725654256778,-0.0015896052182388135,-0.0016524485545232892,-0.02564913804328089
2025-12-15,0.002979016531335499,-0.00961316838943463,-0.0007920094067230821,0.0,0.001722020716295523,-0.0007920095584242544,-0.0007920094067230821,0.001833990936870602
2025-12-16,-0.0014689188626272288,-0.0008505279262181534,-3.530930553097278e-05,0.0,-0.001510115620367029,-0.0008505275379932939,-3.530930553097278e-05,-0.011805153253909994
2025-12-17,0.001505458692620855,-0.003872031688149444,0.0008051744662225246,0.0,0.0008936223890866232,0.0008051732560087164,0.0008051744662225246,-0.007787747084135596
2025-12-18,0.00027862231069700904,-0.0029478981182762777,0.0015288341091945767,0.0,-0.00022619859386828277,0.0002786218218493448,0.0015288341091945767,0.004540671855120136
2025-12-19,-0.00016329176124785667,-0.007415483203540646,0.0018048492493107915,0.0,-0.0012285544258234084,-0.00016329213097442534,0.0018048492493107915,0.01941544447399678
2025-12-22,-0.00015272837685229886,-0.004704151134808084,0.0011199067812412977,0.0,-0.0008243666082366941,-0.0001527289417756043,0.0011199067812412977,0.006159105866015094
2025-12-23,0.0011610848445023228,-0.004401126877831966,0.00034976558526977897,0.0,0.0005354025480023559,0.0003497645661382385,0.00034976558526977897,0.0030099505035341492
2025-12-24,0.0003712085020579432,-0.0032073446114751474,-0.00046625948743894696,0.0,-5.325082409126053e-06,-0.00046626031411692504,-0.00046625948743894696,0.010008422422519076
2025-12-26,1.0604845125252653e-05,-0.004387606108235674,-0.0010297807166352868,0.0,-0.0004512577639458649,-0.0010297813783388843,-0.0010297807166352868,-0.004114881046252854
2025-12-29,0.0012658106941089743,-0.004386603086068639,-0.0008818458300083876,0.0,0.0007390722737484221,-0.0008818460100352717,-0.0008818458300083876,-0.0165186286164038
2025-12-30,0.0009482018546376094,-0.0056739318241835705,-0.00031124078668653965,0.0,0.00022749050403496243,-0.00031124139302574435,-0.00031124078668653965,-0.008735854128926242
2025-12-31,3.4373032167825347e-06,-0.007055748653732537,0.0003892111126333475,0.0,-0.0009073341260873947,3.434866012210124e-06,0.0003892111126333475,-0.006147145920913788
