Date,LinearRegression,Ridge,RandomForest,GradientBoosting,ResidualHybrid,ConfidenceWeight,Actual
2022-10-28,0.0002180311763404127,0.0007808555391130524,-0.000430815217960804,0.00037263810414913057,-0.0001529239718463753,0.00029531116340996474,-0.007482327030336412
2022-10-31,0.0002789903050426629,0.0005877138338419971,-0.00020031689493052874,0.00037263810414913057,-9.882398619617848e-06,0.0003257740817829343,-0.0041096637203590055
2022-11-01,0.0009807639576052709,0.0007595897205399471,0.000376165515620204,0.00037263810414913057,0.000497416002983265,0.0005680274042589291,-0.025319843737482882
2022-11-02,0.0019316093298105527,0.0010567480278808328,7.203233912371277e-05,0.00037263810414913057,0.0004376117948542196,0.0007147823493259436,-0.010642422531956597
2022-11-03,0.002786602337902479,0.0013492174356686355,0.00016552548938365865,0.00037263810414913057,0.0006424968752520681,0.0008610795145063625,0.013526823285563951
2022-11-04,0.002425854947655717,0.000952910783362949,0.0003267863537320333,0.00037263810414913057,0.0006608541861473232,0.0006630051823578167,0.00956806167935914
2022-11-07,0.0024190060445342773,0.0011186715459458887,0.000292417948105946,0.00037263810414913057,0.0006573093286685904,0.0007458517596785697,0.005582282828760321
2022-11-08,0.0018654597691484813,0.0008307845388466175,0.0003134512364196174,0.00037263810414913057,0.0005688328680947014,0.0006019173718006241,-0.020996784712303443
2022-11-09,0.0020325540644271158,0.0010650164096988625,0.0003277009422911182,0.00037263810414913057,0.0006287192181918602,0.0007190245353971799,0.05395251566479769
2022-11-10,9.945459715801001e-05,-7.666178526259237e-05,0.0001747868911542467,0.0002953867112985691,0.00014039657515451542,0.0001370948433291005,0.009198312304769028
2022-11-11,-0.0006651408012689837,-0.0002911450567816107,-9.421200273981025e-05,0.00037263810414913057,-0.00016150135502731336,-0.00019266409149860654,-0.008975940544918012
2022-11-14,-0.00039334956728865835,-7.702900948162268e-06,-0.0002523378017984178,0.00037263810414913057,-0.0002027645622538016,-0.00012993858971241365,0.008675376414669186
2022-11-15,-0.000782265835320874,-0.0004223086703427476,-0.00015554818551289954,0.00037263810414913057,-0.000234996832428303,-0.0002889005366346954,-0.008286283111873759
2022-11-16,-0.00031419361317300336,-8.50825202516445e-05,-3.811373109543526e-05,0.00037263810414913057,-5.406737461927417e-05,-6.157940887790454e-05,-0.0030941046442292835
2022-11-17,-0.0001374970426440435,5.636933839372419e-05,2.2742706607577737e-05,0.00037263810414913057,2.7545065218947242e-05,3.9577721006066406e-05,0.00474729564815821
2022-11-18,-5.0083113576228203e-05,-2.039127279572766e-05,-0.0001900787332263112,0.00037263810414913057,-0.00011993652761952547,-3.520779504498733e-05,-0.003891249800275618
2022-11-21,0.0003450008975003725,4.223613488556948e-05,-2.9858752783448032e-05,0.00037263810414913057,4.69156466690452e-05,0.00019357096162243663,0.01348860626982839
2022-11-22,0.00023307670568763265,-0.00019436517490958264,-0.0003292540940300182,0.00037263810414913057,-0.00020514264777937372,1.9358280745674687e-05,0.0058972660417383116
2022-11-23,0.00023602443590868772,-0.00011097338807118185,-0.00030315839762932355,0.00037263810414913057,-0.00017596126740328198,6.249753267479003e-05,-0.0002830842622024787
2022-11-25,0.0007841345631425555,0.00021924889493012524,-0.00015556422770659394,0.00037263810414913057,3.4651920130026714e-05,0.0002959490241576096,-0.015564696794064813
2022-11-28,0.0008078124430246363,-0.0002891314970411685,-2.8209430397132604e-05,0.00032537046879586726,5.846071766503705e-05,0.00014863135797429076,-0.0015931337016243704
2022-11-29,0.0012523619696867257,-0.00028903344157874314,2.2192265482602987e-05,0.00032537046879586726,0.0001468017570358365,0.0001738573271002307,0.030478643521294944
2022-11-30,-0.0005556222756364143,-0.0018521874417408123,-0.0003551104540788167,9.359371109530907e-05,-0.0005453189001413202,-0.00045541585476923947,-0.0008680098296065889
2022-12-01,-0.00016127178438768338,-0.0011481751158189048,-6.103000115522091e-05,0.00032537046879586726,-0.00019031272653261352,-0.00011118209820286718,-0.001195374663761461
2022-12-02,-0.00022841650705547986,-0.0009112687168742049,9.318547239045155e-05,0.00032537046879586726,-6.0716625779127606e-05,-6.769972104402449e-05,-0.01805624963097222
2022-12-05,8.58350884567251e-05,-0.0005759614489673793,0.00018194589960712816,0.00032537046879586726,8.158480087583297e-05,0.00013381051944431403,-0.014503869422986057
2022-12-06,0.0005819341701521141,-0.00017772069603970615,9.645335498678902e-05,0.00032537046879586726,0.0001324255451783475,0.00021090653065506334,-0.001864107253381664
2022-12-07,0.000871395558351447,6.160808066982856e-06,-4.654315825695755e-05,0.00032537046879586726,9.107761781513592e-05,0.00016594201522938208,0.007493634413933237
2022-12-08,0.0008069296453685492,0.0002173957985792186,0.00040296852252855555,0.00032537046879586726,0.0004232539908058091,0.00036424564551293663,-0.0073767194642132125
2022-12-09,0.001011884579800474,0.0005021539332457977,0.0005992512720263062,0.00032537046879586726,0.0006208414624116747,0.0005507506284906233,0.01417830729965003
2022-12-12,0.0004974205109260359,0.0002540698425704767,0.00028980420933422,0.00032537046879586726,0.0003121037496369656,0.00030768808034436086,0.007263223255457212
2022-12-13,-0.00046053891427570275,-0.0002205784264762762,0.00017023125643971754,0.00032537046879586726,5.343550220704695e-05,-2.5209679090955427e-05,-0.006071116623835963
2022-12-14,-6.766686469762305e-05,9.34980378344023e-05,0.0002926778462683672,0.00032537046879586726,0.00022588611825032133,0.00019296993599675442,-0.02523747790182607
2022-12-15,0.0005948121730009782,0.00043279440736085416,0.0005250177369687814,0.00032537046879586726,0.0005103459727367972,0.00047886983392420593,-0.011200239946011676
2022-12-16,-9.735946749079785e-05,-0.0006041764022143204,4.292306886498675e-05,9.359371109530907e-05,-5.377936310338101e-05,-2.738846716707005e-05,-0.0090483289411038
2022-12-19,0.00140717224732937,0.0007525476870850902,-0.00036808244804041905,0.0003422233843026868,2.7839446712839234e-05,0.0005473796311827842,0.001036800697890769
2022-12-20,0.0010543110985968493,0.0006262989653245797,-0.002946204356814578,-0.003297140113253587,-0.002029936209619703,-0.0011599447118112627,0.014758548669054294
2022-12-21,0.00044998294789311635,0.0004632787504678168,0.0006933040983400224,0.00032537046879586726,0.0006140338787720041,0.0004566431201525464,-0.014557142498145655
2022-12-22,0.00040370420212151723,0.0006564748107293668,0.0002873175074495426,0.00032537046879586726,0.00035060817007443335,0.00036467933756045693,0.005850952271915072
2022-12-23,0.0006161914474680462,0.0010221928636365242,0.0011213706820570784,0.00032537046879586726,0.0010033742339326799,0.0008191076855813756,-0.004057844034659477
2022-12-27,0.0001090642745728004,0.0007819225208491314,0.0007451091225693797,0.00047326408396003867,0.000658332635199345,0.0006090184169103654,-0.012093470442948605
2022-12-28,0.00015629611206124575,0.0007607695763806313,0.00077109340440187,0.00047326408396003867,0.000679371262231866,0.0006168259053581527,0.01731063431499432
2022-12-29,-3.254289238393789e-05,0.0005216373292602212,0.000624048948543595,0.00047326408396003867,0.0005238213467556229,0.0004973839053367397,-0.002543975646110833
2022-12-30,0.00011809609291117391,0.0006769690333946878,0.0004469624775474504,0.00034229266083045926,0.00043109429136867005,0.00039462922462482,-0.004008572481273608
2023-01-03,-1.2783866340179977e-06,0.0005723200110944536,0.0004260197966659124,0.00034229266083045926,0.0003888362035462021,0.00038410674271259927,0.007510694562138916
2023-01-04,-0.0003664747618391577,0.0003864221725924042,0.00041317003350644407,0.00034229266083045926,0.0003123775429442499,0.0003641844338130651,-0.011713869136457158
2023-01-05,2.5921879142302073e-05,0.000832517300433256,0.0004645958513890448,0.00034229266083045926,0.0004522196413937575,0.0004034527808966167,0.02258383558903089
2023-01-06,-0.00060823590645955,0.0003829339352715398,0.00034429505330209483,0.00034229266083045926,0.00023503363348723332,0.0003432708765048107,-0.0007679273259905782
2023-01-09,-0.000792749717062256,0.000310134513143939,0.000371794938894059,0.00034229266083045926,0.00022276510427005858,0.00032606605738355127,0.006953997970593733
2023-01-10,-0.000744617709990548,0.00038420039574437825,0.0003532001188399163,0.00034229266083045926,0.0002250587987422627,0.00034766999321360413,0.012767571192293676
2023-01-11,-0.0010251417405813456,5.0859218918741854e-05,0.00031351428618733287,0.00034229266083045926,0.00012120713979085605,0.00018194387113285794,0.0034100849120427303
2023-01-12,-0.0008792027198698743,8.364709923235601e-05,0.00031351428618733287,0.00034229266083045926,0.00014288003460704037,0.00019834220465908813,0.003988892144656051
2023-01-13,-0.00037898985387939735,0.00027679006390361597,0.00031351428618733287,0.00034229266083045926,0.00022749274946379458,0.000294998518023876,-0.002032555430996314
2023-01-17,-0.00035372778038601424,0.00016387490018933269,0.0003223359875895294,0.00034229266083045926,0.00022221913426769387,0.00024287832223149092,-0.015684966977744675
2023-01-18,1.508711147769036e-05,0.0004090836778583806,0.0003370649970385098,0.00034229266083045926,0.00030800404540025746,0.000339659322790223,-0.007667671901812428
2023-01-19,0.0006328098118330865,0.0007626000240359396,0.00040253933609476973,0.00034229266083045926,0.00047277410470678434,0.0005177340478388692,0.01874167355235196
2023-01-20,5.8517160796553165e-05,0.0004410486005865876,0.0003370649970385098,0.00034229266083045926,0.00031729363117847717,0.00033966784608180936,0.011811315951328555
2023-01-23,-0.0003621513848372942,0.00019969916338685744,0.0003223359875895294,0.00034229266083045926,0.00022579145938219925,0.0002607874275828256,-0.0007117563642918193
2023-01-24,-0.0003695484727591125,0.00039594954521587444,0.0003223359875895294,0.00034229266083045926,0.00025000229745936696,0.0003322437530208708,-0.00018174157346566321
2023-01-25,-0.0005729988449409718,0.00017724106257150084,0.0003223359875895294,0.00034229266083045926,0.0001976651104552988,0.0002495460612107,0.010947708029114303
2023-01-26,-0.0007009260402270497,-0.00010375593431243794,0.0003148722746364611,0.00038540749879066176,0.00014363989106001097,0.00010539587551431266,0.002491734021703855
2023-01-27,-0.0009642029893128874,-0.0002815636325926719,0.0003148722746364611,0.00038540749879066176,8.936740421788917e-05,1.6492313079533507e-05,-0.013053569315292663
2023-01-30,-0.00036720071244131426,6.001310723768535e-05,0.00032997332461499434,0.00038540749879066176,0.00021506624094187678,0.00019483434820601498,0.014536304416419527
2023-01-31,-0.0010230073587788728,-0.0006146287680183617,0.0002939196734479419,0.00038540749879066176,2.5146993190143822e-05,-0.0001604454817872948,0.01039805629688473
2023-02-01,-0.001578140598953956,-0.0008109099187337588,0.0002939196734479419,0.00038540749879066176,-6.644515587560831e-05,-0.0002586291059784316,0.014592384626854379
2023-02-02,-0.0026177932394475874,-0.0014263121038060032,0.00022507701866535844,0.00030617170777362806,-0.00032204706484496073,-0.000600768445915192,-0.010408592637285455
2023-02-03,-0.002027062434248237,-0.0007304304286924581,0.00024457764883785524,0.00038540749879066176,-0.0001442679099035324,-0.00024309117474876696,-0.006159393193939262
2023-02-06,-0.0013187274537466514,-0.0003220637154619806,0.00024457764883785524,0.00038540749879066176,-7.204081207828948e-06,-3.8897596889747756e-05,0.012790364037397075
2023-02-07,-0.0016240082358822824,-0.0006328368504758871,0.00024457764883785524,0.00038540749879066176,-8.351144329697761e-05,-0.00019427647125491477,-0.011142573012411353
2023-02-08,-0.0010076913054531597,-0.0002302723134487636,0.00021372294909647203,0.00038540749879066176,2.0312321913618786e-05,-8.397390859890333e-06,-0.008869009831037385
2023-02-09,-0.0004948825600027558,-5.8883839328474044e-05,0.00022882399907500514,0.00038540749879066176,0.00011416287144376374,8.488540269191205e-05,0.0021928557092171274
2023-02-10,-8.217636797301625e-05,5.366720857811721e-05,0.00022882399907500514,0.00038540749879066176,0.00017798819718035558,0.00014125771921003757,0.011383569951155146
2023-02-13,-9.809805776489689e-05,3.7846677864647894e-05,0.00021372294909647203,0.00038540749879066176,0.00016354685496112838,0.0001258046305003615,-0.0002804538554937624
2023-02-14,-0.00033909579311757794,-0.00020082260114050903,0.00021372294909647203,0.00038540749879066176,0.00010415979194728812,6.466955774464742e-06,0.002769337533076689
2023-02-15,-0.0005373033491503846,-0.00033436296576578586,0.00023680670165025943,0.00038540749879066176,7.940956296490816e-05,-4.88006663138924e-05,-0.013884689204881605
2023-02-16,-0.00010291558629573118,1.1006102651307196e-05,0.0002387058569910746,0.00038540749879066176,0.00017692688602469138,0.00012487737244614976,-0.0027712421722827342
2023-02-17,0.00020470689159427768,0.00018963861904933382,0.00023095510855754314,0.00038540749879066176,0.00023122141680173181,0.00021798680392943394,-0.020244783973471698
2023-02-21,0.0008069375562611799,0.0005657991376939575,0.0003735629748710445,0.00038540749879066176,0.0004507208396928359,0.0004757965917074416,-0.0015747954856433837
2023-02-22,0.0010308328608747209,0.0005672449351159966,0.0007865484054415882,0.00038540749879066176,0.0007651833713375935,0.0006769214130101396,0.005315278263237728
2023-02-23,0.0008161056068611073,0.0004879367012236974,0.0006572205478051476,0.00038540749879066176,0.0006393029616494354,0.0005726160146157177,-0.010593464619774184
2023-02-24,0.0007706117547031545,0.0005623418529927273,0.00020160957719492342,0.0003554436787893983,0.0003245521942423624,0.00045891847232834777,0.0030682925395522777
2023-02-27,0.0005004839962966007,0.00044255035478294743,0.00029948133176272004,0.0003554436787893983,0.00034500245387719984,0.000398999979181604,-0.0030406198309477117
2023-02-28,-0.00023848461193920587,-0.00011636173424065796,0.0005250445671494648,0.000185656296199279,0.00033246482356411337,3.4732889537631934e-05,-0.004736464203492832
2023-03-01,2.9695833017723532e-05,0.00018305284637728532,0.000676936149500028,0.00022871057745055853,0.0005110242163388005,0.0002059201592556825,0.0075535937311959735
2023-03-02,-0.0002554605691747938,-7.623080509684801e-05,0.0006774329710501098,0.00022871057745055853,0.00044405763939541507,7.631588920469844e-05,0.01601874917648306
2023-03-03,-0.0006669235279811091,-0.00033895919476106313,0.00023213272688953076,0.00010472917746518439,4.4244282805516505e-05,-0.00011719119550896803,0.0006869307788483012
2023-03-06,-0.0007703949968856917,-0.0003370517719189688,0.0003049523521840289,0.00010472917746518439,8.278129970889692e-05,-0.00011622659116658024,-0.015445590479262547
2023-03-07,-0.00036272905735367303,9.378818448070163e-05,0.00026694230010323387,0.00010472917746518439,0.00016024917024768564,9.924680023423992e-05,0.0014137941356032722
2023-03-08,0.0001274387524096003,0.00040601502200559393,0.00030467028473020686,0.00010472917746518439,0.00028514812043110133,0.00021615507637570233,-0.018631857945482354
2023-03-09,0.00039791015671036974,0.00047131825551234677,0.00015852164934729052,0.00010472917746518439,0.0002241676195917026,0.0002782369993304379,-0.01458396943606664
2023-03-10,0.0003834917552609496,0.0003186743479628074,0.00029129071069941114,-0.0001976444719639852,0.00027831479565384234,0.0003049122436205191,-0.001510901840738768
2023-03-13,0.00017548814223666484,0.00011379176079648199,-7.38732848422803e-05,-7.366307197861105e-05,-1.9995130619321065e-05,2.0173188119800883e-05,0.016342388235363665
2023-03-14,0.00033026546096422734,0.0003795110468756701,7.816893623779285e-05,-0.0001976444719639852,0.00013137506920634482,0.00020408370258370162,-0.007005363929353597
2023-03-15,0.0002458650172032777,0.00042753361187745383,-0.0001779090164723678,-0.00014202108196470037,-4.770616910610635e-05,5.2019198146120705e-05,0.017409576249031722
2023-03-16,0.00040543651619104283,0.0007127025265587213,0.0001583567861248805,-0.00014202108196470037,0.0002419338730343889,0.00028189846226290085,-0.011080621273953702
2023-03-17,-0.0003895704638127365,-0.00021146594869207036,-0.0002719278056402186,-0.00014202108196470037,-0.00027097435836497214,-0.00024173673096609705,0.008878869635940853
2023-03-20,0.001232983407830368,0.0011913762114521239,0.00043547307026284017,0.00016035256746446919,0.0006121754695504336,0.000813332211712175,0.012898647518559103
2023-03-21,0.000889243106428232,0.0010901367218656222,0.00018654380147529613,0.00016035256746446919,0.0003847887192198141,0.0005379758405569707,-0.016600248639842885
2023-03-22,0.0013894874518485846,0.0015230259394507872,0.00020764312549451512,0.00016035256746446919,0.0005147506419646499,0.0007985947096282618,0.0029800838691824228
2023-03-23,0.0013247979073465156,0.0014453141507922626,0.00020249853058255913,0.00016035256746446919,0.0004934835829851193,0.0007636766690769225,0.005623963084303207
2023-03-24,0.0011901455443718216,0.0015499268895979212,0.00018315744377545546,0.00036748814628891676,0.0004889303798318092,0.0007788655365810096,0.0016455995637670831
2023-03-27,0.001215450010991009,0.0016767583052162314,0.00022372382674224278,0.00036748814628891676,0.0005364170728373973,0.0007915520479071859,-0.0015750832883878866
2023-03-28,0.001309417793447064,0.0017171645487511955,0.00022372382674224278,0.00036748814628891676,0.0005528393333846215,0.0008385226075546233,0.014136870775046802
2023-03-29,0.000729064438936139,0.0013449407713867962,0.0002071120582863721,0.00036748814628891676,0.0004241638930568991,0.0005483862483145945,0.005698999199482652
2023-03-30,0.0005529784799725709,0.0011815427791624276,0.00021459326350348843,0.00036748814628891676,0.0003873848201245511,0.0004603330407006091,0.014333327782036555
2023-03-31,2.7767650136724452e-05,0.000733187586434084,0.0002125308577936971,0.00036748814628891676,0.0002657054451173299,0.00029005857290588565,0.003692022565802823
2023-04-03,0.00014549867961458345,0.000668703676453855,0.0001230795984300908,0.00036748814628891676,0.00020929746119631988,0.00025667451107621274,-0.005813839745162529
2023-04-04,0.0005399141553892659,0.0007422534125553408,0.00012485210659425022,0.00036748814628891676,0.00026717821588216547,0.00045368680849654816,-0.002495481657121423
2023-04-05,0.0010220867642115098,0.0008838700349672419,0.0001463208200465645,0.00036748814628891676,0.0003579842733167876,0.0006256438044582581,0.0035727731328032467
2023-04-06,0.001164844335681421,0.0009410112898004081,0.00020600032233873046,0.00036748814628891676,0.0004239306580590902,0.000654274088468941,0.0009958070170100843
2023-04-10,0.0010467618632999266,0.0008669918540211523,0.00020600032233873046,0.00036748814628891676,0.00040032153594464926,0.0006172480955999884,-4.135333298352082e-05
2023-04-11,0.0007839335082991138,0.0006596471048803693,0.00015518330828709023,0.00036748814628891676,0.0003069541095094999,0.000513522647059171,-0.0041434563234613855
2023-04-12,0.0008986808375466333,0.000791167609163475,8.441654092289377e-05,0.00036748814628891676,0.0002882595536998864,0.0005792518485873057,0.013175510497831548
2023-04-13,0.0003176564433038739,0.00037830501333008124,6.939959633101172e-05,0.00036748814628891676,0.0001554168635693637,0.00034235408389312347,-0.0020715175845779886
2023-04-14,0.0002922767186337167,0.0003431374752558618,6.939959633101172e-05,0.00036748814628891676,0.00014787970942279805,0.00031754929636335544,0.0033007035826147536
2023-04-17,-5.8966805787506846e-05,-4.071783603609003e-05,6.939959633101172e-05,0.00036748814628891676,5.672126346204012e-05,1.4545542554152339e-05,0.0008548548034659753
2023-04-18,-0.0001067989094193319,-0.00021343554251460382,6.939959633101172e-05,0.00036748814628891676,2.8904716939718774e-05,-1.861583695058073e-05,-8.426554793962826e-05
2023-04-19,-6.888050913711843e-05,-0.0003352676654221972,6.939959633101172e-05,0.00036748814628891676,1.78663175522414e-05,2.670234677078517e-07,-0.005970335188311131
2023-04-20,0.00011645171096643162,-0.00014865817673674115,6.939959633101172e-05,0.00036748814628891676,6.39285197923105e-05,9.293117840950575e-05,0.0009027812573008861
2023-04-21,0.00015419980457030176,-0.00015852163834054043,6.939959633101172e-05,0.00036748814628891676,6.718846221911694e-05,0.0001117957852445683,0.0008512167782723126
2023-04-24,0.00022939806209469773,-6.256704813538644e-05,0.00019708758569871978,0.00036368782042300727,0.00017713012340016965,0.00021321923940179657,-0.01593718381857645
2023-04-25,0.000517475363302364,0.00022489184362015522,0.0001825556555092527,0.00036368782042300727,0.0002382804460138826,0.0002943954797528515,-0.0038485835033448754
2023-04-26,0.000848487294428825,0.0005127231291326571,0.00013767531384316172,0.00036368782042300727,0.00028349675454785025,0.00043823293205191887,0.019377193402696356
2023-04-27,0.0002179960588923886,9.908425799876736e-06,0.00019790878545147353,0.00036368782042300727,0.0001856043275101674,0.00020794537730495325,0.008219331313243467
2023-04-28,-0.00042010590671744217,-0.0003948914216036322,0.0002038826168643049,0.00036368782042300727,6.156694674626446e-05,-9.542893525121192e-05,-0.0003861810485107871
2023-05-01,-0.0002087541908178199,-0.0001611582828208143,0.00018165892696736752,0.00036368782042300727,0.00010130299547408343,1.0341215831987558e-05,-0.011653906680571788
2023-05-02,-0.00024340589129047852,-0.00029957201727980314,0.00020028831996559394,0.00036368782042300727,9.241906539461591e-05,-2.149309710459843e-05,-0.007022908054892971
2023-05-03,0.00025331676087855717,1.7355479265597626e-05,0.0001934637294692804,0.00036368782042300727,0.00018769322331242203,0.00022336090004853375,-0.007244913455062742
2023-05-04,0.0003163146746138038,-6.623204374244445e-05,0.00010091750836806623,0.00036368782042300727,0.00012013228582858291,0.00020851823951143218,0.018306166381879797
2023-05-05,0.00012862509192940966,-0.00016767463699940335,0.00018659316951456377,0.00036368782042300727,0.00014431396319516,0.00015758547980273998,0.0004520264848820656
2023-05-08,0.00021606192703487777,8.086268352894624e-06,0.00018659316951456377,0.00036368782042300727,0.00017726335736623324,0.00020132051543766036,-0.004589938949059595
2023-05-09,0.00021236113260241337,8.09008417706565e-05,0.0001756850955545361,0.00036368782042300727,0.00017853912621692376,0.0001940477071113283,0.004473942241914432
2023-05-10,-9.047567999727216e-05,-4.2951316741383395e-05,0.00018659316951456377,0.00036368782042300727,0.00013402087657936874,7.192196843364773e-05,-0.0016980648897067581
2023-05-11,0.00019595974825410408,0.00017782115951129007,0.00018938024600556627,0.00036368782042300727,0.00019850154855711013,0.00019277704030109746,-0.0015845615894390477
2023-05-12,0.0004487662597283867,0.00031156636890002803,0.00018938024600556627,0.00036368782042300727,0.00024588514798060975,0.00033760232877465415,0.002953797680316935
2023-05-15,0.0004992613321266066,0.00019901535760022447,0.00018938024600556627,0.00036368782042300727,0.0002375400104751013,0.00028150894905057297,-0.006398107681917463
2023-05-16,0.0008487630371077351,0.00039493658351019765,0.0001825556555092527,0.00036368782042300727,0.0002997062142729393,0.00037933519324308957,0.011820688622071574
2023-05-17,0.00041289131092320756,-2.069396548984027e-05,0.00018938024600556627,0.00036368782042300727,0.00019909819707538933,0.00027641617542975105,0.009400723063727155
2023-05-18,-7.479202490557322e-06,-0.00022080228734768165,0.00020542553457153682,0.00036368782042300727,0.00013432630073968705,9.894782691328353e-05,-0.0014469138806754414
2023-05-19,-6.990960531762984e-05,-0.0002412560801125748,0.00020542553457153682,0.00036368782042300727,0.0001242329999043535,6.775120142469087e-05,0.00015502267980239146
2023-05-22,0.0001347551356390335,-9.070492971635739e-05,0.0002454060496727405,0.0003691404577769346,0.0001961351091555816,0.00019003565002432242,-0.011285468768284297
2023-05-23,0.00039273143618560934,0.00020858002578897522,0.0002531651311224686,0.0003691404577769346,0.000270708168807673,0.00031110870218444524,-0.007345512678305211
2023-05-24,0.002417137961951296,0.002109245599060681,0.00027045044286549036,0.0003691404577769346,0.000768274389580288,0.0012392368521244638,0.008719456079011883
2023-05-25,0.0004922135062207698,0.00021180926113040428,0.0002531651311224686,0.0003691404577769346,0.0002830366479274111,0.00031124340919428837,0.012964680931640788
2023-05-26,0.00025843190126070126,7.922545684028466e-05,0.0002454060496727405,0.0003691404577769346,0.00023267954419592832,0.00025190934207628015,1.660313066576836e-05
2023-05-30,-4.55949528541306e-08,-0.00011507395640385953,0.0002454060496727405,0.0003691404577769346,0.00017687292623656402,0.00012268626792220644,-0.006127358186214099
2023-05-31,-0.0005010699705355426,-0.000537291655984973,0.00014474572305413178,0.0003675461602490903,-7.286284786299643e-06,-0.0001780742197178881,0.009806215085853812
2023-06-01,-0.00019762378609265474,-0.000136945556852169,0.0002454060496727405,0.0003691404577769346,0.00015041091387337313,5.4275284036697745e-05,0.014429812390107408
2023-06-02,-0.0010397332842564742,-0.000634219824463132,0.0002560919107883284,0.0003691404577769346,-6.6075337248972855e-06,-0.00018914643866350185,-0.002005591490657713
2023-06-05,-0.0008750511294032745,-0.00042762687110647527,0.0002454060496727405,0.0003691404577769346,3.209887064470153e-05,-9.120584952683534e-05,0.002351130233850576
2023-06-06,-0.0010426949193134488,-0.0006679853889793364,0.00023691920649177294,0.0003691404577769346,-2.462551359538141e-05,-0.00021560133776075616,-0.003819293926420617
2023-06-07,-0.0010684268976371724,-0.0007319949254306756,0.00023691920649177294,0.0003691404577769346,-3.589322228971545e-05,-0.00024759569229427006,0.00616957160752325
2023-06-08,-0.0009129141960616996,-0.0005736715584551016,0.00023691920649177294,0.0003691404577769346,2.980054155781722e-06,-0.000168439672198246,0.0011474010230505239
2023-06-09,-0.0009199128026363777,-0.0005995502685708178,0.00021424992207478405,0.0003691404577769346,-1.6946683093968973e-05,-0.0001927003062516385,0.00927797498175416
2023-06-12,-0.0013080349390215042,-0.0009410809238975348,0.00020209137738134604,0.0003691404577769346,-0.00011557274924653733,-0.0003695434537651227,0.006908570725908897
2023-06-13,-0.0017416995482489384,-0.0013102670175104045,0.00018947917851333518,0.0003691404577769346,-0.00022350608187894237,-0.0005604438421040094,0.0008190899801265841
2023-06-14,-0.0018459123591525377,-0.001311256079655528,0.00018947917851333518,0.0003691404577769346,-0.00023611471095163713,-0.0005609541404004816,0.012104580493589997
2023-06-15,-0.0022488782229356584,-0.0015889648305064735,0.00018947917851333518,0.0003691404577769346,-0.0003198940279035375,-0.0006998185042253138,-0.0036783764677510893
2023-06-16,-0.0029929962097211757,-0.0024799279175976487,6.737867454228206e-05,0.0003675461602490903,-0.0006080373923028863,-0.001206301986793273,-0.004746353835236048
2023-06-20,-0.0014512860340879484,-0.0012236827900488992,-4.8580925337841865e-05,0.0003691404577769346,-0.0003433519679673213,-0.0006360906464444654,-0.005259086366925201
2023-06-21,-0.000719174721212082,-0.0007931580703038459,5.553684657609429e-05,0.0003615205067686151,-0.0001285639585884611,-0.0003317363721799452,0.0037039303873345254
2023-06-22,-0.0006048974981263007,-0.0007559180319448353,0.00023757593413454786,0.0003615205067686151,1.659514294176048e-05,-0.00018367118580670167,-0.007688288056502158
2023-06-23,-0.0008937563231811183,-0.0010491697726896657,0.00030267734283440957,0.0003268147303864447,-1.2143982789661442e-05,-0.0002955840201127678,-0.004496934363132171
2023-06-26,0.0003934987861008974,0.0001450763010154894,0.0002757996521019174,0.0003615205067686151,0.00027800506858127267,0.00031854447525786543,0.01139073352418076
2023-06-27,2.8461632990945925e-05,-0.0001582625093045878,0.00026808632056966435,0.0003615205067686151,0.00019012216773064457,0.00014821612408070812,-0.0003541393883898215
2023-06-28,-0.00013645729625004423,-0.00024388960838234294,0.00026808632056966435,0.0003615205067686151,0.00015941877603407444,6.58052691145392e-05,0.00446356811449
2023-06-29,-0.00045760369301746004,-0.0003938289701555665,0.00026808632056966435,0.0003615205067686151,0.00010177879425982923,-6.285516474961749e-05,0.0121943502618858
2023-06-30,-0.0011514966221636627,-0.0008491431830557752,0.0002598002278112377,0.0003615205067686151,-4.53265289350604e-05,-0.0002947280762024338,0.0011699930926736418
2023-07-03,-0.0007009747746828526,-0.00035290570612464946,0.0002598002278112377,0.0003615205067686151,7.209465222159279e-05,-4.664043363851174e-05,-0.0019702580976127164
2023-07-05,-0.0012556798043604806,-0.0009060608840335058,0.0002598002278112377,0.0003615205067686151,-6.508385744461093e-05,-0.00032319536697092253,-0.007954061175894762
2023-07-06,-0.0009062283669590088,-0.000609641059086649,0.0002598002278112377,0.0003615205067686151,1.4678543530570335e-05,-0.00017498376058479927,-0.002869212795733482
2023-07-07,-0.0006236319079349639,-0.0004080576209728545,0.0002683480919408364,0.0003615205067686151,8.025529789926442e-05,-6.990573387254516e-05,0.002402138610626312
2023-07-10,-0.0004819830155874679,-0.00030435983736016095,0.0002471260804564616,0.0003615205067686151,9.571073645477085e-05,-2.8646565134530518e-05,0.006719583998254874
2023-07-11,-0.0007444157232220307,-0.0004671159836725675,0.0002471260804564616,0.0003615205067686151,4.346418682734583e-05,-0.00011005345127493067,0.007383905235389679
2023-07-12,-0.0011561293653733014,-0.0007623547770439916,0.00026032200057775633,0.0003615205067686151,-3.441958880894116e-05,-0.0002510956807597758,0.008434482989627111
2023-07-13,-0.0015259599759408467,-0.0010029600350254459,0.00026032200057775633,0.0003615205067686151,-0.00010948525581225488,-0.00037141130544519506,-0.001024932196907484
2023-07-14,-0.0015006275311951142,-0.0009675080459418357,0.000248548128430616,0.0003615205067686151,-0.00011011264786483762,-0.0003595718510076296,0.0038479695744204137
2023-07-17,-0.0014734856812669537,-0.001084958059235319,0.00024000026430101725,0.0003615205067686151,-0.00012783120408409328,-0.00042254061354781466,0.007092066941428338
2023-07-18,-0.0020511293524671545,-0.0016747213785131524,0.0001606957616999593,0.0003615205067686151,-0.0003276389860385386,-0.0007570443252380297,0.002355134827233639
2023-07-19,-0.002137995866016551,-0.0018393079981010242,0.00011850529472054451,0.0003615205067686151,-0.00038845795693550917,-0.0008604111310315658,-0.006779827396257691
2023-07-20,-0.0014963417037501424,-0.0012227846657002254,0.00022152514718431528,0.00027205800656676383,-0.0001660896571405048,-0.0005006868992220138,0.0003240420146130911
2023-07-21,-0.0011827171773649953,-0.0010910166033181855,0.0001995509580764407,0.00027205800656676383,-0.00012696962582860142,-0.00044573901741013096,0.004026038496874852
2023-07-24,-0.0014180656419917094,-0.001342237087648778,0.0001458541033019619,0.00027205800656676383,-0.00022466106284707455,-0.0005981775453904213,0.0028107195758387046
2023-07-25,-0.0014317018071774656,-0.0013096285230079746,0.0001458541033019619,0.00027205800656676383,-0.00022212430396174277,-0.0005818860940961845,-0.00015545097867591856
2023-07-26,-0.0014393651866267069,-0.0013226811336247012,0.0001458541033019619,0.00027205800656676383,-0.00022471137916558464,-0.0005884109490190588,-0.006445393055197076
2023-07-27,-0.001266537912610481,-0.0011131616261824274,0.00013174312970796456,0.00022053771207493066,-0.00018993917898751304,-0.0004907290342315589,0.009829375810433848
2023-07-28,-0.0012646618086551119,-0.00107698976547843,0.0001458541033019619,0.00027205800656676383,-0.00017236676233996497,-0.0004655855520722773,0.0014676354365687912
2023-07-31,-0.001504744343327731,-0.001332394954910057,0.0001458541033019619,0.00027205800656676383,-0.0002337844230171489,-0.0005932822128413162,-0.0026686453076827116
2023-08-01,-0.0010227993705894363,-0.0009405337963499058,1.993018044515075e-05,0.00027205800656676383,-0.00021359727975703245,-0.0004602454559926107,-0.013936200638336184
2023-08-02,-0.0003729139841918089,-0.00036997982318110026,-2.1212619836438845e-05,0.00027205800656676383,-9.143114428671239e-05,-0.00019541475686069107,-0.0025512254502915274
2023-08-03,1.543937381829469e-05,-9.413023935536641e-05,-5.183692084109197e-06,0.00027205800656676383,1.5172092681396222e-06,5.160603999849201e-06,-0.0053141693739379705
2023-08-04,0.0003212834300333218,0.00025139220757416046,0.00021709724977299588,0.00027205800656676383,0.00023705553714442772,0.0002617502501986201,0.008983618964856572
2023-08-07,0.0002597988015248271,0.00032152987826243796,0.0003765556035877058,0.00027205800656676383,0.0003496522453656422,0.0002969136624494355,-0.004227205100058866
2023-08-08,0.00011793710519642376,0.0003718015950129712,0.0003836116475142275,0.00027205800656676383,0.0003440009077031796,0.00032174566052300946,-0.007063619102045116
2023-08-09,0.00029649282420880893,0.0006067594943458435,0.00047331081891558574,0.00027205800656676383,0.0004578698584901691,0.00038502238176735737,0.00025068252108086326
2023-08-10,-1.5840520670420662e-05,0.00037091625593292405,0.0003341877349861907,0.00027205800656676383,0.0002934626534588368,0.0003029802969746079,-0.0010702648992294865
2023-08-11,0.00019860586250759337,0.0006486798765289157,0.00048062734415135603,0.00027205800656676383,0.00045659894516113974,0.0003764112195432401,0.005734004879419051
2023-08-14,-0.0002087346213587223,0.000327581155395764,0.00030482964731019785,0.00027205800656676383,0.00024438205662486053,0.0002882824613064698,-0.011618139396096483
2023-08-15,0.00010908407872799836,0.0006535277261263462,0.000444083108698188,0.00027205800656676383,0.0004210595883165988,0.0003580912123501642,-0.007584081792624527
2023-08-16,0.0004323438076515615,0.0008639216439624373,0.0006283870366587143,0.00027205800656676383,0.0006149693448910503,0.0005303974966299607,-0.0077428113775290805
2023-08-17,0.00043043938430147304,0.000805559962010334,0.0005525694277748923,0.00044962872488228304,0.0005644997575766892,0.0005012920664264342,-0.00014871788395720285
2023-08-18,0.0004358622294948343,0.0008055924242932475,0.00063162489193773,0.00044962872488228304,0.0006201803621980994,0.0005407897370267314,0.006855634859799785
2023-08-21,0.0001770985824997441,0.0006018076228773851,0.00047438965444039313,0.00044962872488228304,0.00045368213363279137,0.0004619866700180621,-0.0027813310465456837
2023-08-22,0.0002626290981202438,0.0007542576651347994,0.0002777856850482331,0.00044962872488228304,0.00034657504396788034,0.0003639120281070118,0.010984330710791359
2023-08-23,-0.00029629704685424596,0.00028780542541387494,-0.00011941694702195055,0.0003608716349728625,-6.149206607870776e-05,8.413297799180715e-05,-0.01354935398400801
2023-08-24,1.1198862419595776e-05,0.0006677972287651134,6.396550642270751e-05,0.0003608716349728625,0.00015157663606446905,0.00021255278937617084,0.006695501060295156
2023-08-25,0.0001759988946281423,0.0007583905156735139,1.7301276457077777e-05,0.0003608716349728625,0.00015042001366973596,0.0002685056568195635,0.006245078594196461
2023-08-28,0.00026645017686817706,0.0007694023698406992,-5.2617907137055856e-05,0.0003608716349728625,0.00011399450179474776,0.00031367240037689296,0.014404068712056505
2023-08-29,-0.0002509514701099337,0.0003340949202724552,8.309201937719264e-05,0.0003608716349728625,9.081612549066375e-05,0.0002084158467740119,0.003825854181192944
2023-08-30,-0.00035961085903471354,0.00033977611326221544,0.00012095394904005594,0.0003608716349728625,0.0001048818834306433,0.00023014934440703406,-0.0015982129743398576
2023-08-31,-0.0006304551305302117,4.34378905363349e-05,8.049384061618933e-05,0.0003608716349728625,6.382684480965201e-06,6.194821290000651e-05,0.001797512765518541
2023-09-01,-0.00029146550522691556,0.0003041018280454229,2.4728235305364557e-05,0.0003608716349728625,4.15035804537122e-05,0.00016428108832038533,-0.004202997821381205
2023-09-05,7.027732476944803e-05,0.0004264277670486519,7.654451363483645e-05,0.0003608716349728625,0.00013654173640832473,0.00021878275832501763,-0.006996014491432261
2023-09-06,0.0007190921776959358,0.0008242551392167889,9.764252702365086e-05,0.0003608716349728625,0.000279814092623993,0.0005399078014658613,-0.003216433115732967
2023-09-07,0.0009822858363102269,0.0008317956487995377,0.0001604767970957959,0.0003608716349728625,0.0003560386396836168,0.000596311497231192,0.0014256060622570594
2023-09-08,0.0014084509674553215,0.0010555525072978972,0.0001604767970957959,0.0003608716349728625,0.0004356972029375265,0.000708256156556249,0.006700951498135517
2023-09-11,0.001240568899591059,0.0008186854542683367,9.764252702365086e-05,0.0002762365449260672,0.0003367980454753856,0.0005475316434427572,-0.005712169023003997
2023-09-12,0.0015596787778102861,0.0010136916636661495,0.00014686821561692953,0.0002762365449260672,0.0004342210992106459,0.0006450712852384915,0.0012408621175346041
2023-09-13,0.0014805457322396736,0.0008806585768390096,9.764252702365086e-05,0.0002762365449260672,0.0003734666281758828,0.0005785465729995899,0.00839458553366625
2023-09-14,0.0009480869146648895,0.0004642380053592913,8.528086804528574e-05,0.0002762365449260672,0.0002478341306111423,0.00037030461416236486,-0.012234145842493929
2023-09-15,-0.00019278513982871166,-0.0005404913508877587,6.4030826469345e-06,0.0002513776523369606,-7.360343119134665e-05,-9.321754722970056e-05,0.0007210276941755188
2023-09-18,0.0014406667866204309,0.0010704303858072508,0.00016286726401591102,0.00037019324493174193,0.00044364706938063495,0.0007203573924880365,-0.0021533273615331264
2023-09-19,0.001225283858129725,0.0009036769755427615,0.00016286726401591102,0.00037019324493174193,0.0003965247558324612,0.0006369713227655739,-0.009439204206291041
2023-09-20,0.0015924891177477663,0.0013038932022547889,0.00014663486734460633,0.00037019324493174193,0.0004803886523086146,0.0008370608792329444,-0.016536918318488084
2023-09-21,0.0018429422790776136,0.0014171397157674661,0.0005284841290030062,0.0007292463571105288,0.0008108673532177976,0.001073252965319011,-0.0022982374027607495
2023-09-22,0.001938240635920894,0.0015047075191982702,0.0008927382174388102,0.0008547054351344757,0.001094082708998552,0.001198866683566895,0.0040149942038066174
2023-09-25,0.001618787891419329,0.0012879825057785991,0.0005742350283416324,0.0004956523229556888,0.0007861988740316137,0.0009311986880330117,-0.014844165482264943
2023-09-26,0.001550504729473425,0.0012787890318763213,0.0034564773314670967,0.0022752621805881552,0.002883213685557907,0.0019130034606080993,0.00022928777229479233
2023-09-27,0.0013183005565112161,0.0010547371182291353,0.0035246716089043424,0.002734398684819603,0.002900060019419283,0.0020264296042925697,0.005875877143000698
2023-09-28,0.0010179605897012408,0.0008020766067736529,0.0007596884771445228,0.0004956523229556888,0.0007811817433938655,0.0007808753174910062,-0.002713259648289315
2023-09-29,0.0009017261420036642,0.0008041103205152663,0.0006646209336043474,0.0007243873329228087,0.000714222610391804,0.0007642899160424626,7.936440615299324e-05
2023-10-02,0.0008253915083410077,0.0007698169070379163,0.0003689158935005694,0.0007243873329228087,0.0004948671996050296,0.0007470019561053906,-0.013839395863449198
2023-10-03,0.0010920743404539872,0.0009767764769937522,0.0036715422485729286,0.004850453849022298,0.0030843325468705466,0.0023819232029819435,0.008077047607828946
2023-10-04,0.0008380799405248821,0.0007135500606481376,0.0001703343354298713,0.00037019324493174193,0.0003310309370942387,0.0005418330649272455,-0.0013048811469951228
2023-10-05,0.0008519918364070467,0.0008085559860871263,0.0004515388067317175,0.00037019324493174193,0.0005405804590750883,0.0006300138997225815,0.011745642093961117
2023-10-06,0.00022474083250056796,0.0003625484659915319,0.0002823176114070568,0.00037019324493174193,0.0002906277263225308,0.000322302168177055,0.006284068119387409
2023-10-09,0.00035757848870568724,0.0005675265102867873,0.0007052694911158601,0.00037019324493174193,0.0006271490179809589,0.0004690013281093047,0.005194476099985354
2023-10-10,9.741782985853457e-05,0.0003604333525094568,0.00031371808424514097,0.00037019324493174193,0.0002969635074831782,0.00033685806696359357,0.004283819500095073
2023-10-11,0.00010914752710799547,0.0003071492155568011,0.0002696467128715397,0.00037019324493174193,0.0002608782873561975,0.0002883430360578343,-0.006266024940654918
2023-10-12,0.0007498564879208215,0.000714566722704859,0.0002634976716547874,0.00037019324493174193,0.0003854407175011008,0.0005423185428226168,-0.005031495660219892
2023-10-13,0.0011977234311699525,0.0008903676965551793,0.00023097314512239046,0.00028132823871283993,0.0004339250593982759,0.0005859552064268262,0.010538642302589985
2023-10-16,0.0013722603765651418,0.0008349854974222561,0.00023356117657165267,0.00028132823871283993,0.00044954935993018845,0.0005583172999638771,-9.824987944376507e-05
2023-10-17,0.0016374172576558617,0.0008951891869515984,0.00030290904868489994,0.00028132823871283993,0.0005372775323488951,0.0005992499782729689,-0.013490408251151898
2023-10-18,0.0024971068121077094,0.0014926263225690823,0.0003107737772561569,0.00028132823871283993,0.0007221228620091118,0.0009018751193162712,-0.008519032328057976
2023-10-19,0.0029012507359532807,0.0016944974321076538,0.0002570468530834529,0.0003682994410359482,0.0007638435975245122,0.0010315546079515006,-0.012665149196155915
2023-10-20,0.003379630510139763,0.001915946412602174,0.00045430397509668057,0.00028132823871283993,0.0009818673739025352,0.0011852765222654551,-0.0016869920654349177
2023-10-23,0.0036784194499351517,0.002065602081070937,0.0007354945634134489,0.00028132823871283993,0.0012325172364375187,0.0014006530387057215,0.0072395235196288195
2023-10-24,0.003260716886230735,0.0017462727161297788,0.0006389306677013324,0.00028132823871283993,0.001074436553732263,0.0011927198867720593,-0.014443434657238052
2023-10-25,0.0032144383178487027,0.0018044061967599336,0.000583491936232512,0.00028132823871283993,0.001037739329350567,0.0011940724920293834,-0.011903081205584871
2023-10-26,0.003066538162710417,0.0016529900936340456,0.001760265021856535,0.0022317874100815202,0.0019295471788359872,0.0019961868221915063,-0.00481183857862075
2023-10-27,0.0029978317050453136,0.001666240513599792,0.003637817061365194,0.0051053414815987646,0.003391638044485836,0.003317830602430727,0.011938474300285915
2023-10-30,0.002231585991903934,0.001174384782350388,0.0005684151911174711,0.00014942492098530513,0.0008215306399523017,0.0008714745541018306,0.006454084821688244
2023-10-31,0.0012375964345747053,0.0006576461554574973,0.0004229066890589257,0.00011856063617766974,0.0005333744261866055,0.000540321539349907,0.010451194990191868
2023-11-01,0.0003942950722053894,0.000273054212306128,0.0004659592244371037,0.00011856063617766974,0.0004131522036616315,0.00033361014867426607,0.018682938934086474
2023-11-02,-0.00086459870743122,-0.0004272012417659769,0.0003456394307513003,0.00025046395390520453,9.649309380426732e-05,-8.847551985682993e-05,0.00934988354455146
2023-11-03,-0.0014471773180413882,-0.0006082325582228018,0.0002382783844651715,0.00025046395390520453,-7.116532816000347e-05,-0.00018516941882601603,0.0017514577241005862
2023-11-06,-0.001225178625859126,-0.00030543039889569673,0.00028514332928553066,0.00028132823871283993,2.8505391204343726e-05,-1.2281674847012988e-05,0.0028360934017119537
2023-11-07,-0.0012591595709920231,-0.0004395634992078242,0.00028514332928553066,0.00028132823871283993,7.282138945338039e-06,-7.932503295981499e-05,0.0010044110324198868
2023-11-08,-0.0008943020520513528,-0.00036408863000167327,0.00030207929524816486,0.0003682994410359482,7.731879879548556e-05,-3.114376125814624e-05,-0.008116690699068705
2023-11-09,-0.00020304449311987213,-5.426761791611263e-05,0.0002946310794584277,0.0003682994410359482,0.000194550614555429,0.00012013145972883953,0.015495759270772258
2023-11-10,5.097883189792075e-05,-6.474830669221692e-05,0.00024789511994252676,0.00038873171320333695,0.00019225541610012417,0.00014945376848668335,-0.0008361884413700847
2023-11-13,0.0005426862143402318,0.00016785222543318229,0.00019985068589290238,0.00038873171320333695,0.00024745372686557903,0.00029440814405184556,0.01889537047457725
2023-11-14,-0.00029228284445290966,-0.0006778975549868144,0.00011718115355186013,0.00038873171320333695,-1.825356669844543e-05,-8.758076479632176e-05,0.0015957382078471765
2023-11-15,-0.00014368304913968204,-0.0006197248216559542,3.7176398414961597e-05,0.00038873171320333695,-4.870340605406903e-05,-5.327244960097238e-05,0.0011897193967137305
2023-11-16,-1.1282466198830562e-05,-0.0006341781036259365,-0.00019837983711517665,0.00038873171320333695,-0.00019865339394989123,-0.00010483659562671877,0.0012812279371779871
2023-11-17,1.9077286024286335e-05,-0.0007348460309495678,-0.000253869222350781,0.00038873171320333695,-0.0002465142702207765,-0.0001174155382256779,0.007363103793795633
2023-11-20,-0.00016314088183487637,-0.0009648372313513335,-0.0007357954330758656,0.00023528452751020966,-0.0006418354692117102,-0.000449421965081219,-0.002022975931757968
2023-11-21,-4.9222926026146034e-05,-0.0009954444838845677,-0.0015770193287747987,-0.0005056529989832664,-0.0012593487877971868,-0.0007505687433838725,0.004052905094313324
2023-11-22,3.5705129153439812e-06,-0.0009738225030597915,-0.001540331093159566,-0.0005056529989832664,-0.0012247233500988011,-0.00073974640201114,0.0005966956096450322
2023-11-24,0.00047045228975239526,-0.0005158153376209948,-0.0007623509620458358,0.00023528452751020966,-0.0005270089299300403,-0.00014026889293314564,-0.0019560693168983586
2023-11-27,-0.00025460260461743114,-0.0012073225036291014,-0.00031370930155313057,0.00038873171320333695,-0.0003813674822701704,-0.00028416186075583033,0.0009796385280502918
2023-11-28,-0.00034499386281242387,-0.0012913532385741768,-0.00030741344525377507,0.00038873171320333695,-0.00039855787537898464,-0.00032620714935752045,-0.0009466966151019382
2023-11-29,-0.000664073799868758,-0.0015870460538967967,-0.00032473653826322235,0.00038873171320333695,-0.00048664736283145183,-0.000494420910786437,0.003776931264994605
2023-11-30,-0.001129713789936817,-0.0020093777055191146,-8.953399696367729e-05,0.00033098227834671407,-0.00043596489086164265,-0.0006096859013245346,0.005856558953846637
2023-12-01,-0.0009263706300619196,-0.0017036556424263691,-0.0001823738885473873,0.00038873171320333695,-0.0004338841439441047,-0.0005543983006074863,-0.005423188063826943
2023-12-04,-0.0007203313013447373,-0.0014395966528971886,-0.002621457795525465,-0.0009238227943413513,-0.0021470543741703763,-0.0011818485083251447,-0.0005690315939348026
2023-12-05,-0.0004601977115462299,-0.0012276164035086795,-0.002621457795525465,-0.0009238227943413513,-0.002088788341690398,-0.0010757831512870162,-0.003913851944943747
2023-12-06,-0.0003831146887274321,-0.0011314857305367927,-0.002265819120499471,-0.0009238227943413513,-0.0018197183500861264,-0.001027688884312516,0.007936610684821922
2023-12-07,-0.0004724386610876764,-0.0011503836375421385,-0.00011516393773075455,0.00038873171320333695,-0.00026197903887310723,-0.00029382287370454405,0.0040871341465037936
2023-12-08,-0.0006315293256504573,-0.001131338322753605,-0.00010790271222218407,0.00038873171320333695,-0.0002735444526823122,-0.0003697165543181555,0.003916813547781492
2023-12-11,-0.0007210309152423693,-0.0011168357734794281,0.00014532043192357557,0.00033838502783092373,-0.00010898669601172334,-0.00028790782886192984,0.0045888127956924
2023-12-12,-0.0009192596145784472,-0.0011761216693283979,0.00010268031021168352,0.00033838502783092373,-0.0001699910842819802,-0.0004082952760050415,0.01355834517501981
2023-12-13,-0.001953599806492384,-0.001914720461096169,-0.000565194236108222,0.00033838502783092373,-0.0008532102282679675,-0.0012398038806699747,0.002643565185154432
2023-12-14,-0.0026031967023999697,-0.0024103662387859586,-0.002249161099160163,-0.00023845452801102003,-0.0021990023264424233,-0.0023296530912062037,-7.625240044859478e-05
2023-12-15,-0.0031346649172231513,-0.002953677282128336,-0.002426769346099085,-0.000761365044711268,-0.0024851974246318316,-0.0026900560848852314,0.004518122263400515
2023-12-18,-0.0016363599099313174,-0.0015098826285898353,-0.0027002591191859875,-0.00023845452801102003,-0.0022820324740341416,-0.0015731170663041095,0.005849267450818904
2023-12-19,-0.0016843380239505447,-0.0015928738355538976,-0.002720758658980564,-0.00023845452801102003,-0.0023126609350856866,-0.0016386012141794896,-0.014793147965305628
2023-12-20,-0.0008949061979069962,-0.0008691793170100638,-0.0028089025738074922,-0.00023845452801102003,-0.0021869120264840208,-0.0008820498143633693,0.010248769307271876
2023-12-21,-0.0006331043190059999,-0.0007675414291578299,-0.002801665101328821,-0.00023845452801102003,-0.002137519263326268,-0.0007003755998957417,0.0016586821527610754
2023-12-22,-0.000362366366632316,-0.0005969734889960406,-0.0028573155275875128,-0.00023845452801102003,-0.0021220147051035183,-0.0004798427646361637,0.004222761046978559
2023-12-26,-0.0002511554854784517,-0.0005146130336230614,-0.0029304799941389553,-0.00023845452801102003,-0.0021490884403356607,-0.00038317453300831903,0.0014294356164229985
2023-12-27,-0.0003499524155992444,-0.0006701447508941555,-0.0029618488533610775,-0.00023845452801102003,-0.0022026459960915257,-0.0005102463117912997,0.0003701061103271183
2023-12-28,-0.0003861936843877285,-0.0007674511168640348,-0.003600956204052588,-0.00023845452801102003,-0.0026642842039406385,-0.0005770131602905886,-0.0028304770367338357
2023-12-29,-0.00048482532374355056,-0.0008837440127324418,-0.0036506784820649315,-0.00023845452801102003,-0.002725579019343377,-0.0006844361166521896,-0.005676660799723162
2024-01-02,-0.00041064199645752825,-0.0008551866997227199,-0.0034794491863996313,-0.00023845452801102003,-0.0025938567541799167,-0.0006330982983553962,-0.008048618327197648
2024-01-03,-0.00010436123984069263,-0.0005951937017419018,-0.0033694992845781403,-0.00023845452801102003,-0.0024473923205382228,-0.0004170183808194978,-0.003434271663317429
2024-01-04,0.00015408839936165993,-0.0003774185139380278,-0.0034194509255272404,-0.00023845452801102003,-0.002423355993210885,-0.0003079960998424759,0.0018240216394339805
2024-01-05,5.0685226201900926e-05,-0.0004260952569129611,-0.003094022277225161,-0.00023845452801102003,-0.00221544988115152,-0.0003323681002804838,0.014015945436353141
2024-01-08,-0.0005708090359021983,-0.0007782515503035925,-0.0013219690037984278,0.00033838502783092373,-0.0010690088086394726,-0.0006745045892933502,-0.0014789938523175842
2024-01-09,-0.0006821447263328846,-0.0006162448680184243,-0.0012303209649414915,0.00033838502783092373,-0.0009978343649146,-0.0006491833388328462,0.005649980650495912
2024-01-10,-0.0008812639566407507,-0.0005722329095397209,-0.00023527529038329614,0.0003811832062177769,-0.0003210403902624363,-0.00040370018905476615,-0.0006712808369611647
2024-01-11,-0.0011462937322807877,-0.000617559394959841,-0.00022591313116832135,0.0003811832062177769,-0.00035206432781774856,-0.0004217257538747874,0.0007506937530339595
2024-01-12,-0.0012064230668498693,-0.0005713519697141763,-0.00022591313116832135,0.0003811832062177769,-0.0003533572684747816,-0.00039863570781373633,-0.0037383190523568345
2024-01-16,-0.0014395498161181935,-0.0007536195607400482,-0.0002827195842607964,0.0003811832062177769,-0.0004441292371574533,-0.000518172062267115,-0.005632731271107821
2024-01-17,-0.0012005107885881203,-0.0005206040727315162,-0.00033671652107399535,0.0003811832062177769,-0.00042328461851509744,-0.0004286577755365691,0.008766720726243148
2024-01-18,-0.001394216444902829,-0.0007619047870776852,-0.0003800717042308187,0.0003811832062177769,-0.0005075213393106328,-0.0005709753055371832,0.012238308232548512
2024-01-19,-0.0018694337199960226,-0.0011162407481690373,-0.00026103793460217575,0.0003811832062177769,-0.0005268998073543513,-0.0006886529444863432,0.0021919211872316853
2024-01-22,-0.00199711757670112,-0.001101371220778925,-0.0004023887286227468,0.0003811832062177769,-0.0006386795581607018,-0.0007518907141812767,0.002917115340764486
2024-01-23,-0.0019292886008864746,-0.0009963056120108878,-0.0004023887286227468,0.0003811832062177769,-0.000617119339224052,-0.0006993604529275133,0.0008115989762168653
2024-01-24,-0.0020578968006119496,-0.0011227550838427678,-0.0004675408650225709,0.0003811832062177769,-0.0006940434792218488,-0.0007951554912457413,0.00524657813497798
2024-01-25,-0.001960119431704468,-0.0010709145968602163,-0.00047763797823824133,0.0003811832062177769,-0.0006827308364579896,-0.0007742789144956326,-0.0006519977554263648
2024-01-26,-0.0015535654100946802,-0.0007537011456783219,-0.0004208315251457663,0.0003811832062177769,-0.0005539294186861942,-0.0005872661717302497,0.007528365505246204
2024-01-29,-0.0017162277701040156,-0.000970238382762048,-0.0004506160731642249,0.0003811832062177769,-0.0006218352120680937,-0.0007104190827012234,-0.0006008303969786162
2024-01-30,-0.0016608878085827825,-0.0010277540017752892,-0.0005115914148159603,0.0003811832062177769,-0.0006650042064032218,-0.0007696466856978824,-0.016236851740733683
2024-01-31,-0.001036313516873622,-0.0004977327921237202,-0.0005613965274907312,0.0003811832062177769,-0.0005570825623597973,-0.0005295510204454793,0.012416286114049784
2024-02-01,-0.0010893572088112875,-0.0006393289564209648,-0.0005613965274907312,0.0003811832062177769,-0.0005815434546444732,-0.0006003434753177815,0.01062777072263312
2024-02-02,-0.0013241379191174,-0.0007268974652341865,-0.0005115914148159603,0.0003811832062177769,-0.0005861957661176821,-0.000619224362166781,-0.0031914247092839714
2024-02-05,-0.0012916504553819328,-0.0006388785699649171,-0.0005115914148159603,0.0003811832062177769,-0.0005710485583669543,-0.0005752245236789468,0.0023077459317481074
2024-02-06,-0.0014256190358539983,-0.0008231102136492202,-0.0005613965274907312,0.0003811832062177769,-0.0006453216537139378,-0.0006922286862012164,0.008207682594008628
2024-02-07,-0.0017964265566601388,-0.001136238127027931,-0.0005613965274907312,0.0003811832062177769,-0.0007297786496017456,-0.0008487898494654681,0.000570420540090595
2024-02-08,-0.0013120356640816538,-0.0007848738725966433,0.0002479008091524932,0.0004076710860935229,-6.202123288495941e-05,-0.0002685689818734326,0.0057259171287955156
2024-02-09,-0.001346255606033952,-0.0007886831967998044,-5.2869054510603616e-05,0.0004076710860935229,-0.0002759593713849834,-0.00042079251042257554,-0.0009494041426524416
2024-02-12,-0.0013014693220989699,-0.0007462816437381341,-1.2241549694339626e-05,0.0004076710860935229,-0.00023689372152656778,-0.00037928547865257356,-0.013768609419845444
2024-02-13,-0.0008869933863676581,-0.0003408414656586196,2.0750738611312872e-05,0.0004076710860935229,-0.00011243683204942871,-0.00016007257713592692,0.009534168304216807
2024-02-14,-0.0007702923087677864,-0.0003147182657119479,2.0750738611312872e-05,0.0004076710860935229,-9.511821829705733e-05,-0.0001469967372745336,0.00580437267404004
2024-02-15,-0.00097919370705897,-0.0004942976436973585,2.0750738611312872e-05,0.0004076710860935229,-0.0001431044093233327,-0.00023679265975498217,-0.0048150435759610425
2024-02-16,-0.0007034838667295006,-0.00021933712920001077,2.0750738611312872e-05,0.0004076710860935229,-7.491870092007696e-05,-9.930889582502129e-05,-0.0060234264658172495
2024-02-20,-0.0004597225062098175,-4.93060077995673e-05,-8.377306997587147e-07,0.0004076710860935229,-3.9004942011689825e-05,-2.507198963879921e-05,0.0012634014951035982
2024-02-21,-0.00028218659911680903,3.4840222811393805e-05,0.0002345181313104656,0.0004076710860935229,0.00015684083800835143,0.0001346306143974975,0.02090288866640342
2024-02-22,-0.0011784520909468223,-0.0005872166757860916,0.0002479008091524932,0.0004076710860935229,-2.074445353759171e-05,-0.00016975647240250694,0.000347887026502183
2024-02-23,-0.0012703297698711943,-0.0005335776084080591,0.0002885283139687572,0.0004076710860935229,3.3892679855353647e-06,-0.0001226576967175988,-0.003793939244668484
2024-02-26,-0.001185518722808354,-0.0004253475193983784,0.00026128703532450614,0.0004076710860935229,8.426782186827966e-06,-8.21596429716587e-05,0.001704895538720964
2024-02-27,-0.0012335516912091956,-0.000554705532797685,0.0001729739810673951,0.0004076710860935229,-7.533963102226637e-05,-0.0001909533209302072,-0.001659531321112244
2024-02-28,-0.0009532503303121657,-0.0004093383009910881,0.00026128703532450614,0.0004076710860935229,3.8294141040405425e-05,-7.412783491160389e-05,0.0052154704557999644
2024-02-29,-0.0014833205082175438,-0.0009203529293228872,0.0001436242862291054,0.00035942451022464845,-0.00017516012957312921,-0.0003884348247705236,0.007975936433387976
2024-03-01,-0.001567911301389386,-0.0009352223917693159,2.0750738611312872e-05,0.00035942451022464845,-0.00027272028259858966,-0.0004572871852998238,-0.0011939745749630112
2024-03-04,-0.0014278250117583508,-0.000853413904086616,2.8584758448929986e-05,0.0004076710860935229,-0.00023731095181526464,-0.0004124493665545667,-0.010245406275917994
2024-03-05,-0.000743370366030556,-0.000246897421756492,2.8584758448929986e-05,0.0004076710860935229,-7.776767807228513e-05,-0.00010917624558876382,0.005127932853001643
2024-03-06,-0.0007009331578994905,-0.0003451626895432281,0.0001808080009050122,0.0004076710860935229,2.0704640774264023e-05,-8.221508813767631e-05,0.010251402284983627
2024-03-07,-0.0009129252586458003,-0.0005000426602240668,0.0001808080009050122,0.0004076710860935229,-2.4493139147299014e-05,-0.00015966585279237206,-0.006549922992050337
2024-03-08,-0.0005496137452257253,-0.00017867876503716408,0.0003088335814441097,0.0004121316125953566,0.00014948313367151624,6.497882473911111e-05,-0.0011228682680281005
2024-03-11,-0.0002496940151613546,-1.469382275323623e-05,0.0003125546829084851,0.0004121316125953566,0.0002089669425468754,0.0001488608580694985,0.011139512586668012
2024-03-12,-0.000609499556404808,-0.00033981017881574765,0.00032049888375472165,0.0004121316125953566,0.00012982421107562555,-9.725259800819156e-06,-0.0019263840021219723
2024-03-13,-0.0005991382753683045,-0.0002985663243786109,0.0003125546829084851,0.0004121316125953566,0.00013080997399586423,6.9175207248457315e-06,-0.002875221051495188
2024-03-14,-0.0005482141911686308,-0.00026927025879214706,0.00032049888375472165,0.0004121316125953566,0.00014618546245270456,2.5538417792729244e-05,-0.0065040228597376655
2024-03-15,-0.001017626356568259,-0.0008298836634164408,0.00026156236454090177,0.0003447618479461062,-2.6545974040161026e-05,-0.0002841948489859246,0.006298184238480456
2024-03-18,-9.228591448387784e-06,0.00017638225477246766,0.0002991872865569643,0.0004121316125953566,0.0002528995097972475,0.0002377447816420351,0.00563325304434312
2024-03-19,-0.00015793205732670242,0.00010560697328910421,0.00030620729952082873,0.0004121316125953566,0.0002309239225841413,0.0002058307996399719,0.008864765516360184
2024-03-20,-0.0004916440348862259,-7.190478691190079e-05,0.0003275188967185861,0.0004121316125953566,0.00018308692477259216,0.00012768152977901584,0.003231309094528888
2024-03-21,-0.0007621551262370853,-0.00020381879422038242,0.0003275188967185861,0.0004121316125953566,0.00013381692685483402,6.170863434542628e-05,-0.0014031718343267125
2024-03-22,-0.0004318566532985285,9.376237047548054e-05,0.00032049888375472165,0.0004121316125953566,0.00020654747199872847,0.0002069929187525716,-0.0030596403820319297
2024-03-25,-0.00017449107763556755,0.0002575159001330135,0.00032049888375472165,0.0004121316125953566,0.0002583146501930679,0.00028892512791842503,-0.002803721982805726
2024-03-26,-0.00011657356971739725,0.00021547345859971489,0.00032049888375472165,0.0004121316125953566,0.0002598752932188161,0.0002678944888865329,0.008593595582706042
2024-03-27,-0.00032762985321132865,6.711244580159359e-06,0.00032049888375472165,0.0004121316125953566,0.00020789904957805956,0.00016349942683472737,0.0011158627007616052
2024-03-28,-0.00042684257404431895,-9.565068774738473e-05,0.00032049888375472165,0.0004121316125953566,0.00018292557618321108,0.00011232407667550942,-0.0020156145269577246
2024-04-01,-4.485154039724848e-05,0.00022074957103359228,0.00032049888375472165,0.0004121316125953566,0.00026914055643221743,0.00027054628364065673,-0.007265388203672426
2024-04-02,0.0002012780467368033,0.0003758316805968227,0.00030918487750645796,0.0004121316125953566,0.00031057785476211637,0.0003424185635548918,0.001090527523337898
2024-04-03,0.00035887145614344455,0.0004373205151959166,0.00030620729952082873,0.0004121316125953566,0.00033524442933256104,0.00038543910505773964,-0.01241103561926225
2024-04-04,0.0006865788726579784,0.0007508609444759205,0.0003002896852822066,0.0004121316125953566,0.00041047285666893923,0.0005493151176348945,0.011038050135699558
2024-04-05,0.0005579106783140966,0.000612401968562843,0.00029133647181189457,0.0004121316125953566,0.00037112326086191817,0.0004849548139394716,-0.0003747011900415767
2024-04-08,0.0006077044419966716,0.0006719817289402806,0.00031117123584946464,0.00040050342049939244,0.0003978580486158846,0.0005040785981979749,0.0014444494736345207
2024-04-09,0.000426948052456388,0.0005874795752407272,0.0002955666211632374,0.00040050342049939244,0.0003545399106732664,0.0004137429901309886,-0.009501981832212592
2024-04-10,0.000620837277350426,0.0007868954445621815,0.0003276829031576007,0.00040050342049939244,0.00042561942398035545,0.0005107379683759244,0.007417221983342437
2024-04-11,0.00041273095244360303,0.000620211240218752,0.00031117123584946464,0.00040050342049939244,0.0003678844957738871,0.0004066364607829897,-0.014657587802248536
2024-04-12,0.000553934310911959,0.000810126733930157,0.00047853203615275065,0.0005084565315774197,0.0005316526629781988,0.0005313369092235237,-0.012094195787459195
2024-04-15,0.0005739686079864353,0.0008250391242740478,0.0006236990585275497,0.0005084565315774197,0.0006370034945928628,0.0005989044322942789,-0.0020586245275039964
2024-04-16,0.0006079657957090933,0.0007645126067020002,0.00036579528377787856,-0.00027582031020352777,0.000409674734943348,0.000486773419937468,-0.005797375076004185
2024-04-17,0.0007428659472396093,0.0009025464891423253,-0.0020794971597707453,-0.004313063895214214,-0.00148582146325722,-0.0006684711448153687,-0.0022106017004853043
2024-04-18,0.0007504170477232782,0.0009051500260877478,-0.0013205465079403978,-0.004313063895214214,-0.0009563128971576074,-0.00028526069393520093,-0.008797129654056974
2024-04-19,0.0007442127657741734,0.0008852434932278435,0.00017703473108313572,-0.0011390670835832405,0.000261454901993419,0.0004604513031169171,0.00869335115683908
2024-04-22,0.0003518244099222541,0.0005760763040079129,-0.0022016402855892687,-0.0043943136427050215,-0.0016639999212886276,-0.0009250578400797367,0.01189356656772209
2024-04-23,-0.00024808234469671106,0.0002156949534255708,0.0005202334377199746,0.0004860532998735185,0.00038733917055449625,0.00035068499340522546,0.00021298737793290078
2024-04-24,-0.00045121882174753387,0.00023021330404451705,0.00025725165999819803,0.0004860532998735185,0.00018181531157344564,0.00024371382883432705,-0.0045869342701194095
2024-04-25,-0.0005431980404823221,0.00027033400986023183,0.00029950030370398505,0.0004593499362862984,0.00020383344129600522,0.0002848839288229181,0.010157381332325343
2024-04-26,-0.0006879175186342021,0.00017231147168962266,0.00034393987578599654,0.0004593499362862984,0.00020489667423511068,0.00025799174568330097,0.0031734080766393944
2024-04-29,-0.0005734975747413531,0.0002813752407818178,0.00039112967249399955,0.0004593499362862984,0.0002653953239699071,0.000336097610160321,-0.015855551118928123
2024-04-30,-0.00018152756899586134,0.0005505114836935805,0.00047208363019729554,0.0004593499362862984,0.0004031097237806691,0.0004656812593962622,-0.0034413534856316866
2024-05-01,0.00011889717023601433,0.0006378024224476163,0.00037853991726285655,0.0004593499362862984,0.00038514462921779063,0.0004189230896205452,0.009087024725084856
2024-05-02,8.660768631287035e-05,0.0005384900715853607,0.0003451072676967007,0.0004593499362862984,0.0003453059549773804,0.0004021365930370733,0.012478557659508005
2024-05-03,0.00011598998940368343,0.0005742656948348265,0.0003212622687810936,0.0004593499362862984,0.0003368028590170993,0.0003902589014635194,0.010273173691247842
2024-05-06,0.0001252306987659084,0.0005503120181463696,0.0003745333315708933,0.0003755340248415246,0.00036720817366979935,0.0003750324227718846,0.0013425282288256131
2024-05-07,0.000135187889186985,0.0005337119977998849,0.0003688900535574474,0.0003755340248415246,0.0003623499327969882,0.00037220791201452824,-5.835635193424912e-06
2024-05-08,0.00029131611476299486,0.0006138312578096547,0.00030632794120335143,0.0003755340248415246,0.0003477494078074268,0.0003411333639418981,0.005078032639106711
2024-05-09,0.0004347154961934858,0.0006205034057973379,0.00030632794120335143,0.0003755340248415246,0.0003657783922515052,0.0004051922280645493,0.001648040080166728
2024-05-10,0.0004567813072731315,0.0005838236399330419,0.0003136338151192366,0.0003755340248415246,0.00036881595477411566,0.00041621629023663145,-0.00024133317386520824
2024-05-13,0.00029977270346708294,0.00034704110724034966,0.0003136338151192366,0.0003755340248415246,0.0003197300159894303,0.00033039780004998434,0.004826148527454041
2024-05-14,0.00016816740491317942,8.398830612238754e-05,0.00032791733521449527,0.0003294637722055603,0.00027767619253082963,0.0002479008505053154,0.01164782778729962
2024-05-15,-5.5269995006710314e-06,-4.82035379827383e-05,0.0002283549318152453,0.0003755340248415246,0.00017325925977432636,0.00011150500868670093,-0.0020838374740880464
2024-05-16,0.0002553707207995577,0.0001725884765576462,0.0002251009892757977,0.00026485128979077295,0.00022424864168879715,0.0002400980335647853,0.0011640956878937513
2024-05-17,0.00030607729336383076,0.00016640091498452828,0.00024263845191050396,0.00026485128979077295,0.00024173780691541167,0.00025370681648475256,0.0009159703084911664
2024-05-20,0.00030237702605097837,0.00010732118679629741,0.00019649341330092566,0.00026485128979077295,0.00020161991857823525,0.0002305997175810665,0.0024987497668926086
2024-05-21,0.00017283904084299553,-8.562107847233868e-05,0.00017895595066621923,0.00026485128979077295,0.0001492236214258443,0.00017588310297877915,-0.0027097912093521476
2024-05-22,0.0003087466479632941,-4.73749660368822e-05,0.00017895595066621923,0.00026485128979077295,0.00017039300610688075,0.00022177680491770906,-0.007408162283471933
2024-05-23,0.000649813323166891,0.0002428164967249657,0.00019649341330092566,0.00026485128979077295,0.0002605616578756193,0.0002539124687530925,0.0069766490766732595
2024-05-24,0.0007621338098491854,0.0002676717753408261,0.00019649341330092566,0.0006196454880741486,0.0002971641156902494,0.00044370735547918374,0.00024877090688591537
2024-05-28,0.0005581106020840765,1.980886345736557e-05,0.00019649341330092566,0.00026485128979077295,0.00022105932400249675,0.0002306982783124234,-0.007394317215742535
2024-05-29,0.0009304435882393654,0.00040956376550193397,0.00028177229660491707,0.0003755340248415246,0.0003810871065879048,0.000392607101388084,-0.005992957535754186
2024-05-30,0.0010693778175734094,0.000521093465001969,0.0002707774663966693,0.0003755340248415246,0.0004043376312663269,0.00044843011942766523,0.007995824231928897
2024-05-31,0.00029851571146897,-0.00018556639717066156,0.0002702453169283889,0.0003294637722055603,0.00021867474328454185,0.0002842549962689748,0.0011154602235352391
2024-06-03,0.0006054185384669682,0.00021993509592291156,0.0002773902491532821,0.0003755340248415246,0.00031485687690663473,0.000326570592000533,0.0015016810037827531
2024-06-04,0.0005936063479276903,0.0002975818577846174,0.00033056500903919344,0.00040035057063187525,0.00036178108139610723,0.0003655939062715913,0.011778015849957281
2024-06-05,4.817986335220757e-05,-7.286366840901281e-05,0.0003503706793162706,0.00040035057063187525,0.00026286496182823655,0.00019921610113188612,-0.00019983660163685183
2024-06-06,-9.34425232727551e-05,-0.00010273690694597549,0.0003503706793162706,0.00040035057063187525,0.00024208182349287342,0.00012850197375240021,-0.0011158420502790662
2024-06-07,-5.69857461271515e-05,-6.956065411025883e-05,0.0003503706793162706,0.00040035057063187525,0.0002506910887290785,0.00014672940911212928,0.002577529978240972
2024-06-10,-9.606810596041908e-05,-0.00014011789914924723,0.0003503706793162706,0.00040035057063187525,0.00023698699885633264,0.00012715623417961858,0.0027067148552095224
2024-06-11,-0.00020013775308188068,-0.00024351178910788778,0.0003503706793162706,0.00040035057063187525,0.0002112998159974449,7.512117898108725e-05,0.008467720241887338
2024-06-12,-0.0006610102053792518,-0.0006366871111424691,0.0003503706793162706,0.00040035057063187525,0.00010581864691251372,-0.00014314658514096406,0.00234191143711672
2024-06-13,-0.0005398498512841932,-0.0005605877136957485,0.0003503706793162706,0.00040035057063187525,0.0001300624129744106,-9.472497403657698e-05,-0.00039393828099749413
2024-06-14,-0.00041302388070381163,-0.0005182965018743855,0.0003439851646388386,0.00040035057063187525,0.0001462166661592021,-3.4543400476711456e-05,0.007635164372320518
2024-06-17,-0.0005993785397485494,-0.0007267231909577057,0.0003439851646388386,0.00040035057063187525,9.7241980523157e-05,-0.00012772539819074473,0.0025181541815171163
2024-06-18,-0.0005948036637213567,-0.0008178976445662805,0.0003439851646388386,0.00040035057063187525,8.613039659089697e-05,-0.00012546936612471612,-0.0025291273954115403
2024-06-20,-0.00047036262701184424,-0.0007782136810790448,0.0003439851646388386,0.00040035057063187525,0.00010611024136664157,-6.327821613039936e-05,-0.0015633517188252497
2024-06-21,-0.0009775740284101299,-0.001452216694313361,0.00037424767350125625,0.0003175576981452789,-2.4429804855848275e-05,-0.00033010601798393036,-0.0030698791558664423
2024-06-24,0.0002833399688489145,-0.0003347132988615578,0.00036194192773995437,0.00040035057063187525,0.0002655998431904906,0.0003224657578677413,0.003925873679181344
2024-06-25,0.000369592684263031,-0.0003863831915046426,0.00036194192773995437,0.00040035057063187525,0.0002693231765045991,0.00036570698842337064,0.0015711962247204525
2024-06-26,0.0003792269441916425,-0.0004244869137292957,0.0003526022635672553,0.00040035057063187525,0.0002591034399210102,0.0003657553091782771,0.0009069098567990731
2024-06-27,0.00032202507825378635,-0.00045881810870118195,0.0003526022635672553,0.00040035057063187525,0.00024786172444456623,0.0003372108359571537,-0.0040920134623695995
2024-06-28,-0.0004157363659565331,-0.0010790005755389697,0.00039220443660237226,0.0003175576981452789,0.00010309100053646533,-4.9238213107211394e-05,0.0026719909814295235
2024-07-01,0.00048691562190425204,-0.00015685305841652957,0.0003526022635672553,0.00040035057063187525,0.0003062273766471836,0.00037639858677198843,0.0061762057711850496
2024-07-02,0.00014264885059982267,-0.0003388484383017346,0.0003439851646388386,0.00040035057063187525,0.00023572078962396853,0.00024315056014495863,0.0050715622695336636
2024-07-03,0.0002615586027465555,-3.4621339939299237e-05,0.00034987596616317185,0.00040979972645794656,0.00029350053682676623,0.00030560118711836726,0.00543397436096954
2024-07-05,-0.0004098064367697719,-0.0005239296725413177,0.00034987596616317185,0.00040979972645794656,0.00015051385275748403,-2.9991274973664123e-05,0.0010161824764044329
2024-07-08,-0.000524453101726379,-0.0005550819522546177,0.00034987596616317185,0.00040979972645794656,0.00013279818023382529,-8.727415591480025e-05,0.0007407974780654752
2024-07-09,-0.0005746315500760052,-0.0005822666100654318,0.00034987596616317185,0.00040979972645794656,0.00012331160959192118,-0.00011235238030974516,0.010156314878105886
2024-07-10,-0.0010210971614307007,-0.0008753029372377828,0.00022688085304099895,0.00040979972645794656,-5.3249358649060596e-05,-0.0003241997618363267,-0.008801649969266724
2024-07-11,-0.0007571465755141167,-0.0005184229261858778,0.00022688085304099895,0.00040979972645794656,2.4003881409102396e-05,-0.00014578968001039327,0.00550186402496512
2024-07-12,-0.0008164514923613809,-0.0005613180987823399,0.00023622775848299135,0.00040979972645794656,1.7921053689006942e-05,-0.00016257142309287923,0.0028222164233526843
2024-07-15,-0.0008384141616119147,-0.0005771553574342947,0.00022971765056292455,0.00040979972645794656,8.733776448485692e-06,-0.00017374442551369203,0.0063690499714532745
2024-07-16,-0.0011133044075085801,-0.0008143634755793406,5.040803087305882e-05,0.00040979972645794656,-0.00017933523207385864,-0.0003819633441835325,-0.014025441523645543
2024-07-17,-0.00041435186880018607,-0.00014874170088142785,5.040803087305882e-05,0.00040979972645794656,-1.04969812898419e-05,-4.9144375345460905e-05,-0.007847112145350072
2024-07-18,0.00018889818789741264,0.0002498925842139714,0.00022958285470556995,0.00040979972645794656,0.0002374511262367182,0.00023980348504015634,-0.007165879226406085
2024-07-19,0.000722926548149787,0.0005574917443705607,0.00020327797254013412,0.00040979972645794656,0.0003224413233419301,0.00048362808803710067,0.010734217246220293
2024-07-22,0.0004273781775183973,0.00024903297188624444,0.0002754923879072055,0.00040979972645794656,0.0002978608154479341,0.00034262483001537336,-0.0015593176939461904
2024-07-23,0.0004203610632106667,0.00027917316602975805,0.0003009232841095682,0.00040979972645794656,0.0003185760107536888,0.00035532728614013536,-0.02342124222289286
2024-07-24,0.0007970478804901404,0.0006183937051807416,0.0005263925459127847,0.00040979972645794656,0.0005640129154973612,0.0005724247877820413,-0.005155889019717259
2024-07-25,0.000761587617749422,0.0004735803917991474,-0.0018024770761607242,-0.0024934506561138615,-0.0012431923411242328,-0.000664499724648844,0.011029420409570924
2024-07-26,0.0005752332464391632,0.00040248966023458474,-0.0014034799871640857,-0.0024934506561138615,-0.0009968804319956997,-0.000500612446185514,0.0008129795718284517
2024-07-29,0.00021278735024078156,0.000263495788181176,0.0003873241996666933,-0.00025523009218209036,0.0003144154365422383,0.0002380867535294673,-0.0049725143613676215
2024-07-30,-0.00014675000825269753,0.0001456306473539184,0.000386793675215022,8.383293674301769e-05,0.0002749947862999619,0.00011473389571294422,0.015669980701917767
2024-07-31,-0.0011107703196333307,-0.0004956808803662921,0.00034604766314332377,0.00040979972645794656,6.750331675849216e-05,-7.495761972302666e-05,-0.013788123791990166
2024-08-01,-0.0010240526253281227,-0.00020924526720390797,4.687790250184767e-05,0.00032549293795925305,-9.846414661389169e-05,-8.125698788331115e-05,-0.01855290660855327
2024-08-02,-0.000688552864647779,-1.797235252388817e-05,-0.00011709774229875733,0.00032549293795925305,-0.0001479552004266191,-6.755633370349255e-05,-0.0304270413923931
2024-08-05,-0.0002717163844559863,7.692683096545888e-05,9.502896745483734e-05,0.00015777717980451864,5.231888659693618e-05,8.592709597179397e-05,0.010300849493599515
2024-08-06,-0.0002712794158247189,-8.403321875984722e-06,-0.0035245274207260473,-0.0033518737889987704,-0.002675501680153746,-0.0018115646217459868,-0.007764715388769489
2024-08-07,-4.642260981591425e-05,0.0001968817081477655,-0.005524415832419423,-0.0035780794568212974,-0.004027081587339587,-0.001812371199703642,0.02278113959089888
2024-08-08,-0.000589505744705939,-2.3814647246603413e-05,-0.0030370168200845827,-0.0029474006068219596,-0.002353487173865853,-0.0017683828715350921,0.004660798434381699
2024-08-09,-0.0007144636170935573,0.00016393305856555405,-0.0005268343730912938,0.0005761262908668403,-0.0003988877576328757,-0.00018138882041534725,4.30330517200971e-05
2024-08-12,-0.0006878032263656251,0.00035321911461449253,-0.00046048147023275844,0.0003884340313264767,-0.00033586785727598463,-5.370932509313824e-05,0.016707233419049988
2024-08-13,-0.001107317573072869,0.00016990982606462658,-0.0004131614901449227,0.0003884340313264767,-0.0003766200205121514,-0.00012172201152310582,0.00381643656119841
2024-08-14,-0.001224766155673344,0.00024303160850103043,-0.0002274566872626226,0.0003884340313264767,-0.00025207584734664016,7.635354754858672e-06,0.01600448993130413
2024-08-15,-0.0018633477790052648,-9.258162097765336e-05,-0.00043945228859414344,0.0003884340313264767,-0.0005190416312263205,-0.00026608305024557205,0.0019878023683961516
2024-08-16,-0.001775146265437765,3.8771934046512334e-05,-0.00040494681101595784,0.0003884340313264767,-0.0004676618332202741,-0.00018318603488184958,0.009675327436177775
2024-08-19,-0.0016227201665746532,0.00011859737175262257,-0.00024580269787999624,0.0003884340313264767,-0.00032842369200178654,-6.371645249445121e-05,-0.001986527237609709
2024-08-20,-0.0010918796509141499,0.000369476545999587,-0.00010535128055428849,0.0003884340313264767,-0.00013499725821534473,0.0001318281838044713,0.004230714721006796
2024-08-21,-0.0009365505527505495,0.00033444742647551157,-3.85340940306387e-05,0.0003884340313264767,-7.436379543009915e-05,0.00014775195996985673,-0.00897294225665722
2024-08-22,-0.000438583742350976,0.000542275477109368,-0.00033269701799666114,0.0003884340313264767,-0.00019289564164251297,2.7889216496100537e-05,0.01141793740166443
2024-08-23,-0.0005072960278818574,0.00024918584347754586,-0.0014965761423913564,-0.000675049703851848,-0.0011085914785547565,-0.0005911761646791992,-0.0031587101696058145
2024-08-26,1.9169008155550432e-06,0.00045248130098980363,-0.0015746081424116572,-0.000675049703851848,-0.0010759170004670158,-0.00033662399364435026,0.0015939251127232035
2024-08-27,0.00021933179118184136,0.0004074963905694901,-0.0007093265949790266,0.000557210081350711,-0.00038398394582471153,0.000313294984721661,-0.005993900794735212
2024-08-28,0.0006027340816170612,0.00045276363978546594,-0.0009988831247076575,0.0002514145272155464,-0.000551032702734171,0.0003519564483134276,-3.937984343658622e-05
2024-08-29,0.0008878421094598422,0.00037799404423513854,-0.0002816839179151177,0.0002355813945786897,-2.812671736292981e-05,0.00030678702458117335,0.010042457079144168
2024-08-30,5.208019352982886e-05,-0.0003686102526560139,-0.000667361923343215,0.00017774644456744002,-0.0004954159800404966,-0.00015833499384397336,-0.021377963372397696
2024-09-03,0.000464422845042055,0.0001541392035314504,-0.0007719590182341589,0.00017774644456744002,-0.00045198263815017357,0.00016592866523815945,-0.0016038290273809634
2024-09-04,0.0006291426208137167,0.00024774797931094704,-0.00017540036888824572,0.0004229760175624942,8.758570200790162e-06,0.00033531047557581876,-0.003022581014674196
2024-09-05,0.00056867861536277,0.0002576819626553043,-0.00045965419149828564,0.0004229760175624942,-0.00019506937969779694,0.00034022357562362446,-0.017410944507424406
2024-09-06,0.0007628651938242433,0.0004117843104945045,-0.0006484899869061681,0.0003651410675512445,-0.0002867991734046878,0.00038844288468904524,0.011513534435818254
2024-09-09,0.0003499878153822626,0.00012352727665507706,-0.0005575872193256226,0.0003651410675512445,-0.0003098412790258275,0.00023651328486323824,0.004462699977793541
2024-09-10,-9.094897566708259e-06,4.0660523618640235e-05,-0.0005648775681450088,0.0003651410675512445,-0.0003685222276198231,1.5768947833477092e-05,0.01060855564984334
2024-09-11,-0.0006957066731798187,-0.00018495229856202905,-0.0005923616273476068,0.0003651410675512445,-0.000498743682379462,-0.0003885229878663198,0.00746735215680267
2024-09-12,-0.0010991176502835158,-0.00025526743854206014,-0.0004887061352440752,0.0004229760175624942,-0.00048064915833906515,-0.0003719808213640587,0.0053931422343560355
2024-09-13,-0.0013343120257340792,-0.00030138553850090705,-0.000396354644204738,0.0004229760175624942,-0.00045043566138114907,-0.00034887652357638594,0.0012558408673102855
2024-09-16,-0.0014340180103808529,-0.00035455820654660414,-0.000396354644204738,0.0004229760175624942,-0.00046917781001856826,-0.00037545970895314226,0.00026451509389645083
2024-09-17,-0.0012955825963259105,-0.00030770381404300655,-0.000396354644204738,0.0004229760175624942,-0.00044660481457877,-0.0003520341771819325,-0.0029006587083132912
2024-09-18,-0.0010839932180520945,-0.0002573462905250059,-0.00043578133863317954,0.0004229760175624942,-0.0004422649137767561,-0.00034656154090235866,0.016834356892725128
2024-09-19,-0.0015074682124780086,-0.0006770848518880476,-0.0005173257779315294,0.0003651410675512445,-0.0006066785424759342,-0.0005972031063441551,-0.0019429136300157343
2024-09-20,-0.0024749365905919634,-0.0017439264642623205,-0.0005874865101684406,0.0003651410675512445,-0.0009078227994155269,-0.0011656838091787932,0.0028053344257131223
2024-09-23,-0.0005711270382241969,-0.00011985622859833671,-0.000396354644204738,0.0004229760175624942,-0.00033581049121339453,-0.00025801505805074146,0.002508031103345345
2024-09-24,-0.0004396372652930608,-0.00022224615428770154,-0.0003275214949318199,0.0004229760175624942,-0.0002852433891766768,-0.00027478098587976625,-0.001862983206212128
2024-09-25,7.321432951763225e-05,-2.3571438916320723e-05,-0.00036997702926805696,0.0004229760175624942,-0.0002279608292396516,2.4821911942590153e-05,0.004030542158199222
2024-09-26,-6.174741045331193e-05,-0.00034926723695989827,-0.00036997702926805696,0.0003651410675512445,-0.00028903188745058993,-0.00020530860404858512,-0.0012540029000721238
2024-09-27,0.00018067125240564178,-0.00016439991793222076,0.00020323867671286324,0.00040750362806497105,0.00016501908746051022,0.00019194427593873317,0.004227603658441509
2024-09-30,-3.01644127635627e-05,-0.0004510118106395562,0.00020323867671286324,0.00040750362806497105,0.00010311372088888068,8.648023931621557e-05,-0.009367848694454447
2024-10-01,0.0005270853437739683,4.5205597268106593e-05,0.00020323867671286324,0.00040750362806497105,0.00023331572898034335,0.00030534729699251893,0.00013838132698647728
2024-10-02,0.0007912189904529879,0.00012346378487010904,0.00016111642970359434,0.00040750362806497105,0.00024564087979361235,0.00028448362044248806,-0.0016828286544586894
2024-10-03,0.0009714800264724293,0.00024388816146704616,0.00017732054278455232,0.00040750362806497105,0.00029391076435977283,0.0003258548314397253,0.008930255699186382
2024-10-04,0.0007880178210144362,0.00016318876448418997,0.00030436475971677885,0.00040750362806497105,0.00035004623145715153,0.0003559968626125643,-0.009632263829388773
2024-10-07,0.001085539933953706,0.0004913122513338348,0.0002942963711530654,0.00040750362806497105,0.00042063493744927123,0.00044949652902303243,0.009642706804694385
2024-10-08,0.0009215070075082573,0.00039086899408520516,0.00031156185944305873,0.00040750362806497105,0.0004001606766738838,0.0003992274467117283,0.007088231016994585
2024-10-09,0.0005422976506590902,0.00016879655810469058,0.00030436475971677885,0.00040750362806497105,0.0003213320983796642,0.0003559337428924174,-0.0020722685059824846
2024-10-10,0.000689853356863953,0.0003683475384688188,0.00028150498621849003,0.00040750362806497105,0.00034861292452454485,0.00038798030106819653,0.00603360870729872
2024-10-11,0.00043125265859771464,0.00019983648903796085,0.000280999603571261,0.00040750362806497105,0.0002957376352547115,0.00034416073393769733,0.007678114574594323
2024-10-14,6.703878043040536e-05,3.063767329839249e-05,0.000280999603571261,0.00040750362806497105,0.00023047629114828592,0.0001741087639190596,-0.0076385660375134215
2024-10-15,-2.1023992171511133e-05,3.5082321886189876e-05,0.00026552285000417086,0.00040750362806497105,0.00020972424636713004,0.00015037437370088832,0.004668232782779766
2024-10-16,5.285904337690969e-05,0.00011882536321592639,0.00028150498621849003,0.00040750362806497105,0.00024040726924587613,0.00020021939754664674,-0.00017117512853816633
2024-10-17,6.31473161371238e-05,0.00014567312180646295,0.000280999603571261,0.00040750362806497105,0.0002447211151804033,0.00021337283398973055,0.003963686942774387
2024-10-18,-0.00019946950494164733,-8.973798458518226e-05,0.000280999603571261,0.00040750362806497105,0.00018316127499116563,9.564127171287139e-05,-0.001824432756419033
2024-10-21,-6.712569820690339e-05,-4.209110710501557e-06,0.000280999603571261,0.00040750362806497105,0.00020995040245626854,0.0001384459731969802,-0.0004749666671957937
2024-10-22,1.9307873703729844e-05,3.2727529472090006e-05,0.000280999603571261,0.00040750362806497105,0.0002250265501330837,0.0001569829233409561,-0.009233824267679564
2024-10-23,0.000361678442757536,0.00033097539786980905,0.00026552285000417086,0.00040750362806497105,0.0002934019421266673,0.0003463013005086949,0.0021434731305568283
2024-10-24,0.0004267062266424305,0.0002620998551203609,0.0002554544614404574,0.00040750362806497105,0.0002853746108999472,0.00033483515491112724,-0.00029949201318627087
2024-10-25,0.000507054736130158,0.0003178690075938037,0.00030376650704116575,0.00041510902056347864,0.00033618617038399276,0.00036662584796001707,0.002647934626732945
2024-10-28,0.0003170603882034782,0.00011847194715976944,0.00029206032455607935,0.00041510902056347864,0.0002797821195182255,0.00030453807591094813,0.0016128259449012198
2024-10-29,0.00020841324453805074,2.5912977239245314e-05,0.00030376650704116575,0.00041510902056347864,0.00026308039586868983,0.0002560526425270711,-0.0033056916724881185
2024-10-30,0.0003833845120874073,0.00020588770297313123,0.00031609243582080866,0.00041510902056347864,0.00031563266567074546,0.0003496360454681062,-0.018790134928745348
2024-10-31,0.0008361515323665131,0.0005952149226226785,0.0003615996669605976,0.00043969041165638326,0.00045271006222126356,0.0005175457274525097,0.004084158004525459
2024-11-01,0.0010092528231464425,0.0006910714477214323,0.0003521575917417935,0.0005024731838073881,0.0004826633760478394,0.0005968324735650976,-0.0028160448131902913
2024-11-04,0.0011737801867772594,0.0008411131021902774,0.00041031392383333225,0.0005024731838073881,0.0005620372987595205,0.0006718969996227747,0.012191031029563081
2024-11-05,0.0006282950025129459,0.00040695465696024934,0.0003871991334412834,0.0005024731838073881,0.0004250914440732365,0.00045485847880612576,0.024981280957186654
2024-11-06,-0.001294842941822301,-0.0010636896440377394,0.00021809955334803482,0.00030128417839174633,-0.0001223490111624788,-0.0004228364873068414,0.007403754173995657
2024-11-07,-0.0013091867171040835,-0.000695835676424365,0.0003181376597772034,0.00030128417839174633,-7.393265427531586e-06,-0.00019742752037057166,0.0037497940357180464
2024-11-08,-0.0015264706363623671,-0.0007087019610161084,0.00034257921153367147,0.00041510902056347864,-1.1644290632540277e-05,-0.00018321034187272685,0.0009685941909569238
2024-11-11,-0.0014722985671603997,-0.0006398812646897824,0.0003576536838582304,0.00041510902056347864,1.4137762256680251e-05,-0.0001412732448514451,-0.0028968514769364996
2024-11-12,-0.0013458749707466755,-0.0005506066848574643,0.0003434874127388729,0.00041510902056347864,3.0836300582522266e-05,-0.00010371535579096402,0.00023220076414018386
2024-11-13,-0.0011984444505259392,-0.0005533091557238094,0.0002882090551008605,0.00041510902056347864,9.672513065223565e-06,-0.00013266806274426956,-0.006068108582244
2024-11-14,-0.0006127975400316752,-0.00022673234350918382,0.0002882090551008605,0.00041510902056347864,0.00012158188154407298,3.065055873962373e-05,-0.013291430866793769
2024-11-15,0.00010137176771054878,0.00019038458396936395,0.0002996685934001003,0.00041510902056347864,0.00026843997778331117,0.0002450485152643605,0.003910159746206537
2024-11-18,0.0006569187460629224,0.0004225478365286938,0.0002882090551008605,0.00041510902056347864,0.0003566938802556539,0.0004188362693234107,0.003955750520596487
2024-11-19,0.0007443754158809536,0.00040383406469347605,0.0002882090551008605,0.00041510902056347864,0.0003647759019220103,0.00040948819059775666,2.19506213354446e-05
2024-11-20,0.0008032697353825453,0.0004919170686176833,0.0002782340689732478,0.00041510902056347864,0.00037615106733022356,0.00045356064656587613,0.005326251844288491
2024-11-21,0.00038269082070246176,0.00018771405733670755,0.00029468365868475394,0.00041510902056347864,0.0002983238216946725,0.00033858814017305883,0.0034619595915364653
2024-11-22,0.00023770111975619478,0.00013149315641731627,0.00033190092819026677,0.0004168008686293061,0.00029976846513617584,0.00028478234343162605,0.0030159278201245415
2024-11-25,-0.00047804397525872435,-0.000410275263223548,0.00030152436472504705,0.0003476583076167279,0.0001197218010183845,-5.438755717395471e-05,0.005705697155263866
2024-11-26,-0.000301211838983408,-7.458544717474402e-05,0.0002941755780661304,0.0004168008686293061,0.00018260728632750223,0.00010974528257827014,-0.003808481083577712
2024-11-27,-0.00018249608195557333,0.00015082553544107076,0.00031595456326454776,0.0004168008686293061,0.000240811831099825,0.00023329482223110806,0.005592120396801623
2024-11-29,-6.948068407142837e-05,0.0003206829478044807,0.00033190092819026677,0.0004168008686293061,0.0002871695055446887,0.00032626533737785954,0.0024454638805813736
2024-12-02,-0.000528857284623731,-0.0002499401874581341,0.0003594544444675738,0.0004168008686293061,0.00017835393373410131,5.4662287186741726e-05,0.0004513472420221813
2024-12-03,-0.00010508537707825473,3.2437147153172366e-05,0.0003594544444675738,0.0004168008686293061,0.0002652223322308413,0.0001958858967420522,0.00603318162813612
2024-12-04,-5.5319244019213056e-05,3.3373565764396765e-05,0.0003594544444675738,0.0004168008686293061,0.00027130284868794453,0.00019638689569407793,-0.0018715258393823342
2024-12-05,-3.754167946769558e-05,2.292218637242946e-05,0.0003594544444675738,0.0004168008686293061,0.00027209562621450975,0.000191185405906773,0.0024923453675383123
2024-12-06,2.7224704280277444e-05,1.297497187519221e-06,0.0003594544444675738,0.0004168008686293061,0.00027708765351960554,0.0001933731392414948,-0.006163167285227462
2024-12-09,0.00021628785879633506,0.0001018008814723628,0.0003594544444675738,0.0004168008686293061,0.00031258533726705,0.00028781324324472844,-0.002968284314279252
2024-12-10,0.0006892892601152816,0.00041843394375383784,0.0003594544444675738,0.0004168008686293061,0.0004097309051399406,0.0004176292067099826,0.008132626411368235
2024-12-11,0.00038405882038115803,0.00010801996459809671,0.0003594544444675738,0.0004168008686293061,0.00033347550229345343,0.0003716546066407663,-0.005428731461463251
2024-12-12,0.0008494865716474422,0.0005274164202797442,0.0003594544444675738,0.0004168008686293061,0.0004428554873845627,0.00047223972806361304,-2.646698937187397e-05
2024-12-13,0.000910646846857396,0.0005569055218963112,0.00034976338644477695,0.0004168008686293061,0.0004472066017696373,0.0004869826881002933,0.0037921550087844295
2024-12-16,0.0005900461779915835,0.0002487102973977439,0.00034976338644477695,0.0004168008686293061,0.0003693939594340492,0.00038331867470927283,-0.0038714794806554956
2024-12-17,0.0007884843539302609,0.00045484733862418325,0.00034976338644477695,0.0004168008686293061,0.00041952315087068627,0.00043589992528435793,-0.02993650530451818
2024-12-18,0.0013756292296022692,0.000996446824829131,0.0004544457810180143,0.0003476583076167279,0.0006280821741121785,0.0007255420936575009,-0.0008654867505367934
2024-12-19,0.0016958580584249235,0.0011081102251344838,0.0002335771264778092,8.015855816014536e-06,0.000507862976467064,0.0006709191630733356,0.010810479402397299
2024-12-20,0.0003827618547463891,-9.437987846127834e-05,0.00010979416793983507,-0.00023305477479217018,9.70806009347427e-05,7.763530481429414e-06,0.007260849585616372
2024-12-23,0.0013926739276153926,0.0010965031640111978,0.00047568363655767047,0.00039791742301858584,0.0006605307822364527,0.0007861802282392197,0.010982233165126825
2024-12-24,0.0013271107814533099,0.0012899813991366928,0.00039502922869656643,0.00039791742301858584,0.0006212803608902014,0.0008439673509830363,-0.0004057410882578191
2024-12-26,0.0006923343078237977,0.0008793446449656167,0.00032003986642095727,0.00039791742301858584,0.0004405400461028053,0.0005451947610640106,-0.01111730496491221
2024-12-27,0.000797985744524521,0.0010733797724751769,0.0003296007495620724,0.00039791742301858584,0.0004846629401509698,0.0005980539735861756,-0.010759673941729728
2024-12-30,0.0010234873825258183,0.001218808189656603,0.0002501074175807843,0.00039791742301858584,0.00047493844270254015,0.000710721649243751,-0.0042940064589823065
2024-12-31,0.0012226784170858915,0.00130189270295977,0.00037621880864660334,0.00039791742301858584,0.0005972020734592589,0.0008103271964206504,-0.002226363149448992
2025-01-02,0.0010783519661932716,0.0011416724832168388,0.0003505226156074829,0.00039791742301858584,0.0005415401070830724,0.0007381439828711043,0.01251735670782609
2025-01-03,0.0009218258111758138,0.0009143481460768895,0.0002929126875440824,0.00039791742301858584,0.0004536218213829385,0.0006560621315398169,0.005522766496818171
2025-01-06,0.0004845412372666665,0.0005282051487894803,0.00014946346691786983,0.0003369756843529494,0.00024858640952976006,0.0004106397375976271,-0.011166021516637011
2025-01-07,0.001012530770051139,0.0010516119392164926,0.0002344979745126842,0.00039791742301858584,0.00044137974473096547,0.0007051580350131337,0.0015591440938312422
2025-01-08,0.0010979598847939555,0.001081764301771275,0.00012214573244242593,0.00039791742301858584,0.00037726468967674555,0.0007397266949511939,-0.015531637650233373
2025-01-10,0.0013241970643232007,0.0012569685827509573,0.00011297461703014022,0.0003369756843529494,0.00041695389841877895,0.0007969158014860938,0.0015742043780551176
2025-01-13,0.0015136068502330374,0.0013666004073768264,0.000382213806000534,0.00039791742301858584,0.0006444959609689517,0.0008823127496921692,0.001145623334164268
2025-01-14,0.0016612767004210154,0.001487217132516849,0.0004954090885966271,0.00048131915015271493,0.0007610924988813293,0.0009913755514800407,0.018147132504516373
2025-01-15,0.0010471663460491385,0.0010560307902250496,0.0003014444395847173,0.00039791742301858584,0.0004926917328539372,0.0007224879305044962,-0.0021149243408667613
2025-01-16,0.0012769011289334355,0.0013386184590119703,0.00036635023106829887,0.00039791742301858584,0.0006015241096107542,0.0008374239785786119,0.009941478308394033
2025-01-17,0.001017212815896455,0.0012064018970133407,0.0002871907171681496,0.00039791742301858584,0.0004984123712876726,0.000707599574994418,0.00873000944059605
2025-01-21,0.00035163840072197463,0.0008417878933007843,0.0002793237899345085,0.00039791742301858584,0.0003665895706844717,0.0003748642295899647,0.006119181086994129
2025-01-22,-3.1728173854029445e-05,0.0006588379161124825,0.00021934669665083767,0.00039791742301858584,0.00025552834139378974,0.00030863500030387447,0.005299419459529372
2025-01-23,-0.0005353747189027143,0.00023822504892527413,0.0002410742098987639,0.00039791742301858584,0.00015653866090380424,0.00023964363493784646,-0.002859215984467759
2025-01-24,-0.00029824566199149606,0.0003307006295903027,0.00029234238307209245,0.00039444432761617657,0.0002322568154557668,0.0003114302766249113,-0.014688059032112328
2025-01-27,0.0003624028514846705,0.000655031499893031,0.0002943466572603896,0.00041256873424876735,0.0003552775990529537,0.0003875615833490916,0.009175644177716802
2025-01-28,0.0008213237858059252,0.0008257501337220396,0.0002943466572603896,0.00039444432761617657,0.00043105670163258865,0.0006078026664006002,-0.004689876056919602
2025-01-29,0.0013600408082583251,0.001127801628920787,0.0002943466572603896,0.00039444432761617657,0.0005342086785140325,0.0007611739160303999,0.005261548152180238
2025-01-30,0.0012012317916977986,0.00087442296917412,0.0002943466572603896,0.00039444432761617657,0.00048278475372123,0.0006345237502815296,-0.005059603990267195
2025-01-31,0.0013955826174871667,0.0010187572830661358,0.0002943466572603896,0.00039444432761617657,0.0005245209440383108,0.0007066954359746909,-0.007637690729495203
2025-02-03,0.0017536131259891802,0.001283634392466054,0.0002858222356275695,0.00039444432761617657,0.0005953437085814921,0.0008391357908630063,0.007198907403029114
2025-02-04,0.0017743386095785958,0.0012286200043783587,0.0002943466572603896,0.00039444432761617657,0.0005967242462691311,0.0008116472805179562,0.003901053915613614
2025-02-05,0.0014964952698658406,0.0009741235028374862,0.0002943466572603896,0.00039444432761617657,0.0005308999691495371,0.0006844084675883985,0.003637674355266266
2025-02-06,0.0012371673756755692,0.0007921487199223519,0.0002943466572603896,0.00039444432761617657,0.00047656758872771025,0.000593416265527437,-0.0095098456936602
2025-02-07,0.0014885314960272574,0.001025008025960471,0.0002943466572603896,0.00039444432761617657,0.00053645330204957,0.0007098380212774077,0.006690112295455172
2025-02-10,0.0014359044267528895,0.0010384146184564112,0.0003083878707733327,0.00039444432761617657,0.0005416377766957591,0.0007165348866343962,0.00033952514367385523
2025-02-11,0.0014895891330722359,0.0011251854946686647,0.00033781143753871715,0.00039444432761617657,0.0005796447094988462,0.0007599232334621688,-0.0027275831896475754
2025-02-12,0.001628268795693985,0.0012882758970511581,0.00033781143753871715,0.00039444432761617657,0.0006171114160331891,0.0008414524867675791,0.010372313214235747
2025-02-13,0.00124976075750115,0.001023126111177556,0.00033781143753871715,0.00039444432761617657,0.0005378676099791189,0.0007088627547810547,-7.19463955744955e-05
2025-02-14,0.0013826484610356686,0.0011774985799511918,0.0003716142977139995,0.00039444432761617657,0.0005970543578853335,0.0007860514919304161,0.002442003655551809
2025-02-18,0.0012403866326683966,0.0010353120912615027,0.00035795250805079596,0.00039444432761617657,0.0005523224698842386,0.0007149601651397536,0.0023741488668242434
2025-02-19,0.0012112010796479994,0.0009658289329836044,0.00034599853097310715,0.00039444432761617657,0.0005316205092719302,0.0006802299094877284,-0.004343604884290259
2025-02-20,0.0014235028774788735,0.0010642681411992588,0.00036119283460992016,0.00039444432761617657,0.0005802137106486265,0.0007294819885494484,-0.017211396672539132
2025-02-21,0.002093175733875827,0.0014371331029739076,0.0004036830858390228,0.00039444432761617657,0.0007376822787748524,0.000920566231044001,-0.004981493566252351
2025-02-24,0.00255014603214837,0.0016066088305957916,0.00025963511730867187,0.00037200798705546855,0.0007125608189962274,0.000989447308980382,-0.004690715138395557
2025-02-25,0.0026686156060883393,0.0016022296735750848,0.0003461015101302518,0.00037200798705546855,0.0007863759036775033,0.0009872972695899537,0.00013601502958346571
2025-02-26,0.0028837904141979474,0.0017495441008842127,0.0003098759005557586,0.00037200798705546855,0.0008057723931503274,0.0010609396619339676,-0.015991742678524653
2025-02-27,0.0031026496319941136,0.001922915780600837,0.001490844872432652,0.0002491131755659652,0.0016692589548373171,0.001706877460470149,0.015729780420663385
2025-02-28,0.002203178275461134,0.001127293604394184,0.00030199175293494827,0.00016646390991709826,0.0006276197909700529,0.0007147995657930773,-0.017753402648308866
2025-03-03,0.0025326232880130946,0.0015719702365791777,0.0003771610715900418,0.00030786927432708443,0.0007842266331062889,0.0009747218707583037,-0.012310288231505477
2025-03-04,0.0024007085992408033,0.0014382713552209242,0.002372031014564945,5.977989349284775e-05,0.002125903014834311,0.001904935628857099,0.011097472528735688
2025-03-05,0.002077620274245593,0.0013237173558618396,0.00016174501149323698,-0.0009589924344443776,0.0004767308561375237,0.0007426973910638432,-0.017979677107455568
2025-03-06,0.0021089473051898733,0.0014325459472709615,0.0021734772708985224,-0.0012695810004456115,0.0018771935614195399,0.0017704997731433228,0.005505435045454467
2025-03-07,0.0016802061179767547,0.0011545730729062744,0.0001719427344722113,-0.0009455247688808307,0.00041535614633012334,0.000663194161041507,-0.027343541788428148
2025-03-10,0.001659845499292597,0.0011295520454269747,0.010550205150143372,0.0050802512643174985,0.007972735479535167,0.003370223325115282,-0.007596646918536578
2025-03-11,0.0017923792211718271,0.001154079543314734,0.005576513026209762,0.004434017483390873,0.004493409268756512,0.0031132413244745307,0.004874967940490777
2025-03-12,0.0017809056634526203,0.0012301781771351607,-0.0024634819045644936,-0.0042276373681375485,-0.001582057502270899,-0.0006167307215052954,-0.013988366806464148
2025-03-13,0.0018216628692706688,0.0013145200103971656,0.00225862515917207,0.0019000352275703684,0.002065369681532477,0.0018608364683930679,0.02104290595319694
2025-03-14,0.0011738651472947247,0.0009592286144790136,-0.008970829557330829,-0.00797731265867259,-0.006429947582699132,-0.003509078086431919,0.0063956349746060355
2025-03-17,0.0008117344515471215,0.0009173714807345717,-0.003701205928684718,-0.006263499906846846,-0.002714261151700714,-0.001444877959911851,-0.010710667074319702
2025-03-18,0.001164177537951571,0.0013081028180726877,-0.0026959679803770253,-0.006263499906846846,-0.0019223790900931687,-0.0007660717827165128,0.010740608172953766
2025-03-19,0.0011677667076295801,0.001347906649205585,0.00010760188456854588,-0.000911856924302726,0.0003358126045576344,0.0006375534533502998,-0.002187283513782985
2025-03-20,0.0015479516421103502,0.0016516334856124272,0.0038192440662109706,0.0035168463142063234,0.0032529797181929535,0.0025842794860912724,0.0008243136078323211
2025-03-21,0.0007229960708048811,0.0007627808799651552,0.002287375014713943,0.0028300275142639337,0.0019355778718912883,0.0015251814805013724,0.01749211712863917
2025-03-24,0.0015036833597570172,0.0017162717631226706,0.0011918801440311399,0.001510147345665287,0.0013142012665432383,0.001506912044482925,0.0015730954906538206
2025-03-25,0.0017020359247228141,0.0018820278797932665,0.0004906401399751349,0.0005160879557018429,0.0008151011376215439,0.001109113324099408,-0.011219640357598032
2025-03-26,0.002359920563417901,0.0023382362545578345,0.0005685426560867115,0.0005160879557018429,0.001006464735287987,0.0014533812898891937,-0.0033124610071321114
2025-03-27,0.002751526407577175,0.002472683549491234,0.0006923315283409769,0.0005160879557018429,0.001156726713151791,0.0015825278948907308,-0.019934601126853548
2025-03-28,0.003614177369656263,0.002890159484065814,0.0012173030852614137,0.0008850174408304376,0.0016996139791085995,0.0020537865111596035,0.005523240357645722
2025-03-31,0.0036083460760462363,0.002699036681660049,0.0010128240163168475,0.0008850174408304376,0.001532145806603314,0.0018560459023896827,0.0037741045552120668
2025-04-01,0.0038334253869043273,0.002843915086270178,0.0010399734214151988,0.0008850174408304376,0.0015965295687708704,0.001942057262117663,0.006705661429484109
2025-04-02,0.0038646998482239577,0.0028798710423206236,0.0010130580750626302,0.0005160879557018429,0.0015653727150780204,0.0019465174110307535,-0.04960591182899663
2025-04-03,0.0038311489439677338,0.0025147720157409144,0.0028300865994477843,0.0013312657750090113,0.0028253007180565545,0.002672421060875892,-0.061609061898230934
2025-04-04,0.003987118458909689,0.001890509664552229,0.018770606845504044,0.012386293771617407,0.014481890740189025,0.008186794306554588,-0.0023341946059635883
2025-04-07,0.003676334586543253,0.0015866537588814958,0.015369432539069264,0.012396209154799272,0.012038963513893093,0.008036296771897437,-0.015825083277054855
2025-04-08,0.0034113867350428627,0.0015379172362552543,0.009997280595245432,0.012396209154799272,0.008261685009722443,0.0067043519599148255,0.09089487983303646
2025-04-09,0.0005580646154312862,-9.402309436368065e-06,-0.014208568687517891,-0.014999869781031225,-0.010668614711735643,-0.007108992363478627,-0.03522060702411168
2025-04-10,0.0005861875129044813,0.0007787989638716477,-0.01126029604306205,-0.010402696207719397,-0.00825352471849303,-0.004908280743672725,0.01793038083577807
2025-04-11,0.00014525603439492134,0.0008595900273943621,-0.009829184445842019,-0.009658894922630345,-0.007258006717628917,-0.004756795064768977,0.007913319326342991
2025-04-14,-0.00021849321928597354,0.0008876118583205575,-0.009690945678067844,-0.009658894922630345,-0.007201769756737414,-0.004938645937928844,-0.001729275225300909
2025-04-15,-0.0003699837713529104,0.0009475162543795998,-0.010330968137981645,-0.008898142102291387,-0.007614923302920717,-0.004634067339165304,-0.022663253964902527
2025-04-16,-0.0002731770998219918,0.0009455430456089181,-0.008667444590518006,-0.009289965437501753,-0.006467732123360917,-0.00447028455505007,0.0013259586237727749
2025-04-17,-3.9688855469867976e-05,0.0009141784728598131,-0.008667444590518006,-0.009289965437501753,-0.006443776896035324,-0.004353551840321965,-0.02384964833401801
2025-04-21,0.0007260346153875649,0.0012004925858336989,-0.00788259886028838,-0.00906865940349659,-0.005756695158887605,-0.003578313799581326,0.02480695212545062
2025-04-22,0.0008097171466793297,0.0009669210396327423,-0.007996156653706375,-0.0017375293957349238,-0.0054429289428579684,-0.00046414179366996346,0.016523864366879457
2025-04-23,0.0005430547158615548,0.0008153803168929642,-0.008066667872303247,-0.00047192194003921984,-0.005472088946184846,3.534955605863412e-05,0.020056628082583162
2025-04-24,0.00026371441760131563,0.0007078971022282228,-0.006358344073138713,-0.0008384823289384754,-0.004350838342514016,-0.000287559085520421,0.0073460847957005125
2025-04-25,0.0003031231248107628,0.0007586373556945522,-0.0029581075885115617,-0.004812752571987122,-0.002196582681756009,-0.0013275887735730366,0.0006405015390019333
2025-04-28,0.00036401067659501434,0.0007133301456665686,-0.002870357910387767,-0.004812752571987122,-0.0021340052264569027,-0.0012532859120979773,0.005785641545556399
2025-04-29,0.00035041695479717333,0.000489428707940003,-0.003709226843097621,-0.005397613287266611,-0.002781085667181717,-0.0016795169204900443,0.0014788972519335208
2025-04-30,0.000444094507687682,0.00036446884372846617,-0.003919485382571641,-0.004087108480651945,-0.002858431145883143,-0.0017775177050192296,0.006279345716451974
2025-05-01,0.0009742045487190316,0.0005783741019546259,-0.0039036303801999878,-0.003617993048489902,-0.0027301408187794017,-0.001519799027293326,0.014619191109112719
2025-05-02,0.0008100986982864423,0.00042375177406678006,-0.0056414005743605725,-0.00695308186920173,-0.004166878862620126,-0.0026088770882467223,-0.006402047029318447
2025-05-05,0.0011332293419814515,0.0006775723241309422,-0.0060706457616201545,-0.005692749284431504,-0.004323553184045752,-0.0025075834154357508,-0.007722985278391797
2025-05-06,0.0013272602299738189,0.0005987132660916699,-0.005080416549739179,-0.003361264866376548,-0.003489909214683305,-0.001381335722197051,0.004336938106710132
2025-05-07,0.0012697472365718787,0.00037549164388432627,-0.0038861914863401363,-0.002617342442383921,-0.0026522238802839226,-0.0011209521664554524,0.005783021147465641
2025-05-08,0.0011055947251320676,0.0003026162495911935,-0.002636200794896166,-0.0023224581442464753,-0.0017945443785717954,-0.0010098665146111728,-0.0007117341348763632
2025-05-09,0.0014734823085412983,0.0005993317163603432,-0.0023733445203617033,-0.0017335651769837014,-0.0014964259799492446,-0.000567093684230381,0.03203997667702081
2025-05-12,0.0001311484446735412,-0.0003687161290920406,-0.003940717502612519,-0.003005089377005178,-0.0029435493218634375,-0.0016869450919284653,0.007222059020245977
2025-05-13,-0.00010275103926886978,-0.0004049061237184115,-0.005447918107849331,-0.005267492459992032,-0.00415263316496512,-0.002836188444213642,0.001023891242276054
2025-05-14,-9.92106019703706e-05,-0.00038877305994316407,-0.008970837431426125,-0.006555101843917369,-0.006674767639805722,-0.0034720391527110874,0.004123817438757677
2025-05-15,-0.00014083864647082182,-0.0004002594749697578,-0.009229874145463326,-0.007231585194804854,-0.006899604223867777,-0.003816006163096855,0.006980849368100189
2025-05-16,-0.0003033157791563651,-0.0005478122811049408,-0.00968618874740952,-0.007231585194804854,-0.00725555424440791,-0.003889799989418994,0.0008757295660482738
2025-05-19,-0.00012442482663098414,-0.0003517625718078547,-0.005904063300258353,-0.006261838630401635,-0.004521904895394231,-0.003127923029855997,-0.0038877770695725784
2025-05-20,0.0008745834163317765,0.000603839916435136,-0.0015440109131279489,0.00012170464152404686,-0.0008858918008067274,0.00036263947164412664,-0.016266719267758897
2025-05-21,0.0012960260831241716,0.0007032660913667719,-0.0014566417386159527,0.00012170464152404686,-0.0007618847634479213,0.0004124154336890625,-0.0004449700224211693
2025-05-22,0.0016952329576471904,0.0007611846007169541,-0.0013583158399093796,0.00012170464152404686,-0.0006382226205682608,0.00044141277728393315,-0.006730899591473139
2025-05-23,0.0023674586269943495,0.0010881126874740352,-0.0012758579310301321,0.00012170464152404686,-0.0004585030957843627,0.000604901851927402,0.02025258080218437
2025-05-27,0.0015616401841560715,0.0004861903332952981,-0.0016490901145951775,0.00012170464152404686,-0.0008917853029788569,0.0003039243533916086,-0.005586802576444734
2025-05-28,0.0015913096354359248,0.0006746758447423616,-0.0014712084973019345,0.00012170464152404686,-0.0007403124451498727,0.00039815495132535964,0.0040031708706317415
2025-05-29,0.0012419327412729925,0.0004988240991121566,-0.0018068486785753387,0.00012170464152404686,-0.0010382714020167405,0.0003102147572207563,-8.118845699520562e-05
2025-05-30,0.0003885516174580272,-0.00016185670416533817,-0.0019962249324997944,0.00012170464152404686,-0.0013567907965106915,-2.0190187477865827e-05,0.004093651490626028
2025-06-02,0.0004394923773705995,0.00016893467680825043,-0.0014247347933753643,0.00012170464152404686,-0.0009105987727358283,0.00014528739515798695,0.005783533535368979
2025-06-03,-0.00011018921473423252,-0.00012676451853127447,-0.0014247347933753643,0.00012170464152404686,-0.0010142516941442508,-0.00011849221864691412,7.368474471916267e-05
2025-06-04,-0.0002835437703197108,-0.00022734216564668079,-0.0014323901165430866,0.00012170464152404686,-0.001053205892592731,-0.00025546782999732315,-0.005291357978698112
2025-06-05,-0.00014905828412290482,-0.0002214921982987264,-0.0014119375486137777,0.00012170464152404686,-0.0010221136101774323,-0.00018531732407337559,0.010228196215376713
2025-06-06,-7.866422254680059e-05,-0.0002389013970157815,-0.0014198894470424332,0.00012170464152404686,-0.0010214433971418228,-0.00015887798965878532,0.0009195251863913659
2025-06-09,-1.097083996807666e-05,-0.00042435351354131855,-0.0013388956737155494,0.00012170464152404686,-0.0009806752151132973,-0.00021781426553060706,0.005468012541646841
2025-06-10,-0.00029211579664425877,-0.0005342025598576953,-0.0013309437752868942,0.00012170464152404686,-0.0010228622293393232,-0.00041319938842184953,-0.002747660318287345
2025-06-11,-0.0002715996137512729,-0.0005099171461240506,-0.0013527327563339154,0.00012170464152404686,-0.0010324655560113465,-0.00039080469070670035,0.0038151330716763875
2025-06-12,-0.00021383816047829026,-0.0004717260053774437,-0.001310722709501657,0.00012170464152404686,-0.0009914219078819137,-0.0003428421872851525,-0.01136066859010289
2025-06-13,8.576103875387859e-05,-0.00024203722883316906,-0.001256914868968539,0.00012170464152404686,-0.0008887110629364112,-7.836818922889483e-05,0.0093488231481891
2025-06-16,-2.9868213271790642e-05,-0.0003279680662754829,-0.001256914868968539,0.00012170464152404686,-0.0009135495992900135,-0.00017905407974628986,-0.008387259723643134
2025-06-17,0.0002220790518529312,1.829355078508362e-05,-0.0004769374265127559,0.00012170464152404686,-0.00029618498042600526,6.989743147786721e-05,-0.00030928803472058796
2025-06-18,0.00021500778402502684,8.543688855677502e-05,0.00014232410034116234,0.00036790460533256625,0.00015645248401698614,0.00017874308492794175,-0.002181035215587759
2025-06-20,-0.0003202197802446756,-0.0004536934476055537,0.0003368063844777524,0.0004555823636147601,0.00016370594126512936,8.286532185656527e-06,0.009560655071259439
2025-06-23,-1.917471963386731e-05,-0.00010058778180354141,0.00010618552370237693,0.00036790460533256625,7.945957314436502e-05,4.359770967088653e-05,0.011060328616958607
2025-06-24,-0.00040999328350511537,-0.0003013953843864193,0.0002534696267730607,0.00036790460533256625,0.00010948724887758132,-2.3959760867780624e-05,-3.286108349665331e-06
2025-06-25,-0.0006046955357577031,-0.0002618922407780781,0.000279226027740534,0.00036790460533256625,0.00010914627346138899,8.569324677443682e-06,0.007988131032516797
2025-06-26,-0.0010296150482799254,-0.0005022366673552243,0.0002336804866420346,0.00036790460533256625,-4.186530103045678e-06,-0.00013438035832987784,0.005205399256150098
2025-06-27,-0.002130662638637271,-0.0013643738827473937,0.00020380866951647287,0.00036790460533256625,-0.0002671090783617742,-0.0005803789289393938,0.005151137506128882
2025-06-30,-0.001693375420422924,-0.0008633060155340154,-0.000459625781914374,0.00036790460533256625,-0.0006124420457382347,-0.0006614661009226541,-0.0011191571098791433
2025-07-01,-0.0018906042361493563,-0.0009740198214428708,-0.0005467257297325444,0.00036790460533256625,-0.0007108498317431798,-0.0007603729135532943,0.0047338743064907745
2025-07-02,-0.001740678500431479,-0.000831342374493383,-0.0013775819584141463,0.00036790460533256625,-0.0012529679641858458,-0.0011043688516398085,0.00830437821066394
2025-07-03,-0.0011910840633648184,-0.00027931033682915095,-0.0012980410758096767,0.00036790460533256625,-0.0010611804007375496,-0.0007350742210367393,-0.007893368104244017
2025-07-07,-0.0012027960827151317,-0.0004106994026342715,-0.0012860536835327652,0.00036790460533256625,-0.0010710415875636813,-0.0008065932319372396,-0.0007161432504695748
2025-07-08,-0.0010449879590126586,-0.00046866111682942986,-0.0013924597289449627,0.00036790460533256625,-0.0011336167052381108,-0.0007567517482422292,0.00604380277677969
2025-07-09,-0.0008225566453229198,-0.0003040049200799133,-0.0012980410758096767,0.00036790460533256625,-0.0010201978134314065,-0.0005632524721875573,0.0027424410729257912
2025-07-10,-0.0009733898253486437,-0.0004971855082526058,-0.001343081811355706,0.00036790460533256625,-0.0010943190142207186,-0.0007352201361771983,-0.0033029717732258423
2025-07-11,-0.0006067161062720825,-0.0001510953978548785,-0.0012972294083229924,0.00036790460533256625,-0.0009742261039879995,-0.0003789280952872349,0.0014064243309367943
2025-07-14,-0.0006555171653044875,-0.00021762314119080488,-0.0012972294083229924,0.00036790460533256625,-0.0009885789569040078,-0.00043657719554216715,-0.003964145065672561
2025-07-15,-0.0005969275633707538,-0.00013459195791080465,-0.000728181714225267,0.00036790460533256625,-0.0005748548543453114,-0.00036565051025616476,0.0031885685253844154
2025-07-16,-0.0006429509976643084,-0.00020000542004018537,-0.0007372678867982502,0.00036790460533256625,-0.0005950569929107711,-0.00042133717878648766,0.005359380240011013
2025-07-17,-0.0009207814093778667,-0.00044821003812069545,-0.0006922271512522203,0.00036790460533256625,-0.0006287242883354273,-0.0005701303562531846,-9.049030280841674e-05
2025-07-18,-0.000740968659798897,-0.00020864570350676107,0.00020871814580981866,0.00038693306651191935,5.16270734371327e-05,-5.51564822661761e-08,0.001398157005673256
2025-07-21,-0.0008029325513760446,-0.0002783211294319704,0.0002455029714688019,0.00038693306651191935,6.089935571804809e-05,-1.6515100383871788e-05,0.0006373284966667569
2025-07-22,-0.000968332380815393,-0.000486397826079972,0.0002455029714688019,0.00038693306651191935,1.447930382313128e-05,-0.0001205392225722989,0.007781532145702873
2025-07-23,-0.0012537476010718216,-0.0006687136672873246,0.0002545431141941322,0.00038693306651191935,-3.67288813606452e-05,-0.0002071896295607113,0.0006979799969332514
2025-07-24,-0.0012622719415870051,-0.0006533694167642737,0.0002545431141941322,0.00038693306651191935,-3.5787640367297507e-05,-0.0001995214969354292,0.003966451001680552
2025-07-25,-0.001157795688015603,-0.0005597337951536005,0.00023318842978936448,0.00038693306651191935,-2.616368863542299e-05,-0.00016337582171360688,0.00017684247126657597
2025-07-28,-0.001266280363511135,-0.0006927130571541022,0.00018429734753356192,0.00038693306651191935,-9.019397958933187e-05,-0.0002542882209440422,-0.002963830197466829
2025-07-29,-0.0011041999464026244,-0.000626439662265308,0.00018429734753356192,0.00038693306651191935,-6.23055564125377e-05,-0.00022113756232985623,-0.0012502139385094711
2025-07-30,-0.0009536113485322851,-0.0006006187788918595,0.00018429734753356192,0.00038693306651191935,-4.096670722701534e-05,-0.00020820243154976082,-0.003701662046374567
2025-07-31,-0.0007778402898177368,-0.0004572855980857548,0.0001752572048082315,0.00032755852799863736,-1.1218456563562523e-05,-0.00014107036706407166,-0.0161213871855698
2025-08-01,0.00030012338398607033,0.0005362935027267294,0.00041645239485833417,0.00038693306651191935,0.00041618292073930643,0.0004017092196560401,0.014629564491414495
2025-08-04,0.0002539168032461811,0.0003608475478318411,0.0003821469813920737,0.00038693306651191935,0.0003643337341172795,0.0003712797553677627,-0.004869703780462017
2025-08-05,0.0002785829409390408,0.00033584660867459255,0.0004419280321261389,0.00038693306651191935,0.00040570185470433873,0.00036138650243497264,0.007255522219852605
2025-08-06,1.4715904067551938e-05,0.0001404194469143886,0.0004093556450451524,0.00038693306651191935,0.00032643331940202994,0.00026357159132897514,-0.0007977981718278668
2025-08-07,-3.5223375487224075e-05,0.00020186906508725533,1.6771581771558346e-05,0.00038693306651191935,5.5050104699435966e-05,0.00010942339054133268,0.0077694548163894745
2025-08-08,-0.00031229070230543663,7.937686343654262e-05,0.00013130918978070165,0.00038693306651191935,8.592414922889138e-05,0.00010532866890557682,-0.0025072683938851073
2025-08-11,-0.00038217684366168627,0.00014466849319153826,0.00011987032449236798,0.00038693306651191935,7.794102565394094e-05,0.00013225670009339296,0.011281559075170764
2025-08-12,-0.0010048265778885691,-0.00031503573428343334,0.0001957362128218956,0.00038693306651191935,-2.6181238062936076e-06,-5.975590521972471e-05,0.0032248733840464015
2025-08-13,-0.001290040415587303,-0.00048211970739914716,0.00018429734753356192,0.00038693306651191935,-6.610882163101452e-05,-0.00014902435512408234,0.00030304487855445177
2025-08-14,-0.0011627515121478752,-0.000344400205132635,0.00018429734753356192,0.00038693306651191935,-3.325092277879803e-05,-8.016599679489656e-05,-0.0029013399163647113
2025-08-15,-0.0006033658398451294,-8.607522675444776e-05,0.0002891878992982138,0.0004154218578024886,0.00014139797492883328,0.00010144055172353436,-0.00010076825773579619
2025-08-18,-0.00036932284366822106,3.0155839773186887e-06,0.0002891878992982138,0.0004154218578024886,0.00018082368462573,0.00014601141062060345,-0.005875329112207127
2025-08-19,7.306843426198458e-05,0.00024938378602030385,0.0002891878992982138,0.0004154218578024886,0.00026531732001630154,0.00026926979556783295,-0.002434630632264957
2025-08-20,0.0003574147542067366,0.00039065168907901384,0.0002800843634286053,0.0004154218578024886,0.00031110407274115406,0.00037394476863714815,-0.004012219728951123
2025-08-21,0.0008858666249702499,0.0007100293832222402,0.00020041900736829203,0.0004154218578024886,0.00035979079171148394,0.0005627084092039059,0.015072285158779139
2025-08-22,0.000135409382676618,-1.8982705886562055e-06,0.0002800843634286053,0.0004154218578024886,0.00023431331065080488,0.0002077456554487768,-0.004275512539646319
2025-08-25,0.0006124345321543252,0.00043400582026088174,0.0002800843634286053,0.0004154218578024886,0.0003471934045243049,0.0004247214321037324,0.00412547371011636
2025-08-26,0.00010494605730774326,2.7167021505191812e-05,0.0002891878992982138,0.0004154218578024886,0.0002407180267451161,0.00019710751292590888,0.0023881304533030262
2025-08-27,3.942182240869994e-05,8.092065481666379e-05,0.0002891878992982138,0.0004154218578024886,0.00023974393072144859,0.00018513707567519873,0.003151747441466755
2025-08-28,-0.0003415547411323137,-0.00014535315527785972,0.0002891878992982138,0.0004154218578024886,0.000165175980750967,7.188352757092154e-05,-0.006418740402792551
2025-08-29,-0.00012011595422705367,0.00015558057412507566,0.0002891878992982138,0.0004154218578024886,0.0002301828425206753,0.00022232453684237975,-0.006946350061030363
2025-09-02,2.5448567177259386e-05,0.00035009416726585965,0.00026964483797823886,0.0004154218578024886,0.0002588895970571522,0.00030977371851286894,0.005087112302941308
2025-09-03,7.91090411001393e-05,0.00026341996853450285,0.00026964483797823886,0.0004154218578024886,0.00025423276747736054,0.00026652966522283157,0.008311847102873571
2025-09-04,-0.00018699824850142383,-5.4483081565779494e-05,0.0002891878992982138,0.0004154218578024886,0.00019530868636123897,0.00011734862764732694,-0.00317017266993674
2025-09-05,-5.6839923589127096e-05,9.010631284243301e-06,0.0002891878992982138,0.0004154218578024886,0.00021901815316537895,0.0001491472479245931,0.0021037644508885675
2025-09-08,-0.00020048175752322022,-0.0001296014649952079,0.0002891878992982138,0.0004154218578024886,0.0001840874267419517,7.982968259574495e-05,0.0026845470300734414
2025-09-09,-0.00012268983587732335,-9.737198680232162e-05,0.0002891878992982138,0.0004154218578024886,0.00019752655627698612,9.59877522735132e-05,0.0029790282293981275
2025-09-10,-0.00039650618069039735,-0.00032271677754011125,0.0002891878992982138,0.0004154218578024886,0.0001359125843829381,-1.6736669684843546e-05,0.008450087623093565
2025-09-11,-0.0008273620161715599,-0.0006198437729022942,0.0002891878992982138,0.0004154218578024886,4.6309493182468734e-05,-0.0001653556001736688,-0.00048287788142832935
2025-09-12,-0.000700148887169886,-0.00040666057516150733,0.0002891878992982138,0.0004154218578024886,8.88087401818331e-05,-5.879467120549657e-05,0.004695577726559718
2025-09-15,-0.0008535859024240814,-0.0005696076355679776,0.00037908704187555246,0.0004237497572355517,0.00011263627839433704,-9.534167797053457e-05,-0.0012887604333313247
2025-09-16,-0.0007081786621327883,-0.0005641559690671624,0.00037908704187555246,0.0004237497572355517,0.00013074967800468792,-9.257446741125499e-05,-0.0009706390782443865
2025-09-17,-0.0005901674544013101,-0.0005347402374703159,0.00037908704187555246,0.0004237497572355517,0.00014864626778181351,-7.783162151412155e-05,0.004777687836708263
2025-09-18,-0.0004998161894905837,-0.0004794927674461112,0.00037908704187555246,0.0004237497572355517,0.00016653327893178152,-5.019018829493331e-05,0.004873523937481177
2025-09-19,-0.00152170904936672,-0.001582365358381352,0.0002937590193632116,0.0003424640190900341,-0.00016087008212874767,-0.0006139780257696217,0.004400350714762291
2025-09-22,-0.0005368483651436793,-0.0006127865686255437,0.000368696346773844,0.0004237497572355517,0.00013781940247814021,-8.408538932512168e-05,-0.005517351828739721
2025-09-23,-0.0001091663254108607,-0.0002300681399185167,0.000368696346773844,0.0004237497572355517,0.0002379879267592817,0.00012972233715935938,-0.0028506771652953692
2025-09-24,0.0002526955769893504,2.275828663136361e-05,0.0003988883874915157,0.0004237497572355517,0.0003346773134389829,0.0003256232068784354,-0.005021648742526333
2025-09-25,0.0005072593988646105,0.00024247263919236145,0.00044903440054729017,0.0004237497572355517,0.00042816964316238836,0.00043633904937166404,0.005884489130413512
2025-09-26,0.0006422702780637651,0.00029031161443427496,0.000470203773868451,0.0004237497572355517,0.0004651934154115176,0.0004469900451662157,0.002632077259912619
2025-09-29,0.00048420897173230717,0.00014090854149655585,0.000470203773868451,0.0004237497572355517,0.00042715562062191944,0.00044677224323618695,0.004082503613507919
2025-09-30,0.00019766063484470876,-0.00013413613487443929,0.000470203773868451,0.0004237497572355517,0.00035766096263273144,0.0003105518876349996,0.0033941541712235066
2025-10-01,0.00013777203557267104,-0.0001808272545296217,0.0005887861544865873,0.0004237497572355517,0.00042705666015269866,0.0002807052012417301,0.0006181636213842448
2025-10-02,0.0002467782802608424,-4.175943687960968e-05,0.0005887861544865873,0.0004237497572355517,0.00045789716843732596,0.0003352196409309584,6.55106568658717e-05
2025-10-03,0.00010557978020625324,-0.00013147259792639187,0.0005887861544865873,0.0004237497572355517,0.0004295123715920841,0.0002646339317119742,0.003639959282762629
2025-10-06,-0.00010011480193722794,-0.0002599015424230045,0.0005887861544865873,0.0004237497572355517,0.0003884514820251892,0.00016181983515174903,-0.003818687706853079
2025-10-07,0.00016866717974594394,1.873766543086645e-05,0.0005887861544865873,0.0004237497572355517,0.0004562778398710274,0.0002962166606897965,0.005810748494187323
2025-10-08,0.00010547112045617969,-0.00012048042374236299,0.0005887861544865873,0.0004237497572355517,0.00043090505450056474,0.000264583712807737,-0.0027593739802789824
2025-10-09,0.00042633038122921084,9.545617048743152e-05,0.0005887861544865873,0.0004237497572355517,0.0004969504812927254,0.0004250366181796374,-0.027485975439899807
2025-10-10,0.0013990599839487576,0.0010096732920962343,0.00048609446725917207,0.0004237497572355517,0.0006588922855419694,0.0007480100966356615,0.015478263036934031
2025-10-13,0.0014882837082020827,0.0009751669941422148,0.000569472965572138,0.00040552856988862506,0.0007221767445361954,0.0007724150723827331,-0.00156555149694257
2025-10-14,0.0014719799356412275,0.0010120299935310077,0.0004354107977303276,0.00040552856988862506,0.0006316234487134772,0.0007238784071236089,0.004017918503427979
2025-10-15,0.0012723048172033975,0.0009255894611907564,0.000562406359592968,0.00040552856988862506,0.0006850489527155575,0.0007440648271107841,-0.006314280275141975
2025-10-16,0.0013117502851036772,0.001068986849395165,0.0003631170910710395,0.00040552856988862506,0.0005693952176422843,0.0007373468211275926,0.0052568739445263
2025-10-17,0.0011251804687703129,0.0009680628328266101,0.0006725474651336622,0.00040552856988862506,0.0007495228563739755,0.0008202599498432182,0.010615724136144117
2025-10-20,0.0007081435167917889,0.0007771259345731749,0.0004324723864354023,0.00040552856988862506,0.0005080493054293084,0.0005703562776330372,3.269591641698797e-05
2025-10-21,0.0003230818497077933,0.0005267825727791685,0.0004941042219714321,0.00040552856988862506,0.0004728131353695016,0.00044973929647780357,-0.005351834774743029
2025-10-22,0.0002018583738091225,0.0005768665834270059,0.0005332083348881405,0.00040552856988862506,0.000491916957341358,0.0004692430135166734,0.0058104798620133855
2025-10-23,-6.800341388891421e-05,0.000375668993429675,0.0005026723442892362,0.00040552856988862506,0.0004126099088305605,0.00039054995703354716,0.007871361975244856
2025-10-24,7.081242819121996e-05,0.000330016467818688,0.0005026723442892362,0.00040552856988862506,0.00042339853024770465,0.00036770829792773555,0.012215141327379352
2025-10-27,-0.00043722770998230493,-3.7934210840837404e-05,0.0005026723442892362,0.00040552856988862506,0.0003154935956593025,0.00018368644271599095,0.0022853305022299255
2025-10-28,-0.0006817661473504778,-0.000248377401655066,0.0005026723442892362,0.00040552856988862506,0.0002592920426805321,7.846918286206379e-05,-4.3579204733175357e-05
2025-10-29,-0.0008289836537227555,-0.00037334940486868993,0.0005026723442892362,0.00040552856988862506,0.0002256773561460434,1.598557634840424e-05,-0.009954191424534511
2025-10-30,-7.317931615759483e-05,0.00017640144620347886,0.0004894174444786893,0.00040552856988862506,0.000377281158243643,0.000290874218471004,0.0026145009178832708
2025-10-31,8.209842091845283e-05,0.0001206463794435524,0.00045289176565857416,0.00040552856988862506,0.00036332571098798003,0.000263097761371855,0.0017192339969181521
2025-11-03,0.00025445753750240406,0.0002080324252472374,0.0004009606566461515,0.00040552856988862506,0.0003589982986356505,0.0003276172440192638,-0.011806250392326715
2025-11-04,0.0009760609535703219,0.0007892472024559832,0.00044006476956285983,0.00040552856988862506,0.0005469740644436776,0.0006147617415260213,0.0036468976756877185
2025-11-05,0.0011742381033912697,0.0007321139495702237,0.0003279094654867027,0.00040552856988862506,0.00048533831523143935,0.0005689596360134512,-0.011241134514722728
2025-11-06,0.0017754830601415192,0.001135498725421367,0.0003827048191379238,0.00040552856988862506,0.0006470788441319228,0.0007706883724494662,0.0012610463474931072
2025-11-07,0.001967190412380973,0.0012518045346727028,0.00037962646765768286,0.00040552856988862506,0.0006827713776550132,0.0008288385880521513,0.015283626703501816
2025-11-10,0.00146685149399403,0.0010170625721888185,0.00029430402886957655,0.0004075471232427049,0.0005335483492374059,0.0007124085501701169,0.0020731999523923177
2025-11-11,0.001090918282618232,0.0009154244646883022,0.0005341168458573119,0.0004075471232427049,0.0006424459358470745,0.0007247963425937696,0.0006293191259445972
2025-11-12,0.0006353092515446497,0.0006885319210744588,0.000532327051410063,0.0004075471232427049,0.0005576139219023031,0.000583746379633118,-0.01669545163092778
2025-11-13,0.0011128319433054063,0.001175820560497197,0.000554356348455119,0.0004075471232427049,0.0006924583477232541,0.0008335479978202741,-0.0005018514712717733
2025-11-14,0.001298746386979562,0.0013622647780005127,0.000626583308870058,0.0004075471232427049,0.0007888430677363571,0.0009625965946182118,-0.009204497894305158
2025-11-17,0.0015143183173095274,0.0015903408275147715,0.0007594423251780483,0.0004075471232427049,0.0009363072066790675,0.0011367864514279342,-0.008290709844169318
2025-11-18,0.0018895997273446121,0.0017763751156890106,0.000593387757473657,0.00018012985951720435,0.0008766631774835016,0.0011848083890049221,0.00374680773726533
2025-11-19,0.0018167852792221207,0.0016260885168140268,0.0002709062191912256,-0.0005096704353746792,0.0005854305700851608,0.0009484001387613418,-0.01568972611631523
2025-11-20,0.002182447881340311,0.0019193027057554514,0.0003435730708486061,-0.00048324225703781155,0.0007187924259604718,0.001131357097960913,0.009775103041592069
2025-11-21,0.0019194488776996962,0.0015836096791815623,-0.0006289178006240312,-0.0015401985762894515,-9.203828921895208e-05,0.00047727997253958635,0.015348818899081837
2025-11-24,0.0011649926029106044,0.0011310664343039444,0.00041589103700123096,0.00017430159093511245,0.0005834743150437649,0.0007733887060648451,0.009020886000832944
2025-11-25,0.0007060059807858261,0.0011238831111224298,0.00016995269077110496,0.00017430159093511245,0.00035639378015958785,0.0004403299271748618,0.006882969436149685
2025-11-26,0.00011174756406414732,0.0009599577783596429,0.000296905936952558,0.00017430159093511245,0.0003526195144576801,0.00023576357746380602,0.005340487341137372
2025-11-28,0.0001513308561919396,0.001172784984943704,0.00012334988111376412,0.0004075471232427049,0.0002769017508095921,0.0002796673994997965,-0.005337548746055966
2025-12-01,-0.00037910809931044904,0.0007060373057307423,0.0003157309821094661,0.0004075471232427049,0.00028758743297550035,0.0003616060526434521,0.002454221195936617
2025-12-02,-0.0003279198339084285,0.0006230733364600266,0.00032752861534283306,0.0004075471232427049,0.00029132076195639975,0.00036749235905758116,0.0029753605210852863
2025-12-03,-0.00021037217915207882,0.0005239347667443944,0.0002661997627570635,0.0004075471232427049,0.0002500338521654944,0.00033677376120075836,0.001079738711974404
2025-12-04,-7.455621660154349e-05,0.00044763572272759884,0.00029258120483933043,0.0004075471232427049,0.00027490696046331045,0.00034989721183921745,0.0019347688846794776
2025-12-05,0.0003068726696221489,0.00041559548440471756,0.0002810731663183342,0.0004075471232427049,0.0003084852288970037,0.00035715354036237987,-0.0034833153316476935
2025-12-08,0.0008577156094474908,0.0006138148891319384,0.0002810731663183342,0.0004075471232427049,0.00039981137208044395,0.0005107363932926854,-0.0008767431610132386
2025-12-09,0.0012890117626824424,0.000676720556823726,0.0002987328461928354,0.0003928571567954633,0.00047097981986554845,0.0005349370148375768,0.006726880659139976
2025-12-10,0.0008693627945319419,0.00027935820090837555,0.0002815388703568061,0.0003928571567954633,0.0003579328230541289,0.00033747713095766993,0.00207719198371703
2025-12-11,0.0008282845929596886,0.00037611680506457985,0.0002815388703568061,0.0003928571567954633,0.0003653863118489976,0.00038451969993853427,-0.010720913458554537
2025-12-12,0.001136258073497375,0.0008418977069098699,0.0002815388703568061,0.0003928571567954633,0.0004618388468164826,0.0006174533919542219,-0.0015978388918367072
2025-12-15,0.001269802732060077,0.0008771455013967266,0.00029081236306424067,0.0003928571567954633,0.0004887966364945625,0.000635105630696957,-0.00238676400843967
2025-12-16,0.0014315260926942499,0.0009426936807938947,0.00029081236306424067,0.0003928571567954633,0.0005165495512631923,0.0006678948758033316,-0.01165985661137129
2025-12-17,0.0018459204633786178,0.0012551577671910095,0.00024590138894536867,0.0003928571567954633,0.0005748817989463517,0.000824109638249139,0.007902951520479156
2025-12-18,0.0016611379393220488,0.0010040846746787705,0.0002756478474255508,0.0003928571567954633,0.0005413468858253011,0.0006986041583442952,0.008779407421828872
2025-12-19,0.0005132593107377957,-0.00011603768526667228,0.00016848662540719885,0.0003849123694621505,0.00018557869926736693,0.0002766328748626635,0.006415870575561936
2025-12-22,0.0013207047804920367,0.0007347095645867979,0.0003080063389002699,0.0003928571567954633,0.0004886464583719481,0.0005639362112539376,0.004540067046788208
2025-12-23,0.0011441719992007265,0.0006892661207334367,0.00031975219997870354,0.0003928571567954633,0.0004698665265751581,0.0005412069966821118,0.003216304344700708
2025-12-24,0.00120963865337742,0.0010104025512650623,0.0002916723727654382,0.0003928571567954633,0.0004992302002976291,0.0007016730387180415,-0.00030440987710828846
2025-12-26,0.0005734213356451892,0.0006439973774276338,0.0003143894094137011,0.0003928571567954633,0.00039198271662435754,0.0004831307932060796,-0.003498162923937312
2025-12-29,0.0004008671569447169,0.0005094468085875104,0.0003331957439195318,0.0003928571567954633,0.0003671986312369099,0.000396877869228326,-0.0013766142506534472
2025-12-30,0.0005748950833924741,0.0005828328160338951,0.0003236629021211356,0.0003928571567954633,0.00039079226714363186,0.0004837759310641241,-0.007384867434248815
