Date,LinearRegression,Ridge,RandomForest,GradientBoosting,ResidualHybrid,ConfidenceWeight,Actual
2022-10-28,-0.0032139246010910068,-0.0026863438587329245,-0.0033327773839266356,-0.0005539879049149706,-0.002978248895059236,-0.0029499272290893198,0.0009931242979393112
2022-10-31,-0.002656348492292896,-0.0021071673277878494,-0.0038365549682563603,-0.0005539879049149706,-0.00316657564211272,-0.0023817414107453754,0.009878112409113618
2022-11-01,-0.0024904568846453954,-0.0019477257674487133,-0.003677747849237489,-0.0005539879049149706,-0.0030214548341298266,-0.0022190814875880436,-0.020766329044223365
2022-11-02,-0.0020610764309911952,-0.001755162927257503,-0.003412296334239741,-0.0005539879049149706,-0.002770233738030151,-0.0019081247900756316,0.01350195959142465
2022-11-03,-0.0010595014220246694,-0.0010020645189615888,-0.002016579951267739,-0.0005539879049149706,-0.0016343302305962507,-0.0010307983042652175,0.010832085793783234
2022-11-04,-0.0010726455957913298,-0.0011714709795895633,-0.0019878071931628267,-0.0005539879049149706,-0.0016391192671820524,-0.0011220724601908316,0.011772688617805529
2022-11-07,-0.0011944033208944828,-0.0013607064754915003,-0.0019858377159859756,-0.0005539879049149706,-0.001677177068019226,-0.0012775537783147784,0.003163068212379076
2022-11-08,-0.0011246008458863225,-0.001345488368241262,-0.0019607581566452245,-0.0005539879049149706,-0.001650312664379526,-0.0012350489409900438,-0.04576852894667397
2022-11-09,-0.0005891027082463834,-0.0009365224061181779,-0.003324839675652352,-0.0009350480148374203,-0.002463880373574182,-0.0009357873392143113,0.01458560776810206
2022-11-10,0.00035004980797115267,-0.00016525935154627593,-0.0034419320945898806,-0.0005363390336855882,-0.00229043130185597,-0.00035088751867961524,0.03074403609978642
2022-11-11,0.0005348600359704663,0.0001304104448103368,-0.003149428651332084,-0.00015527892376313856,-0.0020023190115407885,-1.2528040166297533e-05,0.0029151043637910723
2022-11-14,0.00010897989250020275,-0.00021244289343566532,-0.003546099766312141,-0.00015527892376313856,-0.0023589576438419815,-0.00018390446354996223,0.0066812917604485945
2022-11-15,-0.00026505321664407525,-0.000510722146323117,-0.0032407839451401993,-0.0005539879049149706,-0.0022789931124476163,-0.0005323913434505145,-0.010746944339042747
2022-11-16,0.00037649812450755836,0.00011404905228985075,-0.0027608964197287315,-0.0009350480148374203,-0.0018400099255040723,-0.0004106528959662094,0.0013274942061056042
2022-11-17,0.0007059610967923892,0.0004102132173772214,-0.0029414739497266758,-0.0009350480148374203,-0.001880360926385553,-0.0002625679490942316,-0.008705696728068575
2022-11-18,0.0009692609312034232,0.0005642225504844613,-0.0028908808990515656,-0.0009350480148374203,-0.0017953331771257844,-0.00018553988955979586,-0.009953099092318353
2022-11-21,0.001410704743867634,0.0008430161016202366,-0.003581194138628413,-0.0005363390336855882,-0.002122701197178193,0.0001532053934700417,0.02851647311264494
2022-11-22,0.0017417190715547381,0.0012460771438510818,-0.002843283985062476,-0.0005363390336855882,-0.0015453993699602645,0.0003547444788342003,-0.005004688757360118
2022-11-23,0.0023517123184606534,0.0019229462614670362,-0.0030781616608833145,-0.0009810004618725828,-0.0015789208412763794,0.0004708588402247684,-0.0035271815192821
2022-11-25,0.0027104382551265144,0.0023338458012749975,-0.0029815570062019575,-0.001060327022068628,-0.001425949035026235,0.0006366531411236013,-0.030492926530798097
2022-11-28,0.0011653012573587416,0.0008342076948247672,-0.0019628586700929478,0.0006091810714246814,-0.0009845464681708291,0.0007216016579391537,0.0066260408900168126
2022-11-29,0.002014467267325404,0.0015733807223105804,-0.0022539474322901955,0.0006888316113928328,-0.0009698178846374772,0.0011309654737468346,0.007211001775896126
2022-11-30,0.0010453541830881524,0.0005817225205955665,-0.003018742631504316,0.0005032581955255288,-0.0017354809101972548,0.0005424575753856203,-0.004861754965630309
2022-12-01,0.0015821836388176403,0.0012223321655135616,-0.003330631710159271,0.0003807474483789365,-0.0018034800112978998,0.0008013741650577165,-0.008519974166708268
2022-12-02,0.0013951002403938617,0.0010802992830727205,-0.002486717770463164,0.0005746234692126492,-0.0012721679691754622,0.0008273147917089369,-0.027780803118834057
2022-12-05,0.0017161717320965221,0.001398650919323216,-0.0015807159913546046,7.605486689577665e-05,-0.0006425754228906199,0.0007372210856544378,-0.02818963589481154
2022-12-06,0.001956170792327752,0.0016080137188321329,-0.0007307718645010557,0.00028195799653428554,-8.936872882855159e-06,0.0009449006641583916,-0.002216486733770937
2022-12-07,0.0019113666486563867,0.0015105073528445803,-0.0007277719737062814,-0.00010817886355543688,-6.1004926288823124e-05,0.0007011326161881693,0.00740142870466355
2022-12-08,0.0015484919199022602,0.0013411608890972447,-0.0007673470608989756,9.772426608307216e-05,-0.000133818516703945,0.0007193379105893386,-0.008463295892262
2022-12-09,0.000694518776068953,0.0007008605529235786,-0.0008543384703464245,-0.00099313702260732,-0.00047774851092457116,-7.994727058873669e-05,0.02432969943952461
2022-12-12,0.0002516225243453415,0.0006449939961320188,-0.0011903900463131733,-0.00099313702260732,-0.0007591417120239205,-0.0003707138056723735,0.010874873567159861
2022-12-13,-0.0009402945600139331,-0.00023814788540354933,-0.0020032143228461406,-0.0009242934783197453,-0.0015455822640484793,-0.0009322962706609526,-0.007393381483049893
2022-12-14,-0.0007533048267243596,-2.8609939884963068e-05,-0.001044692201028885,0.0006188233618071812,-0.0007238367315651655,-0.00039089030952936765,-0.009627116828593742
2022-12-15,-0.0006718516606545537,-6.248207490689063e-05,-0.000895057608539375,0.0006188233618071812,-0.0006201367928997175,-0.000367073970152357,-0.0070429389808449976
2022-12-16,-0.0036225003290827635,-0.0032022466468112367,-0.007190519262805043,-0.0010585480803562248,-0.005676022230147494,-0.0034123892374017164,0.004478945910048881
2022-12-19,-0.00040816334933001664,-1.718075267281247e-05,-0.0017651802818050705,0.0004938448183032753,-0.0011657357808377224,-0.0002127349564056274,0.014349310461294867
2022-12-20,-0.0007106998911243005,-6.23647570623292e-05,-0.0018544963042782902,0.0006090272557327054,-0.0012561180336483166,-0.0003865735117628582,0.012759282981087512
2022-12-21,-0.00041834939786564325,0.0003858642026542133,-0.0012816519080325588,0.0005484323833693073,-0.0007916115441516235,-1.6372691865584936e-05,-0.020380215859462644
2022-12-22,0.0005127673515668677,0.0012768384105485775,-0.0016100107350480097,0.0005484323833693073,-0.0007790298461070908,0.0005305918000037741,0.026101303181887713
2022-12-23,0.0010599153997868805,0.0019043752327656954,-0.0012228794798686434,0.0007932609861839185,-0.00035436579943978774,0.0009265542000918514,0.013798388750013279
2022-12-27,0.0006871972472150125,0.0014718722808333999,-0.00017641816796911541,0.0003864072583455032,0.00019447226089416354,0.0005368234170094804,-0.016562437660068083
2022-12-28,0.0007738369370434824,0.0014156147596761943,-0.0002041002921365743,0.0003864072583455032,0.00017936436509434717,0.0005801282243993725,0.007537238932565404
2022-12-29,0.0009214005924864391,0.0014254724915026213,-0.0005760319061601114,0.0003864072583455032,-4.597938803515308e-05,0.000653853484767641,0.010022939221693805
2022-12-30,0.0008478765398647776,0.0012797899121539313,-0.0005296345993142148,0.0003864072583455032,-4.335615559780708e-05,0.0006170841650471946,-0.03496513977072481
2023-01-03,0.0016907294261052012,0.0019333860032744255,-0.0005271700956585476,0.0003864072583455032,0.00014499424036916735,0.0010384690958556684,0.0029064556077436393
2023-01-04,0.0020525168513721346,0.002158555350209497,-0.0003777320094045182,0.0003864072583455032,0.00031610940993151237,0.0012193548906825184,0.02212740836411806
2023-01-05,0.002474837671087061,0.0026460746054023767,-0.00018444973275881364,0.0003864072583455032,0.0005575624536823267,0.0014305618628644445,0.012014492927402495
2023-01-06,0.0018927386163151926,0.002190432392394798,-0.00018444973275881364,0.0003864072583455032,0.0004280457911654646,0.0011395279572856578,-0.018813400450173635
2023-01-09,0.00191708851842773,0.0022653416575459705,9.938535386734887e-05,0.0003864072583455032,0.0006272539150632616,0.0011517595914832348,0.014824486970586713
2023-01-10,0.0018452281692641942,0.0022203562219964374,0.0001110297780552752,0.0003864072583455032,0.0006203865607046115,0.0011158370602406703,0.011559859778361355
2023-01-11,0.0012246451078491891,0.0015415783117636835,-0.00025587109751713626,0.0003864072583455032,0.00021603236017864202,0.0008054673201751259,0.01647476763577727
2023-01-12,0.0005903843270523998,0.0009519862588640926,-0.0008184013368318209,0.0003864072583455032,-0.00030686839307693294,0.0004883336623137224,-0.0006184995561332459
2023-01-13,0.00011337168408839598,0.0004176216374412291,-0.001102390899686634,0.0003864072583455032,-0.0006206182445250975,0.00024964487742139854,-0.0019462145436788638
2023-01-17,-0.0008453918278064921,-0.0006540182881465944,-0.000836898835325748,0.0003864072583455032,-0.0007014174495601778,-0.0007451802399445906,-0.020757489831315555
2023-01-18,-0.0004915775866838017,-0.00033070410926775914,-0.0008697076568616667,0.0003864072583455032,-0.0006381997599383993,-0.00041110784394887256,0.006398297519705239
2023-01-19,0.0003414063068557131,0.0004657139892495646,-0.0006633966995180238,0.0003864072583455032,-0.0002984519476688035,0.0003638154037262271,0.018071451523556988
2023-01-20,-6.710030963689333e-05,6.259914445693165e-05,-0.0008297871198931087,0.0003864072583455032,-0.0005095553137153513,-2.2903947855356494e-06,-0.005218667896754131
2023-01-23,-0.00026067296399837276,-0.000226104000095732,-0.0009628897597085814,0.0003864072583455032,-0.0006579900987476158,-0.0002433902387609876,0.009268498375190186
2023-01-24,0.0021303267030873658,0.002210090106983486,4.062152691587528e-05,0.0004676640397305371,0.0006145685479633426,0.0012989249521269705,-0.00528579235467922
2023-01-25,0.0023120088808959885,0.002330053276576048,-0.00010164421813999904,0.0004676640397305371,0.000558609523511226,0.0013897358096746492,0.03940446785405317
2023-01-26,0.0014304174694190442,0.0013338881908593048,1.5885002140307213e-05,0.000494454368729598,0.0004021922993236653,0.0009140659698812128,-0.018426398125339843
2023-01-27,0.0013965496602994778,0.0012627478856354275,0.00013096331608614773,0.000494454368729598,0.00046444574237941246,0.0008785312070284108,-0.01789124205056427
2023-01-30,0.0010900461447765318,0.0007748055325264463,0.0006010637678423423,0.000494454368729598,0.0006727631666678177,0.0006880222380326539,0.02134511426491432
2023-01-31,0.0011259966629228388,0.0007370046847502245,9.699557120127292e-05,0.000494454368729598,0.00034094547457366557,0.0006157279521948094,-0.01100768643693376
2023-02-01,0.0028428637337788373,0.0023281101663642566,0.0001745203573838898,0.000494454368729598,0.0008061566118737125,0.0014113120827419184,-0.031788031414664394
2023-02-02,0.0035646930211661407,0.0028703797671962863,0.0004377702470168483,0.000494454368729598,0.0011367679739951815,0.0016825071916350335,0.006903653610839516
2023-02-03,0.004497135161418071,0.003657289284784686,0.0005155626870605696,0.000494454368729598,0.0014027958062641807,0.002086518052641691,-0.0016989600562943533
2023-02-06,0.005226287473287346,0.004317466596699368,0.0006703452180333971,0.000494454368729598,0.001678408372623545,0.0024939742292562003,0.02815087945253961
2023-02-07,0.004732722465286448,0.003971803146614088,0.0006057397678055608,0.000494454368729598,0.0015314499130464026,0.002288840177483107,-0.008739839744129526
2023-02-08,0.003878580983259307,0.0032048804315422843,0.0006385280378524171,0.000494454368729598,0.0013501118977393791,0.0019217726513852764,0.0037676009415354575
2023-02-09,0.0032834337290462753,0.002644940428664215,0.0006057397678055608,0.000494454368729598,0.0011838665997223508,0.0016254215708999078,0.04128695547654436
2023-02-10,0.0018026928146878639,0.0014274162653015938,0.00024574409277124446,0.000494454368729598,0.0006102281663639046,0.0009609658797556474,-0.0038971441821869096
2023-02-13,0.0017395006838106294,0.0014662573400452247,0.00010625020245090041,0.000494454368729598,0.0005160372379243501,0.0009803295334667585,-0.011784027623098572
2023-02-14,0.0012055919956001707,0.0008809081645776479,0.00019811737836000743,0.000494454368729598,0.0004357512000644624,0.0006876890741368682,-0.003010869972123536
2023-02-15,0.0010215085887484796,0.0005930290580618296,0.000631790720933281,0.000494454368729598,0.0006609783680007755,0.0006124646542728093,-0.0029334888390392454
2023-02-16,0.0013680857851947944,0.0008768494551713248,0.0007373516051855343,0.000494454368729598,0.0008090888576125634,0.0008071429200779505,-0.039210452556050227
2023-02-17,0.0016774345066326779,0.0010071967401694812,0.00030142334446608,0.000494454368729598,0.0005768891391168176,0.000750928741838147,-0.000988962465009604
2023-02-21,0.0026619165740128046,0.0018519541318852016,0.0009935390685496994,0.000494454368729598,0.0012603842895319672,0.001422787900525531,-0.013037735778297695
2023-02-22,0.0029892981268425673,0.0020806379244477573,0.0007848032255534259,0.0001516986003633134,0.0011609144217387994,0.001432751212711802,0.009162224250350418
2023-02-23,0.0031323469438538764,0.002281082285289332,0.0005792818614709909,0.0006291325591208489,0.0011132068244999421,0.001455238503379852,9.043619537117625e-05
2023-02-24,0.0026264069115240316,0.0018216377301384552,-4.965395033176139e-05,0.00045516497835558815,0.0005630840289837126,0.0011384395488900924,-0.001807545558670089
2023-02-27,0.0019668954340539076,0.001311727320338305,-2.5257521768026875e-05,0.0002762267352995535,0.0004167241896433488,0.0007940390070292682,-0.005806006648512111
2023-02-28,0.0006137623771986507,0.00010250365153821199,-2.9697916916262782e-05,0.0002762267352995535,9.314883516648142e-05,0.00018943915012343675,0.008876738204113586
2023-03-01,0.0007029270112293659,0.0003358160590529972,-8.967334348577667e-05,0.0002762267352995535,9.492437491875101e-05,0.00030602150679540877,0.004588599283087781
2023-03-02,1.1063553716536068e-05,-0.00017187334560671692,-5.230195166391438e-05,0.0002762267352995535,-3.003770406120221e-05,-2.057405645586085e-05,0.012577737231936966
2023-03-03,-0.0007125549859816047,-0.0007161165772171967,-2.2719394157444202e-05,0.0002762267352995535,-0.0001687099865760226,-0.00036750861388305225,0.00882525866886719
2023-03-06,-0.0016075295244974987,-0.0014982487103500283,8.618054318593645e-05,0.0002762267352995535,-0.0003069356617068014,-0.0007060144955712001,-0.019519563565476367
2023-03-07,-0.001562279595532875,-0.001453281129553359,8.214521967755225e-06,0.0002762267352995535,-0.0003468505492629096,-0.0007224948748811216,-0.014712224641530056
2023-03-08,-0.0009278170544435266,-0.0009609875394092054,2.909185457271322e-05,0.0002762267352995535,-0.00019253119679667885,-0.000449285990624288,-0.007758683265895595
2023-03-09,-0.00031172937512658324,-0.00047700735541185223,0.00010102931364333214,0.0002762267352995535,-7.957767138627326e-06,-0.0001053453741698206,-0.01244755152155387
2023-03-10,0.00010624848752200294,-0.00019682006735703667,0.0003918150631818571,0.00045516497835558815,0.0002864507479976941,0.0002489083012251701,-0.011571770381959254
2023-03-13,0.0013383405817523493,0.000854938767071996,0.000659210669243461,0.00045516497835558815,0.0007476880991879473,0.0007571374498947979,0.0037475956754792848
2023-03-14,0.0027691518107513433,0.0022098931483944943,0.0006677616182402553,0.00045516497835558815,0.001102333640464988,0.0014388880753091065,-0.05102756134038813
2023-03-15,0.0032388411873056186,0.0025294011909346606,-0.0008555904627060859,-0.0014372804559217882,2.5363123699516594e-05,0.0008369168372190493,-0.005823017302946108
2023-03-16,0.0038465175066497155,0.003016464681339394,-0.0005325956983559696,-0.0012395958943034436,0.0003924907123222574,0.001241944435685759,-0.01184865514997636
2023-03-17,0.0024526086685958486,0.0016216956872635564,-0.009214118395461428,-0.00950988795521971,-0.0064231337562683285,-0.0037961900729673306,0.02580602236773284
2023-03-20,0.0029197606130313323,0.002219422819678078,-0.005580387535125534,-0.008671394658811159,-0.0038240772628785457,-0.0016805674727090572,0.043827710118732856
2023-03-21,0.0018279199695188726,0.0015084796869170036,-0.0011818809308828723,-0.0028256470458469427,-0.0006198928707963972,0.00016318951604388725,-0.023154695760119522
2023-03-22,0.001987412919546552,0.0018636437386978174,-0.00035853742160875043,-0.0015565797348080052,0.00010349915148999173,0.0007524294010173812,-0.011346183080466983
2023-03-23,0.0018122062607238104,0.0017450843162451519,-0.0018801529059737918,-0.0028256470458469427,-0.0010497136459462885,-6.761906094034933e-05,0.0011598005462604523
2023-03-24,0.0010433603617290158,0.0009002905901620027,-0.0006314507940787984,-0.001720486021103778,-0.00033025706905111994,0.00013428796690055173,0.02168899343264422
2023-03-27,0.00029734147171325576,0.0002890537484088188,-0.0009542625858673619,-0.0003942075759734587,-0.0005898060212923633,-5.275475151482711e-05,0.01239942161300481
2023-03-28,-0.0002801177840914695,-0.00019471628196254776,-1.1277856211865118e-05,-0.0003942075759734587,-0.00010282720263444637,-0.00023738279008683608,0.017030979200570916
2023-03-29,-0.0013329540708911167,-0.0009735434644846322,-0.00010242742327159509,-0.0009195020579692339,-0.0004394272797041722,-0.000946504158610646,0.004852350724216779
2023-03-30,-0.001756123654735233,-0.0012481983369045237,-0.0011204494491065392,-0.0007574358111752663,-0.0011801882088918725,-0.0011843408285819644,0.0015514458655549188
2023-03-31,-0.001970499689549072,-0.0014253964734171416,-0.0012049733055029088,-0.0007852630432954581,-0.0012872132824449298,-0.001315201712365576,0.057325599973079455
2023-04-03,-0.002930566590148954,-0.0021675833477622993,0.0005141916395224836,0.00019082818741637133,-0.0002801270185111425,-0.0009884299285676443,-0.009604273611673078
2023-04-04,-0.0023134508770198186,-0.001864293910435824,0.0012281080614237835,0.00019082818741637133,0.0003028102486154925,-0.0008366708198475218,0.01698245780693721
2023-04-05,-0.002634311817592741,-0.0023690226675092316,0.0012128280743610757,0.00019082818741637133,0.00018827906837539103,-0.0010890168150198588,-0.01672155119546538
2023-04-06,-0.0022065270376481006,-0.002238774709698642,0.0015021827885992837,8.085008398712113e-05,0.0004367542837117348,-0.001062684469062469,-0.004442842524621054
2023-04-10,-0.0013440305391575176,-0.0016964517743047925,0.0013202426662435576,8.085008398712113e-05,0.0004917762462167909,-0.0006314900462544154,0.007046896722508258
2023-04-11,-0.0009696732913075214,-0.0015496795328968703,0.000689351950136163,8.085008398712113e-05,0.00014143820256530928,-0.00044440753974299657,-0.0010407513735175818
2023-04-12,-0.000700112256363441,-0.001482190870254973,0.0004008833656968192,8.085008398712113e-05,-6.8624462119566015e-06,-0.00030970620392385185,0.004675227686382794
2023-04-13,-0.0004924789104469099,-0.0013616389827423576,-0.0014834222705862952,-0.0003812797820407278,-0.0012468165143326123,-0.0009270631744283123,0.0024157132548223437
2023-04-14,-0.0007543372884545518,-0.0015527371668139721,-0.0013008433204504343,-0.0003812797820407278,-0.0011833013837170832,-0.0010275571738490607,-0.011701163574066637
2023-04-17,-0.0009746842720881471,-0.001623413903309097,-0.0009293192372904432,0.0002771962904370879,-0.0009142952055067253,-0.0009519939817594429,0.019341034669747983
2023-04-18,-0.001574780438115115,-0.002261165985646067,-0.0010430167004544238,0.0002771962904370879,-0.0011444562380433904,-0.001308852898416545,-0.003169070457025447
2023-04-19,-0.0011753276541544688,-0.0019943852593408743,-0.00084494673189688,0.0002771962904370879,-0.0009314227186595646,-0.00101011992237897,-0.00800995062060361
2023-04-20,-0.0014733634759078748,-0.002446571170685433,-0.0008548414102902717,0.0002771962904370879,-0.001032810359068096,-0.0011640916078155862,0.003194374989975714
2023-04-21,-0.0013277482588800339,-0.0022534624083626726,-0.0006163531978616739,0.0002771962904370879,-0.0008333783501484636,-0.0009720535198305314,0.01870175799307941
2023-04-24,-0.0008102932681655023,-0.0016073376409216629,-0.0007469702418686813,0.0005008611198116931,-0.0007520071793666649,-0.0007786250436163998,-0.014315299290990902
2023-04-25,-0.0005271855077790069,-0.001301678491739094,-0.0010690401516986426,0.0005008611198116931,-0.0008896670449648649,-0.0007979928366852801,-0.009225336359290412
2023-04-26,-0.0006663231070498275,-0.0014777295004763749,-0.0010674527858930334,0.0005008611198116931,-0.0009283461005006404,-0.0008668143899661972,0.011882450280728365
2023-04-27,-0.0007089833455005787,-0.0014930845002945098,-0.001030122028010612,0.0005008611198116931,-0.0009109544645073105,-0.0008694934014672257,0.012841870492417579
2023-04-28,-0.0015675077112420682,-0.002220494172904232,-0.0008605386684368325,0.0005008611198116931,-0.0009977778370099004,-0.0012139664109063046,-0.03150339210680646
2023-05-01,-0.00025161172461696176,-0.0009186657452037159,-0.0008286123491467293,0.0005008611198116931,-0.0006485346855960209,-0.0005399525605287376,-0.040669400397391725
2023-05-02,0.0007773969550926754,-0.0002593697395878286,-0.0003432772240423249,0.0005008611198116931,-0.00011976066149420222,0.0001208163131317222,-0.019906093489428085
2023-05-03,0.0020936991688614163,0.0007809498634630406,-0.0012161721538724996,0.00012930629044626238,-0.00043334652500880654,0.0004551264478913562,-0.017666508237375714
2023-05-04,0.002567191933024223,0.001106374570601663,0.0014567040770439665,0.00208463313074263,0.0016024057652367669,0.0017706959691915739,0.02459134730800795
2023-05-05,0.0026270406069542757,0.001349553685725194,0.0016751754291945144,0.00208463313074263,0.001784901429607195,0.0018799464232441866,0.003948750584497546
2023-05-08,0.0020466996179795997,0.0010048620362221763,0.0019440468848841651,0.00208463313074263,0.0018467469943436678,0.0019951730786566856,0.00027496196052459096
2023-05-09,0.0010619553199666344,0.0002614150011476459,-0.0002497240805791979,0.0011277242161951244,0.00010164543376543268,0.000661558033894015,-0.01291048190167193
2023-05-10,0.0002877232650998908,-0.000366147904260971,0.00013192038536887144,0.00027955289264930855,9.924504469898097e-05,0.0002054823797028578,-0.018265039134993322
2023-05-11,-0.0002821450364499805,-0.000951598177278521,0.00047784075351684505,0.0007433035254569781,0.00022424832557891113,9.777107797559874e-05,-9.467653760290081e-05
2023-05-12,-0.0003539826083410809,-0.0010643424957979112,0.0012945635283015565,0.0005301661086435578,0.0007179095016486973,8.809799898927673e-05,0.0019055501870177765
2023-05-15,-0.0013658282844001576,-0.001991800251516893,0.002105614151940589,0.0011456330222483092,0.0010646819128730316,-0.00011006653473034158,-0.024569025396636964
2023-05-16,-0.0012291575862195165,-0.001865243544161553,0.002699535711247443,0.0011456330222483092,0.0014878956898138937,-4.1691609989157876e-05,0.022186712920116623
2023-05-17,-0.0012095982189478237,-0.0016736482429874368,0.0027709236647769616,0.0016887993528595703,0.001612175762662487,0.00023965608997092907,0.009022368687903907
2023-05-18,-0.0015378048571422474,-0.0017355285502554311,0.0023106303734521643,0.002153668640129044,0.0013049626791524968,0.00030792708727249505,0.004621967031972056
2023-05-19,-0.0023337041953386426,-0.002363496415955351,0.0016739276838615557,0.002153668640129044,0.0007088670935509443,-0.0003298412004134823,-0.01221426733757783
2023-05-22,-0.002341308337728421,-0.002292333085870977,0.0014276816169089995,0.0015367503309756407,0.0004986395863768822,-0.0004323181506589287,0.013531045571223081
2023-05-23,-0.0020000152889586825,-0.002049717795749121,0.002233923811883514,0.0015367503309756407,0.0011011336639708065,-0.00023156328498073558,0.01112202768061411
2023-05-24,-0.002274312016881607,-0.002331061576365871,0.0008292442226609183,0.00023265230211542919,-1.1640832594609404e-05,-0.0010207530872236492,-0.018101293827657048
2023-05-25,-0.0011090997503702144,-0.0013284070153427607,0.00038461957015088885,0.00023265230211542919,-3.2708991320346014e-05,-0.0004382409884246501,-0.006551779424180105
2023-05-26,0.0005368808196858192,2.2695882091267202e-05,0.0003041596988864883,0.00023265230211542919,0.00028883713213667683,0.00026841150733775555,-0.00889915104081443
2023-05-30,0.0018339493982548949,0.0011153545370952088,0.0008139718267992441,0.00023265230211542919,0.000922516565721357,0.0009646768900400463,-0.018039548990592395
2023-05-31,0.0010801630273992854,0.0003720037367714828,0.0014049560406539125,0.0011515738159464778,0.0012077115950885693,0.0011158329157425553,0.011482186342007695
2023-06-01,0.0032201074984403904,0.0025727920446241286,0.0020061582326827785,0.0011515738159464778,0.0021475066590095015,0.0022894533993558334,0.02295416845168261
2023-06-02,0.0025371118348523035,0.0021855786758669363,0.0007699468224342471,0.00023265230211542919,0.0011178960422440032,0.0014777319668605453,-0.004453860115551725
2023-06-05,0.002686138079353911,0.0024150014876920954,0.00043914618221284834,0.00023265230211542919,0.0009484149369268591,0.001427085584259511,0.008134828750716493
2023-06-06,0.0022765626030908587,0.0021053963756616236,0.0008493964515647407,0.00023265230211542919,0.0011282835739796246,0.0014773109784594002,0.022173317396499425
2023-06-07,0.0013230181124647585,0.0012351088295124639,0.0005097154956884875,6.694462151072663e-05,0.0006614964929397304,0.000872303338454698,-0.003137599112282657
2023-06-08,0.0014761884617188505,0.001319386402180466,0.0004918519887657975,-0.0003010364052535019,0.0006453094472993929,0.0009054946592346098,-0.007421843280812806
2023-06-09,0.001164149987086095,0.0009741151463429166,0.00019590812678898787,-0.0003010364052535019,0.0003682380344398156,0.0005849368810954419,-0.00907368968144269
2023-06-12,0.0008333962236007882,0.0005747661214732883,0.00013480066327385391,6.694462151072663e-05,0.0002700406187878592,0.00035487773121404767,0.00018803225367854082
2023-06-13,0.0010220991177899682,0.0007391392940098548,0.00026864805058185394,0.00023265230211542919,0.0004174064511009804,0.0005040178949494555,-0.012098444250811764
2023-06-14,0.0013774654480779996,0.0011773274926088202,0.000280272069012661,0.00023265230211542919,0.0005250014039094814,0.000728858809757102,0.006917804692696389
2023-06-15,0.0016092051356548292,0.0014499893609061774,0.000280272069012661,0.00023265230211542919,0.0005884766233501191,0.0008651680402364864,-0.007203184502228728
2023-06-16,-0.0013205221398819868,-0.0015250705060582859,-0.003092143088548609,-0.0003974832935147582,-0.0024263198240850902,-0.001422814264808799,-0.023190768774235843
2023-06-20,0.002050387607794829,0.0016727630274931998,0.0003566778483427438,0.00023265230211542919,0.0007208446534368623,0.001014779645050052,0.011133325893355854
2023-06-21,0.0025065582371823717,0.0020755087902468152,0.00031914631561495466,0.00036232450124260365,0.0008155825937332163,0.0012189958604290293,-0.005502794380520289
2023-06-22,0.002139465510187715,0.0016949930110154634,0.00033990769884317107,0.00036232450124260365,0.0007353844215275108,0.0010287616999079246,-0.008750598941894465
2023-06-23,0.0013415221931562915,0.0008454626216916652,0.00036089199365314556,0.00036232450124260365,0.0005422691934198233,0.000604093927974076,0.018288741958377635
2023-06-26,0.0016304935295281089,0.0011887308279771545,0.00028376152359047083,0.00036232450124260365,0.0005711669437024762,0.0007756349496924429,0.002489922182953849
2023-06-27,0.0009484181095764765,0.0006174564393513026,0.00026277722878049624,0.00036232450124260365,0.0004007387190852188,0.000489990290554858,0.008097202146301774
2023-06-28,0.0005194053516407134,0.00031363852543753797,0.00024201584555227977,0.00036232450124260365,0.00029581835005764644,0.00033803252261845865,0.012258559143769146
2023-06-29,-0.0001395823488729343,-0.00017477878411888647,0.00024201584555227977,0.00036232450124260365,0.00015277194950344208,5.1283353275133976e-05,0.005141336442502353
2023-06-30,-0.0013738509188878933,-0.0012887668895859026,0.00022766123223271086,0.00036232450124260365,-0.00015058415843446763,-0.0005305395233898086,0.001956083031740896
2023-07-03,-0.0009641019979589763,-0.0008976044957377543,0.00013787659475036462,0.00036232450124260365,-0.0001092169631573104,-0.0003798113939532487,-0.0051312635699396645
2023-07-05,-0.001653637610763017,-0.0016334324067730681,0.00016087590716187328,0.00036232450124260365,-0.0002731222151804856,-0.0007362357706379174,-0.038035433200621256
2023-07-06,-0.0015367767745798216,-0.0017285665633284585,0.00028822651349565603,0.00036232450124260365,-0.00018780085971103024,-0.0006243013847202158,0.0023292080881361994
2023-07-07,-0.0006638521539254494,-0.0011496192402775125,0.0002223059632721848,0.00036232450124260365,-5.051022513379819e-05,-0.00022086040559410748,0.014722376578695906
2023-07-10,0.0007372754484006332,0.00011659666584520466,0.0002110960434329812,0.00036232450124260365,0.00027599601014788316,0.0002868165132469678,0.012152508310481909
2023-07-11,0.0008297463265181241,0.00018213736884528057,0.0002110960434329812,0.00036232450124260365,0.0002956776686329967,0.0002869143082408948,0.004895078976002744
2023-07-12,0.00046432949217921327,-0.00019097710438501024,0.0001931129187550591,0.00036232450124260365,0.0001911893351173651,0.000277614851281692,-0.018481328469211664
2023-07-13,-0.0007914558030281172,-0.0015113620733182365,0.00018493592901591655,0.00036232450124260365,-0.00013763834669700724,-0.0003033648572644945,-0.03504347131573791
2023-07-14,-0.0002231232377569324,-0.0011027013804209866,0.0002620663990785914,0.00036232450124260365,3.476948467124374e-05,1.930354831608412e-05,0.00434941899909227
2023-07-17,0.0010197033057004164,3.443023113180847e-05,0.00028822651349565603,0.00036232450124260365,0.00034993338730809214,0.0003253101333506297,-0.00454761747987168
2023-07-18,-6.517478704947213e-05,-0.0010185050555907775,0.00028399137514596354,0.00036232450124260365,7.917108448796174e-05,0.00010922003936853992,0.006912324813922144
2023-07-19,0.0005445149390948289,-0.0003049096603851448,0.00031015148956302813,0.00036232450124260365,0.0002628682182009424,0.00033619781881542746,0.017461232343822852
2023-07-20,5.491332183300726e-05,-0.0006043772022225904,0.00016689132396118414,0.00023132804990688978,5.867396810191584e-05,0.00011074940576635405,0.004630928425181012
2023-07-21,-0.0012019081060637403,-0.0014931828235118468,0.00017701600247452587,0.00023132804990688978,-0.00020191719812257406,-0.0005125076896811732,0.015567861422660494
2023-07-24,-0.001858524252040292,-0.001850352777482416,0.00011831191591643592,0.00023132804990688978,-0.00036611884552159644,-0.0008659960866134193,0.0015152378530747814
2023-07-25,-0.002447373363933858,-0.00239187883934204,0.00011831191591643592,0.00023132804990688978,-0.0005076584372886448,-0.0011367730785627082,-0.005598549490135192
2023-07-26,-0.003156620597739998,-0.0032075472416473972,8.50082101463985e-05,0.00023132804990688978,-0.0007213524673586309,-0.0015357927357424498,0.0031352071701237954
2023-07-27,-0.0032711669742494535,-0.0034294474258660533,8.50082101463985e-05,0.00023132804990688978,-0.0007641005089392415,-0.0015930809439505108,-0.012024151146927932
2023-07-28,-0.0024278605679392265,-0.002640560531539556,8.50082101463985e-05,0.00023132804990688978,-0.0005596548836682567,-0.001171436961370326,0.02914116028412639
2023-07-31,-0.0025769887219009528,-0.0027344677132233974,1.8467800131742327e-05,0.00023132804990688978,-0.0006335783436514563,-0.0012792517497867,-0.005798351484870147
2023-08-01,-0.0013628241060583926,-0.0015341292602596653,9.59347596692887e-05,0.00023132804990688978,-0.0002799002172368464,-0.0006334538692823735,-0.012552608076368245
2023-08-02,-0.0008356071288815137,-0.0011257483235134016,0.00013434230504485967,0.00023132804990688978,-0.0001379198077284326,-0.0003506923778514477,0.017231340723684103
2023-08-03,-0.0006892955822016468,-0.0009470663462429253,4.324090419217762e-05,0.00023132804990688978,-0.00015685129378438216,-0.0003230500323119821,0.002796587106025734
2023-08-04,-0.000720805677124105,-0.0009293757964745028,4.653830986694562e-05,0.00023132804990688978,-0.00015616683990747284,-0.0003371418299529799,-0.0020501863801135295
2023-08-07,-0.0004924926381389254,-0.000849486826892116,3.6976308828830625e-05,0.00023132804990688978,-0.00012455021882118962,-0.00022780837581270322,0.004931973090446033
2023-08-08,-0.00015981672240093802,-0.0007063849865104901,4.324090419217762e-05,0.00023132804990688978,-6.172570466874939e-05,-5.836551217044932e-05,0.01684425774023195
2023-08-09,-0.00069368518838719,-0.0013051348510749318,-0.0002065270180418805,0.00023132804990688978,-0.000368234992727088,-0.000450133590229251,0.0050983670807449805
2023-08-10,-0.0004572538819923339,-0.0010875693762734382,-0.0002911131828152309,0.00023132804990688978,-0.0003669664003192428,-0.0003741928090903545,0.015409111159328331
2023-08-11,-0.00054411605425651,-0.0009428924438894888,-0.0002923777501526319,0.00023132804990688978,-0.00035936361615561483,-0.00041822787884408254,0.0008044923725699425
2023-08-14,-0.0012754449491726501,-0.0016273657291118863,-0.0006431074189470782,7.381541938914598e-05,-0.0007816632623939964,-0.000959216013833506,-0.026008653915066
2023-08-15,-0.0016368595637773168,-0.002011114766007047,-0.0004787395238265313,7.381541938914598e-05,-0.0007672404617394518,-0.0010577688748477183,-0.016970082972621862
2023-08-16,-0.0007217536696642595,-0.0011633481134210714,4.4560158526122005e-05,0.00023132804990688978,-0.00018812197835004244,-0.00033866292537921845,0.0191865048171543
2023-08-17,0.0001566553409861774,-0.0003676996108504233,0.0001475446787009719,0.0002521860302315746,9.10185799151642e-05,0.00015207856859407204,0.015015940874328742
2023-08-18,-3.873519705312249e-05,-0.0004195716203024741,0.00013839180825458698,0.0002521860302315746,5.472343831144698e-05,4.97332688502696e-05,-0.012160301858817541
2023-08-21,0.000696779759652093,0.00031086927008906566,-2.5545648640367492e-05,0.0002521860302315746,0.00013085137581857607,0.0002815394380070827,-0.005627083376624305
2023-08-22,0.0007585219621310927,0.0003428243422965619,-8.528063246161688e-07,0.0002521860302315746,0.0001586765803093492,0.0002975293434511302,-0.00882692165286248
2023-08-23,0.0008210138953620267,0.0003220889118239668,-7.780626669003492e-05,0.0002521860302315746,0.00011292516901289287,0.0002871517999173567,-0.007494321577345503
2023-08-24,0.0008537410450791497,0.00027487434977306504,-6.295322240725673e-05,0.0002521860302315746,0.00012045942670543412,0.000263538358059757,0.017708036835287964
2023-08-25,0.0002796649161188683,-0.0002135886182682334,-0.0005508019162509055,0.0002521860302315746,-0.00033292781200040117,1.9151833255243864e-05,0.008371281676856376
2023-08-28,0.00028764425945926,-0.0002305885938645734,-0.000653832899869001,0.0002521860302315746,-0.0004018855547551813,1.0641687192074764e-05,0.005936818224714656
2023-08-29,-0.0003156506644950991,-0.0006426235939257352,-0.000653832899869001,0.0002521860302315746,-0.0005282603570671632,-0.0004789119997523519,0.009696975529454357
2023-08-30,-0.001464254291572266,-0.0014133948103399966,-0.0005656549605336837,0.0002521860302315746,-0.0007091363359230088,-0.0009893544974321105,0.002791929683125391
2023-08-31,-0.00300805123963799,-0.002833252059677565,-0.0007241404959923203,0.0002521860302315746,-0.001184366500691853,-0.0017785960738651567,0.02073863006582011
2023-09-01,-0.0032446797172553782,-0.0030048888260226225,-0.0005928941355493742,0.0002521860302315746,-0.0011490044637791617,-0.0017988195798832336,8.802517922055322e-05
2023-09-05,-0.004071892883537346,-0.0037713872006207867,-0.0013673039704651163,0.0002521860302315746,-0.001857434239911547,-0.0025692296941744095,0.00859505864798038
2023-09-06,-0.003930121090661246,-0.0036018755570572563,-0.00136873162834527,-0.00015196871902074555,-0.0018563978926789688,-0.002485213112976615,-0.004902442698425899
2023-09-07,-0.0037725210233278974,-0.003528036342299732,-0.001169060391623737,-0.00015196871902074555,-0.0016965980779348193,-0.002348461829149681,0.014462741289321655
2023-09-08,-0.0038679513352065267,-0.003603778096804398,-0.0011542998979417827,-0.00015196871902074555,-0.001708268699592013,-0.0023789581876393446,-0.012621463672335912
2023-09-11,-0.0031061596294700076,-0.003099880635312197,-0.0012222239926724498,-0.00015196871902074555,-0.0015954629370751713,-0.0021609003871987578,0.02875219858702375
2023-09-12,-0.003614686948827201,-0.003680925213764062,-0.0016391350505118843,-0.00015196871902074555,-0.0020064370315595946,-0.0026267497974454676,-0.008977054497740972
2023-09-13,-0.002575461797733224,-0.002748182665003083,-0.001509853671239129,-0.00015196871902074555,-0.001674692662406158,-0.0020425019100368176,0.01770548587482885
2023-09-14,-0.003061744786942193,-0.003156813952087904,-0.0013955674388512593,-0.00015196871902074555,-0.001711449644375723,-0.002228505700067082,-0.015475166477155708
2023-09-15,-0.00482755721942908,-0.004951245764852955,-0.005458836922512491,-0.0006918685081706502,-0.004877721314386516,-0.004889356694654678,0.00802269614708547
2023-09-18,-0.002028691338495552,-0.002452774620318892,-0.001041726987310098,0.00032514068757356196,-0.0012188218772025436,-0.0015351119216987774,-0.0026387191602602867
2023-09-19,-0.001529852593559886,-0.002097929439605512,-0.0010397698212551844,0.00032514068757356196,-0.0011111947709865548,-0.0012847503149690021,-0.007957917469598444
2023-09-20,-0.0013170128645200686,-0.0020116545360641686,-0.0012167546296142787,0.00032514068757356196,-0.001190615200994592,-0.0012668663890812307,-0.014189494439675144
2023-09-21,-0.0011249204254629372,-0.001837671473795167,-0.0012456168668784147,0.00032514068757356196,-0.0011637559444106437,-0.0011852436750941198,0.0015672231975787025
2023-09-22,-0.0007527958936278467,-0.0013842505242857104,-0.0013081291356494024,0.00032514068757356196,-0.0011008690807726618,-0.0010302685803288349,0.011160770085250566
2023-09-25,-0.0007131243345790779,-0.0010065551099711096,-0.004164266308542845,0.00032514068757356196,-0.002923481358256047,-0.0008598765381806703,0.0015474865044708395
2023-09-26,-0.001241714638631898,-0.0013805420584568741,-0.004148185070312036,0.00032514068757356196,-0.0030253343817932877,-0.001311137148290848,0.03203854463175078
2023-09-27,-0.0032223450556658415,-0.00289031098697009,-0.004122741450671099,0.00032514068757356196,-0.0034440075281373162,-0.003056279472299106,-0.006091789967101543
2023-09-28,-0.0029263693244775627,-0.002525452509251524,-0.004102926581096401,0.00032514068757356196,-0.0033477486625408514,-0.0027258746692570683,-0.015946319776456695
2023-09-29,-0.0031440611728907886,-0.0027357805433647396,-0.0042023150876189875,0.00032514068757356196,-0.0034667023346580204,-0.0029398761145173887,-0.016723619176594623
2023-10-02,-0.001798939870059353,-0.0017075165176405373,-0.004282424734504627,0.00032514068757356196,-0.00322326778405559,-0.00175323015505472,0.0017282801401043866
2023-10-03,-0.0015074093728375954,-0.0015444176703013242,-0.004733929428129535,0.00032514068757356196,-0.0034635710998982385,-0.0015259157298147942,-0.03809906855109282
2023-10-04,-0.0010593396491001402,-0.0013479611693112768,-0.004311710855790255,0.00032514068757356196,-0.0031065857588943304,-0.0012036729375330577,-0.022768465359038814
2023-10-05,-0.0004162515308149592,-0.0007882640401173004,-0.0044872039696024655,-0.0006945544069475507,-0.003165344134120592,-0.0007414712522626926,-0.01683968230112407
2023-10-06,-6.0479671001581665e-06,-0.0004203845745752608,-0.0009637874858243116,0.0012146152609400231,-0.0005770488018336016,-0.00021316208010442193,0.034392785502501626
2023-10-09,0.0002738275890067972,0.0003302129418207593,-0.0014817891978742461,0.0013673693144619949,-0.0007716951538297571,0.00030201487326997014,-0.004246246236975813
2023-10-10,0.00040217891552531306,0.0007108963360997218,-0.0024154320702062192,0.0012146152609400231,-0.0013340942940905684,0.0005564574395984563,-0.03651183194716383
2023-10-11,-0.0031262316426007063,-0.003046533477914122,-0.0038903519390044907,-0.0002870664686086974,-0.0033565051560881737,-0.003086365052759586,-0.00018777375633657518
2023-10-12,-0.00046820654978667076,-0.0007117224828487641,-0.00015032864744868272,0.0013673693144619949,-0.00012212134980347432,-0.000309146765302553,0.03143453316891224
2023-10-13,-0.0011015292149154773,-0.0010654216307141552,-0.0033387678205275078,-0.0012293457715069009,-0.0025786109563580837,-0.0011656667633556726,0.0007278746517675133
2023-10-16,-0.001139792264150178,-0.0009149987173184264,-0.002816734319293873,-0.0013818795872563385,-0.002234610000450784,-0.0012609484595058312,0.01301180860932494
2023-10-17,-0.002150130311480051,-0.0018011129830746771,-0.0023827775271186135,-0.0008462457685732527,-0.00213738757825864,-0.001975515376644825,0.01390762939841524
2023-10-18,-0.003402332517458682,-0.002709849105417242,-0.00231655037767558,-0.0008462457685732527,-0.0023631611872522666,-0.002513155501076217,0.0006195478707525558
2023-10-19,-0.003719470466918253,-0.0027188308658769858,-0.0025170755972002646,-0.0008462457685732527,-0.0025342521384983563,-0.002617936981988442,-0.01731401480896839
2023-10-20,-0.0037610644486631047,-0.0026431541860880555,-0.0024659059016461176,-0.0008462457685732527,-0.002495756322097667,-0.0025545197991131796,-0.014782922376292022
2023-10-23,-0.002671390433769797,-0.0019421678917127202,-0.0019779316286130423,-0.0003122796206708088,-0.0019033438758647382,-0.0019600423730155012,-0.00973194648653907
2023-10-24,-0.0018716945209600044,-0.001505780830630744,-0.00190726604085975,-0.0003122796206708088,-0.0017037263511228704,-0.001688500619422907,0.0018433935617428944
2023-10-25,-0.000982700243131518,-0.0008156034282629971,-0.0022156866655175956,-0.0012997598477080994,-0.0018002413320284455,-0.0011413590220742363,-0.00915863460519828
2023-10-26,0.00041915742461565164,0.000458901501084758,-0.0021843951102075345,-0.0012997598477080994,-0.0014446387275851402,-0.00044043539166829565,-0.01923578767246043
2023-10-27,0.0019754052186379614,0.001627720282042875,-0.002288861891887096,-0.0011271586305296624,-0.0011575664364425206,0.0002502042335846303,0.003121563868604292
2023-10-30,0.0025677736976477275,0.002097247337169088,-0.0018762972646128296,-0.0011271586305296624,-0.0007539170310389201,0.00048501794160089336,-0.0002834107205208854
2023-10-31,0.0026178083243064048,0.002011213506940529,-0.0009781418572437249,-0.0005065778880929154,-0.00011183669769792063,0.0007523332801682651,-0.001985899117509101
2023-11-01,0.0019824028580779076,0.0013251848301066508,-0.0008437593068749055,-0.0005065778880929154,-0.00018954155684786512,0.0004093483310979825,0.03231954629418803
2023-11-02,0.0015992638490547112,0.0012168443119419676,-0.0019237477401457493,-0.0011271586305296624,-0.0010165518466552538,4.4795498581497574e-05,-0.012264439997904754
2023-11-03,0.00022393815678649787,0.00016335784205088138,-0.002447856663988266,-0.0011271586305296624,-0.0016639281516256169,-0.00048208101814015505,-0.01788025777408167
2023-11-06,0.0012778829905087264,0.0010955053384882772,-0.001745304851886063,-0.0011271586305296624,-0.0009538104050785801,-1.5888425603068123e-05,-0.0158038757461852
2023-11-07,0.00146513179311335,0.001178477290160737,-0.0010356123028396026,-0.0005065778880929154,-0.00039699273676816426,0.0003359104856714488,-0.01235882397540223
2023-11-08,0.0013839108428854085,0.0011486038216115362,-0.0009765903315085943,-0.0005065778880929154,-0.00037188330770512293,0.000320971770670365,0.00029129345377669214
2023-11-09,0.0006356451057785265,0.0006591798877522354,-0.0005005020114229705,-0.0005065778880929154,-0.0002129790271950178,6.757892741663207e-05,0.007643653320951612
2023-11-10,0.00014615510698247027,0.0004085366407703511,0.0017290243765055147,0.0018262207617410642,0.001375149370689493,0.0010687370485178095,0.010451128432439378
2023-11-13,-0.00041592329421747857,0.00017683253070147076,0.001639383963162982,0.0018262207617410642,0.001218372934067588,0.0009080353756765582,0.003842993714264325
2023-11-14,-0.0012316748527379576,-0.0004636071952765739,0.0012712009165948526,0.0018262207617410642,0.000794697399975255,0.00040377157207393107,-0.0060591982825808546
2023-11-15,-0.001168656064291798,-0.0005002575752271441,0.0017348707001792723,0.0018262207617410642,0.0011021603243422066,0.0006172224774145869,-0.011643857184548446
2023-11-16,-0.0005025968084360272,-0.00039297119548472616,0.002139881541298555,0.001924329486517138,0.0014714614004228527,0.0007656978773532304,0.024106855951974065
2023-11-17,-0.00015517695224182064,-0.00026402416597211514,-0.0007527938162814522,0.0002450877712800914,-0.0005252096438525325,-0.000209609455410398,-0.00439230055798856
2023-11-20,6.516587380885004e-05,-0.00011059216905651224,-0.000831876496203226,0.0002450877712800914,-0.0005306322656445856,-2.2803685649178965e-05,-0.0003828491696861881
2023-11-21,0.00011604269467722336,-6.597680971843166e-05,-0.000831876496203226,0.0002450877712800914,-0.0005186867975132874,2.4910499759637066e-05,-0.004317087713565598
2023-11-22,0.0002072666666120794,2.7162341561463963e-05,-0.0009366644930073922,0.0002450877712800914,-0.000564405897252542,0.00011699243281267847,0.005369589470991928
2023-11-24,0.0009013610874584017,0.0007511304218912148,-0.0007969850530889816,0.0002450877712800914,-0.0002946085749030229,0.0004979560058695506,-0.00585048640965451
2023-11-27,-4.3431424109642125e-05,-0.00012559573553073435,-0.0007596501581262786,0.0002450877712800914,-0.0004981996006390109,-8.454328967840414e-05,-0.0005771979247142478
2023-11-28,-0.0004870465726253775,-0.0006323044931674492,0.00041281428818490536,0.0002450877712800914,0.0001526741700414983,-0.00012097055466196936,-0.015128478886503687
2023-11-29,-0.0005348425565803127,-0.0008775254538919275,0.0004958559065579883,0.0002450877712800914,0.00016947791521288016,-0.00014490168422254674,0.003901007166408417
2023-11-30,-0.00031957846629172636,-0.0007356082171724861,0.0004958559065579883,0.0002450877712800914,0.00021390415164053287,-3.7288049081788465e-05,0.0024303565817964967
2023-12-01,0.001632964416786018,0.0010475609612623608,0.0005563685099878669,0.0002450877712800914,0.0007213651046927266,0.0008020179183323737,-0.005452268580333349
2023-12-04,0.001544112622426785,0.0007470868246232093,0.0005346359719824448,0.0002450877712800914,0.0006571723206559388,0.0006409248873572854,-0.019619084366978495
2023-12-05,0.0017282001212591523,0.0007120536037476959,0.0005491829023854292,0.0002450877712800914,0.0006843076648607193,0.0006306786610281407,-0.013330196369441787
2023-12-06,0.0013070689601754522,0.00013495388462856077,0.000583688721577628,6.233921592359538e-05,0.0005641517929694555,0.00035949458141578886,-0.00698630270758219
2023-12-07,0.0016575268423605508,0.0004454088023321622,0.0011042915151722203,0.0010148225733548153,0.0010766145710071737,0.0010595561105462405,0.01141607753671279
2023-12-08,0.001777332446527144,0.00066489310748547,0.002727638866998382,0.001924329486517138,0.002270075462544305,0.0018508206744937289,0.0007030183515945895
2023-12-11,0.0007064747379787407,-0.0001444346086418692,0.002487734902750599,0.0015788387644890798,0.0018461380373209785,0.0011426622391826368,-0.015885484679802792
2023-12-12,0.00024473078681189957,-0.0006437316648270396,0.0018256850136547798,0.0015788387644890798,0.0012903900194276728,0.0009116895056874318,0.008833846258475291
2023-12-13,0.00041413727208130364,-0.00039828599540275145,0.0022985341320093298,0.0015788387644890798,0.0016535083835404712,0.000996477639507041,0.026535155747661725
2023-12-14,-0.00046432187717434397,-0.0010171253543776234,0.0006103676519159244,0.00039351725508386356,0.00024864921623283343,-3.547556239955754e-05,-0.006716672588531021
2023-12-15,-0.00345852639548647,-0.0038035379484641623,-0.0036542153441742626,-0.0014045539384345618,-0.003443032156958752,-0.003556226699005519,0.007405568243387712
2023-12-18,-0.0007387056001022035,-0.0012514027319094944,0.0003050282149326155,0.000361186906706739,-1.8553273215931904e-05,-0.00021695550907035975,0.013096343154837865
2023-12-19,-0.0009578884185277704,-0.001397188523282052,0.0002719123224623572,0.000361186906706739,-8.571552496383856e-05,-0.00034307185279020723,-0.01684171260655838
2023-12-20,-0.0008405790256247119,-0.0013238215163559738,0.00035265504043172346,0.000361186906706739,-8.969845181053618e-06,-0.0002440843536505744,0.00453215398642986
2023-12-21,-0.000672719715095552,-0.00112675469278353,0.00040547652402758206,0.000361186906706739,7.165889940642645e-05,-0.00015587883461233736,0.0017677903787480472
2023-12-22,-4.4045579672071346e-05,-0.0006007056475551649,0.00041964337088629686,0.000361186906706739,0.00022527872707513174,0.00015840344963015393,0.0022542182996505952
2023-12-26,-0.00025271899512082697,-0.0008907731801395249,0.00044074385317900163,0.000361186906706739,0.0001761714221982162,5.408359240269694e-05,-0.0047104406497855
2023-12-27,4.557818575359816e-05,-0.0005881042708650395,0.000373083472096133,0.000361186906706739,0.00020711423849826386,0.00020314939666356085,-0.014565419003971536
2023-12-28,0.00016263917578558814,-0.0005347030285659544,0.00036165204499814655,0.000361186906706739,0.0002206587761819509,0.0002616344004252734,-0.002098280962717691
2023-12-29,0.00031632664083576577,-0.0006475677564868648,0.00034055156270544173,0.000361186906706739,0.0002105537388692522,0.00032828292889391453,0.023525774010809422
2024-01-02,0.0004067962554902872,-0.0006040643098596805,0.0003304524534054213,0.000361186906706739,0.00022048215159685842,0.00034571146339637944,0.008366753953586966
2024-01-03,0.00021162135773705282,-0.0008044116230302065,0.0003901637553871857,0.000361186906706739,0.0002100806350728526,0.00028616996387008885,-0.008757608765024823
2024-01-04,0.000583955189218812,-0.0005784691838570189,0.00036532859215733537,0.000361186906706739,0.00026805562807053916,0.0003632524973117455,0.003025155887373072
2024-01-05,0.00048285295875173813,-0.0006032800571784142,0.00036532859215733537,0.000361186906706739,0.0002526520359881417,0.0003632467616759391,-0.016802138568665477
2024-01-08,0.00024540336780281137,-0.0008452538468811093,0.000305617290175571,0.000361186906706739,0.00015326099038481624,0.00027537157392133787,-0.012463399557577914
2024-01-09,0.000824807273890067,-0.00039787147779397853,0.0003368168817682963,0.000361186906706739,0.00030187555292981685,0.0003489969937848877,-0.009881084144797587
2024-01-10,0.0009137584142479108,-0.00025622502147877775,0.00029075638189442416,0.00018202626528325568,0.00028430748480144744,0.00023640524794480615,-0.00020271599869558433
2024-01-11,0.0007572810464010429,-0.000257637177576587,0.0002635248467483216,0.00018202626528325568,0.00024740222746728543,0.00022277960281856857,0.012889058006028074
2024-01-12,0.00030368550995419524,-0.0003617457994591762,0.0002331626028606801,0.00018202626528325568,0.00015928432933850426,0.00020749657342191232,-0.02287078649848868
2024-01-16,0.0002715308143739786,-0.0003021183258345171,0.0002820390292061093,0.00018202626528325568,0.00019531410400759993,0.00022652785376630708,-0.0072943808933712585
2024-01-17,0.00010107332987135335,-0.0005305703527101686,0.00026488766093396733,0.00018202626528325568,0.0001337137435826447,0.00014143625346369528,-0.0018577398775112414
2024-01-18,-0.0003158816360018434,-0.0010425468991939611,0.00026488766093396733,0.00018202626528325568,1.6714200652236935e-05,-6.709233331043058e-05,0.001548246659099117
2024-01-19,-0.0005306239359018076,-0.0013009849359294202,0.00029823216013468096,0.00018202626528325568,-2.094941411298504e-05,-0.00017444135089389538,-0.001341779351493391
2024-01-22,-0.0008861508913953305,-0.0016394332020709824,0.0003138215470155331,0.00018202626528325568,-9.766309999795588e-05,-0.0003521826009696469,0.011195106953722625
2024-01-23,-0.0008083522268412902,-0.0014353896829890469,0.00034394363497294996,0.00018202626528325568,-4.187517553176244e-05,-0.00031326067756625174,0.01711348938700621
2024-01-24,-0.0014253946687242365,-0.0017974170302134675,0.00022019990377619394,0.00018202626528325568,-0.00024468497279637064,-0.0006217586430014552,0.025084299068263538
2024-01-25,-0.0024999140874610586,-0.0025320120421713677,0.00024006371329777024,0.00018202626528325568,-0.000456811992860566,-0.0011589393127548408,0.008482590525731065
2024-01-26,-0.003055517689270672,-0.0029080353179672656,0.00015022707806790206,0.00018202626528325568,-0.0006317768160315907,-0.0013789214780701813,0.001261246044732867
2024-01-29,-0.003350681745280553,-0.00325402638464826,-0.0003159649438268811,0.00018202626528325568,-0.0010187770999799278,-0.0017849437419522934,0.01654038634380168
2024-01-30,-0.0036058075018319943,-0.0034316107242982575,-0.0004238495053176183,0.00018202626528325568,-0.0011435432988268048,-0.0019276793290789198,-0.019648018990795924
2024-01-31,-0.003514685526072745,-0.0035147703298308896,-0.0004634661314060732,0.00018202626528325568,-0.0011694653288229348,-0.001988995586520603,-0.0040936975709748025
2024-02-01,-0.0021639494814118653,-0.002503181727110205,-0.0004008452897350855,0.00018202626528325568,-0.000833747697008569,-0.0012823612619834608,-0.004110290712404549
2024-02-02,-0.0013925024221892023,-0.001970712489573835,0.00013666384382831351,0.00018202626528325568,-0.00031823738589148296,-0.0006280258252500641,-0.004127333308523375
2024-02-05,-0.00015078282537530458,-0.0009101995845386251,0.00029433062204346295,0.00018202626528325568,7.320134085994542e-05,1.547135808667163e-05,0.006869481252996617
2024-02-06,0.0005697687946420014,-0.0002261571120477638,0.0002029232535512763,0.00018202626528325568,0.0001891297715058758,0.00019247331048309672,-0.00029338371380300984
2024-02-07,0.0006166961535875643,-0.00018273927226067322,0.00017361993233332352,0.00018202626528325568,0.0001811893202855652,0.00017782436322912891,0.01697501730022418
2024-02-08,0.0003291400576377325,-0.00044280902905224337,0.0002608520724288854,0.0002960268357204441,0.00018045575060213857,0.00027829951759913887,-0.02138715079456774
2024-02-09,0.0003241219041404674,-0.0006100114977332007,0.0002608520724288854,0.0002960268357204441,0.00015802638455502006,0.00027828349756210734,0.013662852926523856
2024-02-12,0.0005874081496807818,-0.0005092906828329589,0.0002608520724288854,0.0002960268357204441,0.00020285327278247366,0.0002784219841502075,-0.008646215632583854
2024-02-13,0.0007208127970444459,-0.0005898817354540752,0.0002608520724288854,0.0002960268357204441,0.00020838508315195,0.0002784294986096261,-0.004946087417064088
2024-02-14,0.0008007106453837295,-0.0004761439591458231,0.0002477204065686807,0.0002960268357204441,0.00022421681089541216,0.000271866945739457,0.028256294056815342
2024-02-15,-4.53886908764351e-05,-0.0009647211167703247,0.0002558828487979749,0.0002960268357204441,6.399900135035513e-05,0.0001050257179153667,0.0
2024-02-16,-0.000806835244426504,-0.0013346130327211787,0.000233157701632717,0.0002960268357204441,-9.083606037577682e-05,-0.00028695548579805297,-0.009492483596993182
2024-02-20,-0.0012557964921654837,-0.0014562242267679862,0.000233157701632717,0.0002960268357204441,-0.00016073084345268605,-0.0005113555415844123,0.020231770660297313
2024-02-21,-0.0019613340414519473,-0.0018450516727649383,0.0001552454499000406,0.0002960268357204441,-0.00034757238492813595,-0.0008448980164808971,-0.0008586396109928988
2024-02-22,-0.0021947278734027516,-0.0019306539979544162,0.00015885663089140943,0.0002960268357204441,-0.00038445624569240157,-0.0008859219428745805,-0.008820851249497866
2024-02-23,-0.0015535140468128598,-0.001558188376037938,0.00015885663089140943,0.0002960268357204441,-0.0002586840623163986,-0.0006972943449560922,0.003940620924674479
2024-02-26,-0.0010585254124313784,-0.0011171582144070824,0.0001450696979089783,0.0002960268357204441,-0.00015061517037656406,-0.00045669777758953345,-0.0021125190810243407
2024-02-27,-0.001273252193622597,-0.0014450375755831698,0.0001450696979089783,0.0002960268357204441,-0.0002192510905907815,-0.0005640966133289567,0.0027837219444394605
2024-02-28,-0.0007617799773724311,-0.0010689256406394925,0.0001450696979089783,0.0002960268357204441,-0.00010861385537589327,-0.00030840113067239253,0.0019154593652173963
2024-02-29,-0.0010995708096853594,-0.0013010695029316687,0.0001450696979089783,0.0002960268357204441,-0.00017956051173128416,-0.000477264409541917,0.012550019865512537
2024-03-01,-0.001277335503174435,-0.0015045590009188882,0.0001450696979089783,0.0002960268357204441,-0.00022751196231178309,-0.0005661515968523258,-0.014081942578209774
2024-03-04,-0.0014852529401086063,-0.001764780642772574,0.0001450696979089783,0.0002960268357204441,-0.0002864969447991931,-0.000670119214294768,0.012190543974492641
2024-03-05,-0.0016587461085015073,-0.0018219241657777135,0.0001450696979089783,0.0002960268357204441,-0.0003148313424395999,-0.0007568408570598591,0.010639881497069285
2024-03-06,-0.0018854252732831305,-0.0020608451659547707,0.00012888353238881583,0.0002960268357204441,-0.0003839288174628064,-0.0008782724874506423,0.005603872396138335
2024-03-07,-0.001822189580789146,-0.0019973111562194253,9.782817783639805e-05,0.0002960268357204441,-0.0003884323719281779,-0.0008621761192629978,0.009362742689428603
2024-03-08,-0.0017909755233622329,-0.001963900181142966,-2.9003411597268804e-05,0.00030657191637174195,-0.00046268192396955646,-0.0009099580982086248,0.00588770542975256
2024-03-11,-0.0020691259153319216,-0.002188374723715386,-0.00021870972128822534,0.00030657191637174195,-0.0006501020504561852,-0.0011438474935597722,-0.006441427371328834
2024-03-12,-0.0020741718970481294,-0.0022118152165181795,-0.0001137426723292466,0.00030657191637174195,-0.000584798068429037,-0.0010939078377131485,0.011108556345670555
2024-03-13,-0.002287258119603537,-0.002351323810860463,-0.00017924605554509506,0.00030657191637174195,-0.0006716882850570957,-0.00123318094991567,0.017557084221359046
2024-03-14,-0.0032389856885962826,-0.0030392569548025336,-0.0003871435375850471,0.00030657191637174195,-0.001012605218974537,-0.0017131399846179775,-0.0017958549757335469
2024-03-15,-0.004530129033663516,-0.004474733883288071,-0.0019204021467091976,-0.0013827113439665994,-0.0025183333243905134,-0.0031974985052035873,0.009214249703755575
2024-03-18,-0.002681193955282802,-0.0026334139041867444,-0.0006520604225057441,5.575633515228657e-06,-0.0010942962960957946,-0.001642637940500846,0.007010037801182625
2024-03-19,-0.0027162942102847104,-0.0026289179107568503,-0.0006896050363159409,5.575633515228657e-06,-0.0011226023027423439,-0.0016591658384511189,-0.00088462686731033
2024-03-20,-0.002684818595773277,-0.00279328780020024,-0.0005246014305004339,5.575633515228657e-06,-0.001031851632994023,-0.0016046435685480329,0.004415329396384617
2024-03-21,-0.0024825395675239473,-0.0027396854056028516,-0.0005588073412593637,5.575633515228657e-06,-0.0010229916129614043,-0.001520627026431831,0.0
2024-03-22,-0.0024367616003393385,-0.002809890738957536,-0.0005841511575235569,5.575633515228657e-06,-0.0010433003423606937,-0.001510425753069223,0.010169418500486792
2024-03-25,-0.002186688503322835,-0.00261025039292358,-0.0010308326297109344,5.575633515228657e-06,-0.0012806528391834154,-0.0016086859398199958,-0.007529409707643731
2024-03-26,-0.002319196064209578,-0.002626506737513487,-0.001013673995958156,5.575633515228657e-06,-0.0012874441064684946,-0.001666340770409958,0.010316589011643326
2024-03-27,-0.0023081682551607282,-0.002499328527759934,-0.001107872347719082,-0.00032898648692293554,-0.001362214774204972,-0.0017079191454053837,0.010985782297846336
2024-03-28,-0.0032478059796271874,-0.003316172855207959,-0.0013666230576115561,-0.00032898648692293554,-0.001751918511945517,-0.002307080550128047,0.006431428348059922
2024-04-01,-0.003008627046009525,-0.0029974907441264295,-0.0020338593259039087,-0.00032898648692293554,-0.00211996323459548,-0.0025154384114600527,0.01938519053673864
2024-04-02,-0.003974165974598781,-0.0036956464129833696,-0.0023575771982957466,-0.00032898648692293554,-0.0025399787112000086,-0.003026456766837826,0.00016773498863251022
2024-04-03,-0.004248448327174584,-0.003910217681944291,-0.0026370275299681923,-0.00032898648692293554,-0.0027846089931139006,-0.003273470355127094,0.0035142383262746248
2024-04-04,-0.004704326545611586,-0.0043557222091036045,-0.003302910723264585,-0.0009167525206210013,-0.003389264541024943,-0.003829165181179413,0.013688163546503946
2024-04-05,-0.005092383987435662,-0.0046865260849177385,-0.004199456425666513,-0.0009167525206210013,-0.00406823294717924,-0.004442865850749165,-0.006779148559777191
2024-04-08,-0.0033110136008291952,-0.002920866622520772,-0.0029483285426307594,-0.0002833476483057812,-0.0027430153642218815,-0.0029345812091049034,0.005212365388395806
2024-04-09,-0.0028736802338439633,-0.0026195856134042564,-0.003354118017399331,-0.0002833476483057812,-0.0029176995986349673,-0.002746562876252951,0.0083820610082751
2024-04-10,-0.003188633371646105,-0.002746245771831306,-0.0033664774574694084,-0.0002833476483057812,-0.0029802502100226857,-0.0029672604025840653,-0.003360807687666409
2024-04-11,-0.003022554993910611,-0.0025547618459258498,-0.003646409920032754,-0.0002833476483057812,-0.0031192078009621687,-0.002788582462479189,-0.011727916604488351
2024-04-12,-0.00262719368247458,-0.0023452289985710865,-0.0035907223193393013,-0.0002833476483057812,-0.003007694824153599,-0.002486182151583211,-0.005748840360271611
2024-04-15,-0.0016933142223732782,-0.0015248631003397304,-0.0036670200289078566,-0.0002833476483057812,-0.002838375180513944,-0.001609099510209221,-0.008306373110254268
2024-04-16,-0.0014926496987171722,-0.0015376872247669167,-0.003886847760364452,-0.0002833476483057812,-0.002960347221446112,-0.0015151729787058479,-0.0005057436977655888
2024-04-17,-0.0006848988341955319,-0.0008267050205413755,-0.003874728256856655,-0.0002833476483057812,-0.0027623855555314225,-0.0007558611585099835,-0.0009276730669499868
2024-04-18,-0.0006048469484528475,-0.0006594117657908066,-0.004175357714525189,-0.0002833476483057812,-0.0029284512367604453,-0.0006321642461326369,0.011409488324607914
2024-04-19,-0.0014161496856448857,-0.0013458944390223808,-0.003943762515773271,-0.0002833476483057812,-0.0029635041592995653,-0.0013810312422992597,0.0056563291358578864
2024-04-22,-0.0010886919817755217,-0.0007911242450072712,-0.0037132582040161105,-0.0002833476483057812,-0.002700229267819063,-0.0009399842814296726,0.003890935960347955
2024-04-23,-0.0013525655668542797,-0.0008792432306589447,-0.0038625209442674654,-0.0002833476483057812,-0.0028415582255321816,-0.0011159881475185257,0.00016530986531268296
2024-04-24,-0.0015325860032955486,-0.0009907511462535806,-0.0038077355450997392,-0.0002833476483057812,-0.00284177644248917,-0.0012617402493762119,0.002310368254771922
2024-04-25,-0.0020174006658911663,-0.0014320550267625768,-0.003754992848378443,-0.0002833476483057812,-0.0029230601594795952,-0.0017247529835047923,-0.028168526016253997
2024-04-26,-0.0029461723084973235,-0.002333876621150761,-0.0036794242992912855,-0.0002833476483057812,-0.003102877043436234,-0.002639956460057173,0.014141649405623402
2024-04-29,-0.0017434392285566478,-0.001081642526966623,-0.0036045064407912836,-0.0002833476483057812,-0.002745475204966011,-0.0014125990853806824,-0.011517193675228398
2024-04-30,-0.0019424849768001446,-0.0012033672129583006,-0.003939095925491728,-0.0002833476483057812,-0.0030051635628988655,-0.0015729795331334627,-0.019121255664938996
2024-05-01,-0.0022018479511562417,-0.0014414521564913843,-0.004106700918026087,-0.0014591448655734735,-0.003285834596786695,-0.001830750124898999,0.0018082153541924392
2024-05-02,-0.0018900572130676739,-0.0010055031993281092,-0.004076767278786166,-0.0014591448655734735,-0.003171744353047099,-0.0016746975753852015,-0.002066818375863958
2024-05-03,-0.00179081432723649,-0.0009326873388251435,-0.003995024772040311,-0.0014591448655734735,-0.0030965875017567924,-0.0016250532777374203,0.006444691902746454
2024-05-06,-0.001949201191103832,-0.0010730177683534777,-0.0017596968544312194,0.00018540668681091055,-0.0015137758783025025,-0.0014162068921175952,-0.004980226127275254
2024-05-07,-0.0018886663739635754,-0.0010562053804778055,-0.001725505840410376,0.00018540668681091055,-0.0014818315992239013,-0.0013906961710329255,-0.0001722547096690941
2024-05-08,-0.0009511266698749748,-0.0002952382142315453,-0.0018992734794009197,0.00018540668681091055,-0.0013838698418955375,-0.0006232382767247983,0.01952409226675499
2024-05-09,-0.0009762708438716776,-0.0003638584724268851,-0.0013531773048585797,0.00026455114490453517,-0.0010297411154609796,-0.0006700211962092917,-0.004060900376341527
2024-05-10,-0.0013636982278525422,-0.00048744959395614933,-0.0013531773048585797,0.00026455114490453517,-0.0010924903995560029,-0.0009201307960336533,-0.0004239209980771211
2024-05-13,-0.0016538524514109405,-0.0008262457998579442,-0.0013531773048585797,0.00026455114490453517,-0.0011716270015615596,-0.0010896091063328428,0.0060521193297923956
2024-05-14,-0.0020728770380797094,-0.001107208206981274,-0.0013176312796762677,0.00026455114490453517,-0.0012353641276692505,-0.0012123963145669288,0.007703732187685224
2024-05-15,-0.0024796143324008844,-0.0012109366953893719,-0.0013176312796762677,0.00026455114490453517,-0.001297844096289204,-0.001264279585842242,-0.006005601181397546
2024-05-16,-0.0025685004643543913,-0.0011275769132790701,-0.0013176312796762677,0.00026455114490453517,-0.0012976578874161467,-0.0012226009279151099,0.014904900855010159
2024-05-17,-0.0025703560770431308,-0.0009964767132155468,-0.0013176312796762677,0.00026455114490453517,-0.001280768159055093,-0.001157053697142855,-0.008140671695299266
2024-05-20,-0.0023261436325636986,-0.0008327621917285975,-0.0013876848451386925,0.00026455114490453517,-0.0012760437193411283,-0.001110212650937681,-0.006933959023788998
2024-05-21,-0.002117982654614386,-0.0007878839398224268,-0.0013876848451386925,0.00026455114490453517,-0.0012451390146587947,-0.0010877567658917613,-0.0203151778739602
2024-05-22,-0.001482813141080996,-0.00043239068413820854,-0.0013176312796762677,0.00026455114490453517,-0.0010762793341877602,-0.0008749020116717144,-0.017206443362451272
2024-05-23,0.0002713564398038927,0.000690146602053658,-0.001324065336423909,0.00026455114490453517,-0.0007229108113209031,0.0002679499974903729,-0.0007931967525790256
2024-05-24,0.001153457523926871,0.0014143503467000942,-0.0013941189018863336,0.00026455114490453517,-0.0005682708582929775,0.0007088569424169558,0.01261626188225599
2024-05-28,0.0011936228011204316,0.001531295773960679,-0.0014232308703210044,0.00026455114490453517,-0.0005673013795951305,0.0007289569917175844,-0.010766424256956526
2024-05-29,0.0009860840530676615,0.001388380814069522,-0.0014064265916523405,0.00026455114490453517,-0.0005998866947895038,0.0006252061475131399,0.0031631715173155287
2024-05-30,0.000369968842422824,0.0009107595693645619,-0.0014064265916523405,0.00026455114490453517,-0.000736365292794894,0.0003172320878543161,0.028282941160523586
2024-05-31,-0.0016179453405039217,-0.0006128106540778816,-0.001350302636983612,0.00026455114490453517,-0.0011375571911870228,-0.0009814580519133713,-0.024255700768023473
2024-06-03,-0.0012298284383304868,-0.000345151021076048,-0.001535130788734912,0.00026455114490453517,-0.0011773645363794595,-0.0007874329185899723,-0.01567482788590386
2024-06-04,-0.000931790543228933,-0.0004717895186958029,-0.0014449484563286209,3.9116747198259994e-05,-0.0011195340085413264,-0.0007017903902998015,0.003986082109181443
2024-06-05,-0.000749689663895065,-0.000381776260340632,-0.001342526886687736,3.9116747198259994e-05,-0.0010185749515596544,-0.0005657595001027184,0.007486066389902677
2024-06-06,-0.0011496221322675416,-0.000452638291500364,-0.001395382082631099,3.9116747198259994e-05,-0.0011106756280286527,-0.0008010730317706612,-0.01076234634207004
2024-06-07,-0.001233542587997112,-0.0003235318990028027,-0.0011714163007094593,3.9116747198259994e-05,-0.0009567588187000201,-0.0007473765318311286,0.00292260270293546
2024-06-10,-0.0017603971986738158,-0.0005597859017496389,-0.0012123055608883877,3.9116747198259994e-05,-0.0010778579172570641,-0.000886038210552838,-0.008080014965236016
2024-06-11,-0.0015862578475486784,-0.0003923978008512506,-0.0013000721077636168,3.9116747198259994e-05,-0.0010927240681328299,-0.0008462027696715227,-0.01111617504192122
2024-06-12,-0.001328613949909467,-0.00020699819194799798,-0.0014312316083706683,3.9116747198259994e-05,-0.0011237038754921724,-0.0007677636579993496,-0.008055386164978412
2024-06-13,-0.0011835397293794758,-0.00023713014375653023,-0.0009354993873787218,3.9116747198259994e-05,-0.0007844495818105496,-0.0005863063830825175,-0.008487489647477975
2024-06-14,-0.0006340818203506269,-0.00024114465034269744,-0.0007138305527496764,3.9116747198259994e-05,-0.0005732087433252458,-0.00043751758344895,-0.006897559809693892
2024-06-17,-0.0008704492340268425,-0.0008204306659221289,0.0006167811484264716,0.0007336091667394315,0.0002609847864889328,-0.000101805081154964,0.009369143473932742
2024-06-18,-0.00021458570037196089,-0.00012750440800925948,0.0012887289153714215,0.0007336091667394315,0.00087186864281608,0.0003031731055674088,0.021346599583749334
2024-06-20,-0.0002949785123165474,-1.8120624136283613e-05,0.0002787135804030103,0.0007336091667394315,0.0002128210373809516,0.00013033623023689546,-0.008808997674167337
2024-06-21,-0.003716183252940335,-0.0033701027852126196,-0.003645681204170607,-0.0010970428734188272,-0.003383535870783417,-0.00350766940567365,0.02927126386070565
2024-06-24,-0.0008585588419164957,-0.0002894229845786091,-0.0013136716175416424,3.9116747198259994e-05,-0.0010006592219996557,-0.000574018790168736,0.002801920870900888
2024-06-25,-0.0018155614787189465,-0.001108806096638538,-0.0010882344350765657,3.9116747198259994e-05,-0.0010746374640533529,-0.0010985173996750357,0.00034962036591059683
2024-06-26,-0.001939647900663773,-0.0013901939518800646,-0.0009170335612766138,3.9116747198259994e-05,-0.0010138072470247366,-0.0011535726334743997,0.004273707752978612
2024-06-27,-0.0023611946149290214,-0.0018278679347969171,-0.001088019425224942,3.9116747198259994e-05,-0.001234010309552265,-0.001457882502586552,0.0019128866199147466
2024-06-28,-0.0029387256128567793,-0.0024416462123889038,-0.0015594257344528205,3.9116747198259994e-05,-0.0016933672967650122,-0.0020004414263951028,-0.0013909200739603631
2024-07-01,-0.0009017541225653204,-0.0007495740547041926,-0.0012353551240422754,3.9116747198259994e-05,-0.0010144622873368941,-0.0008256207518223159,-0.006808005301217973
2024-07-02,-0.00035415406777590893,-0.00028075518321847505,-0.0007959077381800934,3.9116747198259994e-05,-0.0005986280930011024,-0.00031746689705558766,0.005066851730013154
2024-07-03,0.0004046649089554906,0.0005198974987799785,-0.00015423839090510425,2.3209153403212693e-05,1.7345886517148066e-05,0.00021390355080603418,-0.01218620129522934
2024-07-05,0.0003779902265056119,0.00022432024854777423,-5.436391764201475e-05,0.00018009069222485707,5.562247852617233e-05,0.0002021870019541512,-0.010552058518289142
2024-07-08,0.0009931298015084114,0.0006229335287176072,-3.9126607552745666e-05,0.00018009069222485707,0.00019168248806706329,0.00040155667789521394,-0.011115248503170243
2024-07-09,0.0018434610970501073,0.0009652299619547875,-3.9126607552745666e-05,0.00018009069222485707,0.00033867823984231205,0.0005727730759929973,0.008794837644440324
2024-07-10,0.0023026362501520664,0.001179404298066225,-0.00010577262996573452,0.00018009069222485707,0.00037809337305521945,0.0006798589571682449,0.011813403928229792
2024-07-11,0.00196871120080009,0.0008831161571574541,-0.00010577262996573452,0.00018009069222485707,0.00029923886617544285,0.0005317132008911596,0.0001766233508880301
2024-07-12,0.0015979570987609058,0.0005958072529505716,-0.00010577262996573452,0.00018009069222485707,0.0002171250663307529,0.0003880452121121029,0.01698213714650554
2024-07-15,0.0009757365552476209,0.0001988259810715208,-0.00010577262996573452,0.00018009069222485707,9.043809413718381e-05,0.00018946899473415917,0.007178519528895898
2024-07-16,0.0002335521710173358,-0.00027550498648080805,-0.00010577262996573452,0.00018009069222485707,-6.078004768808799e-05,3.707424837582871e-05,0.013694059847993796
2024-07-17,-0.0008123220833092049,-0.0008809755606095564,-0.00018842938521122603,0.00018009069222485707,-0.0003199686840986482,-0.0005002656913216792,0.009812381017286383
2024-07-18,-0.0014824806066030607,-0.001390865975001962,-0.000552874839137839,-0.0002146383415238706,-0.0007429722088268839,-0.0009717912879665595,-0.02324805490647564
2024-07-19,-0.0017377235657753919,-0.0018269418211409813,-0.0003239940553781479,2.3209153403212693e-05,-0.0006583164140476854,-0.0010307977959172444,-0.006916275151406668
2024-07-22,-0.00149870681910763,-0.0015829591605853713,-0.00023781485866928342,0.00018009069222485707,-0.0005266390017325675,-0.0008681803198022542,-0.016267552670875304
2024-07-23,-0.0005535257513080601,-0.0008094625498519558,-0.00015968049794315753,0.00018009069222485707,-0.000260604552588083,-0.00035657887780196824,0.014009482296546638
2024-07-24,-0.0006157376819775555,-0.0007528741433018846,-0.00022304928042694201,0.00018009069222485707,-0.00030234123969809343,-0.000419303932749027,0.020823360185881754
2024-07-25,-0.0009213831538886085,-0.0007776315028564559,-0.00025336382030661565,0.00018009069222485707,-0.00036226796150441135,-0.0005154087343416193,-0.0008519864017597404
2024-07-26,-0.0006826806136907022,-0.0003845087675178971,-0.00017356789522632071,0.00018009069222485707,-0.00022979907471872802,-0.0002790256115436582,-0.010538574276094309
2024-07-29,-0.00027511670041335687,-0.00029152136221002856,-0.00017356789522632071,0.00018009069222485707,-0.00016862171864412623,-0.00022412350067315862,0.01767232372696678
2024-07-30,-0.0005629796627503901,-0.0007678296230928829,-0.00017356789522632071,0.00018009069222485707,-0.00026543259392325434,-0.00036822725760726494,0.0035479471193648813
2024-07-31,-0.0009101208151872453,-0.0014739541703816447,-0.0002369366777101053,0.00018009069222485707,-0.00044101263967381523,-0.0005735545654957439,-0.013925653699886253
2024-08-01,-4.5918224655889855e-05,-0.001412201466633912,-3.806637124324676e-05,0.0001963389392512549,-0.00019680017776140392,-4.2000691322238975e-05,-0.0005987557729159332
2024-08-02,8.59137393439209e-05,-0.001526753167135337,-2.2153713068977403e-05,0.0001963389392512549,-0.00018543484678233143,3.17544476906185e-05,-0.018217731491832947
2024-08-05,0.0008419768508866694,-0.0008188325773872318,-0.00017521209065605726,0.0001963389392512549,-0.00010262581254147635,1.0563646859439331e-05,-0.005328981868924625
2024-08-06,0.001165868307062632,2.273962831437766e-05,-0.00010352152023372234,0.0001963389392512549,9.330526240272627e-05,0.00010967048984131654,0.013226741739687702
2024-08-07,0.0008949779914280778,0.00031043689974668003,-0.00029386323118985833,0.0001963389392512549,-2.680310306336903e-05,0.0002533949972754585,0.018924167487745867
2024-08-08,0.00012194740315853701,-7.457671367595993e-05,-0.0003055313786570979,0.0001963389392512549,-0.00017774063933314213,2.3590987703173616e-05,0.008110191873543605
2024-08-09,-0.0006759068054019519,-0.00048512895916660013,-0.0002526989008337867,0.0001963389392512549,-0.0002926171315074896,-0.0003688468495680755,0.0012613441386407401
2024-08-12,-0.0012434718619880826,-0.0008568137569064233,-0.00012516297572966536,0.0001963389392512549,-0.00032562545953647686,-0.0004910036269872966,-0.009625932474545112
2024-08-13,-0.001063947786912626,-0.0010878576839440113,-0.00012516297572966536,0.0001963389392512549,-0.0003341835945514703,-0.0005944545193812345,0.009205683103525928
2024-08-14,-0.000618690116092783,-0.0011751053675615848,-0.00012516297572966536,0.0001963389392512549,-0.0002919975710755977,-0.0003719728905775837,0.006167423838585989
2024-08-15,-0.0003347637395800169,-0.001178680014154261,-0.00012516297572966536,0.0001963389392512549,-0.000258301276206853,-0.00023002109337633733,-0.004727763251185413
2024-08-16,-0.0001987111203400969,-0.0011887317764813397,-7.22430694583354e-05,0.0001963389392512549,-0.00020847090796655715,-0.0001355356917593324,0.0030417990159501336
2024-08-19,-0.0004915062197079669,-0.0012198813825395575,-0.0001592800130956079,0.0001963389392512549,-0.00030495653850766137,-0.0003254462124062347,-0.033892807259064905
2024-08-20,-0.0006074685250597241,-0.0010543420253529693,-0.00016925332112431137,0.0001963389392512549,-0.00030385419185149,-0.0003883778485199668,-0.006391518788424776
2024-08-21,0.0002850765005182204,-0.00015383060136965935,-0.00015646972332709793,0.0001963389392512549,-7.051350950495523e-05,2.1341923386245658e-05,0.007699813220753708
2024-08-22,0.0007383137530786743,0.00018507859703666293,-0.00015646972332709793,0.0001963389392512549,2.826050038399523e-05,0.00019071219330418104,0.013763443990418317
2024-08-23,0.0005310962235796914,8.61171104179785e-05,-0.00015646972332709793,0.0001963389392512549,-9.59037337757351e-06,0.00014124702506163582,0.021180532226222872
2024-08-26,-0.0006550367599490686,-0.0006736511023010679,-0.0001317437793335602,0.0001963389392512549,-0.00023523826572138993,-0.000393245467507676,-0.009556445769746931
2024-08-27,-0.0006115069620469132,-0.0005468602650048873,-0.0001592800130956079,0.0001963389392512549,-0.00023154342796604185,-0.0003529422954750146,-0.009906184183447407
2024-08-28,-0.0006111495652016063,-0.0008511541044498897,-8.879718109093363e-05,0.0001963389392512549,-0.00022490874910570868,-0.0003499590282292796,0.013722752327944357
2024-08-29,-0.0006091918273562746,-0.0008699189886527416,1.733989010743845e-05,0.0003597916959879104,-0.00014233366009908083,-0.00029590348482115786,-0.0016095787063511902
2024-08-30,-0.0012075760143008085,-0.0015231289150221014,1.733989010743845e-05,0.0003597916959879104,-0.00029959905609398477,-0.0005951124348864626,-0.021165298561871285
2024-09-03,-0.0010748580295345729,-0.001616465965728928,-1.1856420368054347e-05,0.0003597916959879104,-0.0003149977274020691,-0.0005433874358417776,-0.012286184491499158
2024-09-04,-0.0005321153911579287,-0.0008963125173992764,9.485988254128159e-05,0.0003597916959879104,-8.55686151124183e-05,-0.00021865416200464463,-0.007833473674418815
2024-09-05,-0.0008547932445805156,-0.0009553244015072545,-1.8719307330929912e-05,0.0003597916959879104,-0.00020672696565901893,-0.00043667190903610775,-0.004694279873090678
2024-09-06,2.2006569209430545e-05,7.94258341657155e-06,-4.830327459768587e-05,0.0003597916959879104,5.072383242650107e-06,1.5021933192250058e-05,0.02082223320025336
2024-09-09,-0.0008492770255685108,-0.0006063822393063171,2.6665946970775117e-05,0.0003597916959879104,-0.0001306931275547597,-0.000289832423342711,-0.037111849475086986
2024-09-10,6.3307515351372e-05,-0.0001663603843207613,-0.0005450589992189105,0.00013614473213384928,-0.0003597062768033244,-5.165975389259493e-05,-0.009975503990225919
2024-09-11,0.0008876105108037625,0.0003538366089325643,-0.0005634653667663586,0.0007810710339385704,-0.00014533550202565896,0.0005672863334542319,0.013668440482367811
2024-09-12,0.0010596270077312614,0.0006489705051855644,-0.0004952944355584759,0.00013614473213384928,-0.00010069890594255495,0.0003925218390984072,-0.0007194824392454583
2024-09-13,0.0013624235629579695,0.0008570198367363552,-0.000212232706790709,0.00013614473213384928,0.00014888390856947643,0.0004966138071029018,0.01393744671795815
2024-09-16,0.0005819883358232969,0.00015028985669760967,4.0545279236501176e-05,0.0003597916959879104,0.0001494121540766128,0.0002551005911736444,0.01295805208867961
2024-09-17,-0.00018900954922560214,-0.00033802907985653637,8.947650877174484e-05,0.0003597916959879104,2.5052519340724536e-05,-4.971584184172571e-05,0.0034970856988107606
2024-09-18,-0.0011448305588610428,-0.0008373395360348093,0.00013261930278441272,0.0003597916959879104,-0.00012678379310787364,-0.00035238105811416276,0.012316941511691019
2024-09-19,-0.0020259134540374984,-0.001216348360281045,1.1217007791067238e-05,0.0003597916959879104,-0.0003620419248660797,-0.0006026329586127915,-0.006313030167106806
2024-09-20,-0.004902311570679771,-0.003798723497707828,-0.0023538253836586113,-0.0013808603512668566,-0.002759493151220201,-0.003076285243223487,0.017968996610665706
2024-09-23,-0.002836884928532877,-0.001972665386599122,-0.00019609535752187403,0.000297474000865573,-0.0007003022499362388,-0.0010844235219870406,-0.002644948180163506
2024-09-24,-0.0022386503209348664,-0.001473976652896516,-0.00011994609804482308,0.00011254671617300213,-0.000530216007921647,-0.0007970468255077705,-0.01967115234772018
2024-09-25,-0.0015408646879161974,-0.0009812245862451364,8.534070492778645e-05,0.0003597916959879104,-0.00022428315185119225,-0.0004479966337114839,-0.017313658645830163
2024-09-26,-0.0003817276339055303,-0.00027709590611875527,-1.0113981353907485e-05,0.0003597916959879104,-5.562020522781201e-05,-0.0001435003873199836,0.02642081097018659
2024-09-27,0.0005065785937111563,0.000518174940960638,-1.661614095964035e-05,8.313151289072417e-05,0.00012532845086059253,0.0002947813359535866,0.012015270424362552
2024-09-30,0.0008261012251717615,0.0008491582023658922,-3.161556467512191e-05,8.313151289072417e-05,0.00019712319737240315,0.00045456855293906127,0.022855743741201764
2024-10-01,-0.00024669141050498444,-6.376960907340898e-05,-0.000603637538439658,-8.724306753942481e-05,-0.0004426726438835787,-0.0001671667147835931,0.01317059249244022
2024-10-02,-0.0004093263283107282,-5.218725422367692e-05,-0.000982306550299896,-8.724306753942481e-05,-0.0007095422903165907,-0.0002484824504542492,0.008685065764627839
2024-10-03,-0.0010670796842466492,-0.0007453723367359069,-0.0014631168459669052,-8.724306753942481e-05,-0.0011950962461546324,-0.000906188731966601,0.018188982311079432
2024-10-04,-0.0020781856114632617,-0.001679050842924452,-0.0016417599323649966,-8.724306753942481e-05,-0.0015560135908869051,-0.001660388668531942,0.004316512894947418
2024-10-07,-0.0019470076276556668,-0.0020217687404274973,-0.001469695835972348,-0.0002705932618216181,-0.0014887888700906326,-0.0017081483540183316,-0.026920471953629597
2024-10-08,-0.0008811805811854822,-0.001548426334247381,-0.0010691465543273542,-8.724306753942481e-05,-0.0010186871042526682,-0.0009751378013311855,0.0004095186274237753
2024-10-09,-0.00014408468398004366,-0.000896695057769105,-0.000980959409237193,-8.724306753942481e-05,-0.0007869791951796985,-0.0005204038768739438,0.008563456932619855
2024-10-10,-0.00014438884607104706,-0.0005114492976264364,-0.0009535123792461098,-0.0002705932618216181,-0.0007355748070006342,-0.00039112286100495645,0.003809524342812557
2024-10-11,-0.0003507196700417341,-0.0003795789858471915,-0.0008176317035494435,-0.0002705932618216181,-0.0006539042645313784,-0.00036520737742953146,0.0037951294730271044
2024-10-14,-0.0007247321133764086,-0.0005171791529649559,-0.000528040639828096,8.313151289072417e-05,-0.0004940180547887529,-0.0005225995839607168,-0.030522418532726817
2024-10-15,-0.0004914530734327727,-0.0005917842973568378,-0.0003853577990196387,8.313151289072417e-05,-0.0003819347874531664,-0.00043830490181165805,0.002572581323600782
2024-10-16,0.0005997088504592473,0.0002559889032320619,-0.0007610789939128091,8.313151289072417e-05,-0.0003868556291708564,0.0001695127745738278,-0.0025725813236008557
2024-10-17,0.0006417254941205978,9.711089190718957e-05,-0.0008256651415086176,8.313151289072417e-05,-0.0004449767464408758,9.011836361068279e-05,-0.0028290651862884634
2024-10-18,0.0002517832238777334,-0.0004900177513802426,-0.0008065708330388636,8.313151289072417e-05,-0.0005559895881215215,-0.00020349279715656016,0.0005831415499531458
2024-10-21,0.0006135348852369885,-0.00043449850131969915,-0.0005707932858053148,8.313151289072417e-05,-0.00035029254618231453,-0.00017557389285577713,0.005149892639700921
2024-10-22,0.0001650291918853207,-0.000630563114266953,-0.0005707932858053148,8.313151289072417e-05,-0.00042985119991637087,-0.00024381836151763926,-0.0035689117117160716
2024-10-23,-0.0005055173651939654,-0.0008841102754490816,-0.0005707932858053148,8.313151289072417e-05,-0.0005436299156031734,-0.0005381353829551398,-0.005670001218061077
2024-10-24,-0.0015554482118224286,-0.0015003784985081758,-0.000565303062731225,8.313151289072417e-05,-0.000746797202657553,-0.0010326973550162483,-0.0008364673753540529
2024-10-25,-0.0022860207083356537,-0.0019331274893881908,-4.943105662852041e-05,0.0002623194234352523,-0.000535727240288066,-0.0009912861316283517,-0.004949933502286798
2024-10-28,-0.0025419849902452696,-0.0021955531044850944,-5.561763877839081e-05,0.0002623194234352523,-0.0006048460916111745,-0.0011255897671716172,-0.013718568975623931
2024-10-29,-0.0028286050268302083,-0.002453183795116897,-0.00039923789953477765,0.0002623194234352523,-0.0008987458519923068,-0.0014261737159017675,-0.005043378398203785
2024-10-30,-0.0023447213714896673,-0.0020138949848263377,-0.00041258393840802826,-0.0003456509567166049,-0.0008479272865836308,-0.001213298695036532,0.0007710030644648429
2024-10-31,-0.0031463115254748526,-0.002762700056649191,-0.0005459339055673817,-0.0003456509567166049,-0.0011297419773486827,-0.0016543459533656431,-0.015794658772111978
2024-11-01,-0.0018189909218918122,-0.0017687274290941399,-0.0006485470225464991,-0.0007380730946925044,-0.0009438426061673317,-0.0012533845700913914,0.031343589531327154
2024-11-04,-0.0007469835740851274,-0.0006625111319558999,-0.0003569876738655245,0.0002623194234352523,-0.00038677400149158154,-0.0005095924146971938,0.0029465725370225646
2024-11-05,-0.0009089375488632414,-0.0006605968382189017,-6.661050507617259e-05,0.0002623194234352523,-0.00021521222988939853,-0.00036358046066775867,0.01700321333762624
2024-11-06,-0.0026437661784150545,-0.0021721152508206005,-0.0001740121173634408,0.0002623194234352523,-0.0006918269839672124,-0.0011730686337485423,0.0012389221015173771
2024-11-07,-0.0019218627679853638,-0.001505256919221632,-4.9055178676238055e-05,0.0002623194234352523,-0.0004358120901756336,-0.0007771753355586289,-0.0003302847113040911
2024-11-08,-0.0018288891617424241,-0.001707469244198755,-4.9055178676238055e-05,0.0002623194234352523,-0.00045102075017255114,-0.0008782218838419933,-0.005298414721090821
2024-11-11,-0.0012057837111369492,-0.0015285242514098667,-5.9998915503091485e-05,0.0002623194234352523,-0.0003598792202870358,-0.000632891405237372,-0.0009966501895709988
2024-11-12,-0.0008083082796414918,-0.001251490651421629,-5.9998915503091485e-05,0.0002623194234352523,-0.00027589150081315896,-0.0004341801106858906,0.009263196348298055
2024-11-13,-0.0006872110294732037,-0.0010856308036034652,-0.00010750325571637606,0.0002623194234352523,-0.00027088416375485634,-0.0003973635239807754,0.0006637392213605643
2024-11-14,-0.0005108884611455123,-0.0007998719527293613,-3.806231237845625e-05,0.0002623194234352523,-0.0001667396090070391,-0.00027447208197297604,-0.010422375241856982
2024-11-15,-0.0010531514723352098,-0.0011025162764453002,-0.00014679116584262193,0.0002623194234352523,-0.00034293436761379426,-0.0005998616765705001,0.008346597747615089
2024-11-18,-0.00032914012190786494,-0.00046196541365826205,-6.026935070074376e-05,0.0002623194234352523,-0.00011535449502761677,-0.0001946300476641992,-0.014062353346674564
2024-11-19,0.00025643634399536943,-1.2824023641207682e-05,-3.806231237845625e-05,0.0002623194234352523,2.8323626059421095e-05,0.00012177582639132495,0.014145462110982882
2024-11-20,0.00046919285859846105,8.874321162509257e-05,-3.806231237845625e-05,0.0002623194234352523,6.718110593639452e-05,0.0001755723816628455,0.01329224407119818
2024-11-21,-0.00014509780899656463,-0.00043493333938768867,-5.40827685508734e-05,0.0002623194234352523,-8.56163221819305e-05,-9.958582257948332e-05,-0.001148834285823514
2024-11-22,-0.00022550948552509337,-0.0005129089939794548,8.347338282300244e-05,0.00025097256366268854,-1.6130587720104662e-05,-7.106406334561046e-05,-0.015056526602531968
2024-11-25,-0.0014551153744917266,-0.0017583935974496065,8.409520368505542e-05,0.0005061717671177369,-0.0003027533186077297,-0.0006854888361596162,-0.016811357434535112
2024-11-26,-2.8388402870810022e-05,-0.00043045792044920105,7.747812748310122e-05,0.00025097256366268854,1.4410969602334124e-05,2.4494395405531677e-05,-0.0026312389955113246
2024-11-27,0.00036358896281203765,-2.0133066230697716e-05,8.548079166214483e-05,0.00025097256366268854,0.00012039447898119656,0.0001682321753684725,0.0025464746105968543
2024-11-29,0.00023423646262887138,3.784877203027282e-05,3.928229411508387e-05,0.00025097256366268854,8.204323205570347e-05,0.00013679346709323788,-0.0009330133870018489
2024-12-02,-0.0007605247818284604,-0.0004005181062345348,6.2010974675799e-05,0.00025097256366268854,-7.993683854203716e-05,-0.00016930766421016156,-0.0015284807224473008
2024-12-03,-0.0007004442727215578,-0.00023922337142811444,3.6970632212438664e-05,0.00025097256366268854,-6.810666406918537e-05,-0.00010118815517919409,-0.029232527207407984
2024-12-04,-0.0012859351605710133,-0.0007591796157306143,2.3819988532233064e-05,0.00025097256366268854,-0.00021506751393021674,-0.00036774727009309023,0.004365675552380794
2024-12-05,-0.0006344725476173562,-0.00020360878533739443,-0.00013874710896899379,0.00025097256366268854,-0.0001709790374142307,-0.00017118120195218912,-0.010597859570396736
2024-12-06,-0.00081320063463518,-0.0004821855187269896,-7.946256370989911e-06,0.00025097256366268854,-0.00014290225120260996,-0.0002450868327608265,-0.005916936483806072
2024-12-09,-0.000849082230276879,-0.0006556630839353462,0.00012826627463417367,0.00025097256366268854,-8.03628784206388e-05,-0.0002637251793948428,-0.00203925862266259
2024-12-10,-0.0013359883396865313,-0.0010461031082596274,3.788962851110134e-05,0.00025097256366268854,-0.00024929850345562524,-0.000504126390427234,-0.00667889652834456
2024-12-11,-0.00258950423757469,-0.002085843621183788,0.00037648469857291746,-2.1869676710107238e-05,-0.0003384862484754335,-0.001053871221281345,-0.0008938948325359434
2024-12-12,-0.0011406605499108672,-0.0005822215187023421,0.002899442686232218,0.0013304975824197476,0.0018143955763122153,0.00037422194728296143,-0.00880273022373967
2024-12-13,-0.0011525371973149148,-0.0006439381194004326,0.002159677549828373,0.0002921610415806941,0.0012232306603491441,-0.0001757844432808517,-0.021614035391097318
2024-12-16,-0.0015594098551023178,-0.001275195882930506,0.012724031514285907,0.007033914513590209,0.00865413594374843,0.002879512354957839,-0.004249779072615442
2024-12-17,-0.0010042121812609195,-0.0010129403212866311,0.01174460776012709,0.005839092209674157,0.00800161169589094,0.0024176274312149434,-0.014830365934519005
2024-12-18,-0.000760842815049013,-0.0007166644263197246,0.0011628515957241687,0.0003282787676962423,0.0006092063172685153,-0.00019403056423133536,-0.008587714510728135
2024-12-19,-0.00045839661935209903,-0.0005787081869431099,-0.004752318036688141,-0.0018406761353780298,-0.003422784823737521,-0.0012099113919636297,0.0034061476010628397
2024-12-20,-0.0015599544064300486,-0.0017486561381029875,-0.005020340239222047,-0.004555615522013414,-0.004134122872308079,-0.00315217166288379,0.004053409888485316
2024-12-23,0.0001956951514623473,-0.00010736423083874442,-0.013473196599905223,-0.0052992754259074204,-0.009331238269335504,-0.0027035284577676235,0.0009402192134283806
2024-12-24,0.00021954220967528048,-5.7352835771035864e-05,-0.021301162653060386,-0.018291588677291883,-0.01566159511366229,-0.009174529505291535,0.000845514409399046
2024-12-26,-0.000511349890451297,-0.000623736725323672,-0.022205913366635407,-0.018291588677291883,-0.01641795688166521,-0.009457742709386086,-9.390271735987336e-05
2024-12-27,-0.0008641637606192412,-0.000970724404726786,-0.022205913366635407,-0.018291588677291883,-0.016505702151525026,-0.009631237895319509,-0.006784783820399979
2024-12-30,-0.0008631227360349776,-0.001111033207741318,-0.01449811575447642,-0.006168868086153128,-0.010343161269981398,-0.0036401662439306745,0.025874350703238874
2024-12-31,-0.0005040088856257559,-0.000741834876053552,-0.020860266976395564,-0.015291551073004252,-0.015272085931126125,-0.008016806670813788,-0.0024199764188478044
2025-01-02,-0.00043132305989323724,-0.0007068253919980932,-0.01075827069285007,-0.009516724537119613,-0.008089336662203649,-0.005111818226301548,0.005112276379750555
2025-01-03,-0.0005958001178738355,-0.0007877214423014016,-0.009054546290988329,-0.006007739592875045,-0.006677140872446551,-0.003397869049588312,-0.0011131981430772982
2025-01-06,-0.000381420258573049,-0.0005981270080509778,-0.006374968319652669,-0.002677292909938707,-0.004559283893063975,-0.0016379094917731427,0.009330772544051139
2025-01-07,0.00024102302479484688,-2.270402482553417e-05,-0.006110981631293293,-0.003205542334894992,-0.0042844557339989636,-0.0016142800554280628,-0.0168772523462511
2025-01-08,0.00022388157828297076,-0.0002289764250112477,-0.005147658910909963,-0.003205542334894992,-0.003680471397947853,-0.0017173633554766203,-0.0036539075404160327
2025-01-10,0.001414994758513393,0.000608623212343124,-0.002914981290824096,-0.0009182545447879091,-0.0017501948058384874,-0.00015489158385567512,0.025484397983501546
2025-01-13,0.0019146887366988474,0.0011070899645471127,-0.0038096303558708567,-0.0009182545447879091,-0.002212852156424476,9.431224898849458e-05,0.003926769129395355
2025-01-14,0.0023315380996218656,0.0015626889676381758,-0.00011069539852174492,0.00021382177148627235,0.000431473567229563,0.0008883214841716336,0.01618261493954665
2025-01-15,0.0017950371197090105,0.001191568853859295,3.163307248483668e-05,0.00021382177148627235,0.00041199644338745406,0.0007027837176731643,-0.0017053582183080168
2025-01-16,0.0015830154248680595,0.0010076472261317231,-9.820475928137913e-05,0.00021382177148627235,0.0002771645510444181,0.0006107855716823324,0.008943003644218237
2025-01-17,0.0004903322696709542,-9.456092722656819e-05,-0.0003789937242381195,0.00021382177148627235,-0.00018268442172280204,5.962803385614444e-05,-0.007596430207991501
2025-01-21,1.2565009225660572e-06,-0.0006199034926542253,-0.0003574677299527422,0.00021382177148627235,-0.00029596235366837446,-0.00017812365061521364,-0.017557034161753787
2025-01-22,0.00045812410068150834,-0.00030238384911622165,-0.0002576611888647625,0.00021382177148627235,-0.00013396350725574665,-2.1815016256743124e-05,0.005644613910353605
2025-01-23,0.0006419228499292406,-0.00024672474892871015,-0.0001440918878131647,0.00021382177148627235,-2.9959672696279244e-05,3.498116646433877e-05,-0.013619312275251226
2025-01-24,0.0007934320932117033,-7.661157225528719e-06,3.972911662893314e-05,0.00016849700300899557,0.0001360867863919052,0.0001042944257345194,0.013800835905870659
2025-01-27,0.0007413913389046844,0.0001738657201657971,-7.651382033153754e-08,0.00016849700300899557,0.00012736530151565104,0.00017118872831085202,-0.019523073333326393
2025-01-28,0.0008979978229653337,0.0003312184705511802,2.3222282853158083e-05,0.00016849700300899557,0.0001820575137049494,0.00024995213722531527,0.005814212826699237
2025-01-29,0.0010756348318041028,0.0005927909472074795,4.492640486914515e-05,0.00016849700300899557,0.0002518365604586469,0.00038075514731287916,0.008247861407008335
2025-01-30,0.00027576181746692604,7.455121555711747e-07,3.5014321622707484e-05,0.00016849700300899557,7.179847917672462e-05,0.00010184644298878622,-0.025324808534400986
2025-01-31,0.0004418816279848576,-0.0001089769906615909,-3.1447915165359466e-06,0.00010496863902012306,4.65416288495623e-05,5.099318386178695e-05,0.0024307651185372105
2025-02-03,0.0011062301989330685,0.00035141073413043285,6.374110999757534e-05,0.00016849700300899557,0.00023637224010258833,0.000260093396790164,0.026447086754816232
2025-02-04,0.000907841961389595,0.00031197404716121793,3.5014321622707484e-05,0.00016849700300899557,0.00018847816244263818,0.00024033462255857276,-0.000727818740164898
2025-02-05,6.241043028562201e-05,-0.00025180411352894856,3.5014321622707484e-05,0.00016849700300899557,1.3161123935438367e-05,4.86787693203864e-05,-0.013284029932290142
2025-02-06,0.0002123344446345985,-0.00027852017351235827,3.5014321622707484e-05,0.00016849700300899557,2.771310116687731e-05,0.0001016014506849533,0.004233386454171008
2025-02-07,0.0002432350292701151,-0.00015112776531213287,3.5014321622707484e-05,0.00016849700300899557,4.806016532816016e-05,0.00010167958438522516,0.0189217127600134
2025-02-10,-0.0006523014573324346,-0.0007933753522523987,3.5014321622707484e-05,0.00016849700300899557,-0.00014352856655648713,-0.00030864685185623734,0.006288171547914765
2025-02-11,-0.0010622790520025808,-0.0010751212291117203,3.5014321622707484e-05,0.00016849700300899557,-0.00022963569648277307,-0.0005135867336904319,-0.039453566949951537
2025-02-12,-0.0009790504751718333,-0.001354970350878433,-7.8169568272421e-05,0.00010496863902012306,-0.00033637022299245697,-0.0005286609152759664,0.007239671445971145
2025-02-13,0.0002202918227176103,-0.0006784607722208384,1.331019960672039e-05,0.00016849700300899557,-3.779636088111354e-05,9.071846889081301e-05,0.0010167825697733647
2025-02-14,0.000798148011101145,-0.00026424387616413614,1.331019960672039e-05,0.00016849700300899557,8.580238452671008e-05,9.095065272475795e-05,0.01740131416625946
2025-02-18,0.0008247879979100176,-0.0002856453976468654,-7.8169568272421e-05,0.00010496863902012306,2.0256248544726294e-05,1.3479854667709717e-05,0.0014516756345136468
2025-02-19,0.0016507364481594781,0.0004011010322467269,2.256508361650882e-05,0.00016849700300899557,0.0002813195781766819,0.00028494115261826046,0.015294917367842952
2025-02-20,0.0008103817812671922,-0.000376869268875496,1.331019960672039e-05,0.00016849700300899557,7.257297441919528e-05,9.092932783654338e-05,-0.011765347841312909
2025-02-21,0.0007013661371817644,-0.0005289088627217114,2.256508361650882e-05,0.00016849700300899557,4.569069791949137e-05,9.552942477162685e-05,0.005226126546566616
2025-02-24,0.0007731417138001768,-0.0004612283905094649,-1.693089423079446e-05,0.000253232603590199,4.501154984756905e-05,0.00011816192214557528,-0.013936816404971842
2025-02-25,0.001364702783000835,-0.0003632344532785624,-1.693089423079446e-05,0.000253232603590199,0.0001289815388457754,0.00011822321338382425,-0.0024636562436400815
2025-02-26,0.0019083363001032162,-0.00011219961937931607,-1.693089423079446e-05,0.000253232603590199,0.0002271617383284261,0.00011834312142695131,0.006283909749351914
2025-02-27,0.0014356388236625604,-0.00037049090340197943,-1.693089423079446e-05,0.000253232603590199,0.0001365695727524933,0.00011822422760556532,0.010655693086618623
2025-02-28,0.000978259862332585,-0.0006042907997849159,-7.285910769871891e-05,0.000253232603590199,1.426866998018306e-05,9.02079684159601e-05,-0.032592228261633535
2025-03-03,0.0016944919460881985,0.0002180017419314066,-0.00011671844352117035,0.000253232603590199,0.0001789661408770724,0.00023563650691007845,-0.0020436720311758617
2025-03-04,0.001985938291974026,0.0005534476540930009,-0.00012842194368157254,0.000253232603590199,0.00025013084671804354,0.00040341924024188684,-0.01972078598624107
2025-03-05,0.002526519042930736,0.0008059170611919279,-6.111026023062038e-05,0.000253232603590199,0.00039235960865988405,0.0005297013570817683,0.020464435673728465
2025-03-06,0.0035163867989780996,0.0018177994925551513,0.0001533188979060358,0.000253232603590199,0.0007844437871881267,0.001035694432204479,0.012924791261843292
2025-03-07,0.0025183315340839537,0.001337676677153214,0.0001412801271288681,0.000253232603590199,0.0005937720926836995,0.0007956181167170287,0.025180267173351433
2025-03-10,0.0011783402017499804,0.0005728241861132328,3.053101062787166e-05,0.000253232603590199,0.0002599309489986201,0.00041310806302640715,-0.023896858629353854
2025-03-11,0.0013509106214101485,0.0007455392711579509,6.292094412525917e-06,0.000253232603590199,0.00028731359618743707,0.0004994613132036321,-0.0002749224312113979
2025-03-12,0.0019096863289497891,0.0011635055418082003,9.81069392954533e-05,0.000253232603590199,0.0004694348997647781,0.0007084864387671762,-0.004224056731934028
2025-03-13,0.0018753711637544569,0.0011578721085384871,0.00026094448092609944,0.000253232603590199,0.0005715666234606155,0.0007095858254243187,0.029289878728892688
2025-03-14,0.0013972809551216102,0.000977239136404317,2.8414755985226625e-05,0.000253232603590199,0.0003376738537531457,0.000615285839289787,0.016485355879354652
2025-03-17,-0.00012412928581008356,7.816755542378983e-05,-2.970004903671726e-05,0.000253232603590199,-9.317697284382875e-07,2.4283220614487105e-05,-0.0010554332182626702
2025-03-18,-0.0003875298754101056,-1.9227170987655808e-06,0.00021514122924818347,0.000253232603590199,0.00011779890749653105,0.00010643351447754974,0.015455485548548057
2025-03-19,-0.0010719506138276375,-0.0003279310892676455,-3.228532263731506e-05,0.000253232603590199,-0.00016968487928313146,-0.0001801783269647351,0.004236726347570738
2025-03-20,-0.0009490147220169606,-0.0003514079447138027,7.44693697262139e-05,0.000253232603590199,-8.781185535743003e-05,-0.00013856940395335146,-0.0034572335493357463
2025-03-21,-0.0027095300951077645,-0.002388804217101462,-0.002158934226062314,-0.00011248900039042234,-0.0020667708562771545,-0.002273777855390027,0.0025940615307406085
2025-03-24,-0.0001409609839096782,-0.00043665090383021446,-0.0003848101982433352,-0.00015471305683582964,-0.0003410511529572713,-0.0002698182010487784,0.0067988840424608185
2025-03-25,0.00012536733300609463,-0.00026628424641021763,-0.0003280254712888122,-0.00015471305683582964,-0.00024945544732467,-0.00021038136918966472,0.014306642344331369
2025-03-26,-0.0001325940583691641,-0.00042485110601949956,-0.0002759836799584195,-0.00015471305683582964,-0.0002669972915069707,-0.00021549467032484475,-0.0032181367526420276
2025-03-27,-0.00010747048092622671,-0.00035628879635609583,-9.955738528866107e-05,-0.00015471305683582964,-0.0001390998752410518,-0.0001313178725406517,-0.0013580855228005825
2025-03-28,0.00037770010066789776,-0.00030947319205025395,-0.0001355728246104359,-0.00015471305683582964,-9.827635717109224e-05,-0.000145121946008088,0.010141191701227398
2025-03-31,-0.00020511463133384192,-0.001055433887585457,-0.0004149672975257118,6.134300620081925e-05,-0.0004294652400887653,-0.00031009970930879756,0.0009244914705378992
2025-04-01,0.00018496030282632377,-0.000647403956744006,-0.00013923162177216852,6.134300620081925e-05,-0.00014809034432720642,-3.9052910682931726e-05,-0.0031130625284586503
2025-04-02,-0.00017686920238009387,-0.0009135570168938389,-5.117414895017091e-06,0.00029330793243051065,-0.00011688879212975472,-9.104478413757207e-05,-0.05401570777121417
2025-04-03,3.141819877545732e-05,-0.0011071168169558819,-0.0004725900991735547,0.00029330793243051065,-0.0004242562886399104,-0.00022066025632799688,-0.07467604597963197
2025-04-04,0.002380771447252742,9.681411373975348e-05,0.003357526944897421,0.0013705557900583584,0.0026314248579277764,0.0018756419288024277,-0.013508444555001877
2025-04-07,0.005481693476076407,0.0023478190005490605,0.009051210968892798,0.0039468533029042826,0.007276732462081467,0.004714332323842824,-0.02130565896191365
2025-04-08,0.007690087431860483,0.004500185859025244,0.006617052899333616,0.0016385562965302533,0.0060114652249466174,0.00555853747803021,0.04870988928930695
2025-04-09,0.0070372628241450776,0.00492367270243379,0.008391322833369035,0.0033867287791516216,0.007314973963747415,0.005980456902559577,-0.05708060434119678
2025-04-10,0.006578172389077515,0.004962726615471556,0.010412322465364904,0.003939430693987909,0.008643662741810967,0.005770551677595154,0.031617338777519606
2025-04-11,0.006239885233067939,0.005360867714141095,0.008847014045425698,0.0035256582301418367,0.007588313030736962,0.005800397442699322,0.002420956990097965
2025-04-14,0.0045842135621663675,0.004201978937096857,0.007729679164921471,-7.309422580067968e-05,0.006172312621691435,0.004393089320308833,-0.0028088634722863506
2025-04-15,0.0031901765644397843,0.0029817874058366317,-0.004230862441592034,-0.007370271570795552,-0.002685494640682899,-0.0006246555356515351,0.010516802633418261
2025-04-16,0.0018752108739071018,0.0014901698208626781,-0.004884222148377374,-0.005435230854302353,-0.0032895647757670743,-0.001697036738970231,0.02586469528891044
2025-04-17,0.00032274833058816067,0.0003341510607400137,0.0016917711251721018,0.0010702343605688467,0.0012926051807342883,0.000702371457691081,-0.014792748378956002
2025-04-21,-0.0008558366750835787,-0.0001469350455374544,0.001983626581450445,0.0010702343605688467,0.0012797662219492813,0.0004616713434662522,0.0276170564193893
2025-04-22,-0.00035851473686345214,0.0009052314354561428,0.0030966400610537214,0.0021009845898034563,0.0023031811158646357,0.0015030879696116398,-0.00862434315910807
2025-04-23,-0.0008616165377967203,0.0007622611996851297,0.0028964632187246436,0.0021009845898034563,0.002092453304178355,0.0014315628372546197,0.011666748135254057
2025-04-24,-0.0004219416496094595,0.0007692232621796923,0.0017823015698504984,0.0007711924078109406,0.0012917452486676728,0.0007702076874539832,-0.0005524637289387892
2025-04-25,-0.000697250521325749,0.0005813898807590836,0.001856427729158396,0.0007711924078109406,0.001282806851771156,0.00067628583298174,0.0005524637289386747
2025-04-28,-0.0004814451480619365,0.0003895323807038362,0.00011347879079886464,5.6928984474775593e-05,7.27233933428097e-05,8.518325489127259e-05,-0.0024885643123106357
2025-04-29,0.0007409454387372495,0.0009596730759990121,0.0005636297516085052,5.6928984474775593e-05,0.0005900094257836026,0.0006522300832772736,-0.025516627016364493
2025-04-30,0.0022225024692653413,0.0014688948326290214,0.000137113928451652,0.0002258686743264659,0.0005700484948877359,0.0008475088270651429,0.0014190582646578958
2025-05-01,0.004237095894526391,0.002625711463242266,0.0007831804923967778,0.0002258686743264659,0.0013879665077507124,0.0017045327854680304,0.004056803615659518
2025-05-02,0.0062395372634174604,0.00397953889601098,0.0018562004326685316,0.00048066961905914035,0.0025341378212273506,0.002917911765807144,-0.0280713725365404
2025-05-05,0.006852938752871869,0.004566062966680145,0.002185038884863798,0.0007991859003524287,0.0029299020826757316,0.0033755936202102543,0.013847730378979276
2025-05-06,0.006612282107952304,0.004571940954084845,0.0018916489999408312,0.0007991859003524287,0.0027089345303503145,0.0032318473835605214,-0.0009554603657013764
2025-05-07,0.005533396741645835,0.004157726578840464,0.001711358913393705,0.0007991859003524287,0.0024065871584104475,0.002934576307661523,0.013860095450049365
2025-05-08,0.00472520163811584,0.003466621027057518,0.0005278775658903225,0.0003433469150900054,0.0013995279561078745,0.0019973513272757296,0.011622568547806978
2025-05-09,0.004685624510309338,0.0039909190043845005,0.0005495150623212373,0.0003433469150900054,0.0014774218891327271,0.0022702671099274333,0.017092910200156842
2025-05-12,0.003417880916823231,0.0030857847670965975,0.00047084025814042184,0.0003433469150900054,0.0011550374471275054,0.0017783431538254495,0.002744447963510312
2025-05-13,0.0020681333326955332,0.0020479285438400946,0.00027766447156081666,0.0001744072252383151,0.0007146714714230349,0.0011627753188112981,-0.008993322214467112
2025-05-14,0.0007651239613724022,0.0011228251343440186,0.0003733402739646783,0.0001744072252383151,0.0004999979868858515,0.0005692820402136912,0.0009213902036814353
2025-05-15,0.0005502285698258443,0.0010973980386440822,0.0004157147789187114,0.0001744072252383151,0.0004986651085564464,0.0004830186775650153,-0.0035982820755549893
2025-05-16,0.000618811204080652,0.0010144680296954,0.0004082448106277197,0.0003433469150900054,0.0005067381849448071,0.0005136724446210258,-0.01602569647365022
2025-05-19,0.0003345400972079382,0.0009218751061053172,0.0002990000241677207,0.0003433469150900054,0.00038866560969497285,0.0003390008185927885,-0.014379249603310775
2025-05-20,0.0015596297645831792,0.0017386092552982052,0.00022125274538569657,0.0002558283199616779,0.0005835400982318431,0.0009077731859615755,-0.012367669098789138
2025-05-21,0.001301816297475443,0.001461589417111477,-1.7855825876133507e-05,0.0002558283199616779,0.000359247197759733,0.0007787903404061014,-0.006678652566046773
2025-05-22,0.0021752269876374616,0.00218573633030588,0.0001034717488395418,0.0002558283199616779,0.0006385852602166613,0.0012154949303588125,0.0005825005853418975
2025-05-23,0.002353743719661829,0.0023250517480581626,0.00016669284254924294,0.0002558283199616779,0.0007197911234233974,0.0012904266047108794,0.0047446022157742644
2025-05-27,0.001990694627779103,0.0018500444628763752,0.00019175083996052081,0.0002558283199616779,0.0006305683476182219,0.0010529563884645893,-0.013714128779875896
2025-05-28,0.0021186152340655477,0.0016876565170640058,0.00020606748323448248,0.0002558283199616779,0.0006341701104327455,0.0009718296563249375,0.005664095439891736
2025-05-29,0.0017933876729320035,0.0013882550545583588,0.00020606748323448248,0.0002558283199616779,0.0005559557188942197,0.0008221376139794388,-0.0038050621956961005
2025-05-30,-0.0002090848157042445,-0.0005998411152289693,-5.058947103408265e-05,0.0002558283199616779,-0.00011314376514366944,-0.00012985277133138745,0.007304634161773259
2025-06-02,0.0006630371561550976,0.00019450167164203217,0.00010104913353963274,0.0002558283199616779,0.00019511869388023152,0.00022524280567020065,0.007251663181343718
2025-06-03,0.00022296950761662717,-2.90928280469873e-05,0.00017393009881353817,0.0002558283199616779,0.00016086979206460272,0.00019832210443226838,-0.014556297343117043
2025-06-04,0.0003375882719983131,0.00015458524772086482,0.00024147047092860333,0.0002558283199616779,0.0002430161537037549,0.00024864714330464577,-0.004604928623975407
2025-06-05,0.00012605344672101846,5.280926709205389e-05,0.00013257777546962657,0.0002558283199616779,0.00013272808485520224,0.00012932593746396194,0.02367888244181638
2025-06-06,-0.00013076866378483804,-3.251990570396913e-05,0.00024147047092860333,0.0002558283199616779,0.0001622384484825788,0.00010438311964949407,0.006690950069897203
2025-06-09,-0.0004559134454108748,-0.00031600845756112907,0.0001956251857246478,0.0002558283199616779,5.5987537272322245e-05,-6.023870806952367e-05,0.021208203107650685
2025-06-10,-0.0004080010936137966,-0.0003959799630786799,6.125191259790003e-05,0.0002558283199616779,-3.697939165445961e-05,-0.0001672468997490065,0.01930505018661875
2025-06-11,-0.0009664160256313571,-0.001028203859866649,-0.00022708409375894555,0.0002558283199616779,-0.0003761536852660654,-0.0005966215803883091,0.003834973624334235
2025-06-12,-0.00047730597039677186,-0.0008671686093976223,0.00011282296577762099,0.0002558283199616779,-7.293850049020951e-05,-0.00018231963442390494,0.02154691719801809
2025-06-13,-0.0015015626240181177,-0.0021521220586288585,-0.0008453790209283138,0.0002558283199616779,-0.0009935177229605581,-0.0011734295750223617,0.0032057071136751655
2025-06-16,-0.0008264768664209805,-0.0019026527805222136,-0.0009356440418525011,0.0002558283199616779,-0.000939035753193557,-0.000881057835478332,0.013422990487425637
2025-06-17,-0.0004359895446783231,-0.0017803667903329309,-0.0010009201474412215,0.00011837337704418246,-0.0009316353862535722,-0.0007184823490873696,-0.00713060418106857
2025-06-18,0.0003761345887782144,-0.0011886591689691578,-0.00041041155173746595,0.00011472376562639901,-0.0003690096368614384,-0.00014793429648915117,0.013252153315465393
2025-06-20,-0.0011892985398276133,-0.002556969385411046,-0.0017472713317815813,-0.0017995765092114857,-0.001790643031543754,-0.0017734295886039134,-0.026145272615756953
2025-06-23,0.0005619927299027159,-0.0010579479188604546,-0.0004194700812399048,0.00011472376562639901,-0.00033553648128478735,-0.00015240275676354307,-0.030900328485389525
2025-06-24,0.0015234004179196623,-0.00029213331989771485,-0.0001338233889872342,0.00011472376562639901,6.7798180410515e-05,-9.407114553833873e-06,0.00027692685164465187
2025-06-25,0.002662784851107365,0.0006885695582302027,-0.0003543782013990091,0.00011472376562639901,0.00018798691230233097,0.00040174757686725854,0.01483810986759195
2025-06-26,0.0026261261834135863,0.0008577431086546768,-0.00012211932057412528,0.0002372044728188047,0.0003695466269045205,0.0005475941102577953,-0.005561400338815373
2025-06-27,0.0019413658737561482,0.00046720927863293346,0.0002878894482121353,0.0002372044728188047,0.0005055815540256381,0.0003777655168298585,-0.014550346023829087
2025-06-30,0.00164498903940315,0.00030600863490780274,0.0002737422208182557,0.0002372044728188047,0.00043958269718437804,0.00029000690772688247,0.013269590265779077
2025-07-01,0.001732117909380698,0.0005782973874453436,0.00040061380141822293,0.0002372044728188047,0.0005689729475846269,0.0004895719993925116,0.01643330077125368
2025-07-02,0.0013201628448852947,0.00043641337888758133,0.0002795117971167499,0.0002372044728188047,0.00042131184448826264,0.0003581710121841716,0.010302388067957365
2025-07-03,0.0003876290752213137,-0.00010330584715899003,0.00023253971319981616,0.0002372044728188047,0.00020779085634242973,0.00023486626078133476,-0.009762258800191936
2025-07-07,-0.00079936044730297,-0.0010842197453701456,0.00020411118367526563,0.0002372044728188047,-8.175338901833296e-05,-0.0002977084894268123,0.027343042004630634
2025-07-08,-0.0013482348394953975,-0.0013117766732681378,0.00017129514518299753,0.0002372044728188047,-0.00019906202681075036,-0.0005702317951974247,-0.003421200584684407
2025-07-09,-0.0018565354201479241,-0.0014015355723624539,-0.00014227455622695947,0.00011472376562639901,-0.0004892537059049967,-0.000771944433384695,0.009880701526903455
2025-07-10,-0.0024715057923788415,-0.0018058995774230646,-0.0005253868604245819,0.00011472376562639901,-0.0008677643679279232,-0.0011656464829817616,0.00434103823465171
2025-07-11,-0.002574188205093905,-0.0019673039554823626,-0.00039889029126232795,0.00011472376562639901,-0.0008180708054898456,-0.0011831099066531453,-0.013167856680134718
2025-07-14,-0.0026639974046983894,-0.002170623762964329,-0.0003872159220192504,0.00011472376562639901,-0.0008477461256407256,-0.001278918637969824,-0.008905357964192829
2025-07-15,-0.00199432599901372,-0.0017225893107103653,-0.0004977171146163972,0.00011472376562639901,-0.0007812927909018123,-0.0011100928989605306,-0.0060407066869494945
2025-07-16,-0.0015305058735845434,-0.0015066787591326654,-0.0008190918552875297,0.00011472376562639901,-0.0009084672266007273,-0.001162677602549006,-0.005091794260179417
2025-07-17,-0.0011533592856312535,-0.0014316698667777717,-0.00015315305946909277,0.0002372044728188047,-0.0004044499229449842,-0.0006532309595935698,-0.035459277219495766
2025-07-18,-0.001713059047432321,-0.0023950124198281516,-7.316593636848664e-05,0.00019744646522978335,-0.0005486467337272201,-0.0008931749006891197,0.0025948157371499035
2025-07-21,0.0004939226719280339,-0.00046173829215453993,-1.765579058233671e-05,0.00019744646522978335,5.735881495055028e-06,8.986629038997014e-05,0.00452466587335371
2025-07-22,0.0011479072006995083,5.912022810842377e-05,-0.0002303892736596193,0.00019744646522978335,1.2633748690432146e-05,0.0001283391504034958,0.012725025296675192
2025-07-23,0.0009486821021514909,0.00017613833480305952,-4.660878838442515e-06,0.00019744646522978335,0.00015225697806138676,0.00018681421252048455,0.0077927234293451095
2025-07-24,-0.00015494613566180264,-0.000665331596660294,0.0001307643209712017,0.00019744646522978335,-1.3911399064135493e-06,-1.225052501137823e-05,-0.003526378131847702
2025-07-25,-0.00016305856548363897,-0.0007563154062925305,0.00010826507466212556,0.00019744646522978335,-2.9027335258777966e-05,-2.7546400627797955e-05,0.009376203714997375
2025-07-28,-0.0009612573877595543,-0.0014219593969742807,-4.6427531454268e-06,0.00019744646522978335,-0.0002861466853700796,-0.0004830102957035831,0.012838931833324314
2025-07-29,-0.002196855807031324,-0.0023167721392827567,-4.6427531454268e-06,0.00019744646522978335,-0.0005516210075644337,-0.0011007340589985809,-0.008719654258709932
2025-07-30,-0.002440537531555177,-0.00248303965066729,8.819207696865123e-05,0.00019744646522978335,-0.0005416459102720021,-0.0011761606433966089,-0.002326225752992399
2025-07-31,-0.002752628204759335,-0.002883458809275441,8.819207696865123e-05,0.00019744646522978335,-0.0006314658497413494,-0.0013322214215346787,-0.018077137333265332
2025-08-01,-0.002405158452249641,-0.0024556004963260237,-5.272054626137045e-05,0.00019744646522978335,-0.0006263969884752046,-0.0012289040376169276,-0.020921426841136778
2025-08-04,-0.0018746887953033117,-0.0018629445888713454,-3.2392248689708974e-05,0.00019744646522978335,-0.0004718504694213218,-0.0009476188038702336,-0.0012115455789107714
2025-08-05,-0.0012244789193086051,-0.0012598867845722657,0.00010301482542691958,0.00019744646522978335,-0.00022592359657651751,-0.0005607127490811322,-0.00683039593597502
2025-08-06,3.7189779415579684e-05,-5.340680519691417e-05,-4.660878838442515e-06,0.00019744646522978335,1.26199905397931e-05,1.634257752214836e-05,-0.00527164160114001
2025-08-07,0.0007779362909209338,0.0005509634350539276,-4.660878838442515e-06,0.00019744646522978335,0.000180639637667786,0.0003742148393827171,0.007990699190052096
2025-08-08,0.000840374469738168,0.0006834140523590431,6.769314343181884e-06,0.00019744646522978335,0.00021295213009932587,0.00044041536744085773,-0.00912390469312339
2025-08-11,0.0009890752343712063,0.0007823612603952501,4.066294648654196e-05,0.00019744646522978335,0.00026603077612347636,0.0004899239539223285,0.0028306814868364837
2025-08-12,0.0008457019813084067,0.0005234957326489226,0.0002954400194256339,0.00019744646522978335,0.0003823958434537748,0.0004095666614982927,0.013755901652334916
2025-08-13,0.00020810977775800649,-3.66520602800066e-05,0.000224534535385515,0.00019744646522978335,0.00018597056021244342,0.00020266881636071794,-0.002046714130382904
2025-08-14,8.219725751857103e-05,-0.00017650907441742154,0.00020925990359159223,0.00019744646522978335,0.00014252777945292737,0.00013960723190502254,-0.008322855449363923
2025-08-15,-0.0008528359042391065,-0.0008949731794641147,0.0001312080064309279,0.00020020352699722993,-0.00011479401199357441,-0.0003608023584851139,0.0021575296387796785
2025-08-18,-0.0008205743162641777,-0.0004379077900763765,0.0001834340719686175,0.00020020352699722993,-1.69334514697797e-05,-0.00012738403201880986,0.006537773825875071
2025-08-19,-0.001788547991909061,-0.001010670846883017,0.00016763854900990583,0.00020020352699722993,-0.00021854677054824467,-0.00042166894596401506,0.010280253778752269
2025-08-20,-0.0023544388505412515,-0.0012560152194200393,0.00011430082990616385,0.00020020352699722993,-0.00035370896573554556,-0.0005710112455688493,0.00642916037784497
2025-08-21,-0.001972978662459451,-0.0006767489007098945,0.00014606838284082107,0.00020020352699722993,-0.0002113231098176731,-0.0002655458686585012,0.01859375505737482
2025-08-22,-0.0024911536467166775,-0.0010462116838048186,8.828322468851695e-05,0.00020020352699722993,-0.0003598679120269988,-0.00047914166391823927,0.004125188267602138
2025-08-25,-0.0024086155926232914,-0.0009552070978510248,1.4270531345275208e-05,0.00020020352699722993,-0.0003866891719832469,-0.00047062724100979095,-0.0022398432943915845
2025-08-26,-0.00301543387578665,-0.0018616817346660678,-2.5900200198714305e-05,0.00020020352699722993,-0.0006044240403177517,-0.0009439016267898066,0.011238096764043954
2025-08-27,-0.002347998375882821,-0.0016197675891128696,-1.8782938444013455e-05,0.00020020352699722993,-0.00048786160473363255,-0.0008193542707670417,0.005307385109092501
2025-08-28,-0.001961954595040382,-0.0016468518911736789,6.667347059109179e-06,0.00020020352699722993,-0.00042822435971083566,-0.0008201166619379753,0.008258722428190151
2025-08-29,-0.001904850552585706,-0.0017658402679654212,0.00032143772615020447,0.00020020352699722993,-0.00023005862929131567,-0.0007828221119719564,0.0034937717433623453
2025-09-02,-0.0016922670999277565,-0.0016721356988023738,0.00031425843570513266,0.00020020352699722993,-0.0001969656266313346,-0.0007359434871532943,-0.024537848109796413
2025-09-03,-0.0017619134105596188,-0.0018699507733817356,-1.0932211328473856e-05,0.00020020352699722993,-0.00044484089214299035,-0.0008863999789967731,0.0043689414813895865
2025-09-04,-0.0010693818194978124,-0.0012857412958144677,4.388320743740991e-05,0.00020020352699722993,-0.0002492365993500616,-0.0005127666090145176,-0.02860816944686732
2025-09-05,-0.0011832282412472996,-0.0014679431219669183,2.7742587284937894e-05,0.00020020352699722993,-0.0002973239935348711,-0.0005777711782827006,0.005660003351892589
2025-09-08,-0.00043329759355387795,-0.000891474790704602,7.057582431468457e-05,0.00020020352699722993,-0.00010369690395566021,-0.0001814621392586421,0.007256295347146819
2025-09-09,-8.534558643926143e-05,-0.00041693374961810525,7.057582431468457e-05,0.00020020352699722993,1.1339071372397868e-07,-7.457314809889193e-06,0.016581141357277028
2025-09-10,-0.0007806902206641737,-0.0006555248135253187,3.317841498274548e-05,0.00020020352699722993,-0.00013926962088248794,-0.00031115560411802326,-0.003205136391712478
2025-09-11,-0.0007555879788536273,-0.0005176001795743578,7.057582431468457e-05,0.00020020352699722993,-9.367263093642143e-05,-0.0002235556558002714,0.00017837068427812506
2025-09-12,-0.0011437028490173663,-0.0008816741067737401,7.057582431468457e-05,0.00020020352699722993,-0.00018789575927817288,-0.00040559018502617987,0.00169252911282074
2025-09-15,-0.001573537281127986,-0.001383881762997352,-7.199374698041577e-05,0.00024547466201808106,-0.0003946801334761958,-0.00072790825369263,0.020526658626414937
2025-09-16,-0.002262733723144723,-0.0019957654582222453,-0.00010613824970820959,0.00024547466201808106,-0.0005799132707383292,-0.001050937353793309,0.005305057509667882
2025-09-17,-0.002566336075559815,-0.0020878758683991446,-0.00016386932047983226,0.00024547466201808106,-0.0006664006386950597,-0.0011258825791819645,-0.011866473797294507
2025-09-18,-0.0030998991873893685,-0.002673773020826331,-0.00016843456342193126,0.00024547466201808106,-0.0008100796648218056,-0.0014211053551600997,-0.00979060178179909
2025-09-19,-0.005660292601676138,-0.0050647504829910445,-0.001036289076659729,-0.00012096242780538567,-0.0020342386135797368,-0.0030504954329582798,-0.007116228792434881
2025-09-22,-0.0026477452171289042,-0.0022680751286240533,-5.586578040818455e-05,0.00024547466201808106,-0.0006287520275857842,-0.0011619821837884588,0.017082332095725638
2025-09-23,-0.003079464068491848,-0.0026431680199393614,-0.0001287896535459456,0.00024547466201808106,-0.0007775763027891057,-0.0013859868677786103,0.005338952991036088
2025-09-24,-0.0020569838025930537,-0.0016661131094416267,2.735262641189427e-05,0.00024547466201808106,-0.0004244129264607202,-0.0008194121195362875,0.00895073372311049
2025-09-25,-0.0022493252063217626,-0.0018576901045301774,-8.911406051807306e-05,0.00024547466201808106,-0.0005490903041616659,-0.0009734115651955247,0.014003105837773802
2025-09-26,-0.0026067200584526566,-0.002201528007728645,-0.0002727897742995745,0.00024547466201808106,-0.00075766378337169,-0.0012371428907460246,-0.025926097538047355
2025-09-29,-0.002330570363540666,-0.002175852890930774,-0.00043707440786969513,0.00024547466201808106,-0.0008290319497404554,-0.0013063790069061131,-0.012953445541226653
2025-09-30,-0.001231423256928184,-0.0016970543797767473,-0.00010684339493502955,0.00024547466201808106,-0.00041729423206074466,-0.0006691547482804527,-0.006763415863375331
2025-10-01,-0.00028090007994652547,-0.0011716359671542346,-8.531079962859477e-05,0.00024547466201808106,-0.00022019101616231327,-0.00018316129803942028,-0.00627014730757719
2025-10-02,0.0005999120106201597,-0.00048397063482200325,-5.1952528736502816e-05,0.00024547466201808106,-2.5266358135948914e-06,9.674556218318978e-05,0.01754666433512048
2025-10-03,0.000793025065965212,6.916269049450174e-05,5.685335447347849e-06,0.00024547466201808106,0.00013078412447487534,0.00015748169685640326,0.008265190952031013
2025-10-06,0.00010077567338461998,-3.752626464109275e-05,-0.00011693556574920376,0.00024547466201808106,-4.700674822147908e-05,3.167569119996644e-05,0.0005253014935530561
2025-10-07,-0.00014364941749970043,-5.120852305441441e-05,-0.00013138513848892554,0.00024547466201808106,-8.769714310888192e-05,-9.107257995194049e-05,-0.0021027298307250497
2025-10-08,-0.0003743257209110459,-0.0003211817470753982,-0.00015029383664129595,0.00024547466201808106,-0.00016311782959631317,-0.00023558056218445265,-0.009782768535504539
2025-10-09,-3.535189865896244e-05,-0.00020028887156927006,-9.802686759683355e-05,0.00024547466201808106,-7.220768090270723e-05,-6.663092844088643e-05,-0.01949623759990615
2025-10-10,-7.915982480823243e-05,-0.0006980351945080051,-9.802686759683355e-05,0.00024547466201808106,-0.00014245148400814694,-8.860020420360387e-05,0.01354458073509931
2025-10-13,0.0004051184760915353,-0.00020430581808967326,5.26242334694774e-05,0.0002060298875885911,7.562363098577771e-05,0.00012930775087757507,0.00044540197618421766
2025-10-14,0.0004512793709079463,-3.911383689514196e-05,7.25303577797293e-05,0.0002060298875885911,0.00011582073982295741,0.00013934226558396425,-0.006074161601453975
2025-10-15,0.0004937322535932844,0.000130583293746418,0.00018828772067230667,0.0002060298875885911,0.0002191409254941687,0.00019721061237060446,-0.008728975296284993
2025-10-16,0.00036133269662169746,0.000249553599436027,0.00018828772067230667,0.0002060298875885911,0.00021873983877221045,0.0002279355599043908,0.014357734921554781
2025-10-17,-0.00019543455818785892,-3.493963587376011e-05,0.00010596133094896806,0.0002060298875885911,6.0517532996798705e-05,3.547101600120599e-05,0.00408997720563066
2025-10-20,-0.00046636307620316636,-9.020781939661309e-05,8.605520663871611e-05,0.0002060298875885911,7.624449036664087e-06,-2.165956593666364e-06,8.874616399503047e-05
2025-10-21,-0.0008121231251479631,-0.00044216087724706485,0.0001215911059977865,0.0002060298875885911,-5.657058909289066e-05,-0.00016039002852627718,0.01758905618081327
2025-10-22,-0.001470667152590445,-0.0010568357693447501,8.605520663871611e-05,0.0002060298875885911,-0.0002393941253966465,-0.0004854625768011666,0.01101059508042485
2025-10-23,-0.002036079513534165,-0.0015870434340184997,-9.642516618517185e-05,0.0002060298875885911,-0.0004965390397154249,-0.0008417604581437549,-0.005100101475257541
2025-10-24,-0.0015427483974890706,-0.0011386014393392962,6.824245607599081e-06,0.0002060298875885911,-0.0003108007893082159,-0.0005659353277309827,0.004755147051974318
2025-10-27,-0.0017806002743408222,-0.001472580865049521,2.3210693690181756e-05,0.0002060298875885911,-0.00037224838171660563,-0.0007247121941811051,-0.007879883673206495
2025-10-28,-0.0018490753641121507,-0.0016064808784443936,4.23601449666694e-05,0.0002060298875885911,-0.0003853834219299547,-0.0007820774622974287,0.012269016827878862
2025-10-29,-0.0023283775019464076,-0.0019375307290776791,-1.3315708171278504e-05,0.0002060298875885911,-0.0005228507725106264,-0.000975452479863228,-0.015229112460323557
2025-10-30,-0.0031294125496653287,-0.0024934205619184064,-7.055808572215661e-05,0.0002060298875885911,-0.000729408556538532,-0.0012820349471399993,-0.00288148487221461
2025-10-31,-0.002881321843184438,-0.0023817703735750234,-9.973951303894522e-05,0.0002060298875885911,-0.0007041576887778964,-0.0012407816662303591,-0.005260387957890163
2025-11-03,-0.0014224792472384681,-0.001113448548795263,-2.33476842115795e-05,0.0002060298875885911,-0.0003128714583024521,-0.0005684177400748604,0.0033347749278399112
2025-11-04,-0.0016563936852950244,-0.0013613352400150204,-9.973951303894522e-05,0.0002060298875885911,-0.0004235692831939804,-0.0007305350557634502,-0.0040382732878067
2025-11-05,-0.0008817597496901042,-0.0007639301852619995,5.833743105209112e-06,0.0002060298875885911,-0.00018301215976891644,-0.0003790167818359944,0.00718733652093303
2025-11-06,-0.0010458262782374504,-0.001059402231707621,-4.760103505675928e-05,0.0002060298875885911,-0.000276432726978056,-0.0005466284050447307,0.0234776984677674
2025-11-07,-0.0015873057977507413,-0.001345551036170151,-0.0005871900730187939,0.0002060298875885911,-0.0007334861423618778,-0.0009662726808494142,0.008494784259852098
2025-11-10,-0.0011366614099222148,-0.0008930088353131865,-0.0009164802207785771,0.0002485880551436769,-0.0008326401185520242,-0.0009047233991662151,0.01310941092319255
2025-11-11,-0.0020985213502008934,-0.0017264541429342418,-0.0012210816693439736,0.0002485880551436769,-0.0012573119261464112,-0.0014736667531761883,-0.013955636516912298
2025-11-12,-0.002310157163642326,-0.0020901954021598106,-0.001502013030935136,0.0002485880551436769,-0.001514849243429161,-0.0017959464489114326,0.0056561558803621004
2025-11-13,-0.002834913315472515,-0.0025620916680521035,-0.0016080561377594387,0.0002485880551436769,-0.0017092658849341244,-0.0020849219012784503,0.004200274960102064
2025-11-14,-0.002587583024821173,-0.0022741259564928425,-0.001713279292804185,0.0002485880551436769,-0.0017110562733531664,-0.001993568847161059,-0.013588432082208168
2025-11-17,-0.002432186657533505,-0.002062819933327095,-0.0017074347618877988,0.0002485880551436769,-0.0016609356516858462,-0.0018850267820916962,0.01140647303791419
2025-11-18,-0.0019894487200789166,-0.001493577753635874,-0.0014760145053262902,0.0002485880551436769,-0.0013812989587540182,-0.0014847893616614153,-0.014214642630134614
2025-11-19,-0.0015638835684953951,-0.0010601755341013673,-0.001451466645662378,0.0002485880551436769,-0.0012573903028635445,-0.0012556383436884775,-0.0028160776209764597
2025-11-20,-0.0008099716099502211,-0.00039013708228858045,-0.0012920789935537485,0.0002485880551436769,-0.000974485470964773,-0.00060003236812967,0.000512645789777994
2025-11-21,-0.0006043073141929653,-0.00033257234205535984,-0.001203128874608301,0.0002485880551436769,-0.0008837785298515914,-0.0004684417535097855,-0.009525929968394428
2025-11-24,-0.0003955002229314148,-0.00036995433902027494,-0.000992486349784964,0.0002485880551436769,-0.0007251265228778581,-0.00038272690492622934,-0.012669373413983479
2025-11-25,0.0003804356286260436,3.535185524168729e-05,-0.0010439379822973396,0.0002485880551436769,-0.0006126647877775677,0.00014182872409619922,0.0022679223626977402
2025-11-26,0.0010152040139951735,0.0005134984661714559,-0.0010547033266858276,0.0002485880551436769,-0.0004809468096667231,0.0003809923594758585,0.009970185773227842
2025-11-28,0.001993317646919803,0.0015178863700786513,-0.0009352893895902854,0.0002485880551436769,-0.00015368705134159234,0.0008831609657167208,0.006106224936846117
2025-12-01,0.0006903192701607235,0.0004207743283193588,-0.0009094227310021831,0.0002485880551436769,-0.0004366817775118368,0.00033460589103052267,-0.010775502129345315
2025-12-02,-0.0001549063788940315,-0.00015336874109519912,-0.0004230683783777655,0.0002485880551436769,-0.00029375720061769787,-0.00015413648008855336,0.0207572920996692
2025-12-03,-0.0007687736655685751,-0.0005820268633775706,-0.0010051330823511323,0.0002485880551436769,-0.0008060323839286978,-0.0006753234772410924,-0.005618501672558196
2025-12-04,-0.0011502687995865036,-0.0006998917093141432,-0.0009076509777457255,0.0002485880551436769,-0.0008032676502605335,-0.0008036871222820501,-0.005135225880356309
2025-12-05,-0.00120307366131313,-0.0006816473121195733,-0.0009076509777457255,0.0002485880551436769,-0.0008072397861873941,-0.0007945782492376373,-0.0048167781784674395
2025-12-08,-0.0011361217141639354,-0.0008426534310202907,-0.001008806039618697,0.0002485880551436769,-0.0008866668084789806,-0.0009255976342789846,0.01938323597967524
2025-12-09,-0.0014252456353644714,-0.001101545695716986,-0.00022195577937779204,0.00023712173200117384,-0.0004392877453347049,-0.0006617224499894293,0.010850023682818802
2025-12-10,-0.001304022602759863,-0.0007865765704550403,-0.0004101124969712812,0.00023712173200117384,-0.0005072202147211497,-0.0005983278741913012,0.0
2025-12-11,-0.001176653257151542,-0.0005190330629818598,-0.0004887364969590173,0.00023712173200117384,-0.0005086329058226978,-0.0005038837025477367,-0.006041310695653099
2025-12-12,-0.0012109988898972015,-0.000694518960820997,-0.0005376732714863982,0.00023712173200117384,-0.0005678272956679741,-0.0006160780121142408,-0.008961067238097881
2025-12-15,-0.0009106428430941286,-0.0007729954612252611,-0.0006016247594428934,0.00023712173200117384,-0.0005839520822100027,-0.0006871920724027829,-0.026503029444833782
2025-12-16,-0.0003756454041192351,-0.0005194764499479059,-0.0005242158505028891,0.00023712173200117384,-0.00043562350913729455,-0.00044728751354921193,0.02352647015662265
2025-12-17,0.0004202604737539049,-5.336073953379869e-06,-0.0005242158505028891,0.00023712173200117384,-0.0002727449581020759,0.00011581192509921536,-0.007437544262064474
2025-12-18,0.0009530841286285078,0.000487490896865741,-0.0004350819981951615,0.00023712173200117384,-8.573604316358354e-05,0.0003622830440675491,0.0012862971693359162
2025-12-19,-0.002305978129304163,-0.0025549713644262683,-0.0016159306302543275,-0.0009096261030531362,-0.001756505537247151,-0.00196086754543519,0.012434149807506463
2025-12-22,0.0007981277805573635,0.0008091302447139971,-0.0004224876954966842,0.00023712173200117384,-5.4120718811792807e-05,0.0005174213935398488,0.010691659238271322
2025-12-23,7.629199933175095e-05,0.0002904684420497594,-0.0004224876954966842,0.00023712173200117384,-0.0002086771236691116,0.00015653786481145487,-0.0016761397550877919
2025-12-24,2.2917019791739222e-05,0.00026223867118651916,-0.0004409221483683394,0.00023712173200117384,-0.000230897067939057,0.00012981192439506613,-0.0009230950137829734
2025-12-26,-0.0006975614053507552,-0.0005031549974641704,-0.00047531665738073615,0.00023712173200117384,-0.0004400966564147399,-0.0004892115605315277,0.011851233455379733
2025-12-29,-0.001570299230557009,-0.0013660453571619998,-0.00047531665738073615,0.00023712173200117384,-0.0006577435120328544,-0.0009205830449348464,0.003809205424672548
2025-12-30,-0.0016539148128972476,-0.0014148540971009667,-0.0004237285554148732,0.00023712173200117384,-0.0006402784918608439,-0.0009192120766427778,-0.005386840536280514
