Date,ARIMA,RandomForest,LSTM,NaiveZero,ResidualHybrid,ConfidenceWeight,RegimeSwitching,Actual
2022-10-17,0.004877780927258891,-0.0004925730490365239,0.00017876738274935633,0.0,0.004209516388933224,0.00017876865516253167,0.004877780927258891,0.026135524557561848
2022-10-18,-0.004647904096521585,-0.004015643610344531,-0.0005677583394572139,0.0,-0.004663471542297858,-0.004015642323569369,-0.004647904096521585,0.011362768207087462
2022-10-19,0.0012360035655511724,-0.0023569003753823228,-0.0003434301179368049,0.0,0.0007471169843561911,-0.00034343025411233814,0.0012360035655511724,-0.006694455239684375
2022-10-20,0.0015038108557798874,-0.00045238865105431356,-0.00028587886481545866,0.0,0.001262474617147079,-0.0002858734885565638,0.0015038108557798874,-0.007982686738766696
2022-10-21,0.001079720428801226,-0.001629255869991404,3.21494007948786e-05,0.0,0.0007072810550066472,3.214904920088012e-05,0.001079720428801226,0.023447759860447268
2022-10-24,-0.002816125443291248,-0.00015153945870479505,-0.0012715248158201575,0.0,-0.002463528878269245,-0.0012715250605181958,-0.002816125443291248,0.011811940205111494
2022-10-25,0.0006266813240809654,6.901656654177761e-05,-0.0013759027933701873,0.0,0.0005977604974118626,6.901547088000478e-05,0.0006266813240809654,0.01613577001587496
2022-10-26,-0.0009690615469379966,-0.0015607357308241188,-0.0014295619912445545,0.0,-0.0010442157225831411,-0.0014295566443299223,-0.0009690615469379966,-0.007415140398989885
2022-10-27,0.0025245247847739717,-0.002574304720653939,-0.0005690399557352066,0.0,0.001853496689304483,-0.0005690397805876283,0.0025245247847739717,-0.006101185053184453
2022-10-28,0.0006021859770328874,0.0013205282437336041,0.00015160103794187307,0.0,0.0007204090118411093,0.0006021867983364397,0.0006021859770328874,0.024328036770856338
2022-10-31,-0.002661543923521063,-0.0014392345373504508,-0.0004890855634585023,0.0,-0.0025389168234591394,-0.0014392347708194618,-0.002661543923521063,-0.007482327030336412
2022-11-01,0.002950413246074675,0.005207205554361532,-0.00018480492872186005,0.0,0.003367781106144697,0.002950413122113937,0.002950413246074675,-0.0041096637203590055
2022-11-02,0.00014477571801270223,0.0008908139936707701,0.000244073016801849,0.0,0.00025239921717522295,0.00024408134741290985,0.00014477571801270223,-0.025319843737482882
2022-11-03,0.003415365279426585,-1.3123928100695487e-05,0.0015003596199676394,0.0,0.0029597487799475158,0.001500359758176216,0.003415365279426585,-0.010642422531956597
2022-11-04,-0.00013843250790469803,-0.0017165174338438533,0.001244447659701109,0.0,-0.00040865173620071487,-0.00013843259711150045,-0.00013843250790469803,0.013526823285563951
2022-11-07,-0.0017847411458595747,0.0010184232300657766,0.0004191519692540169,0.0,-0.0014292774245053337,0.0004191507594413735,-0.0017847411458595747,0.00956806167935914
2022-11-08,-3.339942973768151e-05,0.0033375616727157552,-3.911909880116582e-05,0.0,0.00046503737935286966,-3.327018201753018e-05,-3.339942973768151e-05,0.005582282828760321
2022-11-09,0.00013107519595532865,0.003391956983570675,-0.0003289743617642671,0.0,0.0006253806563038514,0.00013107705374902393,0.00013107519595532865,-0.020996784712303443
2022-11-10,0.00326721572945183,0.0053263927592331825,0.00017845247930381447,0.0,0.0036541314457642937,0.003267215567836797,0.00326721572945183,0.05395251566479769
2022-11-11,-0.0074579564455267994,-0.0025433883720831453,-0.0012836287496611476,0.0,-0.006896486660509647,-0.0025433889612333166,-0.0012836287496611476,0.009198312304769028
2022-11-14,0.003148336583532402,0.00268560648876779,-0.0014717972371727228,0.0,0.003203392515452376,0.0026856045773992563,-0.0014717972371727228,-0.008975940544918012
2022-11-15,0.0013477089122939248,-0.004040474380374633,-0.0009159467881545424,0.0,0.0006117334339046303,-0.000915946909684238,-0.0009159467881545424,0.008675376414669186
2022-11-16,-0.000682545364730793,-0.0021011443024306865,-0.0008475221693515778,0.0,-0.0008878294576468357,-0.0008475273618141691,-0.0008475221693515778,-0.008286283111873759
2022-11-17,0.0021408961597737643,-0.001763805328042192,-0.00029201243887655437,0.0,0.001628726527978064,-0.00029201217104812355,-0.00029201243887655437,-0.0030941046442292835
2022-11-18,0.00017289809536835313,-0.002739006053278733,-0.00026085213175974786,0.0,-0.0002459393558614403,-0.00026085402345338147,-0.00026085213175974786,0.00474729564815821
2022-11-21,-0.00014096640401779623,-0.0011019823058037673,-0.00017512202612124383,0.0,-0.0002821078207539097,-0.00017514860854043421,-0.00017512202612124383,-0.003891249800275618
2022-11-22,0.0011370729817560964,-0.0036333570905630187,3.3727119443938136e-05,0.0,0.0004614069075816427,3.372648729714772e-05,3.3727119443938136e-05,0.01348860626982839
2022-11-23,-0.00150308474648688,-0.0031922889401619736,-0.0003252768947277218,0.0,-0.0017842494855005826,-0.001503085002788001,-0.0003252768947277218,0.0058972660417383116
2022-11-25,0.0006756421604878951,-0.003628202078737276,-0.00038933809264563024,0.0,6.792004105910323e-05,-0.0003893387213105859,-0.00038933809264563024,-0.0002830842622024787
2022-11-28,0.0006551055146040298,0.001721823575243929,0.00010078705963678658,0.0,0.0008275961460669742,0.000655106376436597,0.00010078705963678658,-0.015564696794064813
2022-11-29,0.002338495697393426,0.005608049225534368,0.0006284628761932254,0.0,0.0028674839284610044,0.0023384959758292463,0.0006284628761932254,-0.0015931337016243704
2022-11-30,-0.00036057610375558646,-0.00035350751043685335,0.0007449183030985296,0.0,-0.00038907128899326454,-0.0003533981375307204,0.0007449183030985296,0.030478643521294944
2022-12-01,-0.003135659209767943,-0.002252790918542165,-0.0007420593174174428,0.0,-0.003069116282462152,-0.0022527904494859252,-0.0007420593174174428,-0.0008680098296065889
2022-12-02,0.0023783253495097286,0.004959982700031538,-0.0005298516480252147,0.0,0.002837646859261872,0.0023783253060832062,-0.0005298516480252147,-0.001195374663761461
2022-12-05,0.0001850310783568905,0.00018910427647687438,-0.00043907694634981453,0.0,0.00020231002545304238,0.00018486797473935698,-0.00043907694634981453,-0.01805624963097222
2022-12-06,0.0027927817580164203,0.0026702790471703586,0.0001462059299228713,0.0,0.0028453932759805287,0.002670271411063811,0.0001462059299228713,-0.014503869422986057
2022-12-07,0.0009472430930785906,0.002059627869068327,0.0007450251141563058,0.0,0.0011170755061645978,0.000947247092468555,0.0007450251141563058,-0.001864107253381664
2022-12-08,-0.00010451064467023732,0.0003442607081215889,0.000924226944334805,0.0,-6.566380689605824e-05,0.0003442612082303426,0.000924226944334805,0.007493634413933237
2022-12-09,-0.0006591810487517297,-0.001029238028312273,0.0006648610578849912,0.0,-0.0007492614876565744,-0.0006591791151113198,0.0006648610578849912,-0.0073767194642132125
2022-12-12,0.0016321903875763763,-0.001679750530342171,0.0008155111572705209,0.0,0.0011644531545136226,0.0008155103362291038,0.0008155111572705209,0.01417830729965003
2022-12-13,-0.0018829495344805788,-0.0012838562135455618,1.0538962669670582e-05,0.0,-0.0018449897225054034,-0.0012838553212789609,1.0538962669670582e-05,0.007263223255457212
2022-12-14,0.0005512851658144569,0.005961506469363311,0.00023057538783177733,0.0,0.0013595753489209156,0.0005512880798086358,0.00023057538783177733,-0.006071116623835963
2022-12-15,0.001334554953405874,0.0038512647572682573,0.0004992194590158761,0.0,0.001728887506982662,0.0013345557506420167,0.0004992194590158761,-0.02523747790182607
2022-12-16,0.0030995383164958007,0.0036909409609296963,0.0008737201569601893,0.0,0.003246433776167337,0.003099537080168135,0.0008737201569601893,-0.011200239946011676
2022-12-19,0.0002729911648444295,-0.008053385703354912,0.0003929555241484195,0.0,-0.0009609910470431801,0.0002729830857913158,0.0003929555241484195,-0.0090483289411038
2022-12-20,0.0010043759327057324,-0.003971480072466274,0.0007399829337373376,0.0,0.0002759267437819888,0.0007399793920403481,0.0007399829337373376,0.001036800697890769
2022-12-21,-0.00042509115742094976,0.004406669926322772,0.000921897473745048,0.0,0.000253130251810741,0.0009218979282430546,0.000921897473745048,0.014758548669054294
2022-12-22,-0.0013198914797330405,0.00285475292416009,0.0006144760409370065,0.0,-0.000754498234437903,0.0006144761113926587,0.0006144760409370065,-0.014557142498145655
2022-12-23,0.0028944026706266613,0.0031611840296901722,0.0005112781655043364,0.0,0.0029975171196307167,0.002894399369390729,0.0005112781655043364,0.005850952271915072
2022-12-27,-0.001393378435685553,0.0009025289871257212,-9.31959948502481e-06,0.0,-0.001090988822958865,-9.319972288405492e-06,-9.31959948502481e-06,-0.004057844034659477
2022-12-28,0.0015242249117469074,-2.2234793795786685e-05,0.0001554350892547518,0.0,0.001332208099485895,0.00015543992553102153,0.0001554350892547518,-0.012093470442948605
2022-12-29,0.0013547223147090965,0.0006735115066606362,0.0009956278372555971,0.0,0.0012636234603887833,0.0009956281532119513,0.0009956278372555971,0.01731063431499432
2022-12-30,-0.0022888909701140768,0.0022516177928831207,0.0004900043131783605,0.0,-0.0016919836245647885,0.0004900041057570758,0.0004900043131783605,-0.002543975646110833
2023-01-03,0.0018489291468861487,0.004668464904206187,0.00017666681378614157,0.0,0.002310388016433142,0.0018489293897472501,0.0018489291468861487,-0.004008572481273608
2023-01-04,0.00041771637084970966,0.0005066640661609567,0.0003686238778755069,0.0,0.0004321761218413977,0.0004177249497120377,0.00041771637084970966,0.007510694562138916
2023-01-05,-0.0005424489471183159,-1.2956224974319374e-05,0.00017579016275703907,0.0,-0.0004833732869921671,-1.295958607740218e-05,-0.0005424489471183159,-0.011713869136457158
2023-01-06,0.0022587793310637158,0.0014408511356854819,0.0005928055616095662,0.0,0.0021823926476350125,0.00144085109247394,0.0022587793310637158,0.02258383558903089
2023-01-09,-0.0031071201899861337,0.0024270328928004637,-0.00037272702320478857,0.0,-0.0023621465839385658,-0.00037272701467874536,-0.0031071201899861337,-0.0007679273259905782
2023-01-10,0.0021157432869958375,0.00690894219514148,2.1217827452346683e-05,0.0,0.002880225652700041,0.0021157435554336012,0.0021157432869958375,0.006953997970593733
2023-01-11,-0.0008345044969307151,0.0019045809347819841,-0.0004187049635220319,0.0,-0.00044073285651361496,-0.00041870300008227417,-0.0008345044969307151,0.012767571192293676
2023-01-12,-0.0004284821524556566,-0.004576268216064293,-0.0008192985551431775,0.0,-0.001031150692817745,-0.0008193008348329176,-0.0004284821524556566,0.0034100849120427303
2023-01-13,0.0007030776576811107,0.0018467076886621687,-0.0008142635924741626,0.0,0.0009126701948913216,0.0007030774429788255,0.0007030776576811107,0.003988892144656051
2023-01-17,0.00012494114582862809,0.0025906185527922124,-0.0008136836113408208,0.0,0.000514490268574475,0.00012494180371275485,0.00012494114582862809,-0.002032555430996314
2023-01-18,0.0009892158955835829,0.0002567821147168382,-0.0003511291870381683,0.0,0.00091676554409366,0.0002567823927069848,0.0009892158955835829,-0.015684966977744675
2023-01-19,0.0021476020707434608,0.0024981967426738086,0.0004906303365714848,0.0,0.002243701907798767,0.0021475998374049397,0.0021476020707434608,-0.007667671901812428
2023-01-20,0.0004131194482861352,-0.0016483471385275322,0.000613704789429903,0.0,0.00010304062475934315,0.00041311499670554656,0.0004131194482861352,0.01874167355235196
2023-01-23,-0.0021458253117684232,0.00011384457823908203,5.08522498421371e-06,0.0,-0.0018692833382354087,5.07666085290871e-06,-0.0021458253117684232,0.011811315951328555
2023-01-24,0.00011835144062682435,0.0019452385092787628,-0.00016618255176581442,0.0,0.00039599872120348143,0.00011835438383914296,0.00011835144062682435,-0.0007117563642918193
2023-01-25,0.0009643729640044691,0.00015096372750287475,-0.00016734181554056704,0.0,0.0008743782630039479,0.00015096562315109727,0.0009643729640044691,-0.00018174157346566321
2023-01-26,0.0004189744165131469,-0.0005474897971656633,-0.0005192571552470326,0.0,0.0003011855642017689,-0.0005192251408571421,0.0004189744165131469,0.010947708029114303
2023-01-27,-0.0008004831873963572,0.0016595949829159454,-0.0006662482628598809,0.0,-0.0004404297291420591,-0.000666241352158571,-0.0008004831873963572,0.002491734021703855
2023-01-30,0.0008168076655834321,0.0006802593610698176,-0.0003575972223188728,0.0,0.0008280049662433711,0.0006802531049981739,-0.0003575972223188728,-0.013053569315292663
2023-01-31,0.0020161582600559166,0.0016764904586143176,0.00020683393813669682,0.0,0.002014296883167378,0.0016764882112966844,0.00020683393813669682,0.014536304416419527
2023-02-01,-0.002048782883562224,-0.003071752218918397,-0.0001317948044743389,0.0,-0.0022512187762117144,-0.002048782429031028,-0.0001317948044743389,0.01039805629688473
2023-02-02,0.00024710197335384273,0.0022758467049638544,-0.00037019248702563345,0.0,0.000563478895168364,0.0002471030956652997,-0.00037019248702563345,0.014592384626854379
2023-02-03,-0.0009265581963123003,0.0013676453092306387,-0.0003968026430811733,0.0,-0.0006015925165522027,-0.0003968013286242529,-0.0003968026430811733,-0.010408592637285455
2023-02-06,0.002601884096445831,0.004069395871810588,3.490305971354246e-05,0.0,0.0028873992714729254,0.0026018838052070275,3.490305971354246e-05,-0.006159393193939262
2023-02-07,0.00041508702086623817,0.0015786151642402234,0.00019686363521032035,0.0,0.00059290695436603,0.0004150907037442672,0.00019686363521032035,0.012790364037397075
2023-02-08,-0.0012237994978432781,-0.0008047181312564852,-0.00019897407037205994,0.0,-0.0011892367952601973,-0.0008047174018451971,-0.00019897407037205994,-0.011142573012411353
2023-02-09,0.002506463478390759,0.0027562681071696144,0.00014273333363234997,0.0,0.0026065502461366384,0.002506459929754409,0.00014273333363234997,-0.008869009831037385
2023-02-10,0.0006157492198883155,-5.548793179416306e-05,0.000604435452260077,0.0,0.0005168315499066067,0.0006043618444376342,0.000604435452260077,0.0021928557092171274
2023-02-13,-0.00013223861503660088,-0.0023733987762252183,0.0004586100112646818,0.0,-0.0004793073990757718,-0.00013223985600910952,0.0004586100112646818,0.011383569951155146
2023-02-14,-0.0008205401899328054,0.0003447838717054571,0.0001944109535543248,0.0,-0.0006754065854467769,0.00019440537400370198,0.0001944109535543248,-0.0002804538554937624
2023-02-15,0.0010388037073839028,0.0011593956858739194,8.086851448751986e-05,0.0,0.0010822262965667344,0.0010387965919198706,8.086851448751986e-05,0.002769337533076689
2023-02-16,-6.14557193348331e-05,-0.0006120102149650661,-0.0001802080951165408,0.0,-0.000139663611546179,-0.0001802140714426818,-0.0001802080951165408,-0.013884689204881605
2023-02-17,0.002314363975081498,0.002207232730389739,0.00019718738622032106,0.0,0.0023551015140313727,0.0022072240640783544,0.00019718738622032106,-0.0027712421722827342
2023-02-21,-0.00014274999680288867,-0.0008186570312577235,0.00010257886606268585,0.0,-0.0002492157295724772,-0.0001427525648894501,0.00010257886606268585,-0.020244783973471698
2023-02-22,0.002834103087866917,-0.002062938486369457,0.0006334090139716864,0.0,0.0021690440984923833,0.0006334089305793534,0.0006334090139716864,-0.0015747954856433837
2023-02-23,-0.000738678456026485,-0.0013118944636531745,0.0008844556286931038,0.0,-0.0008667812400091164,-0.0007386773328817765,0.0008844556286931038,0.005315278263237728
2023-02-24,-9.785269131756791e-05,-0.0032605542014990728,0.0009355088695883751,0.0,-0.0005929650125375668,-9.785334117837136e-05,0.0009355088695883751,-0.010593464619774184
2023-02-27,0.0017579992346481285,-3.2586639218664975e-05,0.0009408540790900588,0.0,0.0015151559655067252,0.000940853883482585,0.0009408540790900588,0.0030682925395522777
2023-02-28,-0.0006786819043321025,-0.0025664346848575876,0.0010350557276979089,0.0,-0.0010035160583225775,-0.0006786819580020686,0.0010350557276979089,-0.0030406198309477117
2023-03-01,0.0010754007461322526,0.002067720131854239,0.0011367090046405792,0.0,0.0012204437884436926,0.0011367237288187801,0.0011367090046405792,-0.004736464203492832
2023-03-02,0.0006197768663497332,0.0011772128515043405,0.0011068456806242466,0.0,0.0006891601318239542,0.0011068339065730785,0.0011068456806242466,0.0075535937311959735
2023-03-03,-0.0007037808251701093,-0.001837037373858968,0.0004352558753453195,0.0,-0.0009017312711158027,-0.0007037808207079408,0.0004352558753453195,0.01601874917648306
2023-03-06,-0.001027898940378203,0.0012696793518846648,-0.00019985137623734772,0.0,-0.0007104051055852146,-0.00019985085105115075,-0.00019985137623734772,0.0006869307788483012
2023-03-07,0.001160018711616367,-0.0002934988182419677,2.697989111766219e-05,0.0,0.0009754407656918597,2.6982111076505053e-05,2.697989111766219e-05,-0.015445590479262547
2023-03-08,0.0021524846014033166,0.004159587387579969,0.000660156540106982,0.0,0.0024890443560899216,0.0021524847728658556,0.000660156540106982,0.0014137941356032722
2023-03-09,-0.0005465867991042966,0.00047285209200973247,0.0005951623315922916,0.0,-0.0004264056262710588,0.00047284502657556396,0.0005951623315922916,-0.018631857945482354
2023-03-10,0.002882698797824019,-0.002755648534435822,0.0015117106959223747,0.0,0.0020858918528400675,0.0015117102018110456,0.0015117106959223747,-0.01458396943606664
2023-03-13,0.000814884262507214,-0.0043350695479734015,0.001820380799472332,0.0,2.676766842119548e-05,0.0008148834640489363,0.001820380799472332,-0.001510901840738768
2023-03-14,-9.094567727806034e-05,-0.000976399415976987,0.0010664586443454027,0.0,-0.00025275756027996375,-9.09454129703832e-05,-9.094567727806034e-05,0.016342388235363665
2023-03-15,-0.0016711042749004096,-0.000787666712421787,0.00011528900358825922,0.0,-0.0015882519635208295,-0.000787666688063093,-0.0016711042749004096,-0.007005363929353597
2023-03-16,0.002053455622727885,0.0037577675716515533,-0.0007774890400469303,0.0,0.0023810271935705224,0.0020534553896581274,0.002053455622727885,0.017409576249031722
2023-03-17,-0.0023112011888256926,0.0003037917028560778,-0.0020808493718504906,0.0,-0.0019308171151221846,-0.0020808454870241,-0.0023112011888256926,-0.011080621273953702
2023-03-20,0.002937961482028451,0.0018322131027368818,-0.0019349153153598309,0.0,0.0029047222177617208,0.0018322124653179749,0.002937961482028451,0.008878869635940853
2023-03-21,-0.001606240452110751,0.0026854955496982413,-0.0016293805092573166,0.0,-0.0009712323456385352,-0.0016062009074848257,-0.001606240452110751,0.012898647518559103
2023-03-22,-0.00024878243835413214,-0.005417743458996121,-0.0010763759491965175,0.0,-0.0009907264077312625,-0.001076376924370309,-0.00024878243835413214,-0.016600248639842885
2023-03-23,0.002876057290281388,-0.0054983764554973735,0.0004928902490064502,0.0,0.0017018579308179947,0.0004928899966024976,0.002876057290281388,0.0029800838691824228
2023-03-24,-0.0009721334312354586,-0.0027805465154587695,0.0010389400413259864,0.0,-0.001293185006408014,-0.0009721333756281745,-0.0009721334312354586,0.005623963084303207
2023-03-27,0.00021460374328002054,0.0008476576649055521,0.0006602432695217431,0.0,0.00029627163089401164,0.0006602402239963931,0.00021460374328002054,0.0016455995637670831
2023-03-28,0.0003557943135395975,0.002054203121567984,0.0007338630966842175,0.0,0.0005967448924026907,0.0007338649715554992,0.0003557943135395975,-0.0015750832883878866
2023-03-29,0.0006717853656870295,0.0038346451164026556,0.0005699768662452698,0.0,0.0011420289431760956,0.0006717946828682016,0.0006717853656870295,0.014136870775046802
2023-03-30,-0.0013372136243368898,0.001122910578025084,0.00015984923811629415,0.0,-0.0010135696406514275,0.0001598488689959075,-0.0013372136243368898,0.005698999199482652
2023-03-31,0.0006249416980410455,0.0007922228758922323,6.374582881107926e-06,0.0,0.0006661974327958852,0.0006249374020981023,0.0006249416980410455,0.014333327782036555
2023-04-03,-0.0010969236973791315,0.0028944818938804397,-0.0004259349952917546,0.0,-0.0005248573006659749,-0.0004259338103678872,-0.0010969236973791315,0.003692022565802823
2023-04-04,0.0009235623372687992,0.0013944237141866548,-0.000434672023402527,0.0,0.0010294569934599174,0.0009235609576493956,0.0009235623372687992,-0.005813839745162529
2023-04-05,0.0011964071010737401,-0.0005092025576928699,-0.0001386168587487191,0.0,0.0009799630241032302,-0.00013861492272830748,0.0011964071010737401,-0.002495481657121423
2023-04-06,0.00047474008566868425,0.003522650574117321,0.00010164390550926328,0.0,0.0009352413639358021,0.0004747424237751472,0.00047474008566868425,0.0035727731328032467
2023-04-10,-5.164663857811733e-05,-0.0010611120698912407,0.00015263064415194094,0.0,-0.0002063208920396658,-5.165049777565556e-05,-5.164663857811733e-05,0.0009958070170100843
2023-04-11,0.0005191924682887482,-0.002046275637068127,0.00017339504847768694,0.0,0.0001492138145504446,0.00017339262334929088,0.0005191924682887482,-4.135333298352082e-05
2023-04-12,0.00043128570815470166,0.0010810661392206401,0.00038070150185376406,0.0,0.0005286857016101129,0.0004313031915227374,0.00043128570815470166,-0.0041434563234613855
2023-04-13,0.0009191332466588644,0.0013845597340788856,0.0005935179069638252,0.0,0.0009966318068231263,0.000919134159651112,0.0005935179069638252,0.013175510497831548
2023-04-14,-0.001376381933809812,-0.000953191890175765,0.0002618319704197347,0.0,-0.001357602323192329,-0.0009531903599598829,0.0002618319704197347,-0.0020715175845779886
2023-04-17,0.0014963139111063095,0.0005915530676291981,0.0002553983358666301,0.0,0.0013957338938909904,0.0005915549220347258,0.0002553983358666301,0.0033007035826147536
2023-04-18,-0.0002862975837672853,0.0007644950548032095,9.094353299587965e-05,0.0,-0.00014105330214796524,9.094468957328529e-05,9.094353299587965e-05,0.0008548548034659753
2023-04-19,0.0006681699229351415,0.0014763497228316772,0.00012115704885218292,0.0,0.0008022490972153802,0.0006681705100934547,0.00012115704885218292,-8.426554793962826e-05
2023-04-20,0.00040551558460865056,0.0009390015002599777,0.00014077361265663058,0.0,0.0004914478532130263,0.0004055174661003925,0.00014077361265663058,-0.005970335188311131
2023-04-21,0.0011558470896641843,0.0005326420330767617,0.00025719497352838516,0.0,0.0010877400281419389,0.0005326440379043096,0.00025719497352838516,0.0009027812573008861
2023-04-24,-4.7596929544327805e-05,-0.0006078156300664206,0.0003619404451455921,0.0,-0.00014134984150314953,-4.759758079283394e-05,0.0003619404451455921,0.0008512167782723126
2023-04-25,0.00043835837740715655,-0.00048171459834114297,0.000517927692271769,0.0,0.0003002301475047199,0.0004383472022593678,0.000517927692271769,-0.01593718381857645
2023-04-26,0.0022588318219058092,-0.004178979150841699,0.0009533753618597984,0.0,0.0013420998098496056,0.0009533747917823383,0.0009533753618597984,-0.0038485835033448754
2023-04-27,-0.0001005412035399181,0.0024054880491558624,0.0010808362858369946,0.0,0.00023832377254222965,0.0010808363770986307,0.0010808362858369946,0.019377193402696356
2023-04-28,-0.0019301558395857974,-0.0023606132734083764,0.0005258312448859215,0.0,-0.0020594112969190455,-0.0019301539340546587,0.0005258312448859215,0.008219331313243467
2023-05-01,0.00048235127289540333,0.0008976295254573734,0.00014394927711691707,0.0,0.0005527787656962422,0.00048235181411989043,0.00014394927711691707,-0.0003861810485107871
2023-05-02,0.0006925958462183657,0.0009363717778799309,0.00014997072867117822,0.0,0.0007431295199144804,0.0006925936135804091,0.00014997072867117822,-0.011653906680571788
2023-05-03,0.0018262333064924668,0.002236352542664041,3.512110561132431e-05,0.0,0.0019347162441431193,0.0018262314376973011,3.512110561132431e-05,-0.007022908054892971
2023-05-04,0.0006033353608922343,0.002034304688432015,0.00035359355388209224,0.0,0.0008215297453888264,0.0006033386353735816,0.00035359355388209224,-0.007244913455062742
2023-05-05,0.000987747418610742,-0.0005471578222254316,0.0004127135907765478,0.0,0.0007762285045547802,0.0004127128974146507,0.0004127135907765478,0.018306166381879797
2023-05-08,-0.0022010074451606436,0.0008567786260170649,7.827204535715282e-05,0.0,-0.0018099208210570568,7.827120248799874e-05,7.827204535715282e-05,0.0004520264848820656
2023-05-09,0.0014552966670714688,0.001637779004505825,0.0001512962335254997,0.0,0.0015171149263144374,0.001455292012175555,0.0001512962335254997,-0.004589938949059595
2023-05-10,0.0006547345800691404,-0.0005068898306566492,0.00017465167911723256,0.0,0.000495855570794299,0.0001746510677522955,0.00017465167911723256,0.004473942241914432
2023-05-11,-0.00021648062322087818,-0.0009478459141816903,-4.46787744294852e-05,0.0,-0.00032917928269446894,-0.00021648501335710688,-4.46787744294852e-05,-0.0016980648897067581
2023-05-12,0.000900040019455439,-0.0013720290513278455,-2.7889444027096033e-05,0.0,0.0005889858262651532,-2.78897765127391e-05,-2.7889444027096033e-05,-0.0015845615894390477
2023-05-15,0.00042353243987960676,-0.00011017141727502669,0.00012937004794366658,0.0,0.0003525025023808426,0.0001293708115043006,0.00012937004794366658,0.002953797680316935
2023-05-16,3.9442596037350924e-05,-0.001062009198038909,0.00010622412082739174,0.0,-0.00012515472820066873,3.942896331694561e-05,0.00010622412082739174,-0.006398107681917463
2023-05-17,0.0013262675908974732,0.002425229809576686,0.00032401751377619803,0.0,0.0015154936751708252,0.00132626767836908,0.00032401751377619803,0.011820688622071574
2023-05-18,-0.0013921314867596385,0.0011234126883453068,0.00013314031821209937,0.0,-0.001061049286049741,0.00013313996518635537,0.00013314031821209937,0.009400723063727155
2023-05-19,0.00010915943895087771,0.0006161130207052468,5.517553654499352e-05,0.0,0.00018553809832875986,0.0001091753369706069,5.517553654499352e-05,-0.0014469138806754414
2023-05-22,0.0009185079416332423,-0.0007494492514782611,0.00028089023544453084,0.0,0.0006889940526431585,0.00028088964068333076,0.00028089023544453084,0.00015502267980239146
2023-05-23,0.00032409672677692126,0.0011561807621314193,0.00034129476989619434,0.0,0.0004466330001305192,0.00034134563762098927,0.00034129476989619434,-0.011285468768284297
2023-05-24,0.00183767811590569,0.002771157102833617,0.0004838950699195266,0.0,0.0020118363853242763,0.001837677784515467,0.0004838950699195266,-0.007345512678305211
2023-05-25,0.0006110989578443852,-0.005710143956869155,0.0008243799675256014,0.0,-0.00032898471647427807,0.0006110944708962342,0.0008243799675256014,0.008719456079011883
2023-05-26,-0.0008817236197595432,0.0009683575688985023,0.000634445808827877,0.0,-0.0006487646624541626,0.000634443490539056,0.000634445808827877,0.012964680931640788
2023-05-30,-0.0006186002426468384,0.00041234301483961995,0.0002964333980344236,0.0,-0.0004906604434620474,0.0002964260073661809,0.0002964333980344236,1.660313066576836e-05
2023-05-31,0.0009947374709736322,-0.00014544702412307007,0.00023919489467516541,0.0,0.0008463882259231961,0.0002391961609941037,0.00023919489467516541,-0.006127358186214099
2023-06-01,0.001038962977500283,0.0006162409638759422,-7.640841067768633e-05,0.0,0.0010062816157061269,0.0006162400489668148,-7.640841067768633e-05,0.009806215085853812
2023-06-02,-0.0009841376657317197,0.001965685008992766,-0.0003673332103062421,0.0,-0.0005645866399598223,-0.0003673320225482108,-0.0003673332103062421,0.014429812390107408
2023-06-05,-0.0006189311901287485,-0.001010247787093127,-0.0004304062749724835,0.0,-0.0006818118703658279,-0.0006189338963411672,-0.0004304062749724835,-0.002005591490657713
2023-06-06,0.00133842841835394,-0.00115762407223268,-9.152683196589351e-05,0.0,0.0010076804475757204,-9.15265940672395e-05,-9.152683196589351e-05,0.002351130233850576
2023-06-07,-4.021621603741163e-05,0.002103916772192923,-0.00011965748853981495,0.0,0.0002788449686982449,-4.0204403137642534e-05,-0.00011965748853981495,-0.003819293926420617
2023-06-08,0.0011638533389041624,-0.00014982940741576617,6.908061914145947e-05,0.0,0.0009989227809730288,6.908423412024707e-05,6.908061914145947e-05,0.00616957160752325
2023-06-09,-0.0005503736298433854,0.0011453063025058626,6.878923159092665e-05,0.0,-0.0003162687261044552,6.878991427665426e-05,6.878923159092665e-05,0.0011474010230505239
2023-06-12,0.0007499024335814839,0.00028327684932816287,0.00030015455558896065,0.0,0.0006929451949075743,0.0003002053204549426,0.00030015455558896065,0.00927797498175416
2023-06-13,-0.0007045508526191996,-0.001278910139071878,0.00018483483290765435,0.0,-0.0008132160585374634,-0.0007045502394379817,0.00018483483290765435,0.006908570725908897
2023-06-14,0.0002145232028753579,0.00026556493178146663,5.9686979511752725e-05,0.0,0.00022620541332822431,0.00021451072437259105,5.9686979511752725e-05,0.0008190899801265841
2023-06-15,0.0006111613538570012,-0.0008056453787454279,-9.183629299513996e-05,0.0,0.00042051869412630525,-9.183631441908694e-05,-9.183629299513996e-05,0.012104580493589997
2023-06-16,-0.0009169047393715777,-0.0023575658220888794,-0.0003970385587308556,0.0,-0.0011437497498846413,-0.0009169059624097532,-0.0003970385587308556,-0.0036783764677510893
2023-06-20,0.0016078305242194686,-0.002869657822296215,-0.0002913323405664414,0.0,0.0009967312126288787,-0.0002913324790123251,-0.0002913323405664414,-0.004746353835236048
2023-06-21,0.000641999273832683,0.0010049609788909419,-7.763365283608437e-05,0.0,0.00071488042766723,0.0006419979195601185,-7.763365283608437e-05,-0.005259086366925201
2023-06-22,0.0009527747335839065,0.00259901339995787,0.0002089531917590648,0.0,0.0012159918578081525,0.0009527754676795726,0.0002089531917590648,0.0037039303873345254
2023-06-23,-0.00028418190207683857,0.0013663133126025383,0.00024146534269675612,0.0,-5.42572078683839e-05,0.00024146635047286714,0.00024146534269675612,-0.007688288056502158
2023-06-26,0.0015806833045946486,-0.0010030968274546837,0.0002810583100654185,0.0,0.0012334851636108062,0.00028105831930617063,0.0002810583100654185,-0.004496934363132171
2023-06-27,0.00040153373700413343,-0.0007910137422438126,0.0005977851687930524,0.0,0.00022001137930346932,0.0004015295300236959,0.0005977851687930524,0.01139073352418076
2023-06-28,-0.001034360569771039,-0.0017934582096290933,0.0004637531819753349,0.0,-0.0011865990602599082,-0.0010343599224947177,0.0004637531819753349,-0.0003541393883898215
2023-06-29,0.001076008602213039,0.0006802864494003178,0.000459128845250234,0.0,0.0010339980167190794,0.0006802884162423079,0.000459128845250234,0.00446356811449
2023-06-30,-0.0003057537229487181,0.0011963820506608197,0.00029108335729688406,0.0,-9.966128693880141e-05,0.00029108392502833684,0.00029108335729688406,0.0121943502618858
2023-07-03,-0.0006431862921413272,0.0011228593668602405,0.00014216886484064162,0.0,-0.00040312100973096646,0.00014216911730144532,0.00014216886484064162,0.0011699930926736418
2023-07-05,0.0009051491538091992,9.920189435466512e-05,0.0003236107877455652,0.0,0.000801556130876777,0.0003236134908702758,0.0003236107877455652,-0.0019702580976127164
2023-07-06,0.0006263474904865399,-0.0005437529128827488,0.00033959851134568453,0.0,0.000461049491381044,0.0003395961776158407,0.00033959851134568453,-0.007954061175894762
2023-07-07,0.00134659722707165,0.0023402414309022265,0.00028986524557694793,0.0,0.0015217113786924208,0.001346597167222851,0.00028986524557694793,-0.002869212795733482
2023-07-10,0.0003488554123912397,-0.0005566566436789593,0.0005781101062893867,0.0,0.00020887976809700002,0.00034885219005307004,0.0005781101062893867,0.002402138610626312
2023-07-11,9.064298079292999e-05,-0.0012788524440225052,0.000617004232481122,0.0,-0.00012585612041179396,9.06418172779801e-05,0.000617004232481122,0.006719583998254874
2023-07-12,-0.0002519051288975749,-0.0017370571055879127,0.0004806641081813723,0.0,-0.000491010293952008,-0.00025190581781403575,0.0004806641081813723,0.007383905235389679
2023-07-13,-9.953329509189754e-05,0.0014261764326718312,0.0004331415693741292,0.0,0.00011175824821635106,0.0004331424346813565,0.0004331415693741292,0.008434482989627111
2023-07-14,-0.00020348700350064582,0.000521662589556594,0.00028614798793569207,0.0,-0.00010938145561912544,0.0002861458116789344,0.00028614798793569207,-0.001024932196907484
2023-07-17,0.0009972906534394892,-0.0004217339735932135,0.0002505558368284255,0.0,0.0008074888579591491,0.000250555984284207,0.0002505558368284255,0.0038479695744204137
2023-07-18,-0.00011053869233724052,-0.0008985629350908445,8.783742669038475e-05,0.0,-0.00023232257889281503,-0.00011054241719150321,8.783742669038475e-05,0.007092066941428338
2023-07-19,-6.413984663741079e-05,-0.0002610917053612318,-0.00016324347234331071,0.0,-9.060443952240865e-05,-0.00016324334797334814,-0.00016324347234331071,0.002355134827233639
2023-07-20,0.0005202906735478987,4.834580706815269e-05,-0.00012711394811049104,0.0,0.0004678287648333228,4.834933224047146e-05,-0.00012711394811049104,-0.006779827396257691
2023-07-21,0.0013289284554708705,0.0008470233739457042,9.692131425254047e-05,0.0,0.0012906154915268398,0.0008470226370294893,9.692131425254047e-05,0.0003240420146130911
2023-07-24,5.046230598075032e-05,0.0019195461859456847,0.0003299264644738287,0.0,0.00031927631715773677,0.00032992938903980375,0.0003299264644738287,0.004026038496874852
2023-07-25,0.0001014459629079814,-0.0005414289829562792,0.00038139295065775514,0.0,-1.0621140005609962e-06,0.00010144396681921545,0.00038139295065775514,0.0028107195758387046
2023-07-26,0.0002777807238261361,0.001502120848652391,0.00037499418249353766,0.0,0.0004561608535636978,0.00037500337621306174,0.00037499418249353766,-0.00015545097867591856
2023-07-27,0.0005741906161325944,0.0012890010749651017,0.00023433865862898529,0.0,0.0006889326826708046,0.000574192146312775,0.00023433865862898529,-0.006445393055197076
2023-07-28,0.0011633552120124064,0.0012607405651057905,0.0003721237590070814,0.0,0.001198892967562614,0.0011633464107220445,0.0003721237590070814,0.009829375810433848
2023-07-31,-0.0010556648238289202,0.0006490792953149694,0.00024577692965976894,0.0,-0.0008384513340545141,0.00024577522956239134,0.00024577692965976894,0.0014676354365687912
2023-08-01,0.0009052397768323595,0.0015025310495165283,0.00013916779425926507,0.0,0.0010139996313940347,0.0009052394101551851,0.00013916779425926507,-0.0026686453076827116
2023-08-02,0.0006375095740171533,-1.3633951526722181e-05,0.00014472415205091238,0.0,0.0005544275336395874,0.00014472836706871437,0.00014472415205091238,-0.013936200638336184
2023-08-03,0.001977912140196581,-2.1486781262966597e-05,0.00036411319160833955,0.0,0.001725490314294529,0.00036411515270213255,0.00036411319160833955,-0.0025512254502915274
2023-08-04,-4.39045561723046e-05,0.0005387255276066301,0.00042665970977395773,0.0,2.964383492893628e-05,0.00042665305889659255,0.00042665970977395773,-0.0053141693739379705
2023-08-07,0.0010649631257295521,-0.0032748418386236394,0.000887459609657526,0.0,0.0004282110486830843,0.000887454278865192,0.000887459609657526,0.008983618964856572
2023-08-08,-0.0010255540026614255,0.00047338777960860556,0.0008361334330402315,0.0,-0.0008537319004079292,0.00047338570421666496,0.0008361334330402315,-0.004227205100058866
2023-08-09,0.0014734521997259468,0.0010415137766615352,0.000661696249153465,0.0,0.0014312955574073368,0.0010415140912411113,0.000661696249153465,-0.007063619102045116
2023-08-10,0.000795687082691646,-0.0016004809461607867,0.0007417681626975536,0.0,0.00044293447057007756,0.0007417507061052736,0.0007417681626975536,0.00025068252108086326
2023-08-11,0.0001270927340001659,0.0006978447195257332,0.0009016236290335655,0.0,0.00019076301858737626,0.0006978416058712197,0.0009016236290335655,-0.0010702648992294865
2023-08-14,0.0005809114276280856,-0.001404708457836963,0.0008789014536887407,0.0,0.0002794412432524126,0.0005809085972934868,0.0008789014536887407,0.005734004879419051
2023-08-15,-0.0003628708434320324,0.0028371472836796357,0.0005747877294197679,0.0,8.508964177530185e-05,0.000574788352010416,0.0005747877294197679,-0.011618139396096483
2023-08-16,0.002100594337006752,-0.0010719106627777588,0.000828135060146451,0.0,0.0016656469957761605,0.0008281348012495695,0.000828135060146451,-0.007584081792624527
2023-08-17,0.000532699911085388,0.003927395236908861,0.0010990425944328308,0.0,0.0010193588895575259,0.0010990440006226855,0.0010990425944328308,-0.0077428113775290805
2023-08-18,0.0010864204919693028,0.003813950019085581,0.0015488950302824378,0.0,0.001477236769916913,0.0015488967421537069,0.0015488950302824378,-0.00014871788395720285
2023-08-21,-3.900314563297754e-05,0.0015047943978079652,0.0013608296867460012,0.0,0.00015179065114113464,0.001360823549096841,0.0013608296867460012,0.006855634859799785
2023-08-22,-0.0003443621481853267,0.004607249753036136,0.0009964066557586193,0.0,0.0003517414008268265,0.0009964071236982376,0.0009964066557586193,-0.0027813310465456837
2023-08-23,0.001032089665551733,0.0010836040783579128,0.0010665784357115626,0.0,0.0010387827720447023,0.0010665532444742475,0.0010665784357115626,0.010984330710791359
2023-08-24,-0.0011140799916797245,0.0006289164755865072,0.00042026597657240927,0.0,-0.0008974356300316753,0.0004202618802550434,0.00042026597657240927,-0.01354935398400801
2023-08-25,0.002696254045507356,-0.0041314618393183756,0.0008847641292959452,0.0,0.001735409396150403,0.0008847637771465432,0.002696254045507356,0.006695501060295156
2023-08-28,-0.001310479877683371,0.002110273461283291,0.00042555038817226887,0.0,-0.0008512244462546023,0.0004255503706706879,-0.001310479877683371,0.006245078594196461
2023-08-29,0.00038307871031420743,0.0014840337791677,0.00026491552125662565,0.0,0.0005489755855636358,0.00038308612573106183,0.00038307871031420743,0.014404068712056505
2023-08-30,-0.0011210630419199665,-0.0018690258227090596,-0.00031325893360190094,0.0,-0.0012532097737633617,-0.0011210629433868436,-0.0011210630419199665,0.003825854181192944
2023-08-31,0.0008318183275450483,0.0010189475719574012,-0.00036897140671499074,0.0,0.0008915655720051182,0.0008318138715363709,0.0008318183275450483,-0.0015982129743398576
2023-09-01,0.0006763126001302765,0.001149809308468567,-0.00023909026640467346,0.0,0.0007707638517783416,0.0006763115870976295,0.0006763126001302765,0.001797512765518541
2023-09-05,0.00024137923115118213,-0.00017134197922730982,-9.17952274903655e-06,0.0,0.00018706739815113797,-9.177390645545785e-06,0.00024137923115118213,-0.004202997821381205
2023-09-06,0.0010793102971935803,0.001070525063735044,0.00019014118879567832,0.0,0.0011017712818686474,0.0010704334680387117,0.0010793102971935803,-0.006996014491432261
2023-09-07,0.0009874073690200919,-0.000587473058629774,0.00023644347675144672,0.0,0.0007746805062612206,0.00023644335944242366,0.0009874073690200919,-0.003216433115732967
2023-09-08,0.00048619928076394403,-0.001401951331787101,7.736359839327633e-05,0.0,0.0002180238412699753,7.736183940311769e-05,0.00048619928076394403,0.0014256060622570594
2023-09-11,0.00013050769881957174,-0.001873859920146741,0.00016394355043303221,0.0,-0.00016666452968037954,0.00013047997683525537,0.00013050769881957174,0.006700951498135517
2023-09-12,-0.00028416256388099785,0.001601323074758348,0.00020644509640987962,0.0,-1.8566089976186195e-05,0.0002064464105427396,-0.00028416256388099785,-0.005712169023003997
2023-09-13,0.0014151498876717088,-0.0009788879687528593,0.00038306403439491987,0.0,0.001088849859200779,0.00038306380052068777,0.0014151498876717088,0.0012408621175346041
2023-09-14,-0.00013421844573172022,-0.000442672249957387,0.00041205048910342157,0.0,-0.00019440994881226724,-0.00013421704855478143,-0.00013421844573172022,0.00839458553366625
2023-09-15,-0.0003396070126010664,8.6567963157373e-05,0.00025390571681782603,0.0,-0.00029247060170602775,8.65643932442784e-05,-0.0003396070126010664,-0.012234145842493929
2023-09-18,0.0022367539407526574,-0.004266978554702926,0.00015421969874296337,0.0,0.0013310420170014085,0.00015421944510022066,0.0022367539407526574,0.0007210276941755188
2023-09-19,-0.00044642977863326483,-0.001426769709020439,0.00026277615688741207,0.0,-0.0006102910553013542,-0.00044643016671877186,-0.00044642977863326483,-0.0021533273615331264
2023-09-20,0.0009486111611215699,-0.00020251210611315327,0.0003876522823702544,0.0,0.0007934454911769037,0.000387652194761575,0.0009486111611215699,-0.009439204206291041
2023-09-21,0.0012487713844256511,0.0003337529355178471,0.0010402288753539324,0.0,0.0011190889659487726,0.001040225537177423,0.0012487713844256511,-0.016536918318488084
2023-09-22,0.0018437257567206814,0.0028661056282450813,0.0015170018887147307,0.0,0.0020035808876886505,0.0018437278225933613,0.0018437257567206814,-0.0022982374027607495
2023-09-25,-0.00019226080538257566,0.003042615707510558,0.0017741898773238063,0.0,0.0002333618576487307,0.0017741895981997899,-0.00019226080538257566,0.0040149942038066174
2023-09-26,-5.545857008984256e-05,0.0028945741090869006,0.0013952504377812147,0.0,0.0003418406403278198,0.0013952504600714432,-5.545857008984256e-05,-0.014844165482264943
2023-09-27,0.002214079055604114,0.0027091634347412895,0.0014857982750982046,0.0,0.002306721212780262,0.0022140784132077805,0.002214079055604114,0.00022928777229479233
2023-09-28,-0.0005549972657206766,0.0025023048242580064,0.0009892864618450403,0.0,-0.00014434227747855873,0.0009892864484988718,-0.0005549972657206766,0.005875877143000698
2023-09-29,-5.305986006726068e-05,0.0003881103768077079,0.0005689563695341349,0.0,-4.468546056462639e-06,0.0003881071641537942,-5.305986006726068e-05,-0.002713259648289315
2023-10-02,0.0008703857583783305,0.00041560777945615285,0.0008471849141642451,0.0,0.0008037819809713607,0.0008471475359277164,0.0008703857583783305,7.936440615299324e-05
2023-10-03,0.00016389952857718559,0.0005868122274100393,0.0006105088978074491,0.0,0.00021447914206158223,0.000586775661938202,0.00016389952857718559,-0.013839395863449198
2023-10-04,0.002050588055218871,-0.0005467992825629014,0.0009484692709520459,0.0,0.0016961009577963044,0.0009484690331351065,0.002050588055218871,0.008077047607828946
2023-10-05,-0.0013631745689268277,-0.0007978444831366359,0.0005420458037406206,0.0,-0.0013305190119853585,-0.000797843465710419,-0.0013631745689268277,-0.0013048811469951228
2023-10-06,0.0011939678535222897,-7.555619002472627e-05,0.00046801159624010324,0.0,0.0010257094981815052,0.0004680120554851425,0.0011939678535222897,0.011745642093961117
2023-10-09,-0.0012756048153309831,-0.003926102868539581,-0.0002486509911250323,0.0,-0.0016948337466074163,-0.0012756054101890069,-0.0012756048153309831,0.006284068119387409
2023-10-10,0.0004621075466598916,0.00130955441670571,-0.0004926900146529078,0.0,0.000612887505895113,0.0004621074145762301,0.0004621075466598916,0.005194476099985354
2023-10-11,-2.749643818540892e-05,8.528767735565003e-05,-0.000324336375342682,0.0,-2.89318148381601e-06,-2.7501804075725466e-05,-2.749643818540892e-05,0.004283819500095073
2023-10-12,0.0002697506922561355,-0.0020950924540516533,-0.00041548008448444307,0.0,-6.15022273146466e-05,-0.0004154809449330947,0.0002697506922561355,-0.006266024940654918
2023-10-13,0.0013626330025793697,-0.004864070435622881,-0.0001760480517987162,0.0,0.00048333820693750385,-0.0001760484876437834,0.0013626330025793697,-0.005031495660219892
2023-10-16,0.0006530362463036642,-0.00421886728508908,0.00023877457715570927,0.0,-5.6042384865671846e-05,0.00023877239905273316,0.0006530362463036642,0.010538642302589985
2023-10-17,-0.0009522496261846378,-0.004353472053329471,0.0001434019359294325,0.0,-0.0014842837539910901,-0.000952250243381568,-0.0009522496261846378,-9.824987944376507e-05
2023-10-18,0.001044615268920554,-0.0017407106759371968,7.882493082433939e-05,0.0,0.0006587048798138822,7.882444652975886e-05,0.001044615268920554,-0.013490408251151898
2023-10-19,0.0017895677700649508,-0.0017254554858843376,0.0003680347290355712,0.0,0.001307973965247868,0.0003680345037732519,0.0017895677700649508,-0.008519032328057976
2023-10-20,0.0007172568312608458,0.0008057091277076249,0.000671643647365272,0.0,0.0007315503830721153,0.0007172667806059957,0.0007172568312608458,-0.012665149196155915
2023-10-23,0.0015264495819289907,7.982800935014847e-05,0.001037899637594819,0.0,0.0013256695130201214,0.0010378986406532392,0.0015264495819289907,-0.0016869920654349177
2023-10-24,-0.00014367770483987178,0.0025921698808775164,0.0009539081947878003,0.0,0.00023139723792132733,0.0009539084945624186,-0.00014367770483987178,0.0072395235196288195
2023-10-25,-0.0004505146948867383,0.005267071067047746,0.0006531054968945682,0.0,0.00036514937257004285,0.0006531061847250387,-0.0004505146948867383,-0.014443434657238052
2023-10-26,0.0023434721185004595,0.00047954344108040725,0.0008516010129824281,0.0,0.002107816994406246,0.0008516030169694814,0.0023434721185004595,-0.011903081205584871
2023-10-27,0.0008090125627665569,-0.003917730844804763,0.001005853177048266,0.0,0.0001050616730534044,0.0008090077450804599,0.0008090125627665569,-0.00481183857862075
2023-10-30,0.00046072580837943716,-0.001443796393173585,0.0012345692375674844,0.0,0.00015852787465192272,0.0004607250439743318,0.00046072580837943716,0.011938474300285915
2023-10-31,-0.0012686159184546486,-0.0002560220360569012,0.0009172244463115931,0.0,-0.0011773458309603496,-0.00025602190132609036,-0.0012686159184546486,0.006454084821688244
2023-11-01,0.0002935773678385412,0.0007841517304311405,0.0004322821041569114,0.0,0.000362386052078634,0.00043228638542469356,0.0002935773678385412,0.010451194990191868
2023-11-02,-0.0006521714804229228,-0.0006163629775908175,-0.000128849787870422,0.0,-0.0006608621275684264,-0.0006163385700409883,-0.0006521714804229228,0.018682938934086474
2023-11-03,-0.001114285497385044,-0.00033567611205854807,-0.0007967558922246099,0.0,-0.0010076788579235845,-0.0007967549220727063,-0.001114285497385044,0.00934988354455146
2023-11-06,0.00031875668835943776,-0.002735908157745714,-0.0008624865440651774,0.0,-0.0001012093174597893,-0.0008624868559866559,0.00031875668835943776,0.0017514577241005862
2023-11-07,0.0006235287108171273,-0.0016982239767984867,-0.0006590879056602716,0.0,0.000314608090212877,-0.0006590877236132568,0.0006235287108171273,0.0028360934017119537
2023-11-08,0.00025582956417694215,-0.002721734972808918,-0.0005179973086342216,0.0,-0.00016362635535248512,-0.000517998144219,0.00025582956417694215,0.0010044110324198868
2023-11-09,0.0005387019060857274,0.0011385829849285013,-0.0003069172671530396,0.0,0.0006499701664047845,0.0005387014244021112,0.0005387019060857274,-0.008116690699068705
2023-11-10,0.0014023198834507257,0.0030806208370963897,0.0001776560238795355,0.0,0.0016831249873735404,0.0014023201035386055,0.0014023198834507257,0.015495759270772258
2023-11-13,-0.0017853921490677733,0.001174388047575528,-4.4897751649841666e-05,0.0,-0.0013943954819052619,-4.489799656918023e-05,-0.0017853921490677733,-0.0008361884413700847
2023-11-14,0.0015172232755991512,0.0019798964212193247,0.00014750818081665784,0.0,0.001622214353356256,0.0015172218525609394,0.0015172232755991512,0.01889537047457725
2023-11-15,-0.002058899808973447,0.0028690667247834823,-0.00012235165922902524,0.0,-0.001382211324556493,-0.00012235147744525833,-0.002058899808973447,0.0015957382078471765
2023-11-16,0.0014910480715660457,-0.002248261933336029,-0.00011111272033303976,0.0,0.0009811275389519192,-0.0001111128762364204,0.0014910480715660457,0.0011897193967137305
2023-11-17,9.043001574439712e-05,-0.0001408269479191108,-0.0002300226187799126,0.0,6.480925105065177e-05,-0.00014082026928980622,9.043001574439712e-05,0.0012812279371779871
2023-11-20,0.0005270681519080432,0.0024615589082403484,-0.00023380210041068494,0.0,0.0008333492774715945,0.0005270689463494539,-0.00023380210041068494,0.007363103793795633
2023-11-21,-0.00037366808101249263,-0.003484754852236966,-0.0002689978282433003,0.0,-0.0008363352224831094,-0.0003736771344999989,-0.0002689978282433003,-0.002022975931757968
2023-11-22,0.001095680963076607,0.0004940195766852459,-0.00010932498844340444,0.0,0.0010389445287559882,0.0004940195720791246,-0.00010932498844340444,0.004052905094313324
2023-11-24,-0.0002496562138365554,-0.00033674064032998503,7.943055243231356e-05,0.0,-0.00027132230130817085,-0.00024964800860806835,7.943055243231356e-05,0.0005966956096450322
2023-11-27,0.0006766943906045624,0.0020731417929497546,0.00037774565862491727,0.0,0.0008911007256452359,0.0006766969983571218,0.00037774565862491727,-0.0019560693168983586
2023-11-28,0.0006146501807185846,0.002844659244296367,0.00045196121209301054,0.0,0.0009486297450903164,0.0006146558047591433,0.00045196121209301054,0.0009796385280502918
2023-11-29,0.00025260429307371533,0.0020598511190861326,0.0003896515991073102,0.0,0.0005160832985965031,0.0003896581929179172,0.0003896515991073102,-0.0009466966151019382
2023-11-30,0.0006137537604881231,0.0012760774795267749,0.00045522430445998907,0.0,0.0007158922771709404,0.0006137584846285339,0.00045522430445998907,0.003776931264994605
2023-12-01,-8.013492343816116e-05,0.00010754080623400912,0.00010608381126075983,0.0,-5.736930895448082e-05,0.0001057994185800994,0.00010608381126075983,0.005856558953846637
2023-12-04,9.31241279567062e-06,0.002750166854868979,-0.00011432819883339107,0.0,0.0004177599831814161,9.320007443917069e-06,-0.00011432819883339107,-0.005423188063826943
2023-12-05,0.0013205686910803774,-0.002939363110942744,-0.0001260032586287707,0.0,0.0007295341130665722,-0.00012600359376952928,-0.0001260032586287707,-0.0005690315939348026
2023-12-06,0.00013648961913749968,-0.0038995581285340697,3.8055964978411794e-05,0.0,-0.0004574749368214865,3.804626196402913e-05,3.8055964978411794e-05,-0.003913851944943747
2023-12-07,0.0009478620980949512,-0.0023217911605636224,0.0004501927469391376,0.0,0.00047785138367637735,0.0004501911061068412,0.0004501927469391376,0.007936610684821922
2023-12-08,-0.0007503178566373693,0.0009923001498946514,0.0005332556320354342,0.0,-0.0005270285180846425,0.0005332542409081057,0.0005332556320354342,0.0040871341465037936
2023-12-11,0.00048303103117103903,0.00018045121507736158,0.0004780080635100603,0.0,0.0004384389340191712,0.00047786894569898353,0.0004780080635100603,0.003916813547781492
2023-12-12,7.714051018519152e-05,0.0014451960284349605,0.00035459708306007087,0.0,0.00027194786266160635,0.00035459974619339596,0.00035459708306007087,0.0045888127956924
2023-12-13,0.0001713700852879939,0.0011401766801830712,0.00020154948288109154,0.0,0.00031376934485168224,0.00020157949653594644,0.00020154948288109154,0.01355834517501981
2023-12-14,-0.0008504465229652688,-0.008249374429788648,-0.00019524534582160413,0.0,-0.0019616385158494113,-0.000850447909451453,-0.00019524534582160413,0.002643565185154432
2023-12-15,0.0009275739989880008,-0.0035428466177340116,-0.0003270826127845794,0.0,0.0003002974909115135,-0.00032708309777222373,-0.0003270826127845794,-7.625240044859478e-05
2023-12-18,0.0004848097969642354,-0.004149195754415289,-0.0005721934139728546,0.0,-0.00017192879702271943,-0.0005721940788497572,-0.0005721934139728546,0.004518122263400515
2023-12-19,3.4011938117090544e-05,-0.0013984199333317796,-0.0003186705580446869,0.0,-0.00016830118695597787,-0.0003186724530441175,-0.0003186705580446869,0.005849267450818904
2023-12-20,7.1313274946673e-05,-0.00630026915414915,-0.00010766938794404268,0.0,-0.0008657296929116815,-0.00010767475190902617,-0.00010766938794404268,-0.014793147965305628
2023-12-21,0.002415013746321815,-0.00689228347603019,0.0004709774220827967,0.0,0.0010911876280106046,0.0004709770439902632,0.0004709774220827967,0.010248769307271876
2023-12-22,-0.0016123416607039419,-0.005493953013925279,0.00044370268005877733,0.0,-0.002241048004788224,-0.0016123418891098556,0.00044370268005877733,0.0016586821527610754
2023-12-26,0.001084636778661146,-0.006473172501606889,0.0005490960902534425,0.0,-1.822256942297408e-05,0.0005490943722922733,0.0005490960902534425,0.004222761046978559
2023-12-27,-0.00020517061004316715,-0.005346837531019719,0.0005515477387234569,0.0,-0.0009854146343909885,-0.00020517173364176965,0.0005515477387234569,0.0014294356164229985
2023-12-28,0.0006316399017375116,-0.0029680949059402877,0.0004382882034406066,0.0,0.00010470595223122092,0.00043828337785496095,0.0004382882034406066,0.0003701061103271183
2023-12-29,0.0004147556315296599,-0.00584954919072734,0.0004167391452938318,0.0,-0.0005112655439612426,0.00041450474640849773,0.0004167391452938318,-0.0028304770367338357
2024-01-02,0.000821915575593046,-0.007152716066234185,0.0003711965982802212,0.0,-0.0003448235628613883,0.00037119452227804675,0.0003711965982802212,-0.005676660799723162
2024-01-03,0.0009144825661176574,-0.003800643154475703,0.0002773210289888084,0.0,0.00023453442871938454,0.00027731970953877945,0.0002773210289888084,-0.008048618327197648
2024-01-04,0.001050804909493644,-0.005542969500076984,0.0003637392946984619,0.0,9.449482268919691e-05,0.00036373801269925496,0.0003637392946984619,-0.003434271663317429
2024-01-05,0.00038067682841647885,-0.004513669479793716,0.0006515202112495899,0.0,-0.00035002598675871636,0.00038067336754151306,0.0006515202112495899,0.0018240216394339805
2024-01-08,5.753853575036442e-05,-0.004381047145805175,0.0007986471755430102,0.0,-0.0006183613089220737,5.7537415247289273e-05,0.0007986471755430102,0.014015945436353141
2024-01-09,-0.00109091798065514,-0.0055183305772144,0.0004566853167489171,0.0,-0.001786716692618518,-0.0010909184002180848,0.0004566853167489171,-0.0014789938523175842
2024-01-10,0.0013562252502257602,-0.002101435508673675,0.0004032470751553774,0.0,0.0008705902667200194,0.00040324642694439407,0.0004032470751553774,0.005649980650495912
2024-01-11,-0.0004583391270624217,-0.0012911017859824458,0.0003118531312793493,0.0,-0.0006020156571920947,-0.000458339224131555,0.0003118531312793493,-0.0006712808369611647
2024-01-12,0.0009899211503284647,0.0011961712763402504,0.00017670702072791755,0.0,0.0010421383268953536,0.0009899175750611169,0.00017670702072791755,0.0007506937530339595
2024-01-16,0.0002189171626466872,-0.002036599405566241,0.00025096017634496093,0.0,-0.00011534182878376572,0.00021888823063222188,0.00025096017634496093,-0.0037383190523568345
2024-01-17,0.000991494289055288,-0.00016760127813739451,0.00023833720479160547,0.0,0.0008402859308242838,0.00023833833191746974,0.00023833720479160547,-0.005632731271107821
2024-01-18,0.0008273422066683341,-0.0013652935872802497,0.0001964456751011312,0.0,0.0005200925191063781,0.0001964447345558818,0.0001964456751011312,0.008766720726243148
2024-01-19,-0.0008204450400449538,-1.5581070918765024e-05,0.00010203683632425964,0.0,-0.0007261225353448096,-1.5588191578567603e-05,0.00010203683632425964,0.012238308232548512
2024-01-22,-0.00040082873072344436,-0.0012035449418275868,-3.101219772361219e-05,0.0,-0.0005293654125489382,-0.0004008301775526508,-3.101219772361219e-05,0.0021919211872316853
2024-01-23,0.0007550921113594396,0.0012680666323156072,0.00010533560998737812,0.0,0.0008482804721736562,0.0007550917038299251,0.00010533560998737812,0.002917115340764486
2024-01-24,0.00017866281771868807,-0.00018201850058584737,4.914557212032378e-05,0.0,0.00012880898029758877,4.914225727207031e-05,4.914557212032378e-05,0.0008115989762168653
2024-01-25,0.0006029927652804256,0.002030971261921902,9.577386663295329e-05,0.0,0.0008276251297279493,0.0006029940297629483,9.577386663295329e-05,0.00524657813497798
2024-01-26,-9.869885697833078e-05,0.0006943809227618896,-2.5568297132849693e-05,0.0,1.6577361257259283e-05,-2.5556371888933477e-05,-2.5568297132849693e-05,-0.0006519977554263648
2024-01-29,0.0008720138926673726,0.00025234540554243336,5.816237535327673e-05,0.0,0.0008021636284262435,0.000252348894277496,5.816237535327673e-05,0.007528365505246204
2024-01-30,-0.00048291926961500746,-0.0003115532251617416,-4.3041101889684796e-05,0.0,-0.00046934255946253764,-0.00031155115366734667,-4.3041101889684796e-05,-0.0006008303969786162
2024-01-31,0.0010310453122461295,-0.0005172059486503348,2.7330941520631313e-05,0.0,0.0008290084561058293,2.7331776906710195e-05,2.7330941520631313e-05,-0.016236851740733683
2024-02-01,0.0021331846719250475,4.263083848977174e-05,0.00032639820710755885,0.0,0.0018724454789912912,0.0003264011536062574,0.00032639820710755885,0.012416286114049784
2024-02-02,-0.0018104861487140086,0.00117235171258172,5.730325938202441e-05,0.0,-0.00141948264052479,5.730289898512434e-05,5.730325938202441e-05,0.01062777072263312
2024-02-05,0.00016581639795046224,-0.0017458811684263938,1.304197940044105e-05,0.0,-0.00011268191382802161,1.3036086246737891e-05,1.304197940044105e-05,-0.0031914247092839714
2024-02-06,0.0011255029723841407,0.0009536580233473599,9.250303264707327e-05,0.0,0.0011277043458823193,0.000953653429604975,9.250303264707327e-05,0.0023077459317481074
2024-02-07,5.043424240371334e-06,0.004536751995384788,-3.088760422542691e-05,0.0,0.0006758652464473073,5.069567462962523e-06,-3.088760422542691e-05,0.008207682594008628
2024-02-08,-0.0002299791951548511,0.003391639369454524,-0.00015751741011627018,0.0,0.0003034198496563538,-0.0001575042619573337,-0.00015751741011627018,0.000570420540090595
2024-02-09,0.0008192119510174031,0.002881828058572894,-6.225326796993613e-05,0.0,0.0011476545607055576,0.0008192125985726869,-6.225326796993613e-05,0.0057259171287955156
2024-02-12,-0.00021852019486273645,-0.0023127203692732854,-3.9028236642479897e-05,0.0,-0.0005328739470054242,-0.00021852522770829036,-3.9028236642479897e-05,-0.0009494041426524416
2024-02-13,0.0009661620973474143,0.0009031603878635387,0.0001792316761566326,0.0,0.0009778770559676748,0.0009031463809016471,0.0001792316761566326,-0.013768609419845444
2024-02-14,0.0018720421813765609,-0.0013147919276695766,0.00019456639711279422,0.0,0.0014457992518104794,0.00019456646334539376,0.00019456639711279422,0.009534168304216807
2024-02-15,-0.0013526016841628324,-0.0013273578370029634,9.039876749739051e-05,0.0,-0.0013874288024139346,-0.0013273218348827333,9.039876749739051e-05,0.00580437267404004
2024-02-16,0.0005075236013324386,-0.004371892131255694,0.00015187736426014453,0.0,-0.00020423172736078307,0.0001518747891563981,0.00015187736426014453,-0.0048150435759610425
2024-02-20,0.0010792193173718232,-0.001074340694924957,0.00045627402141690254,0.0,0.0007775332127192203,0.00045627307375556485,0.00045627402141690254,-0.0060234264658172495
2024-02-21,0.0008657440004466927,-0.0009412000204976861,0.0004915462341159582,0.0,0.0006086466787040093,0.000491544272923346,0.0004915462341159582,0.0012634014951035982
2024-02-22,2.558606809905837e-05,-0.0025149286001365516,0.00027503538876771927,0.0,-0.0003566097088848105,2.5582484460323088e-05,0.00027503538876771927,0.02090288866640342
2024-02-23,-0.0017975233625640648,0.00012934678549691265,4.3689506128430367e-05,0.0,-0.0015618992455595003,4.367864052643927e-05,4.3689506128430367e-05,0.000347887026502183
2024-02-26,0.0015407573700606516,0.0016921753679423296,0.00023526011500507593,0.0,0.001598023801315134,0.0015407516167118577,0.00023526011500507593,-0.003793939244668484
2024-02-27,0.000645505641871417,-0.0017933980462006788,0.00032943644328042865,0.0,0.00029344093748721883,0.0003294337699314216,0.00032943644328042865,0.001704895538720964
2024-02-28,0.000239559072048584,0.0006244463318893799,0.00017111259512603283,0.0,0.00029828076012349827,0.00023957068291632138,0.00017111259512603283,-0.001659531321112244
2024-02-29,0.0007729734790548897,-0.0013351250800998238,0.0001969879522221163,0.0,0.00047675251407363044,0.00019698687391622252,0.0001969879522221163,0.0052154704557999644
2024-03-01,-0.0002489534422101654,-0.004697743938077075,1.773168332874775e-05,0.0,-0.0009136846035552108,-0.00024895693936255784,1.773168332874775e-05,0.007975936433387976
2024-03-04,-9.964987564655033e-05,-0.0026173980802317504,-0.00010231163469143212,0.0,-0.0004717437030562588,-0.00010252576695699989,-0.00010231163469143212,-0.0011939745749630112
2024-03-05,0.0009604680205984456,-0.0026976082935003514,5.4491887567564845e-05,0.0,0.00044395234639943643,5.4491149311732585e-05,5.4491887567564845e-05,-0.010245406275917994
2024-03-06,0.0014921456887362864,-0.001618927179721584,0.00014333227591123432,0.0,0.0010683193031074557,0.0001433321024265246,0.00014333227591123432,0.005127932853001643
2024-03-07,-0.0006227880632459052,-0.001881634288487785,0.00018157341401092708,0.0,-0.0008303598524974549,-0.0006227885102668232,0.00018157341401092708,0.010251402284983627
2024-03-08,-0.00028584692823608454,-0.004857904257924987,0.00023056979989632964,0.0,-0.000975472078831418,-0.00028584863856262455,0.00023056979989632964,-0.006549922992050337
2024-03-11,0.0016203704806734731,-0.0019595528375013042,0.0005560921272262931,0.0,0.0011196371272500006,0.0005560915865812686,0.0005560921272262931,-0.0011228682680281005
2024-03-12,0.00013139207812262299,0.000318358660707928,0.0003850275825243443,0.0,0.00015225141780393175,0.0003183493893058691,0.0003850275825243443,0.011139512586668012
2024-03-13,-0.0007007890801832134,-0.0007509851425509053,2.7156434953212738e-05,0.0,-0.0007276604050463014,-0.0007007712911482574,2.7156434953212738e-05,-0.0019263840021219723
2024-03-14,0.0012526836604677479,0.0009545734080165929,0.00011440349044278264,0.0,0.001239034132350208,0.0009545712633081852,0.00011440349044278264,-0.002875221051495188
2024-03-15,0.0005331637078218739,0.0016465663412552466,0.00015799618267919868,0.0,0.0007077679814332743,0.0005331654626305374,0.00015799618267919868,-0.0065040228597376655
2024-03-18,0.0011419861312046368,-0.0009604442502707801,-6.37100893072784e-05,0.0,0.0008634295873069781,-6.370980465373467e-05,-6.37100893072784e-05,0.006298184238480456
2024-03-19,-0.0006233003194687362,0.0004605849629983889,0.00020345888333395123,0.0,-0.0004851760195154842,0.00020345623081943995,0.00020345888333395123,0.00563325304434312
2024-03-20,0.0002491259503267418,-0.0005542949350430016,0.00021151559485588223,0.0,0.0001313720057434483,0.00021149165054982949,0.00021151559485588223,0.008864765516360184
2024-03-21,-0.0003701270594467351,-0.0006036364642953978,0.00012188556138426065,0.0,-0.0004177907479374581,-0.00037012483755249014,0.00012188556138426065,0.003231309094528888
2024-03-22,0.0005907008104811752,-0.0002476145002064147,0.0003216446493752301,0.0,0.0004739733804060443,0.0003216427106093692,0.0003216446493752301,-0.0014031718343267125
2024-03-25,0.0007193774853651165,0.0005657331163585729,0.00048336980398744345,0.0,0.000702972686601292,0.0005657385453626597,0.00048336980398744345,-0.0030596403820319297
2024-03-26,0.0007770362018242853,0.0014503841267556287,0.0004966341657564044,0.0,0.0008840608499647963,0.0007770382621677912,0.0004966341657564044,-0.002803721982805726
2024-03-27,0.00065425412769034,0.002225217761744922,0.000559921667445451,0.0,0.0008889892824477451,0.0006542638727289658,0.000559921667445451,0.008593595582706042
2024-03-28,-0.000619991981416824,-0.0009643076279911008,0.000418382027419284,0.0,-0.0006986340548474269,-0.0006199900550650858,0.000418382027419284,0.0011158627007616052
2024-04-01,0.0008310959197692486,-0.0003161683615079174,0.0003846022591460496,0.0,0.0006734420339777744,0.0003846014523969632,0.0003846022591460496,-0.0020156145269577246
2024-04-02,0.000610313078845316,-0.0011609221891522637,0.0004035618912894279,0.0,0.0003540197442785175,0.00040355773925709215,0.0004035618912894279,-0.007265388203672426
2024-04-03,0.0012275866724853353,0.0011886233864861727,0.00032674052636139095,0.0,0.0012458988637997221,0.0011886001312893133,0.00032674052636139095,0.001090527523337898
2024-04-04,-5.163518020099699e-05,-0.0006500200589000904,0.00033340457594022155,0.0,-0.00015037508282320902,-5.163609832060923e-05,0.00033340457594022155,-0.01241103561926225
2024-04-05,0.0019937017870153605,-0.0007543684631364247,0.0009505073539912701,0.0,0.0016153667311770495,0.0009505069830969808,0.0009505073539912701,0.011038050135699558
2024-04-08,-0.0015693233806787872,-0.0007507758889556136,0.000726630911231041,0.0,-0.00150967893549261,-0.0007507753462032656,0.000726630911231041,-0.0003747011900415767
2024-04-09,0.0012860445913831233,-0.0008468206965137438,0.0007258905097842216,0.0,0.0009857396591968588,0.0007258893659482821,0.0007258905097842216,0.0014444494736345207
2024-04-10,-1.8628379909983706e-05,-0.00013367921803678716,0.00047983904369175434,0.0,-4.895440659456995e-05,-1.8621834633937582e-05,0.00047983904369175434,-0.009501981832212592
2024-04-11,0.001721138780564198,0.0037231563401787814,0.00039177906000986695,0.0,0.002052592159010588,0.0017211390326784717,0.00039177906000986695,0.007417221983342437
2024-04-12,-0.0009771716792056576,-0.0033441779006121775,0.00020007237617392093,0.0,-0.0013585117369813268,-0.0009771721050887638,0.00020007237617392093,-0.014657587802248536
2024-04-15,0.0026659013759044816,-0.0019709447078875173,0.0005317133036442101,0.0,0.002037526482142577,0.0005317132347767251,0.0005317133036442101,-0.012094195787459195
2024-04-16,0.0007816991956173973,-0.002204510550792509,0.0012614738661795855,0.0,0.0003274677426411977,0.000781697454605575,0.0012614738661795855,-0.0020586245275039964
2024-04-17,0.00027291459300468493,0.0013346676360072314,0.0013123188400641084,0.0,0.0004020852686196471,0.0013122787289315322,0.0013123188400641084,-0.005797375076004185
2024-04-18,0.0009575975762957412,0.0013675512386616673,0.0016574255423620343,0.0,0.000999495346553235,0.0013675502399784732,0.0016574255423620343,-0.0022106017004853043
2024-04-19,0.000290230282260609,0.0030158285680851843,0.0017593178199604154,0.0,0.0006538632713424691,0.0017593177051395982,0.0017593178199604154,-0.008797129654056974
2024-04-22,0.001328696555938619,0.0028074165218990154,0.0017909279558807611,0.0,0.0015349245606722378,0.001790929128134335,0.0017909279558807611,0.00869335115683908
2024-04-23,-0.0011119049002594997,0.005214859910204915,0.0011498749954625964,0.0,-0.00023714137944509954,0.001149875191319279,0.0011498749954625964,0.01189356656772209
2024-04-24,-0.0003423747492967843,0.00645877451679711,0.0003947877266909927,0.0,0.0006432501376545234,0.0003947889147201473,0.0003947877266909927,0.00021298737793290078
2024-04-25,0.0008568215080230009,0.0020655889652969445,4.29656938649714e-06,0.0,0.0010582778058698798,0.0008568218523417652,4.29656938649714e-06,-0.0045869342701194095
2024-04-26,0.0008890839822861681,0.004659969157418727,-0.0004792388353962451,0.0,0.0014830464760688944,0.000889084446992163,0.0008890839822861681,0.010157381332325343
2024-04-29,-0.0008771763001252852,0.0013571685011017436,-0.0005278391763567924,0.0,-0.000556237748702985,-0.0005278368600237462,-0.0008771763001252852,0.0031734080766393944
2024-04-30,0.0007220507732911629,-0.00010991774878516325,-0.00028695506625808775,0.0,0.0006260337825848695,-0.00010991336241406805,0.0007220507732911629,-0.015855551118928123
2024-05-01,0.0022417292664884234,4.160591018559673e-05,0.0003737819497473538,0.0,0.001966428166396876,0.00037378440741163204,0.0022417292664884234,-0.0034413534856316866
2024-05-02,-3.7626269844073e-06,-0.002792861000352288,0.000810817873571068,0.0,-0.0004378041333688234,-3.7634933219024377e-06,-3.7626269844073e-06,0.009087024725084856
2024-05-03,-0.0005563887741522622,0.0025951747633554457,0.000440615345723927,0.0,-0.00011717646016911384,0.00044061588301947367,-0.0005563887741522622,0.012478557659508005
2024-05-06,-0.0005466190800337476,0.0006987030062666693,0.00020782556384801865,0.0,-0.00038269941685790726,0.00020782485691798024,-0.0005466190800337476,0.010273173691247842
2024-05-07,-0.00013808901343056952,0.002476362401865501,-0.00012636012979783118,0.0,0.00024805686911293307,-0.0001262876725552763,-0.00013808901343056952,0.0013425282288256131
2024-05-08,0.0007824071702723034,0.001744653022791452,-0.00023603279259987175,0.0,0.000951856919345687,0.0007824071131617979,0.0007824071702723034,-5.835635193424912e-06
2024-05-09,0.000503898727007078,0.00318896483976812,-0.00036416572402231395,0.0,0.0009239916901071625,0.0005038995041944469,0.000503898727007078,0.005078032639106711
2024-05-10,-3.1454723713281835e-05,0.0024426832245672543,-0.0004537978384178132,0.0,0.0003455493874603572,-3.145277098260293e-05,-3.1454723713281835e-05,0.001648040080166728
2024-05-13,0.0005831752303353552,0.0013329318923707549,-0.000240716413827613,0.0,0.0007160170044441528,0.0005831751109300758,0.0005831752303353552,-0.00024133317386520824
2024-05-14,0.0005299016587538978,0.0011716635225817802,-5.832608439959586e-05,0.0,0.0006404828084690912,0.0005299017996460982,0.0005299016587538978,0.004826148527454041
2024-05-15,-6.548904322578808e-05,0.0012130061041126837,-7.674095104448497e-05,0.0,0.00012379441251639392,-6.541435893968706e-05,-6.548904322578808e-05,0.01164782778729962
2024-05-16,-0.000561849946459896,-0.0004964215053185596,-0.0001388221571687609,0.0,-0.0005634823106577885,-0.0004964094551571299,-0.000561849946459896,-0.0020838374740880464
2024-05-17,0.001290599618987302,-0.0013288318657148901,0.00018538444419391453,0.0,0.0009329367699508068,0.0001853842005634582,0.001290599618987302,0.0011640956878937513
2024-05-20,0.0001071471795954682,-0.001716798076996361,0.00028406965429894626,0.0,-0.0001671897528677903,0.00010714213822878939,0.00028406965429894626,0.0009159703084911664
2024-05-21,0.0005728798422324463,0.0027174356818450867,0.0003155549056828022,0.0,0.000896756780845181,0.0005728832325419635,0.0003155549056828022,0.0024987497668926086
2024-05-22,0.00020135104467986436,0.001676025860586418,0.00015476465341635048,0.0,0.00042057728665267696,0.00020137094965506396,0.00015476465341635048,-0.0027097912093521476
2024-05-23,0.0009304998953246345,-0.0010732028196457342,8.700060425326228e-05,0.0,0.0006568586334115103,8.700028195439858e-05,8.700060425326228e-05,-0.007408162283471933
2024-05-24,0.0011090919995126519,0.0024064443458044387,0.00039041624404489994,0.0,0.0013200660144233318,0.001109092617485695,0.00039041624404489994,0.0069766490766732595
2024-05-28,-0.0006621966428702051,0.0015383513616922476,0.00045267766108736396,0.0,-0.000366709823903136,0.0004526776370498662,0.00045267766108736396,0.00024877090688591537
2024-05-29,0.0008859522701093381,0.0004895653012305279,0.000446187739726156,0.0,0.0008391106978481348,0.000489584829511943,0.000446187739726156,-0.007394317215742535
2024-05-30,0.001130061498506923,0.0019434647419477968,0.0005146936746314168,0.0,0.0012667393047112994,0.0011300618919005405,0.0005146936746314168,-0.005992957535754186
2024-05-31,0.0007760920082152205,-0.00037671504786869584,0.0005831668386235833,0.0,0.0006108431761393396,0.0005831627480566403,0.0005831668386235833,0.007995824231928897
2024-06-03,-0.0006949360494862907,-5.536194507919208e-05,7.708973134867847e-05,0.0,-0.0006210257745719116,-5.5367824097393144e-05,7.708973134867847e-05,0.0011154602235352391
2024-06-04,0.0007831653249197061,-0.0008402356482148172,9.191833669319749e-05,0.0,0.0005616706184906038,9.191796469261336e-05,9.191833669319749e-05,0.0015016810037827531
2024-06-05,0.00017859031860486808,-0.00357762818603555,0.0001788306253729388,0.0,-0.0003766475110613498,0.00017814416425678583,0.0001788306253729388,0.011778015849957281
2024-06-06,-0.0007202316866403158,-0.0014107566331018717,0.00014871663006488234,0.0,-0.000845521994991823,-0.000720231390822278,0.00014871663006488234,-0.00019983660163685183
2024-06-07,0.0010982775594833294,0.00033242219874260443,0.00031017352011986077,0.0,0.001006130448909968,0.0003324621379195477,0.00031017352011986077,-0.0011158420502790662
2024-06-10,0.00043785010206289534,-0.0012241860101105744,0.00041848342516459525,0.0,0.0001926910916549263,0.00041843723002528996,0.00041848342516459525,0.002577529978240972
2024-06-11,0.00022963026902884687,0.0012675045745065014,0.0003598231705836952,0.0,0.0003795664099014197,0.0003598296360542007,0.0003598231705836952,0.0027067148552095224
2024-06-12,0.0003080019974556463,-0.002112330427525359,0.0002446101570967585,0.0,-4.806938631427384e-05,0.0002445952884916421,0.0002446101570967585,0.008467720241887338
2024-06-13,-0.00035309947826929564,-0.0004011959159556065,0.0003063696203753352,0.0,-0.00037783067773311996,-0.0003530810279997472,0.0003063696203753352,0.00234191143711672
2024-06-14,0.0006641028822249903,-0.0006106568644049979,0.0002563460438977927,0.0,0.0004865679605881504,0.0002563447541665271,0.0002563460438977927,-0.00039393828099749413
2024-06-17,0.0005512256620507246,-0.00027641175718946044,0.00016306189354509115,0.0,0.0004392592892676995,0.00016306159565791063,0.00016306189354509115,0.007635164372320518
2024-06-18,-0.00034993065688073625,-0.002744234810831739,1.5589961549267173e-05,0.0,-0.0007136156485328716,-0.00034993296050983417,1.5589961549267173e-05,0.0025181541815171163
2024-06-20,0.0006409263241222447,-0.0005312638458197683,5.932408384978771e-06,0.0,0.0004846249150344524,5.932693124390959e-06,5.932408384978771e-06,-0.0025291273954115403
2024-06-21,0.0008034760308778058,-0.001365731721993175,2.523820148780942e-05,0.0,0.000503626519863337,2.523763771738892e-05,2.523820148780942e-05,-0.0015633517188252497
2024-06-24,0.0005568779843441538,-0.0014254134912488918,-0.0002486020384822041,0.0,0.00028538574166049857,-0.00024860242859126085,-0.0002486020384822041,-0.0030698791558664423
2024-06-25,0.0007798126395558204,0.0001379735299850036,3.39534308295697e-05,0.0,0.0007048683593818413,0.00013798140909115472,3.39534308295697e-05,0.003925873679181344
2024-06-26,-0.0001289468690804624,0.0009501362242023478,0.00015376076044049114,0.0,2.300525103007402e-05,0.00015376302028206987,0.00015376076044049114,0.0015711962247204525
2024-06-27,0.0005405051557763054,0.0005349052795574498,0.00023048363800626248,0.0,0.0005479615210768671,0.0005347769068193102,0.00023048363800626248,0.0009069098567990731
2024-06-28,0.00036517375571756946,0.0009882212492638403,0.0002915244549512863,0.0,0.0004592385025119377,0.00036518537497771177,0.0002915244549512863,-0.0040920134623695995
2024-07-01,0.000985820437531431,-0.0030623654708578367,0.000213633815292269,0.0,0.00040806508902068047,0.00021363282867778772,0.000213633815292269,0.0026719909814295235
2024-07-02,-6.949111440532541e-05,-0.0014732790084052367,0.00026796211022883654,0.0,-0.000286011378773183,-6.949334897912284e-05,0.00026796211022883654,0.0061762057711850496
2024-07-03,-1.004778339249937e-05,-0.004325893217482113,0.00022793411335442215,0.0,-0.0006543604769175357,-1.0051718780291569e-05,0.00022793411335442215,0.0050715622695336636
2024-07-05,0.00016209182795980326,0.0010657949749144845,0.0003822324797511101,0.0,0.000289791741815633,0.00038223552276727617,0.0003822324797511101,0.00543397436096954
2024-07-08,9.033059938185454e-05,-7.1662240536481e-05,0.0003487426438368857,0.0,5.948031292432416e-05,9.033285719376599e-05,0.0003487426438368857,0.0010161824764044329
2024-07-09,0.0006368606009328755,0.00045155644068383934,0.00039536284748464823,0.0,0.0006159226606407542,0.00045156828688318985,0.00039536284748464823,0.0007407974780654752
2024-07-10,0.0004199296230954949,0.0021075719484238893,0.0004793746629729867,0.0,0.0006678027181469901,0.0004793903244133163,0.0004793746629729867,0.010156314878105886
2024-07-11,-0.0005706103190997913,-0.0030816441590832922,0.0003210148133803159,0.0,-0.0009656079928156058,-0.0005706110402121725,0.0003210148133803159,-0.008801649969266724
2024-07-12,0.0020170118894233457,-0.0035299501146844867,0.0004754466353915632,0.0,0.0012382712232679538,0.0004754462370792453,0.0004754466353915632,0.00550186402496512
2024-07-15,-0.0007416482349336263,-0.0025388394563224744,0.0004163279081694782,0.0,-0.0010382453227622606,-0.0007416485412151777,0.0004163279081694782,0.0028222164233526843
2024-07-16,0.0006843333242764929,-0.0017912930984917566,0.00042643037158995867,0.0,0.00032528612368602105,0.00042642697450064385,0.00042643037158995867,0.0063690499714532745
2024-07-17,-0.00024989713771366194,-0.0052124628490002765,0.00023509432503487915,0.0,-0.0009964061873526016,-0.00024989898971102746,0.00023509432503487915,-0.014025441523645543
2024-07-18,0.002427181121157308,-0.005831882067130878,0.00025716947857290506,0.0,0.001264339694596352,0.00025716918234545874,0.00025716947857290506,-0.007847112145350072
2024-07-19,0.0004862754716054252,-0.006214732382956397,0.00040313025237992406,0.0,-0.0005020229222369018,0.00040311865877927527,0.00040313025237992406,-0.007165879226406085
2024-07-22,0.0010922027951206065,-0.004422023247064032,0.0006314838537946343,0.0,0.0002894196311142203,0.000631481890458781,0.0006314838537946343,0.010734217246220293
2024-07-23,-0.001169240244026821,0.0010755566288473337,0.000498452689498663,0.0,-0.0008819846371439649,0.0004984515616042862,0.000498452689498663,-0.0015593176939461904
2024-07-24,0.0012635459537916759,-0.0013733477035189887,0.0005753152072429657,0.0,0.0008921596180707968,0.0005753142710976425,0.0005753152072429657,-0.02342124222289286
2024-07-25,0.0027256298950735945,-0.0029570639156040216,0.0008308261167258024,0.0,0.001936264742602957,0.0008308258533830031,0.0008308261167258024,-0.005155889019717259
2024-07-26,-0.00014873522203502203,0.0013506182574832654,0.0010303838644176722,0.0,4.138672166208946e-05,0.0010303816077353628,0.0010303838644176722,0.011029420409570924
2024-07-29,-0.0007973503111540117,0.00044927651859013787,0.0009102855110540986,0.0,-0.0006587081141177566,0.0004492751596823167,0.0009102855110540986,0.0008129795718284517
2024-07-30,0.0008072702163462611,-0.00014272388972439023,0.0008283532224595547,0.0,0.0006662819662539323,0.0008072279429354647,0.0008283532224595547,-0.0049725143613676215
2024-07-31,0.0008512506469913954,-0.001966115685190328,0.0007506262045353651,0.0,0.0004374859617377693,0.0007506168280516363,0.0007506262045353651,0.015669980701917767
2024-08-01,-0.0015102563222027779,0.001062440400254113,0.00025871937396004796,0.0,-0.0011772380660006597,0.00025871869749569283,0.00025871937396004796,-0.013788123791990166
2024-08-02,0.002890113300205018,-0.001341052929396771,0.0006627633119933307,0.0,0.0023241940089303702,0.0006627633619822557,0.0006627633119933307,-0.01855290660855327
2024-08-05,0.0014985108092421776,0.004846388814476741,0.00033377090585418046,0.0,0.0020245058638891536,0.001498511367813041,0.00033377090585418046,-0.0304270413923931
2024-08-06,0.003153128433347789,0.000246854013441424,9.8072225227952e-05,0.0,0.0028051673618621044,0.0002468603017099362,9.8072225227952e-05,0.010300849493599515
2024-08-07,-0.0022913710249616343,-0.0037312681739912535,0.00014031148748472333,0.0,-0.002569188972995689,-0.0022913707423307525,0.00014031148748472333,-0.007764715388769489
2024-08-08,0.002130076240366684,0.00015452814522075355,0.001620907336473465,0.0,0.0018516630183894305,0.0016209060611942299,0.001620907336473465,0.02278113959089888
2024-08-09,-0.0029884957480568524,0.0007992301416506928,0.0004625764559023082,0.0,-0.002520823514623587,0.00046257379262813124,-0.0029884957480568524,0.004660798434381699
2024-08-12,0.0013719230010948878,-0.0012920296424135864,-0.00013383696204982698,0.0,0.0010183821886235868,-0.00013383676335946141,0.0013719230010948878,4.30330517200971e-05
2024-08-13,0.00021876879775078832,-0.0016528466180783517,-0.00040982893551699817,0.0,-4.109017883758447e-05,-0.0004098297181135614,0.00021876879775078832,0.016707233419049988
2024-08-14,-0.0012213010869868734,-0.0024349488560673677,-0.0011498796520754695,0.0,-0.0014026068211556717,-0.001221313884524325,-0.0012213010869868734,0.00381643656119841
2024-08-15,0.0009450939179158277,0.0004407400243031056,-0.001245882362127304,0.0,0.0009290873695318272,0.0004407386415968506,0.0009450939179158277,0.01600448993130413
2024-08-16,-0.0012665344882178092,-0.0021757468362265243,-0.0012811545748263597,0.0,-0.001400540491560594,-0.0012812136316135117,-0.0012665344882178092,0.0019878023683961516
2024-08-19,0.0012708800732044122,-0.0015351495399275024,-0.0009134542196989059,0.0,0.000914470188766634,-0.0009134530737376946,0.0012708800732044122,0.009675327436177775
2024-08-20,-0.0006586945100803273,-0.00013564023488816436,-0.000647089327685535,0.0,-0.0005816885144358997,-0.0006470177636502971,-0.0006586945100803273,-0.001986527237609709
2024-08-21,0.0014182724388540724,0.0005592343612754174,3.445925540290773e-05,0.0,0.0013282693880401564,0.0005592350982315321,0.0014182724388540724,0.004230714721006796
2024-08-22,-0.00020228377099700196,-0.0002419560460994457,0.00035371468402445316,0.0,-0.00022300488875354407,-0.00020226156539172963,-0.00020228377099700196,-0.00897294225665722
2024-08-23,0.0018789983622605742,0.0020831300035023433,0.0008639009902253747,0.0,0.0019362969364999383,0.0018789944941633577,0.0018789983622605742,0.01141793740166443
2024-08-26,-0.0013422890668841657,0.0013205754180553387,0.0004898221814073622,0.0,-0.000997629571759396,0.0004898215257942097,-0.0013422890668841657,-0.0031587101696058145
2024-08-27,0.001662924872058563,-0.0012807379849365589,0.00047376746078953147,0.0,0.0012595782773508779,0.00047376719058200845,0.001662924872058563,0.0015939251127232035
2024-08-28,-0.00013289878763823382,0.0021322726482996177,0.00021582769113592803,0.0,0.0001926127689034305,0.00021583002110858545,-0.00013289878763823382,-0.005993900794735212
2024-08-29,0.0014080902901581556,0.002535231513956326,0.00017818680498749018,0.0,0.0016075648512255281,0.0014080902162811955,0.0014080902901581556,-3.937984343658622e-05
2024-08-30,5.24459068621607e-05,-0.0017237767356145075,0.0003609326668083668,0.0,-0.0002183523756336847,5.244324846737053e-05,5.24459068621607e-05,0.010042457079144168
2024-09-03,-0.0005059692276851046,-0.0019696879568983326,-1.6192992916330695e-05,0.0,-0.0007354185040291475,-0.00050597057887299,-0.0005059692276851046,-0.021377963372397696
2024-09-04,0.003281693475812861,0.00012207414137903785,0.0004204656579531729,0.0,0.0028911045128661257,0.0004204686376892799,0.0004204656579531729,-0.0016038290273809634
2024-09-05,-0.000676970584535355,-0.0033556355082832957,0.000483292416902259,0.0,-0.0011039252160928471,-0.0006769710718841982,0.000483292416902259,-0.003022581014674196
2024-09-06,0.0010834691400951743,-0.0002404271259041554,0.0006856467807665467,0.0,0.000898405565417538,0.0006856453571523565,0.0006856467807665467,-0.017410944507424406
2024-09-09,0.0019680756085783636,-0.003990908705861353,0.001416651764884591,0.0,0.001101973529574478,0.001416650142808601,0.001416651764884591,0.011513534435818254
2024-09-10,-0.0017175033912869933,-9.321199449498056e-05,0.0010228867176920176,0.0,-0.0015506324496620556,-9.321227397459545e-05,0.0010228867176920176,0.004462699977793541
2024-09-11,0.0007488699919285383,-0.001355230730478731,0.0005258353194221854,0.0,0.0004438087339972943,0.000525831406702109,0.0005258353194221854,0.01060855564984334
2024-09-12,-0.0008238454698589153,-0.003046704797542567,-0.0004914207383990288,0.0,-0.0011613037130973006,-0.0008238480106051839,-0.0004914207383990288,0.00746735215680267
2024-09-13,0.00027218222635697444,4.4057203910660684e-05,-0.00086070760153234,0.0,0.0002687336403077167,4.405396125292893e-05,-0.00086070760153234,0.0053931422343560355
2024-09-16,0.00013516355482451662,-0.0005159546600544871,-0.0007114793406799436,0.0,6.154072120018372e-05,-0.0005159511284850137,-0.0007114793406799436,0.0012558408673102855
2024-09-17,0.0006540238906539578,0.003166185940025024,-0.0005244443891569972,0.0,0.0010568531004900236,0.0006540243400287225,-0.0005244443891569972,0.00026451509389645083
2024-09-18,0.0005099542449869247,-9.684175688673161e-05,-9.257928468286991e-05,0.0,0.0004363600958571869,-9.242121575107699e-05,-9.257928468286991e-05,-0.0029006587083132912
2024-09-19,0.0008650243798206106,0.001698260461143095,0.0004553531762212515,0.0,0.0009991373659139885,0.0008650256116809348,0.0004553531762212515,0.016834356892725128
2024-09-20,-0.0015107275748221256,-0.00017326462421312088,0.0004290468932595104,0.0,-0.0013648612951150173,-0.00017326553242205062,0.0004290468932595104,-0.0019429136300157343
2024-09-23,0.0016896977764202137,-0.0014892385281419457,-1.2405216693878174e-05,0.0,0.0012652803397989782,-1.2405127304101203e-05,-1.2405216693878174e-05,0.0028053344257131223
2024-09-24,-0.0001866508176793703,-0.0005311336397716208,-1.8340651877224445e-05,0.0,-0.00024206852845111667,-0.00018665380322410255,-1.8340651877224445e-05,0.002508031103345345
2024-09-25,0.0005694603230704878,0.002840866525920205,-7.511870353482664e-05,0.0,0.0009224357099108468,0.0005694614298039993,-7.511870353482664e-05,-0.001862983206212128
2024-09-26,0.0007430196561879581,0.001695511353394033,7.06565915606916e-05,0.0,0.0009017800195023922,0.0007430200913913239,7.06565915606916e-05,0.004030542158199222
2024-09-27,-3.654427706788622e-05,0.0003807041307647469,-3.3323478419333696e-05,0.0,2.5045896187502966e-05,-3.313425340985878e-05,-3.3323478419333696e-05,-0.0012540029000721238
2024-09-30,0.0008812571319329161,0.00041069691462756916,3.9550650399178267e-05,0.0,0.0008341918592251861,0.000410697478412613,3.9550650399178267e-05,0.004227603658441509
2024-10-01,-0.0001254099379439683,0.0005731284225698156,-0.00020317608141340315,0.0,-2.0076382045828122e-05,-0.00012539882857152566,-0.00020317608141340315,-0.009367848694454447
2024-10-02,0.0017981225069375996,0.0031220695752166862,2.9271584935486317e-05,0.0,0.0020410895118894174,0.001798122317459874,2.9271584935486317e-05,0.00013838132698647728
2024-10-03,-0.0001502455286826851,-0.001285327543452982,0.00011888015433214605,0.0,-0.00032522081849314444,-0.00015024833757410397,0.00011888015433214605,-0.0016828286544586894
2024-10-04,0.0008318937208429613,-0.000690657588710689,0.0003671314043458551,0.0,0.0006192543452969172,0.00036713020550946634,0.0003671314043458551,0.008930255699186382
2024-10-07,-0.0007233218331824893,0.00048704787047599836,0.00038732957909815013,0.0,-0.0005740869531899546,0.0003873206466997977,0.00038732957909815013,-0.009632263829388773
2024-10-08,0.002054528310535458,-0.0004935392570512685,0.0006727640866301954,0.0,0.001714803930631465,0.0006727642199058979,0.0006727640866301954,0.009642706804694385
2024-10-09,-0.0012988728882113404,-0.0008096689258015564,0.0005206370842643082,0.0,-0.0012751797579323855,-0.000809667640563711,0.0005206370842643082,0.007088231016994585
2024-10-10,0.0004437130439530287,-0.0011668663457699406,0.00038020245847292244,0.0,0.00020733976511406365,0.0003801878391693428,0.00038020245847292244,-0.0020722685059824846
2024-10-11,0.0008375091242921384,0.002004486685989895,0.00043007885687984526,0.0,0.0010208947574480045,0.0008375107112653955,0.00043007885687984526,0.00603360870729872
2024-10-14,-0.0002768399468246615,0.0003137562815653743,0.0002937770914286375,0.0,-0.00020478754879739672,0.0002937333367382126,0.0002937770914286375,0.007678114574594323
2024-10-15,3.806720393203242e-05,-0.0001753357362690068,0.00028658361406996846,0.0,-1.1792585060656848e-07,3.806785465178566e-05,0.00028658361406996846,-0.0076385660375134215
2024-10-16,0.0016631877781703968,0.0017695964612234407,0.0004667087341658771,0.0,0.0017108879981158022,0.0016631793881433522,0.0004667087341658771,0.004668232782779766
2024-10-17,-0.0004899561093252391,0.0004562456288806674,0.0003411865036468953,0.0,-0.0003723008508983494,0.00034117916115475853,0.0003411865036468953,-0.00017117512853816633
2024-10-18,0.0009328091418307488,0.0017725208573297613,0.0005008857697248459,0.0,0.0010684739367839721,0.0009328102583329445,0.0005008857697248459,0.003963686942774387
2024-10-21,-0.00010316192186357283,0.0011334487951818908,0.0004634388897102326,0.0,6.448945262614467e-05,0.0004634391603407199,0.0004634388897102326,-0.001824432756419033
2024-10-22,0.0009725096023751321,-7.437038839719514e-05,0.00033341351081617177,0.0,0.0008348407312917636,0.00033341439130157006,0.00033341351081617177,-0.0004749666671957937
2024-10-23,0.00035209407952013495,-0.00048680339044239956,0.00019671347399707884,0.0,0.00023224305931872846,0.00019670857868194056,0.00019671347399707884,-0.009233824267679564
2024-10-24,0.0015375420081638778,-0.0011504953892296872,0.0002072873612632975,0.0,0.0011757513721883895,0.0002072873460676307,0.0002072873612632975,0.0021434731305568283
2024-10-25,-0.0003072291199491717,0.00047469159257939307,0.0002142159064533189,0.0,-0.00020558185833905243,0.0002142140069830887,0.0002142159064533189,-0.00029949201318627087
2024-10-28,0.0007436645004988791,-0.0025569111630703344,0.00043738947715610266,0.0,0.00026396867225376806,0.00043738656704113264,0.00043738947715610266,0.002647934626732945
2024-10-29,2.333675073382536e-05,0.0032429130220426217,0.0005280800396576524,0.0,0.0004857562321867926,0.0005280816449689718,0.0005280800396576524,0.0016128259449012198
2024-10-30,0.00046510152001921176,-0.002227016047890251,0.0004305149777792394,0.0,6.808607375533422e-05,0.00043048802105387205,0.0004305149777792394,-0.0033056916724881185
2024-10-31,0.0008532925920843548,-0.001715203967751747,0.0005107137840241194,0.0,0.0004827802776465625,0.0005107113307767927,0.0005107137840241194,-0.018790134928745348
2024-11-01,0.002350286723720037,0.0008162101246991628,0.0007624423014931381,0.0,0.002165953722670144,0.0008162274053787453,0.0007624423014931381,0.004084158004525459
2024-11-04,-0.0009978376105706343,-0.0003454938145791316,0.0009458111599087715,0.0,-0.000953346833303448,-0.00034549305954245484,0.0009458111599087715,-0.0028160448131902913
2024-11-05,0.0012053049542293153,-0.002383778294546611,0.001075045671314001,0.0,0.0006782595822921113,0.001075038399340688,0.001075045671314001,0.012191031029563081
2024-11-06,-0.001296376000381266,-0.0035130004846918523,0.0005925721488893032,0.0,-0.001674504667946785,-0.0012963760784867916,0.0005925721488893032,0.024981280957186654
2024-11-07,-0.001522880256883482,-0.0024381681763762874,-0.0002634476695675403,0.0,-0.0016918284355203024,-0.0015228799594624338,-0.0002634476695675403,0.007403754173995657
2024-11-08,0.0008173998055537417,-0.0011892236789442286,-0.0004885572707280517,0.0,0.0005556841920311313,-0.00048855661212799,-0.0004885572707280517,0.0037497940357180464
2024-11-11,0.0003072054580533539,0.001104496616803665,-0.0006238908972591162,0.0,0.0004499382485100923,0.0003072052786452482,-0.0006238908972591162,0.0009685941909569238
2024-11-12,0.0007459896628876188,-7.176083952472629e-06,-0.0005681323818862438,0.0,0.0006697740741472313,-7.175631827193145e-06,-0.0005681323818862438,-0.0028968514769364996
2024-11-13,0.0009072108388887636,0.0006726290228635093,-0.000444878387497738,0.0,0.0009086650834571143,0.0006726256892333824,-0.000444878387497738,0.00023220076414018386
2024-11-14,0.0003868517785859221,-0.00014960603796590336,-0.00029495396302081645,0.0,0.00032577302182134997,-0.00014960110840129173,-0.00029495396302081645,-0.006068108582244
2024-11-15,0.0012407815338694186,0.0025542134265363727,6.689096335321665e-05,0.0,0.0014662962188431937,0.0012407816240821515,6.689096335321665e-05,-0.013291430866793769
2024-11-18,0.0015805400639291923,-0.0007824786802210985,0.0003134685684926808,0.0,0.0012651042526592507,0.0003134686913056685,0.0003134685684926808,0.003910159746206537
2024-11-19,-0.0006078084195469193,-0.0005890602692714512,0.00033172365510836244,0.0,-0.0006301424743330274,-0.0005890131534203636,0.00033172365510836244,0.003955750520596487
2024-11-20,0.0003628148676988384,-0.0021364638805498053,0.00017630102229304612,0.0,-1.6361353541178973e-06,0.00017629614964103567,0.00017630102229304612,2.19506213354446e-05
2024-11-21,0.0005003874964672477,-0.000520040574228417,2.622519969008863e-05,0.0,0.00036222144348041865,2.6224923497683132e-05,2.622519969008863e-05,0.005326251844288491
2024-11-22,-0.00012915766616144,-0.0006730915987355941,-0.00012756773503497243,0.0,-0.0002096026096629445,-0.0001294345325821568,-0.00012756773503497243,0.0034619595915364653
2024-11-25,0.0003965572226900621,0.001003792373565001,-9.948623483069241e-05,0.0,0.0004995714847711587,0.0003965575891458483,-9.948623483069241e-05,0.0030159278201245415
2024-11-26,0.00026704855251125976,-0.0015171101041654333,-5.9112877352163196e-05,0.0,1.2035701244228838e-05,-5.911523970501129e-05,-5.9112877352163196e-05,0.005705697155263866
2024-11-27,3.576874451866703e-05,0.0024520041351035805,0.00011626399646047503,0.0,0.00039077749644966743,0.000116275690667336,0.00011626399646047503,-0.003808481083577712
2024-11-29,0.0012083114455290881,-0.0004078358269591415,0.0004774465342052281,0.0,0.0009889475913766191,0.000477446296733853,0.0004774465342052281,0.005592120396801623
2024-12-02,-0.00037729533683739406,0.0005344257199606042,0.0006762064294889569,0.0,-0.00027067857912489203,0.0005344198593059809,0.0006762064294889569,0.0024454638805813736
2024-12-03,0.0006454220545230318,-0.0007403508774919554,0.0006866810144856572,0.0,0.0004394793407104165,0.0006453996581306525,0.0006866810144856572,0.0004513472420221813
2024-12-04,0.000463275376792508,0.0004539697204374446,0.0006191503489390016,0.0,0.00045773469371588606,0.0004633575399990157,0.0006191503489390016,0.00603318162813612
2024-12-05,-0.00010416853999575175,0.00024668582279659145,0.0005046166479587555,0.0,-6.85738623061486e-05,0.0002466848096385558,0.0005046166479587555,-0.0018715258393823342
2024-12-06,0.0010374335477906118,-0.0015009489053140728,0.0004776898422278464,0.0,0.0006771754855953487,0.0004776885669430688,0.0004776898422278464,0.0024923453675383123
2024-12-09,4.5019022067885805e-05,-0.0006193207849692922,0.00025903634377755225,0.0,-5.8900203377114786e-05,4.501589352355076e-05,0.00025903634377755225,-0.006163167285227462
2024-12-10,0.0013863511819558897,0.0012162925203266202,0.00019000637985300273,0.0,0.0013931813548365443,0.0012162876808199418,0.00019000637985300273,-0.002968284314279252
2024-12-11,0.00040058589239616983,-0.0006629642473427684,0.0002354226162424311,0.0,0.000247788884592587,0.00023541774466860098,0.0002354226162424311,0.008132626411368235
2024-12-12,-0.00045727252257364147,0.0010547139382367722,0.00015641686331946403,0.0,-0.00025017430393627137,0.0001564173767715311,0.00015641686331946403,-0.005428731461463251
2024-12-13,0.0014899723371570466,-0.001726001465019541,0.0003766462905332446,0.0,0.0010443473688379152,0.00037664586907315133,0.0003766462905332446,-2.646698937187397e-05
2024-12-16,4.269471521026094e-05,-0.0016493778951646215,0.00048779521603137255,0.0,-0.0002193152677035274,4.269306886796362e-05,0.00048779521603137255,0.0037921550087844295
2024-12-17,0.00019841687505423792,0.0008549603135436995,0.00043319768155924976,0.0,0.00028919128254381013,0.00043319954508145,0.00043319768155924976,-0.0038714794806554956
2024-12-18,0.0010328672320712724,-0.00028850985383089,0.0004009086696896702,0.0,0.0008544324138639637,0.0004009085386012178,0.0004009086696896702,-0.02993650530451818
2024-12-19,0.003473135796494269,-0.00682772759662052,0.0013132295571267605,0.0,0.002008212399799106,0.0013132292173775005,0.0013132295571267605,-0.0008654867505367934
2024-12-20,-0.0010655847531145114,-0.0016679311596235,0.0015529175288975239,0.0,-0.0012245908390488898,-0.001065583480039793,0.0015529175288975239,0.010810479402397299
2024-12-23,-0.0004400807488511724,-0.00413935396681859,0.0006066747009754181,0.0,-0.0010148651695001602,-0.0004400814321851853,0.0006066747009754181,0.007260849585616372
2024-12-24,-3.6712610727378226e-05,0.004021407232391164,0.00023453182075172663,0.0,0.0005558968708513623,0.00023453521655136318,0.00023453182075172663,0.010982233165126825
2024-12-26,-0.0004715301469603578,-0.0033754362924786597,5.309036350809038e-05,0.0,-0.0009147940930979189,-0.0004715317017352305,5.309036350809038e-05,-0.0004057410882578191
2024-12-27,0.0010770664042339079,0.003641489043659335,-3.345933509990573e-05,0.0,0.0014858050959732053,0.001077066913442259,-3.345933509990573e-05,-0.01111730496491221
2024-12-30,0.0015702619497720439,7.805968256967392e-05,-1.1558819096535444e-05,0.0,0.0013919577109149897,7.806992821703672e-05,-1.1558819096535444e-05,-0.010759673941729728
2024-12-31,0.0011353081704507154,0.0016185909207936044,1.5193974832072854e-05,0.0,0.0012366760759394857,0.001135307000969134,1.5193974832072854e-05,-0.0042940064589823065
2025-01-02,0.0004664273741911397,-0.00213643032195347,0.00041286402847617865,0.0,8.311309904557974e-05,0.0004128464228335512,0.00041286402847617865,-0.002226363149448992
2025-01-03,0.0005036759106390186,-0.0006370088496644412,0.000852036289870739,0.0,0.00032575520284812984,0.0005036739315620637,0.000852036289870739,0.01251735670782609
2025-01-06,-0.0010824320458268392,-0.0013356760816186474,0.0006148936226963997,0.0,-0.0011652201458982971,-0.0010824287164686204,0.0006148936226963997,0.005522766496818171
2025-01-07,0.0005319431047591815,-9.763343859317979e-05,0.0005629662191495299,0.0,0.0004380522752189932,0.0005319144049026626,0.0005629662191495299,-0.011166021516637011
2025-01-08,0.001779609045552845,-0.002898529657050159,0.0008653906406834722,0.0,0.0011125314707829967,0.0008653898147797549,0.0008653906406834722,0.0015591440938312422
2025-01-10,-0.00028643236458049214,0.0012203427078724001,0.0004313485696911812,0.0,-8.288591758767123e-05,0.0004313486947711269,0.0004313485696911812,-0.015531637650233373
2025-01-13,0.0023965936238474045,-0.003677785628256447,0.0004544642870314419,0.0,0.0015505954568866684,0.00045446401454418315,0.0023965936238474045,0.0015742043780551176
2025-01-14,-0.0006964289956366376,0.0018224513525493741,-8.591360528953373e-05,0.0,-0.00034041034398581404,-8.591249613673544e-05,-0.0006964289956366376,0.001145623334164268
2025-01-15,0.0006574843442340337,0.002747162258164667,-1.4661985915154219e-05,0.0,0.000984333904232452,0.0006574853495071459,0.0006574843442340337,0.018147132504516373
2025-01-16,-0.0016559931727335936,0.0037265497610850036,-0.00011334827286191285,0.0,-0.0009015852221190131,-0.00011334788575187142,-0.0016559931727335936,-0.0021149243408667613
2025-01-17,0.0016954198671983614,0.0010808916490068674,0.00022413124679587781,0.0,0.0016438968708800722,0.001080891191489383,0.0016954198671983614,0.009941478308394033
2025-01-21,-0.0010070976918922397,0.004199745741592497,0.00023732500267215073,0.0,-0.0002706922130298841,0.0002373255527246477,-0.0010070976918922397,0.00873000944059605
2025-01-22,0.000291430660360778,-0.0017336974448849307,-2.839247463271022e-05,0.0,6.291607650522955e-07,-2.8394996215669385e-05,0.000291430660360778,0.006119181086994129
2025-01-23,0.00011262197831211185,-0.000331310137095435,-9.280754602514207e-05,0.0,5.249075255099642e-05,-9.280820899356217e-05,0.00011262197831211185,0.005299419459529372
2025-01-24,0.00027697977984774915,0.00016359178032399884,-0.0003645446558948606,0.0,0.0002773613992026887,0.0001635850001075383,0.00027697977984774915,-0.002859215984467759
2025-01-27,0.0010838799175085514,0.0006914288608918234,-0.0002836742496583611,0.0,0.001062411709786218,0.0006914273491525736,0.0010838799175085514,-0.014688059032112328
2025-01-28,0.0019301686400637471,-0.0012675120695085143,-0.0004138269287068397,0.0,0.0015201325532552528,-0.00041382618631057385,0.0019301686400637471,0.009175644177716802
2025-01-29,-0.0012013629787714817,-0.0008282670458935721,-0.0004842834023293108,0.0,-0.001165374374604455,-0.0008282672702206927,-0.0012013629787714817,-0.004689876056919602
2025-01-30,0.0016736035227715802,0.001428662743819491,-7.627767627127469e-05,0.0,0.0016841559848881581,0.0014286593578527117,0.0016736035227715802,0.005261548152180238
2025-01-31,-0.0006115191386458869,0.003649725500589719,5.446362774819136e-05,0.0,5.6770999802547e-07,5.446484680409484e-05,-0.0006115191386458869,-0.005059603990267195
2025-02-03,0.001477580641292886,0.003490078153141207,0.00042728055268526077,0.0,0.0018031263466705989,0.0014775810951906596,0.001477580641292886,-0.007637690729495203
2025-02-04,0.0008489167480523049,-0.000421827393146767,0.00024462753208354115,0.0,0.0006772269633195413,0.0002446273786925006,0.0008489167480523049,0.007198907403029114
2025-02-05,-0.0005887489872595103,-0.0020228998566105146,6.311506149359047e-05,0.0,-0.000818158810141606,-0.0005887498203246307,-0.0005887489872595103,0.003901053915613614
2025-02-06,0.00046072957020925595,-0.00044498175484029796,-1.2878241250291467e-05,0.0,0.0003395057388464095,-1.2878040223984263e-05,-1.2878241250291467e-05,0.003637674355266266
2025-02-07,0.0001204501050383235,0.0008785491912142603,-2.842774847522378e-05,0.0,0.00023648790828186027,0.00012045541734465784,-2.842774847522378e-05,-0.0095098456936602
2025-02-10,0.0017049981914874662,0.00034933594636100463,0.00041766423964872956,0.0,0.0015390078175948141,0.0004176776832311435,0.00041766423964872956,0.006690112295455172
2025-02-11,-0.0008169982294721282,-0.0013849057632580803,0.0004947909037582576,0.0,-0.0009359968494308817,-0.0008169972359573472,0.0004947909037582576,0.00033952514367385523
2025-02-12,0.0009747521519772048,-0.0013637661522147558,0.0005650900420732796,0.0,0.000640026979391564,0.0005650881307991488,0.0005650900420732796,-0.0027275831896475754
2025-02-13,0.0005838436896742458,0.003944032762873283,0.00046862842282280326,0.0,0.0010836140583440803,0.0005838519235817585,0.00046862842282280326,0.010372313214235747
2025-02-14,-0.0007161844688116911,0.00020371454113758696,0.00021432130597531796,0.0,-0.0006050722842090572,0.00020363629663098284,0.00021432130597531796,-7.19463955744955e-05
2025-02-18,0.0010630529136983478,-0.0008291511882493543,0.00030284153763204813,0.0,0.0008036674507248885,0.00030284110749940064,0.00030284153763204813,0.002442003655551809
2025-02-19,4.64925359227152e-05,-0.0009451169253262486,0.00023097704979591072,0.0,-0.00010501342413695962,4.6488179955284404e-05,0.00023097704979591072,0.0023741488668242434
2025-02-20,0.0004637096707136452,0.0010945255399080742,0.00013350274821277708,0.0,0.0005657782174164457,0.0004637111006540182,0.00013350274821277708,-0.004343604884290259
2025-02-21,0.0010237313576357573,-0.0017181613521058186,0.00013944014790467918,0.0,0.0006420633738196382,0.00013943955735661712,0.00013944014790467918,-0.017211396672539132
2025-02-24,0.0021002567749017972,-0.0010603347835319568,0.0005150741199031472,0.0,0.001675426754559311,0.0005150741238069716,0.0005150741199031472,-0.004981493566252351
2025-02-25,0.00012808993292547034,0.0033889741224402813,0.0007300245342776179,0.0,0.0005940183499536519,0.0007300258142811461,0.0007300245342776179,-0.004690715138395557
2025-02-26,0.0008795285872172355,-0.0010061477302129493,0.0007476000464521348,0.0,0.0006043196226611598,0.0007475931493123177,0.0007476000464521348,0.00013601502958346571
2025-02-27,6.395335550105947e-05,0.0009498624905147298,0.0009740132372826338,0.0,0.00017058760972702992,0.0009498253753318855,0.0009740132372826338,-0.015991742678524653
2025-02-28,0.0021885251345049026,-0.001994767310372313,0.0019333141390234232,0.0,0.0015769846345980395,0.0019333105056088067,0.0019333141390234232,0.015729780420663385
2025-03-03,-0.0022342865316560758,0.0007199544154233811,0.0006592238787561655,0.0,-0.0018749185282574536,0.0006592082828330518,0.0006592238787561655,-0.017753402648308866
2025-03-04,0.0034249815235726394,-0.0023909095577001175,0.0012667039409279823,0.0,0.002622967918053445,0.001266703751277383,0.0012667039409279823,-0.012310288231505477
2025-03-05,0.00036208298262496166,0.00011415846589495417,0.0012660109205171466,0.0,0.0003012816658652731,0.00036208588000529807,0.0012660109205171466,0.011097472528735688
2025-03-06,-0.001027559808064848,-0.0035028242040994763,0.00029566348530352116,0.0,-0.0014288029476536186,-0.0010275601589836876,0.00029566348530352116,-0.017979677107455568
2025-03-07,0.002896235119128255,1.4148636704538996e-05,0.0006761195254512131,0.0,0.0025295388838404275,0.0006761205815204623,0.002896235119128255,0.005505435045454467
2025-03-10,-0.0013993122905692403,-0.0022042770772870784,-0.00020348807447589934,0.0,-0.0015502531935334463,-0.001399311886204415,-0.0013993122905692403,-0.027343541788428148
2025-03-11,0.0039995082371374405,-0.001420743341379306,0.0002700975746847689,0.0,0.0032979591375822564,0.0002700978974126212,0.0039995082371374405,-0.007596646918536578
2025-03-12,-0.0006261638101953981,0.005025795374043293,0.0004904194502159953,0.0,0.00017945317275498837,0.000490420123812416,-0.0006261638101953981,0.004874967940490777
2025-03-13,-0.00013851207360106554,0.008365380392157253,0.0006163216312415898,0.0,0.0010983343108537668,0.0006163228235213805,-0.00013851207360106554,-0.013988366806464148
2025-03-14,0.0019534793874425,0.009011461036902792,0.0012936420971527696,0.0,0.003014397749495788,0.0019534807567447516,0.0019534793874425,0.02104290595319694
2025-03-17,-0.0027959978220028856,0.005569787978042004,0.0001491158182034269,0.0,-0.001638092610763863,0.00014911597310755543,-0.0027959978220028856,0.0063956349746060355
2025-03-18,0.0010810903452706628,0.005271045869967721,-0.00034717758535407484,0.0,0.0017386001889617545,0.0010810908058882906,0.0010810903452706628,-0.010710667074319702
2025-03-19,0.0015117822560770373,0.0007565951450898388,-0.0003266841231379658,0.0,0.001449278940217319,0.0007565947458336489,0.0015117822560770373,0.010740608172953766
2025-03-20,-0.0012044423751621477,0.001564153757513513,-0.0006946512730792165,0.0,-0.000808820122873782,-0.0006946497614760205,-0.0012044423751621477,-0.002187283513782985
2025-03-21,0.001435864863166916,0.0016575938769274017,-0.00036821389221586287,0.0,0.001516847081427899,0.001435860947149966,0.001435864863166916,0.0008243136078323211
2025-03-24,1.3266945287758339e-05,-0.0010722372471895054,-0.0010310029610991478,0.0,-0.00011928452840584728,-0.0010309807865942875,1.3266945287758339e-05,0.01749211712863917
2025-03-25,-0.0012500942931369427,-0.00029500409497362735,-0.0009694305481389165,0.0,-0.0011164157650243557,-0.000969428488713052,-0.0012500942931369427,0.0015730954906538206
2025-03-26,0.0012234929820147788,-0.0002998314479100092,-0.0003532728587742895,0.0,0.0010404532979065883,-0.0002998140662436806,0.0012234929820147788,-0.011219640357598032
2025-03-27,0.001577560607009475,-0.0010024318788168847,0.000384239770937711,0.0,0.0012280817775774788,0.0003842396544548024,0.001577560607009475,-0.0033124610071321114
2025-03-28,0.00032946168093952007,-0.0004574101198765629,0.0006702211685478687,0.0,0.00020404350238744317,0.00032946003106885913,0.00032946168093952007,-0.019934601126853548
2025-03-31,0.002571216643104593,0.0004935336692371674,0.0013342199381440878,0.0,0.00229715456036743,0.0013342203177210588,0.002571216643104593,0.005523240357645722
2025-04-01,-0.0013437982351637956,0.003590319098083399,0.00038382242200896144,0.0,-0.0006606177854766836,0.0003838226884980231,-0.0013437982351637956,0.0037741045552120668
2025-04-02,0.0005658286310456936,0.004171694852461034,4.511966835707426e-07,0.0,0.0011139429918533943,0.0005658301163694713,0.0005658286310456936,0.006705661429484109
2025-04-03,-0.0003774479950442205,-0.0007111062682728124,-0.0004258774279151112,0.0,-0.0004254741346864472,-0.00042589377718888394,-0.0003774479950442205,-0.04960591182899663
2025-04-04,0.006213013110009412,0.0020066685140813,0.00012543218326754868,0.0,0.005753912533781623,0.0020066688074590116,0.0020066685140813,-0.061609061898230934
2025-04-07,0.004165782834097429,-0.0024026401780623237,0.002247517928481102,0.0,0.0032461191193555107,0.0022475176226735864,-0.0024026401780623237,-0.0023341946059635883
2025-04-08,-0.002265383719098505,-0.02141802788330298,0.0014434223994612694,0.0,-0.005195565683607343,-0.0022653839363750727,-0.02141802788330298,-0.015825083277054855
2025-04-09,0.002040816029266978,0.02841873287411957,0.00696567865088582,0.0,0.005808311923821856,0.006965678807245681,0.02841873287411957,0.09089487983303646
2025-04-10,-0.010186834961582564,-0.03068396502281502,-0.00632353313267231,0.0,-0.013319882543170458,-0.010186835171512018,-0.03068396502281502,-0.03522060702411168
2025-04-11,0.009235714571759937,0.016033328280051905,-0.00929218903183937,0.0,0.01073560084578904,0.00923571447865958,0.016033328280051905,0.01793038083577807
2025-04-14,-0.004712420748476876,-0.012511494009310118,-0.014146479777991772,0.0,-0.005613164604186604,-0.01251149352661871,-0.012511494009310118,0.007913319326342991
2025-04-15,0.0019117948629227676,-0.005976972193740611,-0.013199391774833202,0.0,0.0011494919426452812,-0.005976972182051578,-0.005976972193740611,-0.001729275225300909
2025-04-16,0.00035936534986135663,-0.0037329982763730997,-0.0068115657195448875,0.0,-5.393862695399985e-05,-0.003732998195995774,-0.0037329982763730997,-0.022663253964902527
2025-04-17,0.002861731201199962,-0.0020346160593808587,0.0015444521559402347,0.0,0.002173169010393568,0.001544451677196665,-0.0020346160593808587,0.0013259586237727749
2025-04-21,-0.0010033638745704661,-0.005083914338468181,0.006735085975378752,0.0,-0.0018133169173015534,-0.0010033637588169994,-0.005083914338468181,-0.02384964833401801
2025-04-22,0.0031708870859047497,0.005375113655862059,0.008072808384895325,0.0,0.003365723548447843,0.005375113738712427,0.005375113655862059,0.02480695212545062
2025-04-23,-0.003683752772164064,0.0009177012781885558,0.004655363503843546,0.0,-0.0032264119936756003,0.0009177012280129153,0.0009177012781885558,0.016523864366879457
2025-04-24,0.00046684195127322036,-0.004960922490665661,0.0029913533944636583,0.0,-0.0004029294313004761,0.00046684173964057715,-0.004960922490665661,0.020056628082583162
2025-04-25,-0.00122216290555466,0.0014589987058551224,0.0002075065131066367,0.0,-0.0008640450981293371,0.00020750641382062776,0.0014589987058551224,0.0073460847957005125
2025-04-28,0.0008959107318740997,-0.0039813387911169385,-0.0012040219735354185,0.0,0.00023108488013251775,-0.0012040220894874115,-0.0039813387911169385,0.0006405015390019333
2025-04-29,0.0006343733288995,-0.0004071507282051427,-0.0014312410494312644,0.0,0.0005356143095206756,-0.00040715071192332786,-0.0004071507282051427,0.005785641545556399
2025-04-30,1.50001123974371e-05,-0.004437343071458636,-0.0013050994602963328,0.0,-0.0006078555424758976,-0.0013050998976128748,-0.004437343071458636,0.0014788972519335208
2025-05-01,0.0006694376605920081,-0.0005537358971982552,-0.001307192025706172,0.0,0.0005414500615742969,-0.0005537353897049929,-0.0005537358971982552,0.006279345716451974
2025-05-02,-0.00015078983415224345,-0.004591126381790317,-0.00011569960042834282,0.0,-0.000808082888506752,-0.0001508165704829838,-0.004591126381790317,0.014619191109112719
2025-05-05,-0.0006356251592786338,-0.008238405319553334,0.0004883304936811328,0.0,-0.00178947553816931,-0.0006356259159169277,-0.008238405319553334,-0.006402047029318447
2025-05-06,0.0018434541782369144,-0.003628779113661026,0.0010793752735480666,0.0,0.0010549843551159658,0.0010793741805064632,-0.003628779113661026,-0.007722985278391797
2025-05-07,0.0007878372625512125,0.00013646221428819476,0.0012147093657404184,0.0,0.0006801467269338357,0.0007878364613654012,0.00013646221428819476,0.004336938106710132
2025-05-08,-0.0002233735622998341,-0.00010024932318545551,0.0007923288503661752,0.0,-0.0002323144558022945,-0.00010024244891274225,-0.0002233735622998341,0.005783021147465641
2025-05-09,0.00011505805215731289,0.00037595689554900257,0.0006479241419583559,0.0,0.00013938445454632473,0.0003759570492241624,0.00011505805215731289,-0.0007117341348763632
2025-05-12,0.0007566889880174456,-0.002248097978260053,0.0005052226479165256,0.0,0.0003192510871896302,0.0005052190655485297,0.0007566889880174456,0.03203997667702081
2025-05-13,-0.0030697597266745626,-0.0015490694756077033,-0.00025025001377798617,0.0,-0.002920316916918921,-0.001549069587621561,-0.0030697597266745626,0.007222059020245977
2025-05-14,0.0016184545569091784,-0.003433981503487138,-0.0005029004532843828,0.0,0.0009283056565189616,-0.0005029005832987961,-0.0005029004532843828,0.001023891242276054
2025-05-15,0.0003176448040670887,-0.007704171359363302,-0.0005981134017929435,0.0,-0.00084364262382451,-0.0005981143507192998,-0.0005981134017929435,0.004123817438757677
2025-05-16,0.0003392363085124623,-0.01088850475184938,-0.0007670876802876592,0.0,-0.001290847873764591,-0.0007670884837701016,-0.0007670876802876592,0.006980849368100189
2025-05-19,-2.484484107034466e-05,-0.008604806675261421,-0.0007358229486271739,0.0,-0.001274107410480798,-0.0007358242241460885,-0.0007358229486271739,0.0008757295660482738
2025-05-20,0.0007918779948308944,-0.015544112583500991,-0.0005788460839539766,0.0,-0.0015862251444107185,-0.0005788467456200579,-0.0005788460839539766,-0.0038877770695725784
2025-05-21,0.000887733764152503,-0.013080183664250228,-0.0002388639550190419,0.0,-0.0011468522065730385,-0.00023886476321291662,-0.0002388639550190419,-0.016266719267758897
2025-05-22,0.002043735155321004,-0.01685544831631913,0.00039785131230019033,0.0,-0.0007058978403265961,0.0003978507634144922,0.00039785131230019033,-0.0004449700224211693
2025-05-23,-0.0003989565876605857,-0.017029743709044882,0.0007056643953546882,0.0,-0.0028867795207397798,-0.00039895743119017766,0.0007056643953546882,-0.006730899591473139
2025-05-27,0.0013328174456278359,-0.013727262060376142,0.0007766393246129155,0.0,-0.0008784504448297128,0.0007766376020073519,0.0007766393246129155,0.02025258080218437
2025-05-28,-0.0023015713313432207,-0.013312852443864227,0.00030205678194761276,0.0,-0.0039987931904829415,-0.002301571624328391,0.00030205678194761276,-0.005586802576444734
2025-05-29,0.0023291415643402385,-0.012166564068284456,0.0005014606285840273,0.0,0.00023527346495690092,0.0005014601609670731,0.0005014606285840273,0.0040031708706317415
2025-05-30,-0.0007145597887517102,-0.011858231254397058,0.00039016202208586037,0.0,-0.002391298694180699,-0.0007145606026002809,0.00039016202208586037,-8.118845699520562e-05
2025-06-02,0.0009868160677003984,-0.011432768993145699,-6.168114487081766e-05,0.0,-0.0008209876256291913,-6.168200887420084e-05,-6.168114487081766e-05,0.004093651490626028
2025-06-03,-0.00017319560537022586,-0.01388149617122974,-0.000265957583906129,0.0,-0.0021970311382241738,-0.0002659680632351432,-0.000265957583906129,0.005783533535368979
2025-06-04,0.00015425294089163567,-0.013532550741227573,-0.00017394401947967708,0.0,-0.0018601139112506175,-0.0001739469731289202,-0.00017394401947967708,7.368474471916267e-05
2025-06-05,0.0007132028989929235,-0.012593166827232003,0.00017536201630719006,0.0,-0.0012393275844293052,0.000175360242214543,0.00017536201630719006,-0.005291357978698112
2025-06-06,0.0010087185467244934,-0.012237598938254896,0.0005695606232620776,0.0,-0.0009375721376822456,0.0005695584345688631,0.0005695606232620776,0.010228196215376713
2025-06-09,-0.0008966874033445394,-0.01125492450732828,0.0006805837037973106,0.0,-0.0024699531232195136,-0.0008966879400251895,0.0006805837037973106,0.0009195251863913659
2025-06-10,0.0010418502012578966,-0.01172930109625928,0.0007597694639116526,0.0,-0.0008384003151063642,0.0007597660238418359,0.0007597694639116526,0.005468012541646841
2025-06-11,-0.0002578033881344409,-0.012675106989041446,0.0005251119146123528,0.0,-0.0021142072239913067,-0.0002578045816375611,0.0005251119146123528,-0.002747660318287345
2025-06-12,0.0011846897897999915,-0.009860981524058086,0.0003893713001161814,0.0,-0.0004267918764964305,0.0003893701434506751,0.0003893713001161814,0.0038151330716763875
2025-06-13,-0.00019928883327314883,-0.010394517303659407,0.0001068041892722249,0.0,-0.0017144918800734773,-0.00019929198098124308,0.0001068041892722249,-0.01136066859010289
2025-06-16,0.0020145168709348477,-0.010763398537276408,0.0001115031773224473,0.0,0.0001765796389410902,0.0001115027443297623,0.0001115031773224473,0.0093488231481891
2025-06-17,-0.001309093357401611,-0.009421723045395132,4.58200229331851e-05,0.0,-0.002544479402041136,-0.0013090939711341719,4.58200229331851e-05,-0.008387259723643134
2025-06-18,0.0021173273835981194,-0.008800764498640761,0.0002851906465366483,0.0,0.0005524090109606857,0.00028519021135675556,0.0002851906465366483,-0.00030928803472058796
2025-06-20,-0.0002789607540538229,-0.005464254279586015,0.0003997596213594079,0.0,-0.0010635693216607528,-0.00027896203030740557,0.0003997596213594079,-0.002181035215587759
2025-06-23,0.0009028569340119153,-0.005673587162856818,0.00035448020207695663,0.0,-5.459736633969998e-05,0.00035447855097480986,0.00035448020207695663,0.009560655071259439
2025-06-24,-0.000830699827062488,-0.007166913253043583,2.5525514502078295e-05,0.0,-0.001790176579226638,-0.0008307008344846505,2.5525514502078295e-05,0.011060328616958607
2025-06-25,-0.00010683783895333029,-0.0051560420131402974,2.7005502488464117e-05,0.0,-0.0008567704221783159,-0.00010684500241198034,2.7005502488464117e-05,-3.286108349665331e-06
2025-06-26,0.0009334916476624673,-0.004704742703451669,0.00018092317623086274,0.0,0.00012017654254731019,0.00018092205556641684,0.00018092317623086274,0.007988131032516797
2025-06-27,-0.00043550528892352154,-0.0023307931658759413,5.953334039077163e-05,0.0,-0.0007288882618147253,-0.00043550677377301056,5.953334039077163e-05,0.005205399256150098
2025-06-30,0.0004797345319084068,-0.0023316469820344205,-0.00019264753791503608,0.0,8.213250205188255e-05,-0.00019264855368310592,-0.00019264753791503608,0.005151137506128882
2025-07-01,0.00012083216339831682,-0.007710868749967825,-0.00015720169176347554,0.0,-0.001029393780858586,-0.00015720513041091034,-0.00015720169176347554,-0.0011191571098791433
2025-07-02,0.000929782605342168,-0.00744558562724813,-6.659634527750313e-05,0.0,-0.0002816114075847192,-6.65972114181085e-05,-6.659634527750313e-05,0.0047338743064907745
2025-07-03,-0.00012608936259063294,-0.0139398760909037,-6.130762631073594e-05,0.0,-0.0021697272435604446,-0.00012610426437976584,-6.130762631073594e-05,0.00830437821066394
2025-07-07,-4.055259940720184e-05,-0.013097481849422549,0.0001610174513189122,0.0,-0.0019759695252334823,-4.055743514701432e-05,0.0001610174513189122,-0.007893368104244017
2025-07-08,0.0017455344834455813,-0.01328708351489757,0.0002720307093113661,0.0,-0.0004371621784840219,0.00027203010531696233,0.0002720307093113661,-0.0007161432504695748
2025-07-09,3.3749257328669784e-05,-0.01652677432691847,0.0002694647409953177,0.0,-0.0024204694375900017,3.37451109953195e-05,0.0002694647409953177,0.00604380277677969
2025-07-10,-2.7057488527214703e-05,-0.013975928375286337,0.00019936813623644412,0.0,-0.0020949823536361347,-2.7061794641010437e-05,0.00019936813623644412,0.0027424410729257912
2025-07-11,0.0004615786780007364,-0.012660411381766205,0.00014332552382256836,0.0,-0.0014695650604035974,0.00014332247938208094,0.00014332552382256836,-0.0033029717732258423
2025-07-14,0.0009222167146383572,-0.014928971028401336,0.00014638405991718173,0.0,-0.0014001206837229714,0.00014638284061813074,0.00014638405991718173,0.0014064243309367943
2025-07-15,0.00013364517949589086,-0.01375379738064068,0.00011367953266017139,0.0,-0.0019186157109514555,0.00011363407897767313,0.00011367953266017139,-0.003964145065672561
2025-07-16,0.0010405900230398583,-0.012919965539578136,0.000402742822188884,0.0,-0.00100596769945792,0.0004027413343641225,0.000402742822188884,0.0031885685253844154
2025-07-17,-0.0001648653678372169,-0.013310887228626677,0.0002937180979643017,0.0,-0.0021203193439491286,-0.00016486746293963107,0.0002937180979643017,0.005359380240011013
2025-07-18,0.00015823878470825627,-0.011243843118996179,0.00022790030925534666,0.0,-0.0015290395078173082,0.00015822491788957505,0.00022790030925534666,-9.049030280841674e-05
2025-07-21,0.0006988295143777081,-0.011612118003368668,0.00035952060716226697,0.0,-0.0011118660484566718,0.000359517760781206,0.00035952060716226697,0.001398157005673256
2025-07-22,0.0002804875000099949,-0.009942053745668167,0.0005250662798061967,0.0,-0.0012371090990701843,0.0002804835423133034,0.0005250662798061967,0.0006373284966667569
2025-07-23,0.0005261644112950302,-0.011454610268306858,0.00044938758946955204,0.0,-0.0012427412781232544,0.00044937497935822716,0.00044938758946955204,0.007781532145702873
2025-07-24,-0.0003477828599062956,-0.011237347562298263,0.0002947290486190468,0.0,-0.0019746098073737052,-0.00034778431965404283,0.0002947290486190468,0.0006979799969332514
2025-07-25,0.0008738900988058327,-0.011924268458724184,0.0004216645029373467,0.0,-0.001005806078688989,0.00042166238237297703,0.0004216645029373467,0.003966451001680552
2025-07-28,-1.2773729707001198e-05,-0.011811927716402128,0.0003818777622655034,0.0,-0.0017674299568206542,-1.277616607489548e-05,0.0003818777622655034,0.00017684247126657597
2025-07-29,0.0007678633515728398,-0.011332013573588312,0.00032936129719018936,0.0,-0.0010089819248818236,0.0003293591127912691,0.00032936129719018936,-0.002963830197466829
2025-07-30,0.0007417816705772946,-0.009580729670851893,0.00038693062379024923,0.0,-0.0007745747351692001,0.0003869279218041461,0.00038693062379024923,-0.0012502139385094711
2025-07-31,0.00048061588959367476,-0.010632472381940117,0.0003829568740911782,0.0,-0.0011594733588642246,0.00038294693063227947,0.0003829568740911782,-0.003701662046374567
2025-08-01,0.0008227446641075726,-0.009250789538872673,0.000586078385822475,0.0,-0.0006599668187087014,0.0005860742975074911,0.000586078385822475,-0.0161213871855698
2025-08-04,0.0019504435351849327,-0.007587434563077112,0.0006999645265750587,0.0,0.0005740011150463286,0.0006999638487944249,0.0006999645265750587,0.014629564491414495
2025-08-05,-0.002034426922630622,-0.005424365717227513,0.0003641588846221566,0.0,-0.0025996089951146745,-0.002034427044378985,0.0003641588846221566,-0.004869703780462017
2025-08-06,0.002014454891210938,-0.005210302450653732,0.0004886493552476168,0.0,0.0009872871233128845,0.0004886488761233055,0.0004886493552476168,0.007255522219852605
2025-08-07,-0.0009893165525314024,-0.002940380555587497,0.00026376108871772885,0.0,-0.0013111998079941645,-0.0009893168372789851,0.00026376108871772885,-0.0007977981718278668
2025-08-08,0.001208059696311838,0.0012966794330865478,0.0003135571605525911,0.0,0.0012450612665909212,0.0012080497765119024,0.0003135571605525911,0.0077694548163894745
2025-08-11,-0.0006271702903082115,-1.8336599173324683e-05,0.00021419253607746214,0.0,-0.0005596567214464004,-1.833922594740746e-05,0.00021419253607746214,-0.0025072683938851073
2025-08-12,0.0013161149759443318,0.001034256939639129,0.0003289394953753799,0.0,0.0013008301095568304,0.0010342548305332319,0.0003289394953753799,0.011281559075170764
2025-08-13,-0.001033012566918521,-0.0006017223585026862,9.060223237611353e-05,0.0,-0.0009992849569101367,-0.0006017214908263834,9.060223237611353e-05,0.0032248733840464015
2025-08-14,0.0009350944092526758,0.000501380904962793,0.00010560473310761154,0.0,0.0008931492453603669,0.0005013811238546026,0.00010560473310761154,0.00030304487855445177
2025-08-15,0.00043374507296670665,3.4065132186720784e-05,0.00011718974565155804,0.0,0.00038312445783377197,0.00011719835428050105,0.00011718974565155804,-0.0029013399163647113
2025-08-18,0.0009004828945312241,0.0020428343661202234,0.0002900670515373349,0.0,0.0010856523834710142,0.000900483653552326,0.0002900670515373349,-0.00010076825773579619
2025-08-19,0.000315133036996378,0.000606391995988644,0.00039212562842294574,0.0,0.0003561286152374583,0.0003921336643809008,0.00039212562842294574,-0.005875329112207127
2025-08-20,0.0011504103704507481,1.3291433857996196e-05,0.0005799541831947863,0.0,0.0009975685515489746,0.0005799541948477738,0.0005799541831947863,-0.002434630632264957
2025-08-21,0.00034236386976083284,-0.0021493730752071777,0.00046247761929407716,0.0,-2.9165760163210044e-05,0.0003423560816538364,0.00046247761929407716,-0.004012219728951123
2025-08-22,0.0008242609906062485,-0.0026689224788570736,0.00042583662434481084,0.0,0.00031855686637575825,0.00042583444991077583,0.00042583662434481084,0.015072285158779139
2025-08-25,-0.0014336916056640037,-0.004404111177278266,6.125887739472091e-05,0.0,-0.001912715636114382,-0.0014336919372625867,6.125887739472091e-05,-0.004275512539646319
2025-08-26,0.0018449069141195224,0.0009378039057645438,0.0002420108939986676,0.0,0.0017536532063296315,0.0009378042388694405,0.0002420108939986676,0.00412547371011636
2025-08-27,-0.0004976240515796713,0.00011062198245646146,9.996461449190974e-05,0.0,-0.0004236834313838428,9.988726674325754e-05,9.996461449190974e-05,0.0023881304533030262
2025-08-28,0.0006731657574567164,0.00336772054850349,0.00011094793444499373,0.0,0.0010864887424140504,0.0006731671589792079,0.00011094793444499373,0.003151747441466755
2025-08-29,0.00013351793899293862,0.0011228069743443373,0.0001279874995816499,0.0,0.00027989904962526886,0.0001336497422376123,0.0001279874995816499,-0.006418740402792551
2025-09-02,0.0013988534896555113,0.0004462969038573093,0.0002935228985734284,0.0,0.0012875854871852925,0.00044630231732040615,0.0002935228985734284,-0.006946350061030363
2025-09-03,0.0007963326675219455,-0.004914982714338015,0.000200092516024597,0.0,-3.196229295737902e-05,0.00020009103987873446,0.000200092516024597,0.005087112302941308
2025-09-04,-0.00036585083606535706,-0.0009957200141768416,0.000266934628598392,0.0,-0.00047586468143561523,-0.0003658508287946419,0.000266934628598392,0.008311847102873571
2025-09-05,-0.0001053916009227981,-0.0013075802750392468,0.0002577007107902318,0.0,-0.00029279726111593174,-0.00010539350952579125,0.0002577007107902318,-0.00317017266993674
2025-09-08,0.0011728590489273514,0.0008760723227072058,0.0004074485332239419,0.0,0.0011494416679015047,0.0008760711006690837,0.0004074485332239419,0.0021037644508885675
2025-09-09,-1.212872861619692e-05,0.0011156516573043306,0.0004103772225789726,0.0,0.00014328609250156208,0.00041037816438335267,0.0004103772225789726,0.0026845470300734414
2025-09-10,0.0004195373072371934,-0.00016684147628548039,0.0003333600179757923,0.0,0.000335163548414939,0.0003333506682086442,0.0003333600179757923,0.0029790282293981275
2025-09-11,0.00024205506309654445,-0.00013649729264738144,0.0003109157260041684,0.0,0.00018425871142904325,0.00024204357822780887,0.0003109157260041684,0.008450087623093565
2025-09-12,-0.0002543013020463327,-0.0013551910126173056,9.430211503058672e-05,0.0,-0.00042634613555235306,-0.0002543032475678694,9.430211503058672e-05,-0.00048287788142832935
2025-09-15,0.0010122797963686544,0.0015501395261412207,0.00018248862761538476,0.0,0.0011139573305069977,0.0010122791462590277,0.00018248862761538476,0.004695577726559718
2025-09-16,-0.00013622309577026464,-0.000527503671730246,0.00012816763774026185,0.0,-0.00020112567058484568,-0.00013622430695222192,0.00012816763774026185,-0.0012887604333313247
2025-09-17,0.0009979813108254043,0.0007077269103862169,0.00018069481302518398,0.0,0.0009769156998794722,0.0007077253789443363,0.00018069481302518398,-0.0009706390782443865
2025-09-18,0.0004302050694659935,-0.0007916414542508331,9.483197936788201e-05,0.0,0.00025855742568300477,9.483014081026168e-05,9.483197936788201e-05,0.004777687836708263
2025-09-19,-8.683801598053991e-06,0.0004759536610970555,0.00018731504678726196,0.0,5.77163479241048e-05,0.00018731665665062703,0.00018731504678726196,0.004873523937481177
2025-09-22,0.00022808699420434858,-0.0010340068867558511,-0.0001130466116592288,0.0,5.064405073199499e-05,-0.00011304844251146597,-0.0001130466116592288,0.004400350714762291
2025-09-23,0.00023217340069416287,0.004770611972658051,-0.00020984580623917282,0.0,0.000914841156636864,0.00023217543260695606,-0.00020984580623917282,-0.005517351828739721
2025-09-24,0.001316909939713822,-0.0018481353392199751,-9.174167644232512e-06,0.0,0.0008844981841145362,-9.174377414169194e-06,-9.174167644232512e-06,-0.0028506771652953692
2025-09-25,0.0004373733632907387,-0.002805036772317308,0.00019082112703472376,0.0,-3.532049431272333e-05,0.00019081743730213997,0.00019082112703472376,-0.005021648742526333
2025-09-26,0.0009652893642820661,-0.00404587918311477,0.0002246163785457611,0.0,0.00024434712698913905,0.000224615266113011,0.0002246163785457611,0.005884489130413512
2025-09-29,-0.00048782406717958393,-0.0037134203979378244,0.00022393108520191163,0.0,-0.0009836396051929026,-0.0004878251583926439,0.00022393108520191163,0.002632077259912619
2025-09-30,0.0005929466723038532,-0.0035920932295912945,0.0003339376416988671,0.0,-1.8750643015092556e-05,0.00033393406499080037,0.0003339376416988671,0.004082503613507919
2025-10-01,4.436521865589074e-05,-0.0035909725009043935,0.00020647785277105868,0.0,-0.000497329834331702,4.435940019641295e-05,0.00020647785277105868,0.0033941541712235066
2025-10-02,0.000383009317317018,-0.0035419797516805284,8.413003524765372e-05,0.0,-0.00018918279333075345,8.412698727839539e-05,8.413003524765372e-05,0.0006181636213842448
2025-10-03,0.0005625445503899819,-0.0035811716037825753,0.0001939447975018993,0.0,-4.011604344237945e-05,0.00019394236392355693,0.0001939447975018993,6.55106568658717e-05
2025-10-06,0.0005125357717184084,-0.0022964003445846057,0.000369292771210894,0.0,0.00010115602751512015,0.0003692862610364358,0.000369292771210894,0.003639959282762629
2025-10-07,0.00011619894414390745,-0.003312131636213017,0.000396085117245093,0.0,-0.0003980440595488957,0.00011619568812641198,0.000396085117245093,-0.003818687706853079
2025-10-08,0.0011152235563608708,-0.0048277356265024165,0.0005156602710485458,0.0,0.00025277659709434567,0.0005156587957894773,0.0005156602710485458,0.005810748494187323
2025-10-09,-0.00041879837368630625,-0.0018611334349020409,0.0004296456463634968,0.0,-0.0006546707914571702,-0.0004187988571829258,0.0004296456463634968,-0.0027593739802789824
2025-10-10,0.0012138233549246233,-0.006690195715051936,0.0005276483134366572,0.0,6.381357402803129e-05,0.0005276469988248714,0.0005276483134366572,-0.027485975439899807
2025-10-13,0.0031293550995356353,-0.005576811106863988,0.001380867324769497,0.0,0.0018891608429642834,0.0013808668971849187,0.001380867324769497,0.015478263036934031
2025-10-14,-0.002721938029501776,-0.0051637257983498394,0.0010109541472047567,0.0,-0.0031826218019474894,-0.00272193788804627,0.0010109541472047567,-0.00156555149694257
2025-10-15,0.0018825493900011194,0.0019201929843240737,0.0005762609653174877,0.0,0.001923019217893151,0.0018825249291307856,0.0005762609653174877,0.004017918503427979
2025-10-16,-0.0005688340344034809,0.005104203408374523,0.0002520853595342487,0.0,0.0002477991323211405,0.0002520863687097004,0.0002520853595342487,-0.006314280275141975
2025-10-17,0.001600846625393512,0.003005055372694831,0.0002715040754992515,0.0,0.0018439334852705716,0.0016008466653830513,0.0002715040754992515,0.0052568739445263
2025-10-20,-0.0006302849864791602,0.0004805641193740756,-4.199641989544034e-05,0.0,-0.00048180278537851865,-4.199663216709836e-05,-4.199641989544034e-05,0.010615724136144117
2025-10-21,-0.0001935651643900153,0.00046197758256561936,-0.00012290565064176917,0.0,-9.855317215585757e-05,-0.00012289359145280213,-0.00012290565064176917,3.269591641698797e-05
2025-10-22,0.0009361742977592612,0.0010221318130001474,-2.1810061298310757e-05,0.0,0.0009744786524833941,0.0009361639701954245,-2.1810061298310757e-05,-0.005351834774743029
2025-10-23,0.000984763684390825,-0.0008775933681084654,-2.1916464902460575e-05,0.0,0.0007363760303278434,-2.1916290356582888e-05,-2.1916464902460575e-05,0.0058104798620133855
2025-10-24,-0.0003736332576052292,0.001293924530136057,-0.0001171134936157614,0.0,-0.00013399504630559774,-0.00011711033312594248,-0.0001171134936157614,0.007871361975244856
2025-10-27,5.188991247374029e-05,-0.001394505782733889,0.00011222559260204434,0.0,-0.00016352360262288253,5.187456054599403e-05,0.00011222559260204434,0.012215141327379352
2025-10-28,-0.00048668840938702703,0.00032744107230893394,0.00020452422904781997,0.0,-0.00038481653685742273,0.00020451766620526886,0.00020452422904781997,0.0022853305022299255
2025-10-29,0.0009288277545046634,-0.0009408290796955958,0.0002879613602999598,0.0,0.0006695861210438559,0.0002879606172518496,0.0002879613602999598,-4.3579204733175357e-05
2025-10-30,0.0005314609061352717,0.00045391918057509904,0.00020427633717190474,0.0,0.0005287416884555563,0.00045391058201369567,0.00020427633717190474,-0.009954191424534511
2025-10-31,0.001668075480957956,0.003938668443852228,0.00022508169058710337,0.0,0.0020422651882961557,0.0016680757329765256,0.00022508169058710337,0.0026145009178832708
2025-11-03,-0.0003569288953084772,0.001184260798635914,0.0001606036676093936,0.0,-0.00014294453704970952,0.0001606046174336519,0.0001606036676093936,0.0017192339969181521
2025-11-04,0.0006203914451489774,-0.0009763256180376483,0.00017805919924285263,0.0,0.0003961897844072282,0.0001780578134360415,0.00017805919924285263,-0.011806250392326715
2025-11-05,0.0017118807035841537,-0.00024230080192517222,0.0003616799949668348,0.0,0.0014590991236213594,0.0003616809056500711,0.0003616799949668348,0.0036468976756877185
2025-11-06,-0.0005908874109290295,0.0002835274214714327,0.00024050992215052247,0.0,-0.0004838502544866608,0.0002404889079143097,0.00024050992215052247,-0.011241134514722728
2025-11-07,0.0020587898111740117,-0.0024271977259255183,0.0005070046754553914,0.0,0.0014371518587836052,0.0005070043724416718,0.0005070046754553914,0.0012610463474931072
2025-11-10,-0.0005129900280781193,5.1026915241807346e-05,0.00018633903528098017,0.0,-0.00044830581784258405,5.1021399224077826e-05,0.00018633903528098017,0.015283626703501816
2025-11-11,-0.0008888258684680373,-0.001119810345491944,4.9642520025372505e-05,0.0,-0.0009480461256059952,-0.0008888226396218167,4.9642520025372505e-05,0.0020731999523923177
2025-11-12,0.000975430511943766,0.0015434207664200483,8.664440247230232e-05,0.0,0.001083138247938165,0.0009754298801305051,8.664440247230232e-05,0.0006293191259445972
2025-11-13,0.00035077698536464596,-0.0003192021651935307,0.00012585733202286065,0.0,0.00025775305575623627,0.00012585516199405732,0.00012585733202286065,-0.01669545163092778
2025-11-14,0.0024202872323666053,0.0035589829613416756,0.0004980012308806181,0.0,0.002639970972205833,0.002420286875381745,0.0004980012308806181,-0.0005018514712717733
2025-11-17,-0.0004620161267479726,-0.0015540728712340598,0.00040540017653256655,0.0,-0.0006466185589163157,-0.0004620163629158207,0.00040540017653256655,-0.009204497894305158
2025-11-18,0.001699329435217583,-0.0017842484002909705,0.000886338297277689,0.0,0.0012061228684497,0.00088633744443943,0.000886338297277689,-0.008290709844169318
2025-11-19,0.0006359980921256234,-0.0015294008892244154,0.0011604127939790487,0.0,0.00030190325567902923,0.0006359966538638876,0.0011604127939790487,0.00374680773726533
2025-11-20,-0.00027909692728254307,-0.001713180293091297,0.001160870655439794,0.0,-0.0005295557753425889,-0.0002790969244410033,0.001160870655439794,-0.01568972611631523
2025-11-21,0.002345628805282275,-0.002790629800863123,0.0027626757510006428,0.0,0.0015752606174164712,0.002345626613532251,0.0027626757510006428,0.009775103041592069
2025-11-24,-0.0016581435533146657,0.0018675987964815147,0.0019056203309446573,0.0,-0.0012322080803158662,0.0018675740932257558,0.0019056203309446573,0.015348818899081837
2025-11-25,-0.0003762007446109281,0.001332270552760451,0.0006698683137074113,0.0,-0.00015161247350413073,0.0006698677627298933,0.0006698683137074113,0.009020886000832944
2025-11-26,5.7080079618326515e-05,-0.002616350140458222,-0.00033806500141508877,0.0,-0.0003275385412872104,-0.00033806708084724974,-0.00033806500141508877,0.006882969436149685
2025-11-28,0.00017595543606793024,0.003166789874817474,-0.0007352691609412432,0.0,0.000642399317385859,0.00017595619695767357,-0.0007352691609412432,0.005340487341137372
2025-12-01,0.00029802784241235783,0.0005260824652505811,-0.0007066712714731693,0.0,0.00035858477717210305,0.00029802448894957937,-0.0007066712714731693,-0.005337548746055966
2025-12-02,0.001372254706901374,0.0007850365437529686,-0.0004730080545414239,0.0,0.0013347615949317207,0.0007850356402102079,-0.0004730080545414239,0.002454221195936617
2025-12-03,-8.181860635327065e-05,-5.141852571107859e-05,-0.0002429034502711147,0.0,-7.302060385257919e-05,-8.184334337786765e-05,-0.0002429034502711147,0.0029753605210852863
2025-12-04,0.00045393367122996723,0.0006526825286687242,-7.495141471736133e-05,0.0,0.0004974444474513736,0.00045393057349931256,-7.495141471736133e-05,0.001079738711974404
2025-12-05,0.00045782932567333637,0.001184176616352604,2.3086904548108578e-05,0.0,0.0005768123061167131,0.00045783024238393166,2.3086904548108578e-05,0.0019347688846794776
2025-12-08,0.0003427714126452927,0.0009478560010520862,0.0001812270493246615,0.0,0.0004365295979352447,0.00034277588002223593,0.0001812270493246615,-0.0034833153316476935
2025-12-09,0.0009705454515508106,0.0005340308610138608,0.0003069367667194456,0.0,0.00092375371598529,0.0005340329456274546,0.0003069367667194456,-0.0008767431610132386
2025-12-10,0.0003515937629071274,-0.0005721475317557322,0.00037629943108186126,0.0,0.00021438931229821008,0.0003515573964173118,0.00037629943108186126,0.006726880659139976
2025-12-11,-0.00022893278897459545,-0.0013497256240225684,0.000126156272017397,0.0,-0.00040409293808098257,-0.0002289346987649343,0.000126156272017397,0.00207719198371703
2025-12-12,0.0006186656332760011,-0.0002801591584892941,-0.00013924823724664748,0.0,0.0005060567200110446,-0.0001392425557670878,-0.00013924823724664748,-0.010720913458554537
2025-12-15,0.0016493238550357096,0.0003463552263777886,7.684636511839926e-05,0.0,0.0014987418244187948,0.0003463581432051167,7.684636511839926e-05,-0.0015978388918367072
2025-12-16,4.711811978793621e-05,-0.000837090590478229,0.00032748785451985896,0.0,-9.107438735161036e-05,4.711570672462216e-05,0.00032748785451985896,-0.00238676400843967
2025-12-17,0.0007902937702102384,-0.0021398262530444665,0.0004668324545491487,0.0,0.0003658166680941902,0.00046682976532296146,0.0004668324545491487,-0.01165985661137129
2025-12-18,0.0014861208473977822,-0.0022251809360844805,0.0010361627209931612,0.0,0.0009495522573137871,0.0010361608148316806,0.0010361627209931612,0.007902951520479156
2025-12-19,-0.001043712456739146,-0.0010218422551086161,0.0011494412319734693,0.0,-0.001099083184928071,-0.001021800821206762,0.0011494412319734693,0.008779407421828872
2025-12-22,9.866690416521586e-05,-0.002586665850830571,0.000526363612152636,0.0,-0.0003096983570056023,9.8664949056847e-05,0.000526363612152636,0.006415870575561936
2025-12-23,4.9279004575407165e-05,0.0024542790100537952,0.00036772809107787907,0.0,0.0003962685889774511,0.00036773073290149067,0.00036772809107787907,0.004540067046788208
2025-12-24,0.0003385895383645438,0.00037134602818400433,0.00022039377654436976,0.0,0.00034658981323830646,0.00033856908162355144,0.00022039377654436976,0.003216304344700708
2025-12-26,0.0003742459842090648,-0.000438726784309699,0.0003324539284221828,0.0,0.00025519185252159096,0.0003324323859526885,0.0003324539284221828,-0.00030440987710828846
2025-12-29,0.0007164848756400543,0.001097136052691933,0.0004646777524612844,0.0,0.0007794800008912709,0.0007164862023072556,0.0004646777524612844,-0.003498162923937312
2025-12-30,0.0008489956745627344,0.0013599160193639998,0.0004366973298601806,0.0,0.0009355352479065783,0.0008489961386639716,0.0004366973298601806,-0.0013766142506534472
2025-12-31,0.0004714454235993096,-0.000344381577466531,0.00047366583021357656,0.0,0.0003507933270249694,0.0004712096340438163,0.00047366583021357656,-0.007384867434248815
