Date,ARIMA,RandomForest,LSTM,NaiveZero,ResidualHybrid,ConfidenceWeight,RegimeSwitching,Actual
2022-10-17,0.00434443930732561,-0.00391789695239132,8.676179277244955e-05,0.0,0.003678278985660511,8.676180759741496e-05,-0.00391789695239132,0.02215352750339694
2022-10-18,-0.003234220475597189,-0.005966028823035696,-0.0003412857768125832,0.0,-0.0038267771745754335,-0.0032342204552380325,-0.005966028823035696,0.023012630514239213
2022-10-19,0.0003064404387175053,-0.002797724875945502,0.00039760267827659845,0.0,-9.020395396899393e-05,0.00030643002665923895,-0.002797724875945502,-0.0066814741855632164
2022-10-20,0.00190578982275227,-0.0036518856232759626,0.0008783561643213034,0.0,0.001298713087987103,0.000878355413554593,-0.0036518856232759626,-0.003051940329593244
2022-10-21,-0.00013482754037047004,-0.0047109004041125885,0.0008449585875496268,0.0,-0.0007927341300275918,-0.00013482834048989808,-0.0047109004041125885,0.04495114669689942
2022-10-24,-0.003111287187705642,0.013771115328033273,-0.0001529158471385017,0.0,-0.0012531072099614593,-0.00015291558115100275,0.013771115328033273,0.011012650980499025
2022-10-25,0.0023292682041732957,0.012696754609010564,-9.799237886909395e-05,0.0,0.003837772539100209,0.002329268519384409,0.012696754609010564,0.011193617958402666
2022-10-26,-0.0003150286004460169,-0.006763859053248952,-0.00028895033756271005,0.0,-0.0011249106018052573,-0.00031506406036184057,-0.006763859053248952,0.009848796305615129
2022-10-27,0.00023537934036209744,0.007619886174165099,-0.0002585488837212324,0.0,0.0012029425074339848,0.0002353812214014477,0.007619886174165099,0.004429028967303207
2022-10-28,0.0004399374418184019,0.0035501001328562365,2.2883265046402812e-05,0.0,0.0008655448376289512,0.000439939506826315,0.0035501001328562365,0.013667237747182275
2022-10-31,-0.0005430915693415334,0.002667540516587376,-1.593348861206323e-05,0.0,-0.0001866406754058168,-1.5931971190293595e-05,0.002667540516587376,0.007839029224840578
2022-11-01,0.0005180607932541875,-0.0019108036483259502,-0.00019343952590133995,0.0,0.00027547339432119834,-0.00019344034583270925,0.0005180607932541875,0.01174450957842801
2022-11-02,-0.00024106199737931874,0.00023216688687821926,-0.0005068308673799038,0.0,-0.00015878963472283153,-0.00024106036705164152,-0.00024106199737931874,0.0034653178381804216
2022-11-03,0.0006903025801589874,-0.0038206165640092132,-0.0006328792660497129,0.0,0.00023991963295002259,-0.0006328797071577919,-0.0006328792660497129,-0.0026337425510345775
2022-11-04,0.0005437672755537251,-0.001298331142047884,-0.0007771603995934129,0.0,0.0004274210910950338,-0.0007771592440690928,-0.0007771603995934129,0.025582263453672042
2022-11-07,-0.001796851522399695,-0.0009538120258850437,-0.0008840742520987988,0.0,-0.0017702903885129196,-0.0009538247823763834,-0.0008840742520987988,0.012908514505062318
2022-11-08,0.0009708103011122856,-0.0009779579441544161,-0.0007540690712630749,0.0,0.0008760746543214561,-0.0007540652233769017,-0.0007540690712630749,0.004018659880978499
2022-11-09,0.0005129952203646965,0.005016150562285313,-0.0006537152803502977,0.0,0.0011779516543036735,0.0005129958540407789,-0.0006537152803502977,-0.005564567601790596
2022-11-10,0.0008285003020646591,-0.0002099197595818004,-0.0004986099665984511,0.0,0.0008133386373230858,-0.00020991728063548314,-0.0004986099665984511,0.044069731754469176
2022-11-11,-0.0033364860257856913,0.0005409710825740621,-0.0004580696113407612,0.0,-0.0031000692451279696,-0.00045807026312935005,-0.0004580696113407612,0.01797083415115398
2022-11-14,0.001959250585520763,0.0038250470033806645,-0.0003002553712576628,0.0,0.002388516725623211,0.001959250492313712,-0.0003002553712576628,-0.007322163774580386
2022-11-15,0.0015658983279316818,-0.00668174712068405,-0.00018241496582049876,0.0,0.0006843463816699847,-0.00018241538333219518,-0.00018241496582049876,0.0013591207417732668
2022-11-16,-0.00043908568879271533,0.001288056015305601,-8.998686098493636e-06,0.0,-0.00026001762176812904,-8.997141537550176e-06,-8.998686098493636e-06,-0.0014376963527973604
2022-11-17,0.0005837889463867653,-0.00429810313030374,0.0003136981395073235,0.0,-4.2174134154622815e-06,0.00031369468100197746,0.0003136981395073235,-0.006691964455077942
2022-11-18,0.0006800746628550888,-0.005353977141699511,0.000483709794934839,0.0,-5.860567437046625e-05,0.00048370492495742733,0.000483709794934839,-0.0015282342760071807
2022-11-21,-4.434350882071979e-06,-0.0014694511883293565,0.0005804681568406522,0.0,-0.00023854093496583013,-4.4353730883241025e-06,0.0005804681568406522,0.0026598171618786846
2022-11-22,9.00889823112253e-05,-0.0029200772552025987,0.0005376621265895665,0.0,-0.0003256372531899288,9.008708996466393e-05,0.0005376621265895665,0.009580189976607041
2022-11-23,-0.00017795964194574113,-0.002712563667186986,0.0004109098808839917,0.0,-0.0005463602525111087,-0.00017796094013975715,0.0004109098808839917,0.006181081659049129
2022-11-25,0.00046883371611659917,-2.7375618852099663e-05,0.0002243026247015223,0.0,0.00042785918768515436,0.0002243025104176227,0.0002243026247015223,0.006734346178620084
2022-11-28,0.00014323547628630761,-0.004937205122184276,4.569947486743331e-05,0.0,-0.00048457404605156706,4.5689628837077736e-05,4.569947486743331e-05,-0.016856660634045496
2022-11-29,0.0018783246841715933,-0.007183762513380246,2.9147486202418804e-05,0.0,0.0009035070913141512,2.91470846074555e-05,2.9147486202418804e-05,0.003524421279408783
2022-11-30,-0.001095357160487798,-0.005005901949638846,3.49919282598421e-05,0.0,-0.001682949790640724,-0.001095357788019699,3.49919282598421e-05,0.012875375581191869
2022-12-01,-0.00020405818407523348,-0.0039012911519268473,-7.761962478980422e-06,0.0,-0.0006840771516075427,-0.00020406295671586462,-7.761962478980422e-06,-0.006078109092004785
2022-12-02,0.0015439034586116258,-0.004396847518154573,0.00015099858865141869,0.0,0.0009204901808452207,0.0001509980915442282,0.00015099858865141869,-0.008451350227745279
2022-12-05,0.0003825044830871731,-0.007084502991144023,0.00037106205127201974,0.0,-0.0005516416301078061,0.00037098779332165634,0.00037106205127201974,-0.02403981352479607
2022-12-06,0.0015200113222006949,-0.002145726225358157,0.0007031937129795551,0.0,0.0011316402692489941,0.0007031928424699559,0.0007031937129795551,-0.023501545526238878
2022-12-07,0.0004957514950265813,0.0016657752588912103,0.0010247713653370738,0.0,0.0005964839983639898,0.0010247716933062003,0.0010247713653370738,-0.008273092565047567
2022-12-08,-0.00039819981356088946,0.004460527715638882,0.0012211258290335536,0.0,7.010452512013236e-05,0.0012211261373043644,0.0012211258290335536,-0.005125524181925427
2022-12-09,0.0003638736869273192,0.00417502153745827,0.0012343911221250892,0.0,0.0007658066120898642,0.0012343919284022987,0.0012343911221250892,0.0029558967970855516
2022-12-12,-0.00015497389903545278,0.0014024179022697916,0.0007858476019464433,0.0,-4.1378023641850355e-05,0.0007858470459605209,0.0007858476019464433,0.011186390587652684
2022-12-13,-0.0002529071146855888,-0.002127622372159372,-9.195147140417248e-05,0.0,-0.0005016222417243739,-0.0002529127184972999,-9.195147140417248e-05,0.015057606959440358
2022-12-14,-6.279013404139041e-05,-0.001965884558266937,-0.0003340860712341964,0.0,-0.00027764005645377016,-0.00033408911820762986,-0.0003340860712341964,-0.022797330761676355
2022-12-15,0.0027512186669566845,-0.001123997369883911,-4.405596700962633e-05,0.0,0.0025078851045867274,-4.4055400235785605e-05,-4.405596700962633e-05,-0.029711522884932208
2022-12-16,0.0007471693037688163,0.0024045480729877693,0.0001923485251609236,0.0,0.001002762363846362,0.0007471704970449337,0.0001923485251609236,-0.009997598417383662
2022-12-19,-0.0007160543638452589,0.0038299777371002776,0.00020031827443744987,0.0,-0.0002260572284356364,0.00020031908796409493,0.00020031827443744987,-0.005036532748589495
2022-12-20,0.0002779306619247037,0.005554940772425278,0.0005271460977382958,0.0,0.0009172270911110094,0.0005271498795731318,0.0005271460977382958,-0.00034819957096806205
2022-12-21,7.712151913196445e-05,0.004858112704987296,0.0009065664489753544,0.0,0.000604069129358043,0.0009065673987636475,0.0009065664489753544,0.01632521418718637
2022-12-22,-0.0008276532333876385,0.007880214690162542,0.0006701299571432173,0.0,0.00013322301302530482,0.000670130485250143,0.0006701299571432173,-0.01316614028971814
2022-12-23,0.002269825237802492,0.007503831044704557,0.00027478692936711013,0.0,0.003098017260595239,0.0022698255475587696,0.00027478692936711013,-0.00020257843019786705
2022-12-27,-0.0007016616587600826,-0.0003907342498868946,-0.00026442675152793527,0.0,-0.0007005731060595328,-0.0003907388481488771,-0.00026442675152793527,-0.010298539946309582
2022-12-28,0.0011231478758803935,-0.0034696845876655653,-0.00018876207468565553,0.0,0.0006615306594242804,-0.00018876253116628566,-0.00018876207468565553,-0.003221852909253047
2022-12-29,-0.00014574665573943132,0.002555761267743565,-0.0002169223880628124,0.0,0.00019874041754734147,-0.00014573335982929453,-0.00014574665573943132,0.007482196879887381
2022-12-30,-0.00034450348932157183,0.0006848587198822251,-0.00042891118209809065,0.0,-0.00020828345609817168,-0.00034449288575040966,-0.00034450348932157183,-0.00014561407003044045
2023-01-03,0.0008171407279075709,-0.0008621718354966923,-0.0007131817983463407,0.0,0.000739308120439122,-0.0007131758279711267,0.0008171407279075709,0.008236580286011593
2023-01-04,-0.0003649740284628281,5.383676389144167e-05,-0.0008913105120882392,0.0,-0.0002669598590946149,-0.000364974512096718,-0.0003649740284628281,0.004265759023144237
2023-01-05,0.0005297405123616354,-0.0018047077104573126,-0.0006588063552044332,0.0,0.00034027452160455084,-0.0006588063239995482,0.0005297405123616354,-0.01139637348532335
2023-01-06,0.00128717846527056,0.0013057967452826374,-0.0004149402375333011,0.0,0.0014368596937995694,0.001287130550069585,0.00128717846527056,0.012488698830746374
2023-01-09,-0.0013571714326579105,-0.0031715444484212707,-0.0005518434918485582,0.0,-0.0016541117767244773,-0.0013571721207646932,-0.0013571714326579105,0.014035696693033662
2023-01-10,0.00023192348880486403,-0.0018669903263347546,-0.000466716883238405,0.0,2.9544457012029376e-05,-0.00046671759737719834,0.00023192348880486403,0.012275418423829508
2023-01-11,0.00022672908630952138,-0.003541344383492585,-0.0006096518482081592,0.0,-0.00017276452371135716,-0.0006096527001163714,0.00022672908630952138,0.01972827481381278
2023-01-12,-0.00041110437403168597,-0.004684450733504913,-0.0007953547174111009,0.0,-0.0009130164241652076,-0.0007953570494101153,-0.00041110437403168597,0.014869052529894806
2023-01-13,0.0004316188724025452,-0.0019207213767607491,-0.0006627013790421188,0.0,0.00023175511970912157,-0.0006627014975462378,0.0004316188724025452,0.010914960838892445
2023-01-17,0.0003172126876047071,-0.005493218403138212,-0.0006838197004981339,0.0,-0.0003238036164587158,-0.0006838204896353068,0.0003172126876047071,-0.06655110868736543
2023-01-18,0.0054189989825437455,0.004453113942489459,-0.00031206029234454036,0.0,0.005794163757835538,0.004453113119076601,0.0054189989825437455,-0.002374932529736765
2023-01-19,-0.003959926704637342,-0.0017353239525074934,-7.951063162181526e-05,0.0,-0.0040172478890993235,-0.0017353241065970724,-0.003959926704637342,0.0047438685377527625
2023-01-20,0.00044582243842865613,0.0007716375642140914,0.00018591765547171235,0.0,0.0005091256767494398,0.00044582320611923467,0.00044582243842865613,-0.025730712112672995
2023-01-23,0.0024187245134040043,-0.005506118009943165,0.0005287049571052194,0.0,0.0015898663230033212,0.0005287045942194701,0.0024187245134040043,0.021130261679738534
2023-01-24,-0.0028965940591981075,0.0005649316039738781,-0.0004183169803582132,0.0,-0.002677627397126284,-0.00041831759214998055,-0.0028965940591981075,-0.0023229323595379
2023-01-25,0.0020653849992784933,0.0022903951999990123,-0.0011571203358471394,0.0,0.0023725311990286605,0.002065380904309595,0.0020653849992784933,0.003725210479282951
2023-01-26,-0.00030283432057134083,0.007710968255979358,-0.0016416520811617374,0.0,0.0008166798693329236,-0.0003028336995113448,-0.00030283432057134083,0.015157896093825946
2023-01-27,-0.0005050811242193952,0.0061159062315555976,-0.0016827465733513236,0.0,0.00042605205071477375,-0.0005050804275106076,-0.0005050811242193952,-0.003584219623544789
2023-01-30,0.0014945031857145153,0.007360519438582768,-0.001196892000734806,0.0,0.0024621279869439638,0.0014945033865777875,0.0014945031857145153,0.010574287406662079
2023-01-31,-0.0008145131622372496,0.0034909524231708953,-0.0006428115302696824,0.0,-0.0002901786506411282,-0.0006428060150570014,0.0034909524231708953,0.02309066937552389
2023-02-01,-0.0005790790517407333,-0.002673777066603915,3.96092509618029e-05,0.0,-0.0008949690421667182,-0.0005790801859158217,-0.002673777066603915,-0.0002734284856683514
2023-02-02,0.001712473122194141,0.0014820823907926775,0.0007333036628551781,0.0,0.001768385007537656,0.001482079419628406,0.0014820823907926775,0.010229058982370476
2023-02-03,-0.000655097367844483,-0.00024276083489987811,0.0013753909152001143,0.0,-0.000779234027272539,-0.00024275903862628544,-0.000655097367844483,0.0012981013772865601
2023-02-06,0.0008619170405693546,-0.004382979017621712,0.0020148162730038166,0.0,0.0001052637318455403,0.0008619163652817061,0.0008619170405693546,0.0022949211732520396
2023-02-07,0.0001291758154496597,-0.0005811536343421791,0.0020592184737324715,0.0,-0.00012686340926127023,0.00012917670170819667,0.0020592184737324715,0.00966201763883864
2023-02-08,-0.0002412888157864889,-0.0028944533052820587,0.0015132841654121876,0.0,-0.0007254504289058299,-0.00024128900845235267,0.0015132841654121876,0.0018679113998310783
2023-02-09,0.0007706094434581495,-0.00238992193355436,0.0009083678014576435,0.0,0.0003628722541767751,0.00077060260443794,0.0009083678014576435,-0.01913694489736418
2023-02-10,0.0016571605348877617,-0.0060969788610451495,0.0005193175165913999,0.0,0.0007845658296441787,0.0005193167903737979,0.0005193175165913999,0.008900813649587757
2023-02-13,-0.0015658281263081432,-0.0021560690449177094,-0.00022597853967454284,0.0,-0.0017557359460069284,-0.0015658271830449257,-0.00022597853967454284,0.007352722999510999
2023-02-14,0.0004995748884154802,-0.002734297711595437,-0.0007946278201416135,0.0,0.00020661521341291023,-0.0007946280766053812,-0.0007946278201416135,-0.006007074253739663
2023-02-15,0.001124820149028144,-0.0021144725571152117,-0.001037314417771995,0.0,0.0009063170838849479,-0.0010373139532020223,-0.001037314417771995,0.0068624256170167685
2023-02-16,-0.000632993391886375,0.003001166914963809,-0.0012835079105570912,0.0,-0.00012155246557391496,-0.0006329921343682729,-0.0012835079105570912,-0.011121104845095348
2023-02-17,0.0015406808083365617,0.0007527804280261732,-0.001199232996441424,0.0,0.001679197202588616,0.000752779673810469,-0.001199232996441424,-0.0046026728311624795
2023-02-21,-0.00014626513646761555,0.0007691903325370223,-0.0009932145476341248,0.0,4.17016489025076e-05,-0.00014626504851217076,-0.0009932145476341248,-0.020230499820524547
2023-02-22,0.0014682012710004974,-0.001373916818856898,-0.0005860295495949686,0.0,0.0012900976414072572,-0.0005860287699177731,-0.0005860295495949686,-0.0006370073081639252
2023-02-23,-0.0009126137815450148,0.001853229953741291,-0.0002377998171141371,0.0,-0.0006246486346757546,-0.0002377988173788363,-0.0002377998171141371,0.007316086172447938
2023-02-24,-0.00010183329940970434,0.0015703049469219588,0.00011931268818443641,0.0,8.843403776000048e-05,0.00011931648133241306,0.00011931268818443641,0.0008522093668023944
2023-02-27,0.0007201795913024783,-0.006230113356536587,0.00026589183835312724,0.0,-0.00011091898944287203,0.00026588980064634724,0.00026589183835312724,0.00460665809104453
2023-02-28,-3.140380059834299e-05,-0.0008641844927747343,0.00039427378214895725,0.0,-0.00017254795038512658,-3.140494089211829e-05,0.00039427378214895725,-0.03871195983339836
2023-03-01,0.0032439435611225755,-0.012200447578392561,0.0008544080192223191,0.0,0.0015166109321697702,0.0008544076776690346,0.0008544080192223191,-0.008398236262270172
2023-03-02,-0.0016374145456143942,0.002637301199478571,0.0011578716803342104,0.0,-0.0013440503206113223,0.0011578713627997952,0.0011578716803342104,0.008255012428158135
2023-03-03,-0.0005278523436742365,-0.0037591382194192484,0.0008178012794815004,0.0,-0.0010490159908558578,-0.0005278527764218777,0.0008178012794815004,0.022629432345937943
2023-03-06,-0.0006463213513144072,0.0017066484131532376,0.00018914771499112248,0.0,-0.00042397044903130115,0.00018914825095458002,0.00018914771499112248,-0.00011201164673601669
2023-03-07,0.001679186406912699,0.00846322601176513,-0.00019440492906142026,0.0,0.002690984694481132,0.001679186792716557,-0.00019440492906142026,-0.03120588439851022
2023-03-08,0.0022591063989764477,-0.0068947225275000764,-8.288946992252022e-05,0.0,0.001315461940644456,-8.288974978417699e-05,-8.288946992252022e-05,0.00923277131445355
2023-03-09,-0.002353078966609163,-0.006619536715938101,-0.0003293118206784129,0.0,-0.0030625863401387626,-0.00235307922597269,-0.0003293118206784129,-0.020828813709405165
2023-03-10,0.0025592226919176975,0.0037546064351414187,0.000424640194978565,0.0,0.0028937147496177797,0.0025592223248005644,0.000424640194978565,-0.043066828802993534
2023-03-13,0.0018402652055411303,0.0053889068106319745,0.0015833853976801038,0.0,0.0023069198338409418,0.001840268786702226,0.0018402652055411303,-0.03781654871916375
2023-03-14,0.00025943816527804593,0.003246161990488677,0.0025524261873215437,0.0,0.000434982800664775,0.0025524251857258293,0.00025943816527804593,0.020826734561121798
2023-03-15,-0.0031945886315114824,-0.0010496634250306773,0.0023988797329366207,0.0,-0.0034101843529472614,-0.0010496632490576876,-0.0010496634250306773,-0.0314053080888827
2023-03-16,0.004021096359900376,0.015689427097661933,0.0014464828418567777,0.0,0.0057052690731389105,0.004021096662319335,0.015689427097661933,0.009246386548994354
2023-03-17,-0.0024850105907539242,0.003544666028749149,-0.0010262361029163003,0.0,-0.0018561628608858736,-0.001026235637027378,0.003544666028749149,-0.03734479711426694
2023-03-20,0.003585110180434905,0.008195494008446108,-0.0014662073226645589,0.0,0.004599779354446002,0.003585110161517078,0.008195494008446108,0.019541530107915223
2023-03-21,-0.0034534683281529466,0.0031657435247091853,-0.00232822191901505,0.0,-0.002721916716055051,-0.002328221213849104,0.0031657435247091853,0.024729614587553038
2023-03-22,5.9429332684722005e-05,0.01265556373342074,-0.002477471949532628,0.0,0.0018565315963924008,5.9429647179062365e-05,0.01265556373342074,-0.011442986134470208
2023-03-23,0.0024851559484033122,0.010982363012329115,-0.001874933484941721,0.0,0.00392675609393341,0.002485156059993217,0.010982363012329115,0.003754839637346583
2023-03-24,-0.0009357626872896394,0.013224333395478178,-0.0015484982868656516,0.0,0.0008906317841686931,-0.0009357611311848604,0.013224333395478178,-0.007267984389032713
2023-03-27,0.0010597496790688988,0.015953894511384337,-0.0013737446861341596,0.0,0.003135693357969509,0.0010597500225317021,0.015953894511384337,0.018888165525432397
2023-03-28,-0.0014947665674390686,0.017513893263143846,-0.0008860878879204392,0.0,0.0008331058908846696,-0.0008860863047399012,0.017513893263143846,-0.0002827869883690868
2023-03-29,0.00150992882502594,0.01741832849151561,-0.00016927298565860838,0.0,0.0036475956831312053,0.0015099293569865754,0.01741832849151561,0.0071344877368021125
2023-03-30,-0.0003793642148494357,0.01877335622896304,0.0002893808705266565,0.0,0.0019613499420962255,0.0002893823073110641,0.01877335622896304,0.0013088167215158366
2023-03-31,0.0005986389980622295,0.009458098755295626,0.0006328781601041555,0.0,0.0017051965142693278,0.0006329056413611582,0.009458098755295626,0.01841931177052764
2023-04-03,-0.0009608194431383124,0.0005030654158368838,0.0003414781531319022,0.0,-0.0008902263622090442,0.0003414728068576681,0.0005030654158368838,-0.0018053936409050792
2023-04-04,0.0015217987405592608,0.000558575771947297,0.00011239488958381116,0.0,0.0015231784610399096,0.0005585769671619917,0.000558575771947297,-0.011923032637265758
2023-04-05,0.0008197379734651905,0.001973042804801682,-5.458628584165126e-05,0.0,0.0010398618089068508,0.0008197382490231533,0.001973042804801682,-0.0034772448655563514
2023-04-06,-0.0002590490455176432,-0.0017521627591401423,-0.00023313342535402626,0.0,-0.0004482838097100122,-0.00025908419975285475,-0.0017521627591401423,0.0027021635936213245
2023-04-10,-4.7716993135778804e-05,-0.004469522421527796,-0.00035569333704188466,0.0,-0.0005748243455932305,-0.0003556963201324409,-4.7716993135778804e-05,0.007909092310224358
2023-04-11,-7.572089114540133e-05,-0.0025299807730487706,-0.0004463533987291157,0.0,-0.00035099706154243497,-0.00044635560286904885,-7.572089114540133e-05,0.007388908968447142
2023-04-12,0.00022346485289795727,-0.004301148029169928,-0.0004231102648191154,0.0,-0.00028720574705293146,-0.0004231115489316255,0.00022346485289795727,0.008728715060631635
2023-04-13,5.0081496613898113e-05,-0.003874500795008233,-0.00030011957278475165,0.0,-0.0004111003943555836,-0.0003001221324617674,5.0081496613898113e-05,0.005706832315841444
2023-04-14,0.00034600250555958864,-0.005788864419189047,-0.0002773478045128286,0.0,-0.00036834008245822415,-0.00027734922224450137,0.00034600250555958864,0.014318946303622836
2023-04-17,-0.00044584349337517656,0.006982043077370012,-0.00020950329781044275,0.0,0.0004639342609667588,-0.00020949924113817722,-0.00044584349337517656,0.008158525365499228
2023-04-18,0.0005518471196842247,-0.0002079069140211086,-0.00019684691505972296,0.0,0.000521511897748528,-0.00019677166980095539,0.0005518471196842247,-0.017132534086776778
2023-04-19,0.0018091590703476564,0.0008018257955720819,-0.0004480108618736267,0.0,0.0018784042850816761,0.0008018256036451642,0.0018091590703476564,0.008884995621489441
2023-04-20,-0.0015320252278977166,0.0009744872488756132,-0.0004918042104691267,0.0,-0.0013081703130229285,-0.0004918039320432532,-0.0015320252278977166,0.005387802007027803
2023-04-21,0.0006158362688230046,0.004210344985072432,-0.0002286559174535796,0.0,0.0011391037168427148,0.0006158371721216858,0.0006158362688230046,0.008671767842859078
2023-04-24,-6.510084529020709e-05,-0.0022812431903312855,6.389558257069439e-05,0.0,-0.0003538082117414546,-6.510802828317924e-05,-6.510084529020709e-05,0.006709221091751877
2023-04-25,0.00028113234183694267,-0.00010750269601746648,0.0003594595182221383,0.0,0.0002256806694886169,0.00028112245236908503,0.00028113234183694267,-0.013110156453084738
2023-04-26,0.0014974090237221916,-0.0005162797003943566,0.000557442894205451,0.0,0.0013265943894440505,0.0005574427622037179,0.0014974090237221916,-0.008638588699771148
2023-04-27,-5.957923056111711e-05,-0.0008105355384653584,0.0005626037018373609,0.0,-0.00020748717562479434,-5.957950455782127e-05,-5.957923056111711e-05,0.014864054291678926
2023-04-28,-0.0011899916875922714,-0.001141693411388859,0.0005434862105175853,0.0,-0.0013340072803697703,-0.0011416741224696346,-0.0011899916875922714,0.0053718008674574795
2023-05-01,0.0009283783620894376,9.35806512217855e-05,0.00047069642459973693,0.0,0.0008634525572960916,0.00047069688690185767,0.0009283783620894376,-0.008391819010498784
2023-05-02,0.0010275377405391402,-0.005432720737317341,0.00043883221223950386,0.0,0.0002694453401023017,0.00043883068960288854,0.00043883221223950386,-0.0213675718333171
2023-05-03,0.001114359460601198,0.00042325535821726443,0.00033899155096150935,0.0,0.0010949307803191895,0.0004232655079494611,0.00033899155096150935,-0.01425966308517665
2023-05-04,-5.008808000422948e-05,-0.0026156499042951377,0.00032805957016535103,0.0,-0.0004041238772405417,-5.009032108880655e-05,0.00032805957016535103,-0.022742471264147683
2023-05-05,0.0011096516031096518,0.002865664878487934,0.0003438086132518947,0.0,0.0013958650725240198,0.0011096523366358627,0.0003438086132518947,0.017770379780268675
2023-05-08,-0.002266457741645339,-0.0029221051124943853,5.085444718133658e-05,0.0,-0.002549174084287431,-0.002266456652235205,5.085444718133658e-05,-0.0015605744323191962
2023-05-09,0.0017140749100957233,0.0010331516927923484,-5.156274710316211e-05,0.0,0.00178164722762882,0.0010331511487031001,-5.156274710316211e-05,-0.0053432466986359575
2023-05-10,0.0003544046251602543,0.0001856520446018679,-0.000389044638723135,0.0,0.0003976299128597696,0.0001856479221469265,-0.000389044638723135,-0.006859235558624902
2023-05-11,0.0003647606232115134,-0.0052921808635325715,-0.0005017569637857378,0.0,-0.00026867800737635414,-0.0005017579065104497,-0.0005017569637857378,-0.005689801646384986
2023-05-12,0.0002700330723544508,0.0023775213276260487,-0.0004952058661729097,0.0,0.0006002115008484228,0.00027003390168127433,-0.0004952058661729097,-0.003811165822090371
2023-05-15,0.00021986440313702046,0.004345872152657454,-0.0001887934486148879,0.0,0.0007719651132337362,0.00021986659600791138,-0.0001887934486148879,0.008011866648576185
2023-05-16,-0.0004728238544906892,0.004892584988043621,2.7501664590090513e-07,0.0,0.00015816204830003942,2.7691715286334507e-07,2.7501664590090513e-07,-0.003920024215457277
2023-05-17,0.0010677582430617051,-0.0006146700446932159,0.00029299285961315036,0.0,0.0009241281242750722,0.0002929926715311884,0.00029299285961315036,0.028788927556531
2023-05-18,-0.0020243108350887543,-0.0024129040468005257,3.0786613933742046e-06,0.0,-0.002248484316232074,-0.0020243087676368315,3.0786613933742046e-06,-0.0018189546711468926
2023-05-19,0.002237784055672113,0.00041763671170766176,1.8797203665599227e-05,0.0,0.0022019304040086724,0.0004176386576713507,1.8797203665599227e-05,-0.010461630402860952
2023-05-22,0.0005715744619652378,-0.003547807171409856,0.00024767135619185865,0.0,8.3720148833982e-05,0.0002476685511255638,0.00024767135619185865,-0.0037782941606250226
2023-05-23,-0.0001670758356097429,-0.004784247229618116,0.0003702450485434383,0.0,-0.0007918259606708943,-0.0001670774733050701,0.0003702450485434383,-0.0041634800806907455
2023-05-24,0.0004185308001165577,-0.0016750610383599609,0.0005105271702632308,0.0,0.00014837417733577828,0.00041852063854844136,0.0005105271702632308,-0.011688435143607422
2023-05-25,0.0008235224226180483,-0.0008918400886887875,0.0003225355176255107,0.0,0.0006520672175383421,0.0003225343516147567,0.0003225355176255107,0.012645917638869904
2023-05-26,-0.001308875168779994,-0.0018337804068208569,-0.0002588970819488168,0.0,-0.0014655069339577851,-0.001308874221493957,-0.001308875168779994,0.024791914968771925
2023-05-30,-0.0005034721887219712,-0.0004987777760339224,-0.0007443588692694902,0.0,-0.00048203112539875616,-0.0005036175392700079,-0.0005034721887219712,-0.003560522171113658
2023-05-31,0.0019554678307701994,0.006019419082572375,-0.0007326284539885819,0.0,0.0026971239970025804,0.0019554679565592105,0.0019554678307701994,-0.013584246816156671
2023-06-01,0.0006843330051505862,-0.0005675063954010116,-0.0007555845659226179,0.0,0.0006522091369010998,-0.0005675019319391944,0.0006843330051505862,-0.0234275331043587
2023-06-02,0.0009982201620502159,-0.00711173398615579,-0.0006669653230346739,0.0,0.00012671586156062678,-0.0006669657677315285,0.0009982201620502159,0.022655360963329867
2023-06-05,-0.002619418604433204,0.005234438440543852,-0.0006904869223944843,0.0,-0.0018028188945847022,-0.0006904865732312851,-0.002619418604433204,-0.005701363493093077
2023-06-06,0.0023195599139784777,0.005754910135668125,-0.0003854534006677568,0.0,0.002983957205253571,0.0023195599924675362,0.0023195599139784777,0.015387194354835116
2023-06-07,-0.0013806081348431943,-0.004620269722601258,-0.0003578814212232828,0.0,-0.001874865481603084,-0.0013806088022295649,-0.0013806081348431943,0.027018379502898756
2023-06-08,-0.0005686049301254837,0.0008683427756244436,-0.0002499392139725387,0.0,-0.000416233987675844,-0.00024993698808637924,-0.0005686049301254837,-0.0008342895763547442
2023-06-09,0.0018649276473732684,0.005845925680460823,0.00015321242972277105,0.0,0.002511671433973691,0.0018649279798336838,0.0018649276473732684,0.0016381380141181963
2023-06-12,-0.00020014951532755276,0.0029643730347784347,0.00036056002136319876,0.0,0.00014762232082368547,0.0003605614147225443,-0.00020014951532755276,0.010273888609440986
2023-06-13,-0.0003318563542594828,0.0016661055243036237,0.0005596519913524389,0.0,-0.00015881637523653568,0.0005596522083785853,-0.0003318563542594828,0.008827037140349832
2023-06-14,0.00029735943854738533,-0.004318442093546267,0.0007501211948692799,0.0,-0.00031989898928256547,0.0002973574561461092,0.00029735943854738533,-0.011983821985517626
2023-06-15,0.0015116258633358314,-0.0033816063269642227,0.0009928983636200428,0.0,0.0009437233756345981,0.0009928966717219192,0.0009928983636200428,0.003892754038205196
2023-06-16,-0.0008572590553087157,-0.0024695720057005205,0.0008312840363942087,0.0,-0.0012053526952872258,-0.0008572590273760162,0.0008312840363942087,-0.004217788020567186
2023-06-20,0.0009116964570805366,0.004710511782612883,0.0007573642069473863,0.0,0.001400804422157089,0.0009117025906222225,0.0007573642069473863,-0.022690642447262387
2023-06-21,0.0014947599636212611,-0.001895937950161209,0.0005831752787344158,0.0,0.001149037545980593,0.0005831745871897199,0.0005831752787344158,-0.017231522583285173
2023-06-22,3.196037817626931e-05,-0.0005019053771523718,0.00021738963550888002,0.0,-5.095102647905423e-05,3.195690893442751e-05,0.00021738963550888002,-0.01703301522277405
2023-06-23,0.0005663341224849034,0.0029472432770201685,-0.00019937755132559687,0.0,0.000930795560322522,0.0005663350054026288,-0.00019937755132559687,-0.015356075184528466
2023-06-26,0.0004095312021287752,0.00042321907409702513,-0.0006520163151435554,0.0,0.0005031417968994235,0.0004094683951054385,-0.0006520163151435554,-0.007495145605038911
2023-06-27,-3.0388428777851665e-05,-0.00010702085940759935,-0.0010028022807091475,0.0,4.419467901732291e-05,-0.0001070324631141723,-0.0010028022807091475,0.0034834818511454927
2023-06-28,-0.00029353416596756155,-0.00042500780029526396,-0.001297039445489645,0.0,-0.00022312760767463738,-0.00042501414834270935,-0.00029353416596756155,0.0006697292226392986
2023-06-29,0.0005046893699145919,0.0051823942936843285,-0.0013141488889232278,0.0,0.0012479592638325084,0.0005046897054235435,0.0005046893699145919,0.02962142255547875
2023-06-30,-0.0017510594455493057,0.005256070065649285,-0.0014194687828421593,0.0,-0.0009022212115032594,-0.0014194659349108327,-0.0014194687828421593,-0.0017037517564353667
2023-07-03,0.0022217704047621653,0.0004055470131822961,-0.0009026031475514174,0.0,0.002264785976297262,0.00040554722646624883,-0.0009026031475514174,0.012539539865040592
2023-07-05,-0.0010085233132248112,-0.0017410862749223713,-0.0005811302689835429,0.0,-0.0011372651198345131,-0.001008524280742838,-0.0005811302689835429,-0.020289693702600677
2023-07-06,0.0024255713572010826,-0.0051110659990313626,0.00012052835518261418,0.0,0.0016812582336894148,0.00012052811280057374,0.00012052835518261418,-0.022273950697727418
2023-07-07,0.00032039992706629024,0.0006436625165517009,0.0009187149698846042,0.0,0.00030908884957928773,0.0006436619815599791,0.0009187149698846042,0.006908986420760784
2023-07-10,-0.0014566452909204072,-0.003743839525984207,0.0013623221311718225,0.0,-0.0019871171624733165,-0.0014566452085737853,-0.0014566452909204072,0.004116358968230022
2023-07-11,0.000628911737367226,-0.0003313290418681096,0.0017786008538678288,0.0,0.00040912856066508383,0.0006289119083184321,0.000628911737367226,0.013838868572350407
2023-07-12,-0.00047563581876369917,-0.0013713327772563405,0.0012539909221231937,0.0,-0.0007375400230949895,-0.0004756352822933468,-0.00047563581876369917,0.017056264349694112
2023-07-13,-5.940773858983481e-05,0.0005542313049091157,0.00063405028777197,0.0,-4.258965620837892e-05,0.0005542207069245843,-5.940773858983481e-05,0.006961047550259928
2023-07-14,0.0007378108830825779,0.009052911357195693,-0.0001410855184076354,0.0,0.0018552437381391665,0.0007378118980557781,0.0007378108830825779,-0.007604627568410403
2023-07-17,0.0010216154051592677,-0.0007421775122559401,-0.0005666795186698437,0.0,0.0009382214058060864,-0.0005666745135997928,0.0010216154051592677,0.003091581740360599
2023-07-18,-0.0005172577685357411,0.0038758125605042977,-0.0009840689599514008,0.0,7.332297454406363e-05,-0.0005172558630075802,-0.0005172577685357411,0.03031224247369614
2023-07-19,-0.001497379976798705,-0.0016285996158801165,-0.0013133228057995439,0.0,-0.0015297468931894842,-0.0014973778450040008,-0.001497379976798705,0.009677939574343639
2023-07-20,0.0015047129242057719,0.0033181207862461003,-0.001170616247691214,0.0,0.0019634152578950305,0.001504712746871888,0.0015047129242057719,0.02982542156282788
2023-07-21,-0.0014048001439255936,0.005525765306188496,-0.0011290782131254673,0.0,-0.0005607140092740736,-0.0011290747626210257,-0.0014048001439255936,0.0031302296562488816
2023-07-24,0.0018252074192535005,0.0022480978158316706,-0.000656063319183886,0.0,0.0020929678715639554,0.0018252054683982318,-0.000656063319183886,0.01960996284199468
2023-07-25,-0.0011278972837818644,0.006417695756016358,-0.00028948101680725813,0.0,-0.00025549917832633196,-0.0002894799759701213,-0.00028948101680725813,-0.011855078670385577
2023-07-26,0.0022285813989198835,-0.00041137543705118665,0.00027860276168212295,0.0,0.0020667706598022514,0.00027860369451435866,0.00027860276168212295,0.008030714641547301
2023-07-27,-0.0012174717532865305,-0.0012096480080648093,0.00043616845505312085,0.0,-0.0013596447918642672,-0.0012095468145063586,0.00043616845505312085,-0.008566359871347816
2023-07-28,0.0014157858598771757,-0.00018448113354079223,0.0005682489718310535,0.0,0.0012887449833915562,0.0005682491196963202,0.0005682489718310535,-0.00361725307150316
2023-07-31,-0.00012587690272145943,0.00039173645105528227,0.0004793758853338659,0.0,-0.0001134488954217094,0.00039172721956052707,0.0004793758853338659,0.0074460996082667714
2023-08-01,-0.00041490469316741833,0.0018372437286283336,0.00019304351008031517,0.0,-0.0001854841340865629,0.00019304454210529497,0.00019304351008031517,0.0051849478862190275
2023-08-02,0.0004120718586188443,0.003944972390462229,-0.00021978722361382097,0.0,0.0009092164661004544,0.00041207315336375496,-0.00021978722361382097,-0.01867951226453276
2023-08-03,0.001734782813288821,-0.0001974302960021935,-0.0005084737786091864,0.0,0.0016869955062557103,-0.00019742761855948376,-0.0005084737786091864,0.005850186445490357
2023-08-04,-0.0013772185524792966,0.0012986243447980948,-0.0007735871477052569,0.0,-0.0010943625782192479,-0.0007735859786459125,-0.0007735871477052569,0.00016989067950885553
2023-08-07,0.0008199443885837424,-0.0007663637490548052,-0.0006512680556625128,0.0,0.0007486422045297801,-0.0006512601943819414,-0.0006512680556625128,0.00660305425925049
2023-08-08,-0.00017941093756291383,-0.0011665153742614707,-0.00041926815174520016,0.0,-0.0002822677171655278,-0.00041927095175866305,-0.00041926815174520016,-0.020744808358077092
2023-08-09,0.0020371349158814444,0.0059929984962716855,-0.00030059204436838627,0.0,0.002734923752823486,0.0020371350906201982,-0.00030059204436838627,-0.01612297530326942
2023-08-10,-6.774561283042364e-05,-0.0009920888190927302,-1.4043340343050659e-05,0.0,-0.00018815539046470074,-6.776248623285e-05,-1.4043340343050659e-05,-0.006704967452379151
2023-08-11,-0.00013587663520445934,-0.0037057492953795072,0.0005354636232368648,0.0,-0.0006410692958290719,-0.00013587784037301316,0.0005354636232368648,0.0009690845010977411
2023-08-14,-3.818534054137455e-05,0.003541778867251053,0.0009502687025815248,0.0,0.0003245855420561022,0.0009502693266419065,0.0009502687025815248,-0.008814092419398682
2023-08-15,0.0009826770247547303,-0.0002686391647479113,0.0009447590564377606,0.0,0.000829249933670919,0.0009447348273387963,0.0009447590564377606,-0.016509115398626227
2023-08-16,0.0007752397246158123,-0.0014097158237323017,0.0007182779372669756,0.0,0.0005065361515700808,0.0007182614464834614,0.0007182779372669756,-0.009375287173613984
2023-08-17,-9.720271787913044e-05,0.004745116710407915,0.000632487004622817,0.0,0.0004460610244591908,0.000632488128287485,0.000632487004622817,-0.004842876944601339
2023-08-18,0.00015672520659053892,0.0023691008919470373,0.0008475229260511696,0.0,0.0003739926518745501,0.0008475237131249417,0.0008475229260511696,-0.007939329765071942
2023-08-21,0.0005850786635375111,0.0031763399382090706,0.0011447324650362134,0.0,0.0008611490576544744,0.0011447337537565726,0.0011447324650362134,-0.008871979491828637
2023-08-22,0.0003892980299595654,0.0034696185498857618,0.0015821689739823341,0.0,0.0006717996075784247,0.001582169281638274,0.0015821689739823341,-0.010205164775177121
2023-08-23,0.00044677603625458345,0.0033336225048062867,0.0021307955030351877,0.0,0.0006625298344417614,0.0021307952661533546,0.0021307955030351877,0.011043267742203135
2023-08-24,-0.0010165798409457558,0.0016091168718328419,0.0019011846743524075,0.0,-0.0009403345755304517,0.0016091138518140558,0.0019011846743524075,-0.007379983243647629
2023-08-25,0.0015742556035951674,0.00523157651620388,0.0021567672956734896,0.0,0.0019818560616918423,0.0021567686814919973,0.0021567672956734896,0.0005936678554453142
2023-08-28,-0.00034194008954722906,0.004063441195337989,0.001980504719540477,0.0,8.721225236490591e-06,0.001980504670119804,0.001980504719540477,0.018015835498938
2023-08-29,-0.0008172768436098153,0.0004492501891614097,0.000858721265103668,0.0,-0.0008037506530482663,0.0004492485471696587,0.000858721265103668,0.019984870844871744
2023-08-30,0.0001388068281627641,0.0009512611268274611,-0.0008030536118894815,0.0,0.00032209046755769024,0.00013880665982523473,-0.0008030536118894815,-0.003706210704737368
2023-08-31,0.0016263081544515535,-0.0008045484293252421,-0.001656200853176415,0.0,0.0016060391659790084,-0.0008045476689273531,0.0016263081544515535,-0.002651269229294238
2023-09-01,-4.5052828586626844e-05,-0.0017291559281865066,-0.0021015198435634375,0.0,-7.793793922775195e-05,-0.0017291538500691366,-4.5052828586626844e-05,-0.0009462596047593869
2023-09-05,0.00016836338539717,-0.0008394440645385449,-0.001929368358105421,0.0,0.00022374692058649309,-0.0008394441390120069,0.00016836338539717,-0.011211063297514775
2023-09-06,0.0009618040511097908,-0.002712985047161647,-0.0014087535673752427,0.0,0.0007068040793192084,-0.0014087532233001139,0.0009618040511097908,-0.00812561232218662
2023-09-07,5.8676338226875725e-05,-0.006243060569281308,-0.0010807433864101768,0.0,-0.0006318890845729865,-0.0010807440688757606,5.8676338226875725e-05,0.002581194085553643
2023-09-08,-0.0003259928034936757,-0.0031450354735696514,-0.00093151128385216,0.0,-0.0006266191551043735,-0.0009315124785330573,-0.0003259928034936757,0.010996780082842907
2023-09-11,-0.00019205495698801947,-0.0017701290066246525,-0.0009928809013217688,0.0,-0.0003203601702073386,-0.000992880863633383,-0.00019205495698801947,-0.0026763224512466725
2023-09-12,0.001111877421013304,-0.00446770866432701,-0.0008371466537937522,0.0,0.0005818372220981747,-0.0008371468910573248,0.001111877421013304,0.019068525758128552
2023-09-13,-0.0012737563752910099,0.003201895643837582,-0.0008974786614999175,0.0,-0.0007458182366036894,-0.0008974762617586406,-0.0012737563752910099,0.012254566926522034
2023-09-14,0.0007115587817032849,-0.0013548415049873309,-0.0006133717834018171,0.0,0.0005674684963596006,-0.0006133711919754647,0.0007115587817032849,0.028226576411189
2023-09-15,-0.0009593342392632748,0.002947486714626801,-0.0004612662014551461,0.0,-0.000513177298416977,-0.0004612644949166563,-0.0009593342392632748,-0.0059088240739618315
2023-09-18,0.0023055382130108847,-0.002238745183563782,-0.000158160095452331,0.0,0.0019497094588171574,-0.00015816002084447983,0.0023055382130108847,0.0022744096623576997
2023-09-19,-0.0005670450231713814,-0.002162710842435287,-8.904036076273769e-05,0.0,-0.0008082595705206392,-0.0005670464805732577,-0.0005670450231713814,-0.004173864990450058
2023-09-20,0.0006999907767197525,0.0009608929398393832,4.924807581119239e-05,0.0,0.0007889987693455977,0.0006999885050073732,0.0006999907767197525,-0.01529656167823353
2023-09-21,0.000976209632227917,-0.0056661714862364255,0.0004338784492574632,0.0,0.00019129440785895185,0.00043387677601944155,0.000976209632227917,-0.019372848054489054
2023-09-22,0.000544222286673669,-0.00011581729149897541,0.0006979664321988821,0.0,0.0004482523290338023,0.0005442173763226619,0.000544222286673669,-0.007141451087117857
2023-09-25,-0.0003760263741847595,0.0005687348711648931,0.0007142245303839445,0.0,-0.00035208962958630744,0.000568729147220053,-0.0003760263741847595,0.0028930214462222444
2023-09-26,-0.00018047473390705863,0.0008430501630295983,0.00033620349131524563,0.0,-9.702073811915261e-05,0.0003362034540641682,-0.00018047473390705863,-0.01538332939320026
2023-09-27,0.0015192294240066646,-0.0007363626027507669,-0.00018115212151315063,0.0,0.0013839477193769666,-0.0001811509142702948,0.0015192294240066646,-0.005791664183252426
2023-09-28,-0.0004043609587114141,0.0016431359284829613,-0.0007776670390740037,0.0,-0.00011562456561707357,-0.00040435878214133906,-0.0004043609587114141,0.010044266493295744
2023-09-29,-0.0006205022107979587,-0.0011111372554391166,-0.0012410327326506376,0.0,-0.0006282290002128203,-0.001111131703492808,-0.0006205022107979587,-0.005025035638263468
2023-10-02,0.0012972050908038322,-0.0010734268088772936,-0.0011826467234641314,0.0,0.0012149937056683802,-0.0010734182391221583,0.0012972050908038322,-0.015792939733600384
2023-10-03,0.0008220410820702297,0.0001603052409986364,-0.0009138188324868679,0.0,0.0008894385369455777,0.0001603046636352288,0.0008220410820702297,-0.039645382987366
2023-10-04,0.0017769249398275702,-0.0021684326308666767,-0.00020801009668502957,0.0,0.0014546574102098774,-0.00020801009039849122,0.0017769249398275702,0.008068745409094382
2023-10-05,-0.002690235473655456,0.004145441614569209,0.000259546039160341,0.0,-0.0020895215995688117,0.00025954612073025553,-0.002690235473655456,0.006137948653655105
2023-10-06,0.0007824545337960164,0.001223907087173597,0.0006994985742494464,0.0,0.0008449215560032321,0.000782464049820532,0.0007824545337960164,0.006356748889398538
2023-10-09,0.00019345381725004163,0.008425592729395644,0.0008973756921477616,0.0,0.0011634749985592993,0.0008973769759370587,0.00019345381725004163,0.00041575146414522254
2023-10-10,0.0005442108792279036,-0.0007083559832294873,0.0007963585667312145,0.0,0.0003655166631509613,0.0005442077415858673,0.0005442108792279036,0.0068857210048595486
2023-10-11,-0.00022467229462028214,0.003212505035414796,0.0007131574093364179,0.0,0.0001245990228050728,0.0007131580735747564,-0.00022467229462028214,-0.005574950954797265
2023-10-12,0.0010448402281083861,-0.0008116403838568172,0.0008523082942701876,0.0,0.0008290095565345083,0.0008523037539705868,0.0010448402281083861,-0.010178728903512882
2023-10-13,0.0004662738304631929,8.668732830813333e-06,0.001017618691548705,0.0,0.000361236292007635,0.00046627419905429163,0.0004662738304631929,-0.001776862903267196
2023-10-16,-0.0002573852580553316,-0.0006898885431184883,0.0012993519194424152,0.0,-0.00044631427276041295,-0.00025738359811928156,-0.0002573852580553316,0.01632276651794422
2023-10-17,-0.000799560999381876,-0.0002385674384751885,0.0009058779687620699,0.0,-0.0008769415042848909,-0.00023856653451587265,-0.000799560999381876,-0.01612865058487022
2023-10-18,0.002363587236755375,0.008163135117874734,0.0006954578566364944,0.0,0.0032343054183548835,0.002363587663143635,0.002363587236755375,-0.024211158364942423
2023-10-19,0.0005713381685397338,0.004842522104690188,0.0004296249826438725,0.0,0.0011185111839674166,0.0005713448928368894,0.0005713381685397338,-0.009215616981007469
2023-10-20,-0.0006062189283675783,1.8763467234684536e-05,0.0002450109750498086,0.0,-0.0006016382982350259,1.876068094748319e-05,-0.0006062189283675783,0.0028702793618589034
2023-10-23,-0.0002748078243002191,-0.002156420616837436,-0.00010851385013666004,0.0,-0.000524848899996457,-0.00027481323540600973,-0.0002748078243002191,-0.0027700427560482244
2023-10-24,0.0007134450178783943,0.00021988842810561973,-0.0006496159476228058,0.0,0.0007696319580632739,0.00021988755761176518,0.0007134450178783943,-0.0001335804415733402
2023-10-25,4.1362709248950235e-05,0.0004370121710654605,-0.0011798737104982138,0.0,0.00019663256954401665,4.136101197121384e-05,4.1362709248950235e-05,-0.008121712141537495
2023-10-26,0.0007759955550663508,0.0003466187333773731,-0.0015075989067554474,0.0,0.0009199091364748133,0.00034661695394622394,0.0007759955550663508,0.0007745825111990027
2023-10-27,-0.00032631378001477234,-0.0021099630643551053,-0.001573932240717113,0.0,-0.0004416862958227829,-0.0015739311823302253,-0.00032631378001477234,-0.02412782360226949
2023-10-30,0.0018640531022626507,3.3489308869909945e-06,-0.0007942330557852983,0.0,0.0018611496858822573,3.3496446870569715e-06,0.0018640531022626507,0.03697475224625172
2023-10-31,-0.003673255282729904,-0.0028247228075309427,-0.001016808208078146,0.0,-0.003796952793542143,-0.002824722184308735,-0.003673255282729904,0.00919856991940659
2023-11-01,0.002284166742449434,-0.002109655687148112,-0.0008441909449175,0.0,0.00200471953258005,-0.0008441904753931116,0.002284166742449434,0.011624875433109687
2023-11-02,-0.00030318522597342317,-0.006274746679812162,-0.0010009889956563711,0.0,-0.0009906308116896484,-0.0010009902350824836,-0.00030318522597342317,0.021259613273596302
2023-11-03,-0.0005047147388730303,-0.002403396011065702,-0.0011504932772368193,0.0,-0.0006865936477121813,-0.001150494024100696,-0.0005047147388730303,0.04322590406073927
2023-11-06,-0.0012303113769794663,1.0807729060171023e-05,-0.001122465473599732,0.0,-0.0010842148695420122,-0.0011224572507168218,-0.0012303113769794663,-0.011388562461845655
2023-11-07,0.003492960461907096,0.006850409207415975,-0.0004422303172759712,0.0,0.004254096093451725,0.003492960418227409,0.003492960461907096,0.0001235778168457463
2023-11-08,-0.0010041532027472966,-0.004597823347564107,-9.236294135916978e-05,0.0,-0.0015331415127754558,-0.0010041540189782974,-0.0010041532027472966,0.0018811117319285481
2023-11-09,0.00021168881551857246,0.010244018763252009,0.0002933409996330738,0.0,0.0014610272044220027,0.0002933528534323355,0.00021168881551857246,-0.011714914881472856
2023-11-10,0.0011002384181193372,0.00012330968710821342,0.0007466146489605308,0.0,0.0010085045804940419,0.0007466134362142323,0.0011002384181193372,0.014637672926994891
2023-11-13,-0.0014954835925618491,0.002501914799828662,0.0007099467911757529,0.0,-0.0011857866002907157,0.0007099466867676044,-0.0014954835925618491,0.004291798241640679
2023-11-14,0.001017734052011839,0.003729131151534393,0.0005100286798551679,0.0,0.001401249240907098,0.0010177356453890006,0.001017734052011839,0.03548891366945499
2023-11-15,-0.0018859818087028444,0.009061855319924657,2.4821769329719245e-05,0.0,-0.0006803357040151901,2.482218149127887e-05,-0.0018859818087028444,-0.0033119544011763766
2023-11-16,0.0026565170484930175,0.003970799422908935,-0.00020987023890484124,0.0,0.003069250581447153,0.0026565166374054585,0.0026565170484930175,-0.00275867685839623
2023-11-17,-0.0002024972661005344,0.002419174940965295,-0.0005459239473566413,0.0,0.0001555598240090981,-0.00020249475227258564,-0.0002024972661005344,0.007457185181004542
2023-11-20,-0.0004178986777043057,-0.001074582336060313,-0.0006913613760843873,0.0,-0.0004764657760781588,-0.0006913624104369766,-0.0004178986777043057,0.0007663575493996107
2023-11-21,0.0007006470299211606,0.003477571062275548,-0.0006668865098617971,0.0,0.001166802415092017,0.00070064740024537,-0.0006668865098617971,-0.013285887775594894
2023-11-22,0.0010132002236566623,0.0021788138776434947,-0.0005329846753738821,0.0,0.0012930274099468922,0.0010132000131265516,-0.0005329846753738821,0.010896584517566572
2023-11-24,-0.001345047843638215,-0.0010719095439348449,-0.0004810865502804518,0.0,-0.0013856328258459933,-0.0010719075962312564,-0.0004810865502804518,0.0015050139609509474
2023-11-27,0.0009720179704116238,0.0005324258663809206,-0.00026577565586194396,0.0,0.001024119013346864,0.0005324248515300051,-0.00026577565586194396,-0.004254926376076155
2023-11-28,0.0005138970462037077,-0.000659877139543491,-9.87336243269965e-05,0.0,0.0004199329021263294,-9.873347557361851e-05,-9.87336243269965e-05,-0.0001778188774992124
2023-11-29,-3.555285282365257e-05,0.0024981668924793777,-6.402043800335377e-05,0.0,0.0002842239610318743,-3.552042500166578e-05,-6.402043800335377e-05,0.01587829810516296
2023-11-30,-0.0006996506489877043,-0.003422752471305232,1.8668288248591125e-05,0.0,-0.0011028641503209044,-0.0006996516703033867,1.8668288248591125e-05,0.003754772680921092
2023-12-01,0.0010582130307735828,0.0031519772213893637,0.00020343330106697977,0.0,0.001394424110725443,0.0010582137207821815,0.00020343330106697977,0.019972443914250425
2023-12-04,-0.0009119272324358829,0.0047084045365186344,0.00010300044959876686,0.0,-0.0002959210615119355,0.00010300121591106793,0.00010300044959876686,0.002751451515204868
2023-12-05,0.0013396861018363528,-0.0017352374456582344,3.6539131542667747e-05,0.0,0.0010674068285064003,3.6538929114205896e-05,3.6539131542667747e-05,-0.022109257229489664
2023-12-06,0.0016191097206439643,0.004145665008834167,0.00011778315820265561,0.0,0.002065492212433198,0.001619109990352751,0.00011778315820265561,0.0006433792757023635
2023-12-07,-0.0012588826104601972,0.0035944275588827416,0.00037086958764120936,0.0,-0.0007921593285562746,0.0003708698904555371,0.00037086958764120936,0.007719336352396519
2023-12-08,4.8022208680394954e-05,0.0004593520897703287,0.0006449808133766055,0.0,4.7857733603539873e-05,0.00045934917943347346,0.0006449808133766055,0.01785948635989099
2023-12-11,-0.0003559162002072232,0.00048593865272952196,0.0006566824158653617,0.0,-0.0003381447921223957,0.00048593404881484766,0.0006566824158653617,0.0026473778140880745
2023-12-12,0.0011640125351802658,0.003916402019618859,0.0006248045829124749,0.0,0.0015553885636288265,0.0011640140198430008,0.0006248045829124749,0.0024134279909138606
2023-12-13,9.422350920550485e-05,0.0015414779757932677,0.00042942119762301445,0.0,0.00024645408207491203,0.00042942326562758206,0.00042942119762301445,0.02829624710485992
2023-12-14,-0.0013864065760083996,-0.003356494855231256,1.5761906979605556e-05,0.0,-0.0017545155277993193,-0.0013864067810970332,1.5761906979605556e-05,0.055602566080865994
2023-12-15,-0.0013962343616261141,0.019576442793611013,-0.000597754551563412,0.0,0.0011611726157158197,-0.0005977533518759451,-0.000597754551563412,-0.007748849070083762
2023-12-18,0.00407024008402048,0.00636013943539677,-0.0005930546321906149,0.0,0.004760711044862994,0.004070239862049855,-0.0005930546321906149,-0.010860181067730798
2023-12-19,-0.00014657866003923216,-0.00258924305341241,-0.00046346173621714115,0.0,-0.0004250556580129917,-0.00046346440219362554,-0.00046346173621714115,0.015945634208310758
2023-12-20,-0.0013784591745970038,0.008765870425450817,-0.00032442202791571617,0.0,-0.0001992721502332459,-0.00032442119096250604,-0.00032442202791571617,-0.01297435760541977
2023-12-21,0.0022412722840822476,-0.0006663107045068875,0.0002454181376378983,0.0,0.0020499165349336036,0.00024541873151777015,0.0002454181376378983,0.008046566185024404
2023-12-22,-0.00125718768463979,0.00482820604080571,0.000531781290192157,0.0,-0.0006499465597414632,0.0005317816159057983,0.000531781290192157,0.0002102044747620223
2023-12-26,0.0008881186469128213,-0.0007022608114978249,0.0006938799051567912,0.0,0.000705761122054892,0.0006938755245426817,0.0006938799051567912,0.0025187664136970384
2023-12-27,8.228537574179518e-05,0.0021381063160139297,0.0005453794146887958,0.0,0.0002996584867060307,0.0005453809377270441,0.0005453794146887958,0.007492639141651356
2023-12-28,-1.9702971162944085e-05,-0.0014791466840295478,0.0001079058856703341,0.0,-0.00021352445828748558,-1.9710002467285585e-05,0.0001079058856703341,0.0050071430302157756
2023-12-29,0.00044419396710662764,-0.0023541697411922943,-0.0002865596325136721,0.0,0.00015699875548840566,-0.0002865605140466907,-0.0002865596325136721,-0.0016576865156245836
2024-01-02,0.0006366049895444334,-0.005328758196676913,-0.0005056802183389664,0.0,-1.1586340627010925e-05,-0.0005056808849965528,-0.0005056802183389664,0.006536908127968483
2024-01-03,-0.00026962522213890076,-0.006826925154585125,-0.0007140781963244081,0.0,-0.0010523583879040914,-0.0007140802726663415,-0.0007140781963244081,-0.016907373864806997
2024-01-04,0.0017679047852260444,-0.007489360125766506,-0.0007123174145817757,0.0,0.0008232724594612359,-0.0007123176699331577,-0.0007123174145817757,0.0030336503696642104
2024-01-05,-0.00104468179056269,-0.005687369436979824,-0.0004733020323328674,0.0,-0.0016755758833888225,-0.001044683319308358,-0.0004733020323328674,0.00907221356866726
2024-01-08,9.902199694112175e-05,-0.006410616354577059,-6.727762229274958e-05,0.0,-0.0007018215006518325,-6.728340648625686e-05,-6.727762229274958e-05,0.006242680852734881
2024-01-09,0.0004704090520326062,-0.008157660373251843,0.00026578098186291754,0.0,-0.0005924198293114219,0.0002657762609348399,0.00026578098186291754,-0.013254067273605667
2024-01-10,0.0014034092908412892,-0.006460374562239979,0.00044851534767076373,0.0,0.0005012455804032244,0.0004485144473218988,0.00044851534767076373,-0.004649468016032795
2024-01-11,-0.00033906879476891554,-0.0028346244773647645,0.0004774332628585398,0.0,-0.0007222849205314029,-0.00033906961612187076,0.0004774332628585398,-0.0058026128595170525
2024-01-12,0.00048706292215597167,-0.003158204399922372,0.00038049634895287454,0.0,3.977023667983004e-05,0.00038048742042138216,0.00038049634895287454,-0.0052805999384879804
2024-01-16,0.00029914569556269615,-0.004093843750009157,0.00033235401497222483,0.0,-0.0002538886466576668,0.0002991175205343524,0.00033235401497222483,0.007122089057334593
2024-01-17,-0.0004298351407187409,0.00573527453339167,0.00018783239647746086,0.0,0.00028878687034269627,0.00018783383004816222,0.00018783239647746086,-0.00863224394190823
2024-01-18,0.0013346515786068767,0.0018758409816745291,-6.435775139834732e-05,0.0,0.0015235377519287109,0.0013346504513980393,-6.435775139834732e-05,-0.0007158877690699821
2024-01-19,-0.00029171220410521614,-0.002060346912842296,-0.000248584954533726,0.0,-0.0005169420427394419,-0.00029173379916637134,-0.000248584954533726,0.013937607054745492
2024-01-22,-0.0005266070761060289,-0.0012858945492490296,-0.0003865102771669626,0.0,-0.000633824995571616,-0.0005266128000509125,-0.0003865102771669626,0.009789612578973074
2024-01-23,0.0006004614378374189,0.0050436504689040625,0.00012433496885932982,0.0,0.0011981252446430684,0.0006004633043728277,0.00012433496885932982,-0.01353826987316228
2024-01-24,0.0016041652656880138,0.0024865123332391717,0.0003791667986661196,0.0,0.0018207127647934527,0.0016041649499069018,0.0003791667986661196,-0.003604449136951396
2024-01-25,-0.0004624539701913028,0.0007220875679420524,0.0003807720204349607,0.0,-0.00038710361713134556,0.00038077029077228434,0.0003807720204349607,0.008660420212090129
2024-01-26,-0.00032732350528519354,-0.0003507644666143681,0.0004850811674259603,0.0,-0.0004005876589976696,-0.00032728542464727537,0.0004850811674259603,-0.012912944225703977
2024-01-29,0.001678055540458733,-0.0008851631286001632,0.0003812375362031162,0.0,0.0014693121497268624,0.00038123755466673077,0.0003812375362031162,0.0073053382777590785
2024-01-30,-0.0010737020114140637,-0.005447412166014309,-7.571482274215668e-05,0.0,-0.0017078411802304736,-0.0010737027828927187,-7.571482274215668e-05,0.016444726253464548
2024-01-31,-0.0001238127376095597,-0.004861336131206844,-0.0001158306113211438,0.0,-0.0007178112758179694,-0.00012391270778810222,-0.0001158306113211438,-0.0074199218121275
2024-02-01,0.0017241969392818974,-0.001793761562292719,0.0002678744203876704,0.0,0.001409693978035613,0.00026787421924982004,0.0002678744203876704,-0.0004168553450839191
2024-02-02,-0.00033194536037146324,-0.0007304137894557514,0.00036281184293329716,0.0,-0.0004419918360087666,-0.00033194429851209675,0.00036281184293329716,0.010392606083407285
2024-02-05,-0.00029711974018147,0.000850622126162826,0.00029824458761140704,0.0,-0.00020492105623685735,0.0002982444578064108,0.00029824458761140704,-0.01255723667539849
2024-02-06,0.0017354985792682161,-0.00015841977742507782,0.0002419141383143142,0.0,0.0016276092890323583,0.00024191595518004708,0.0002419141383143142,0.005130052906921203
2024-02-07,-0.0009339913719458583,3.5932713470325125e-05,0.00011213659308850765,0.0,-0.0009030836902404028,3.5920955113169884e-05,0.00011213659308850765,0.00432850145223417
2024-02-08,0.0004789684282933456,-0.0007149301213330789,6.0647595091722906e-05,0.0,0.0003656629175692864,6.064650199847595e-05,6.0647595091722906e-05,-0.004198453379952312
2024-02-09,0.0007783259689058827,0.0011930735702218342,2.2664462449029088e-05,0.0,0.0008956835628131439,0.0007783248892191644,2.2664462449029088e-05,-0.002027866372014178
2024-02-12,9.71539285930932e-05,-0.0007599271645688739,-9.744282579049468e-06,0.0,-9.293106449443018e-07,-9.752136098308153e-06,-9.744282579049468e-06,0.021573876684682334
2024-02-13,-0.0011180675854571378,-0.0015351320351334003,3.806715540122241e-05,0.0,-0.0012703836260723222,-0.0011180660626435952,3.806715540122241e-05,-0.03601704087637339
2024-02-14,0.0038992613922605134,-0.0005940671966135275,8.344883099198341e-06,0.0,0.003673365883443621,8.34628072333003e-06,8.344883099198341e-06,-0.0018761849171628263
2024-02-15,-0.0021085649973016903,0.0009283324437867461,-0.0004498127964325249,0.0,-0.0018718321006014943,-0.00044981291885721146,-0.0004498127964325249,0.019333610414045466
2024-02-16,-0.0006502547415869404,-0.004735127512885972,-0.0007031208369880915,0.0,-0.0011572505278510195,-0.0007031388153690194,-0.0007031208369880915,-0.0025459647290755607
2024-02-20,0.0017128484740968695,0.007011393559336514,-0.0006873030797578394,0.0,0.0025841930974320583,0.0017128487017305128,-0.0006873030797578394,0.00020808870302360539
2024-02-21,-9.824257624043418e-05,0.0027980360839796907,-0.0007908898405730724,0.0,0.00032443651162940485,-9.824148169272055e-05,-0.0007908898405730724,0.009705107998024844
2024-02-22,-0.0002679236111857546,0.0008724590796592599,-0.0007806748617440462,0.0,-8.071885760285743e-05,-0.00026792254386143595,-0.0007806748617440462,0.005650143433199003
2024-02-23,0.0005676070830797468,0.0011308173730600433,-0.00025895744329318404,0.0,0.0007096954759658472,0.0005676065207321536,-0.00025895744329318404,0.0014843371423214555
2024-02-26,0.0004696895772490484,0.00070036745073373,0.00039198558079078794,0.0,0.0005053054098887647,0.0004696978263289136,0.00039198558079078794,-0.002124652614314239
2024-02-27,0.0004700455604163852,-0.00088469238158309,0.0008802175289019942,0.0,0.0002648759710868528,0.00047004387130359493,0.0008802175289019942,0.001510766770888344
2024-02-28,5.7214060460600324e-05,-0.0005760930569963554,0.0011849129805341363,0.0,-0.00011972166277692765,5.7214749311820306e-05,0.0011849129805341363,0.013107476748671283
2024-02-29,-0.00040836742406918843,-0.0017378422918372404,0.0011793371522799134,0.0,-0.0007123101894231497,-0.00040836730206998006,0.0011793371522799134,-0.01055958420781181
2024-03-01,0.0017611458867205854,-0.0009071591342757187,0.0011343315709382296,0.0,0.0014812408300523142,0.001134330470001512,0.0011343315709382296,-0.0024447751692081117
2024-03-04,-0.00032733092340326246,-0.0020675739273001066,0.000784467498306185,0.0,-0.0006415181701034068,-0.0003273312472592143,0.000784467498306185,0.010636426424830266
2024-03-05,-0.00043005512987141374,-0.007048489424370198,0.0004983849939890206,0.0,-0.00133929355289356,-0.00043005605358425656,0.0004983849939890206,-0.0034220852226099344
2024-03-06,0.0012005904035249872,0.002181344681027311,0.0002717798051889986,0.0,0.0014038215228003724,0.0012005904603091097,0.0002717798051889986,-0.003433756032872269
2024-03-07,0.00020015127789503232,-0.003720995753364197,-0.00020746247901115566,0.0,-0.00025563027569459684,-0.00020746463588504268,-0.00020746247901115566,-0.002930734055018553
2024-03-08,0.0002919676863121133,-0.0003494174041678486,-0.0005137759726494551,0.0,0.00028139518386175697,-0.00034941294729323285,-0.0005137759726494551,-0.0037140830350090408
2024-03-11,0.00037790545773273295,-0.003550745828418877,-0.0006113339331932366,0.0,-2.8465544330713024e-05,-0.0006113346020587146,-0.0006113339331932366,-0.0021471088270722917
2024-03-12,0.00022260662360177442,-0.0006521538293536581,-0.0009103813208639622,0.0,0.0002111361580036235,-0.000652151127112678,-0.0009103813208639622,0.0052174632455948165
2024-03-13,-0.0001317291485667266,0.00034404079110242363,-0.0010894049191847444,0.0,1.0758661869858407e-05,-0.00013173019960801516,-0.0010894049191847444,0.01058320464593851
2024-03-14,-1.9783597255748164e-05,0.0004852279613179917,-0.000946618732996285,0.0,0.00012369648886875889,-1.9784492981946724e-05,-0.000946618732996285,-0.009476174037985827
2024-03-15,0.001502290867359701,0.0005013415804267409,-0.0005772200529463589,0.0,0.001556955944070423,0.0005013415088119551,-0.0005772200529463589,-0.003609085648835149
2024-03-18,-0.00016530275439363646,0.001119077911682652,-0.0003253362374380231,0.0,9.40151712260304e-06,-0.00016529736017869106,-0.0003253362374380231,-0.007361429398105717
2024-03-19,0.0006122261081629773,-0.0023455610008453753,-0.00021348080190364271,0.0,0.00031328532757470825,-0.0002134815414752342,-0.00021348080190364271,0.011099247663481918
2024-03-20,-0.000821149604243595,0.0003113731240880164,-9.951730316970497e-05,0.0,-0.0007417877073219814,-9.951834320595189e-05,-9.951730316970497e-05,0.019895419724053405
2024-03-21,-0.00018989150083232768,-0.004777221991742897,0.00018385978182777762,0.0,-0.0007967445311850561,-0.0001898939442719319,0.00018385978182777762,0.042564855877841916
2024-03-22,-0.001213714502035047,0.009022711415842445,0.0002359999343752861,0.0,-5.724683898245767e-05,0.00023600050943371702,0.0002359999343752861,-0.016794302985936777
2024-03-25,0.0038172132816819957,-8.491897948927788e-05,0.00069096201332286,0.0,0.003599160934956915,0.0006909629791995284,0.00069096201332286,-0.004631980763250931
2024-03-26,-0.0008303084818922081,-0.0036803494330991237,0.0008386161061935127,0.0,-0.0013317116391355637,-0.000830308729737213,0.0008386161061935127,0.003057401720260864
2024-03-27,-1.2557254844463087e-05,0.01031238313879116,0.0009250619332306087,0.0,0.001199326813873368,0.0009250628909876851,0.0009250619332306087,0.022084419752688753
2024-03-28,-0.0008263452851087849,-0.001010427534389376,0.0007779626757837832,0.0,-0.0009882812150163803,-0.0008263405336708027,0.0007779626757837832,0.005858691754579674
2024-04-01,0.0012834205233895244,-0.0009671624348018463,0.0005161484004929662,0.0,0.0010679884201550752,0.0005161477738220506,0.0005161484004929662,-0.010057765617948822
2024-04-02,0.0010971252494235385,-0.0010554291179884052,0.0001360019959975034,0.0,0.0009107512016497683,0.00013600179562878786,0.0001360019959975034,-0.008158820700723634
2024-04-03,0.00013846261148287297,0.005069664662356141,-0.00030015414813533425,0.0,0.0007939959674774569,0.00013846467832171697,-0.00030015414813533425,0.009343189747732928
2024-04-04,-0.0006848289087693438,0.0034194381795360777,-0.0005443143891170621,0.0,-0.000182991836343557,-0.0005443076244351433,-0.0005443143891170621,-0.018897334947598425
2024-04-05,0.0021371780289812,-0.003520306735582146,-0.0002683094353415072,0.0,0.0016368973944489323,-0.00026830954339799354,-0.0002683094353415072,0.004470029183343069
2024-04-08,-0.0012325304027894616,0.0013556119069827145,-0.0003907618811354041,0.0,-0.0009812728115767646,-0.0003907612679358927,-0.0003907618811354041,0.0060345595600782495
2024-04-09,0.0003805227013476315,-0.002122937547332884,-0.0004790804232470691,0.0,0.0001414142475025371,-0.0004790809762884796,-0.0004790804232470691,0.0004140542030459661
2024-04-10,0.0006177665390732893,-0.0004610585724997376,-0.0005562903243117034,0.0,0.0005842951396479877,-0.00046104921292354847,-0.0005562903243117034,-0.024524595801191453
2024-04-11,0.001799510435736783,-0.001080502398470397,-0.0006924148183315992,0.0,0.0016545514984132204,-0.0006924126557768161,-0.0006924148183315992,-0.008218107677334737
2024-04-12,-0.0007080241299894988,-0.0019577442608692854,-0.0006324273417703807,0.0,-0.0008710781189455699,-0.0007080362183446486,-0.0006324273417703807,-0.0203064806405051
2024-04-15,0.0012823256904788206,0.000811853932778184,-0.00031301670242100954,0.0,0.0013615118906050642,0.0008118527036605595,-0.00031301670242100954,0.028823952088414075
2024-04-16,-0.0026741496393271474,-0.0014759553613247654,0.00020001374650746584,0.0,-0.0027729043089203672,-0.001475955124084736,0.00020001374650746584,-0.010078542823612119
2024-04-17,0.002904590926431793,-0.0014024847479788506,0.0007751137600280344,0.0,0.0025495361092851745,0.0007751137496699218,0.0007751137600280344,0.017608489459541337
2024-04-18,-0.0016766852085470507,-0.000946610117449513,0.0005734368460252881,0.0,-0.0017800429512010196,-0.0009466094084787354,0.0005734368460252881,-0.001982634802587858
2024-04-19,0.0016144081112807616,0.0041126929821368625,0.0003898644936271012,0.0,0.0020332895006891735,0.0016144085266256466,0.0003898644936271012,0.0022054730696427645
2024-04-22,-0.00010608662428279085,0.0006826658051919107,0.00011923610873054713,0.0,-2.6812391679587215e-05,0.00011923873921664815,0.00011923610873054713,0.0325102520748511
2024-04-23,-0.0015601927143469448,-0.008281315801352752,-0.0004881516797468066,0.0,-0.0024947227399164987,-0.0015601934966697785,-0.0004881516797468066,0.015808262557989
2024-04-24,0.001319914204397373,-0.003948767372803656,-0.0005954094231128693,0.0,0.0008258929896835649,-0.0005954096466424675,-0.0005954094231128693,-0.002266695052593626
2024-04-25,0.0011024519387894556,-0.001320400316514098,-0.0005184154724702239,0.0,0.0009393398605232864,-0.0005184148448584859,-0.0005184154724702239,-0.007092939665160631
2024-04-26,0.00046291459929562276,0.0025295101228514976,-0.00037916447035968304,0.0,0.0007946237146752039,0.00046291530059937406,-0.00037916447035968304,0.017744208541415438
2024-04-29,-0.0011993249835032746,0.0015161983350082111,-0.0001372595870634541,0.0,-0.000951185459508134,-0.00013725925133387088,-0.0001372595870634541,0.007549154391117177
2024-04-30,0.0010132286301445148,0.0017076741391129436,0.0003581757191568613,0.0,0.001156904898776863,0.0010132287162296345,0.0003581757191568613,-0.009562529126748773
2024-05-01,0.0011946465502005147,0.0007770073063338514,0.000690798566211015,0.0,0.0011859604373416013,0.0007770162603215788,0.000690798566211015,0.0005623155975024702
2024-05-02,-0.0003879790063121117,0.001783949020801685,0.0007015523151494563,0.0,-0.00021029475321954823,0.0007015523091218265,0.0007015523151494563,0.013077297864031053
2024-05-03,-0.000365317371613566,0.0013049090631067324,0.00044545874698087573,0.0,-0.00022633275044575072,0.0004454588164990329,0.00044545874698087573,0.01288549563647028
2024-05-06,0.0003110636020693854,0.00034571891271937454,0.00013107311679050326,0.0,0.00033098516125706147,0.0003110418124192622,0.00013107311679050326,0.012451366115542999
2024-05-07,0.00019806706227706974,-0.001169468511319544,-0.000282845925539732,0.0,6.84344772506504e-05,-0.0002828468709712164,-0.000282845925539732,0.0002928343539377348
2024-05-08,0.0009380809204558279,-0.0034323612691403043,-0.0005969479097984731,0.0,0.0005236299543379278,-0.0005969482079707562,-0.0005969479097984731,0.007072837712061026
2024-05-09,-0.00023059321366794794,-0.0006679328313744305,-0.0009013059316202998,0.0,-0.00022730131926344615,-0.0006679308589249663,-0.0009013059316202998,0.01908063170560606
2024-05-10,-0.0004383143846643643,-0.0017508295926530956,-0.001120488508604467,0.0,-0.0005436336120558956,-0.0011204883887954127,-0.001120488508604467,-0.001823566737525851
2024-05-13,0.0015383140396579723,0.0006701460103207331,-0.0009417569963261485,0.0,0.001644283899090471,0.0006701454807329449,-0.0009417569963261485,-0.0025762664697172467
2024-05-14,0.00016877725020778852,0.0027507527956999794,-0.000647005916107446,0.0,0.0005627540035472301,0.00016877808602564704,-0.000647005916107446,0.010767277278038409
2024-05-15,-0.0004942570940367501,-0.0011511665600347878,-0.0003670013975352049,0.0,-0.0005875419890887917,-0.0004942633130535184,-0.0003670013975352049,0.01648389989637462
2024-05-16,-1.967560714557381e-05,-0.00279790919597637,-0.00013602118997368962,0.0,-0.0003575380757611295,-0.00013602926443767057,-0.00013602118997368962,-0.003374176843443755
2024-05-17,0.0014325887589347306,-0.003617977710068169,1.2618038454093039e-05,0.0,0.0009230014965705726,1.2617610489891642e-05,1.2618038454093039e-05,0.00686518732842335
2024-05-20,-0.0004893997936545327,-0.005705192288789081,3.8436235627159476e-05,0.0,-0.0011882976241307068,-0.0004894014893795833,3.8436235627159476e-05,-0.010272347712551746
2024-05-21,0.0014406326569470751,-0.004254978504328142,0.00013827640214003623,0.0,0.0008400810191143293,0.00013827586299631939,0.00013827640214003623,0.016007216828183145
2024-05-22,-0.001349198676032851,-0.0023085051661763363,5.6629476603120565e-05,0.0,-0.0015910383718501513,-0.0013491983460956136,5.6629476603120565e-05,-0.017217540626102645
2024-05-23,0.0024967097160765923,-0.0030592157849915875,0.0001090352307073772,0.0,0.002007605897671766,0.00010903512767276293,0.0001090352307073772,-0.009190494601238337
2024-05-24,-0.0003254949369732746,-0.004553789206010281,0.00022066406381782144,0.0,-0.0009023088245258147,-0.0003254965248719907,0.00022066406381782144,0.006591845701309996
2024-05-28,-0.0004427038448326981,-0.006543378432203927,0.00036860042018815875,0.0,-0.0012769599616987194,-0.00044270491052247386,0.00036860042018815875,-0.0029750469515623136
2024-05-29,0.0010262312163643792,-0.01094839741632881,0.0005117951077409089,0.0,-0.0004288871285081724,0.0005117932586359904,0.0005117951077409089,-0.005758091363417335
2024-05-30,0.0004328548289287564,-0.006836612182084041,0.00034270755713805556,0.0,-0.0004697388004183365,0.00034269684417879737,0.00034270755713805556,-0.009263354869162368
2024-05-31,0.0005906143105341207,-0.004061314932206272,0.0002123637095792219,0.0,4.0770741998603596e-05,0.00021236131361412165,0.0002123637095792219,0.013873917089839491
2024-06-03,-0.0010210340311371342,-0.0033649202814062472,1.0295130778104067e-05,0.0,-0.0014038529350914777,-0.0010210345726050713,1.0295130778104067e-05,-0.003379026238526452
2024-06-04,0.001497875576141045,-0.002507787524200026,-5.2183313528075814e-06,0.0,0.0011263434590565468,-5.218596492985074e-06,-5.2183313528075814e-06,0.000703044821699499
2024-06-05,-6.443836694725562e-05,-0.0012603434297046169,-0.00012395968951750547,0.0,-0.00020905583512227684,-0.0001239750658256696,-0.00012395968951750547,0.013915510600711169
2024-06-06,-0.0004344921023909164,-0.0007951577543463649,1.903517113532871e-05,0.0,-0.0005189214476418169,-0.0004344915402850962,1.903517113532871e-05,-0.00778443885942344
2024-06-07,0.0016707658910798517,-0.003072519855021975,0.0003911426756531,0.0,0.0011875115288480333,0.0003911421839375835,0.0003911426756531,-0.006987856376238737
2024-06-10,0.00014136902778314825,-0.0044145229691963635,0.0005978766130283475,0.0,-0.00046871085151364676,0.00014136706619287927,0.0005978766130283475,-0.0029942523881288474
2024-06-11,0.0001846580906802317,-0.003101554494203409,0.000496886030305177,0.0,-0.0002539224236339442,0.00018465521239083838,0.000496886030305177,-0.020672950068411952
2024-06-12,0.0015061505920712253,-0.005114936179442504,0.0003773579082917422,0.0,0.0007746711680646404,0.00037735720596323235,0.0003773579082917422,0.009922124376423848
2024-06-13,-0.001514969830460549,-0.0005387311308598061,0.00032614695373922586,0.0,-0.0015520921779715287,-0.000538731262179321,0.00032614695373922586,-0.005251205830171227
2024-06-14,0.0014941115677143421,0.003592021958838037,9.450879588257521e-05,0.0,0.0018780063148293056,0.001494111804972535,9.450879588257521e-05,0.0002464113580602117
2024-06-17,-0.00011214849715998035,-0.005444525826507562,-0.0004713964299298823,0.0,-0.0007488535561731946,-0.00047139899711344405,-0.0004713964299298823,0.0082976430695894
2024-06-18,-0.00010067752763781281,-0.005195583769114953,-0.0009542051702737808,0.0,-0.0006648537414918872,-0.0009542061034820692,-0.0009542051702737808,0.01597636381196358
2024-06-20,-0.00014646310577340116,-0.000610233892848851,-0.001131882076151669,0.0,-0.00011923774907890045,-0.0006102341301494956,-0.001131882076151669,0.0013545518925991693
2024-06-21,0.0011463098759577556,0.002948456023256482,-0.0008530898485332727,0.0,0.001545087764358842,0.0011463098213292328,-0.0008530898485332727,-0.017330915704562803
2024-06-24,0.0013329284979682141,-0.0003144403488598516,-0.0004509615828283131,0.0,0.0012810473041674616,-0.0003144337360136142,-0.0004509615828283131,0.026112228390045105
2024-06-25,-0.0023500490538064293,-0.006391353444586786,-0.0001780158345354721,0.0,-0.0030441943106355083,-0.002350049266458563,-0.0001780158345354721,-0.010245126868621864
2024-06-26,0.0027566537963359056,0.003246582468834586,0.00046522519551217556,0.0,0.003016375526299352,0.002756652199547857,0.00046522519551217556,-0.0033288622146165248
2024-06-27,-0.0003645889289019267,-0.001577823749037719,0.0007319888682104647,0.0,-0.0006114582594800808,-0.0003645890162835669,0.0007319888682104647,-0.021956404630411104
2024-06-28,0.0016088428006675302,0.0024193647204162334,0.0005552219809032977,0.0,0.0018015593451422914,0.0016088425172410216,0.0005552219809032977,0.014160543547364622
2024-07-01,-0.0018535965607866314,0.00019087605485716835,0.0003089727251790464,0.0,-0.0017847653801413088,0.00019086821684543564,0.0003089727251790464,0.024761699444380978
2024-07-02,-0.00010581301154404709,-0.00273522023063695,0.00018919572175946087,0.0,-0.0004606473417637375,-0.00010581599842743261,0.00018919572175946087,0.0041968630848578225
2024-07-03,0.0014394943123962165,-0.001650672235419308,4.7133813495747745e-05,0.0,0.0011730291348283446,4.713368462345824e-05,4.7133813495747745e-05,0.004949000311918628
2024-07-05,3.473358136929944e-05,0.0008398666556420725,-7.566499698441476e-05,0.0,0.0001451220864274489,3.4741239410325256e-05,-7.566499698441476e-05,-0.006797741168771889
2024-07-08,0.001033527818323649,0.0024748310712014838,-0.00015207398973871022,0.0,0.0013166661407542773,0.0010335279675017226,-0.00015207398973871022,0.00015055168348658592
2024-07-09,-0.00013551936999994986,-0.0025820292608044974,4.621806147042662e-05,0.0,-0.0004576427006443485,-0.00013552440414861725,4.621806147042662e-05,0.01708564031619379
2024-07-10,-0.0006403271083214009,0.0007914839532913821,0.00014094433572608978,0.0,-0.0005286464574247821,0.00014094407994819953,0.00014094433572608978,0.012735084966118167
2024-07-11,0.0005922286931161402,-0.0021979120838641845,0.00023241981398314238,0.0,0.00027395122633049735,0.0002324174612184146,0.00023241981398314238,0.0007096831859617259
2024-07-12,0.0008964229357201722,0.0003763457762167751,0.0003359846887178719,0.0,0.0008798068522902483,0.00037636746834247197,0.0003359846887178719,0.00135544966256448
2024-07-15,0.00017312144687696597,-0.002039773660661195,0.0003133963327854872,0.0,-0.00011615560632714946,0.000173114869697392,0.0003133963327854872,0.02540999502196209
2024-07-16,-0.001153095701894175,-0.005448430977319991,-6.443327583838254e-05,0.0,-0.0017852691326994512,-0.0011530963860659556,-6.443327583838254e-05,0.021683851756746204
2024-07-17,0.0005402906376627153,0.007019381636462853,-0.0003125215298496187,0.0,0.0014255313063925236,0.0005402916532155324,-0.0003125215298496187,-0.0016713096661766622
2024-07-18,0.001508578148114854,-0.0035205947478629653,-0.0003508777008391917,0.0,0.001039715615416303,-0.0003508779227665161,-0.0003508777008391917,-0.03231802129274065
2024-07-19,0.002017619617311882,0.002401989378385091,-0.00021712369925808161,0.0,0.0022592144426866003,0.0020176174761937075,-0.00021712369925808161,-0.002636008824183842
2024-07-22,-0.0013829928924930753,-0.0036231707245544835,-9.639379277359694e-05,0.0,-0.001774922078756338,-0.0013829932225347854,-9.639379277359694e-05,0.00434166966410756
2024-07-23,0.00029879241353771843,-0.0003156864185067014,1.1082738637924194e-05,0.0,0.0002467442072062864,1.1082328550005732e-05,1.1082738637924194e-05,0.010437240503173158
2024-07-24,-3.5138358402819834e-05,-0.0009613526783581061,-7.796938007231802e-05,0.0,-0.00014742574154404982,-7.799055713435284e-05,-7.796938007231802e-05,-0.011135539473797085
2024-07-25,0.0016106677515054441,-0.002016674377406589,-0.00012717673962470144,0.0,0.0013068369276719614,-0.00012717678570712613,-0.00012717673962470144,0.010241172210174026
2024-07-26,-0.0010616785944398098,0.0018399278293042972,-0.0004443885409273207,0.0,-0.0007517313502592826,-0.00044438736355903864,-0.0004443885409273207,0.014777111222779617
2024-07-29,0.00019923599089807076,-0.0023886003428184206,-0.0004972191527485847,0.0,-6.456281588980135e-05,-0.0004972200563247739,-0.0004972191527485847,-0.012725181138398723
2024-07-30,0.0018920754802077748,-0.0055492069996848515,-0.0002619534498080611,0.0,0.001146631166831281,-0.00026195372456115927,-0.0002619534498080611,0.025943272790691693
2024-07-31,-0.0021681643033455078,4.2542416246023964e-05,-0.00021231167193036526,0.0,-0.0020606195483603624,-0.00021231505443440282,-0.00021231167193036526,0.0066226101654412615
2024-08-01,0.0016681934794744943,0.002760501933045759,9.124871576204896e-05,0.0,0.0019415030599926914,0.001668193198989579,9.124871576204896e-05,-0.01765888920198769
2024-08-02,0.0015219621474333621,0.0005580184261518637,0.0004582940600812435,0.0,0.001493321840311459,0.0005580272214708008,0.0005580184261518637,-0.06075457600951802
2024-08-05,0.002980477324578866,0.01387325307243366,0.0010491583961993456,0.0,0.004511833856437355,0.0029804777500370074,0.01387325307243366,-0.02499966618437654
2024-08-06,-0.001547157723506488,-0.0007456090944648236,0.0002975004608742893,0.0,-0.0016064640950620923,-0.0007456088068222138,-0.0007456090944648236,0.024106865912598707
2024-08-07,-0.0019500032744919663,-0.0004104462280725636,-0.0002801347873173654,0.0,-0.0019017533203312415,-0.00041045313733707327,-0.0004104462280725636,0.005915873725465598
2024-08-08,0.0016575406900901186,-0.010568910753033726,0.00032200501300394535,0.0,0.0002419663223720643,0.00032200435716307654,-0.010568910753033726,0.02661868218574423
2024-08-09,-0.0012375343390171958,0.006137548908765377,-0.0001643568539293483,0.0,-0.0004068130478228193,-0.00016435608248204758,0.006137548908765377,0.00920067294177896
2024-08-12,0.0013454520051356487,0.004521990954274244,-0.0008699070895090699,0.0,0.0019350483169985645,0.001345452141512655,0.004521990954274244,-0.00975653195733139
2024-08-13,0.0012048620334642313,-0.0014264832379710674,-0.0010971141746267676,0.0,0.0010746016082172705,-0.0010971115908724202,-0.0014264832379710674,0.013177364053979058
2024-08-14,-0.0011217616811451854,0.00766278916686851,-0.0011507595190778375,0.0,-1.9111121488418975e-05,-0.0011217295345229755,0.00766278916686851,0.01364794336257539
2024-08-15,0.0004283718998155625,0.0012746338788670515,-0.0009182568173855543,0.0,0.0006509295801315603,0.00042837146242802207,0.0012746338788670515,0.000641492171767824
2024-08-16,0.0009358285063641165,0.0008103944299884639,-0.00014933505735825747,0.0,0.001014060453859671,0.0008103876225317148,0.0008103944299884639,0.010445836074047594
2024-08-19,-0.0003567176616122462,0.0030821541623615926,0.0003594464506022632,0.0,1.1955084577596842e-05,0.0003594474760303362,0.0030821541623615926,0.0008326184325708023
2024-08-20,0.0009336431718479856,0.005948952686989428,0.0009444049210287631,0.0,0.0015608078518382941,0.0009444830816778861,0.005948952686989428,-0.014650732843741668
2024-08-21,0.0011500480325065143,-0.00034747049791040665,0.001508759567514062,0.0,0.0009314520449337353,0.0011500459270849753,-0.00034747049791040665,-0.0017709686759664397
2024-08-22,-0.0003791955877762192,-0.00035134701991509,0.0017140032723546028,0.0,-0.0005569126548347963,-0.00035131400064606266,-0.00035134701991509,0.0025949866261635026
2024-08-23,0.0002721221667905488,-0.0021525988071361816,0.0013956115581095219,0.0,-0.00012879829461923586,0.0002721216903666869,-0.0021525988071361816,0.02317493827284685
2024-08-26,-0.0008797801983860556,0.00515862868441586,0.00048391520977020264,0.0,-0.00024160804051089253,0.00048391572817260594,0.00515862868441586,-0.0030473215660198946
2024-08-27,0.0018620681778149365,0.0016801236682517074,-0.00023696110292803496,0.0,0.0020209916458245264,0.0016801187528973898,-0.00023696110292803496,-0.0012018530358219519
2024-08-28,-2.0050295670640938e-05,0.0008707136038741205,-0.0008645961061120033,0.0,0.00016461614553760218,-2.0050234516555602e-05,-0.0008645961061120033,-0.0077777227010499715
2024-08-29,0.0008354072693015197,0.004489213473330312,-0.0011881873942911625,0.0,0.0014681738040560701,0.0008354074894462593,-0.0011881873942911625,0.01336084409387233
2024-08-30,-0.0008922636929123168,0.0030112303932008405,-0.0012475907569751143,0.0,-0.0003726464163734039,-0.0008922611504034819,-0.0012475907569751143,0.006192543892882967
2024-09-03,0.0008617556319033401,0.0004550026020644078,-0.001052139326930046,0.0,0.000976498257838778,0.0004550008182246699,-0.001052139326930046,-0.04569251787987188
2024-09-04,0.0032605474344301216,-0.008809207288811063,-0.0005016881041228771,0.0,0.0020746724315509786,-0.0005016882494371653,-0.0005016881041228771,0.006502428786032064
2024-09-05,-0.002738225257686921,-0.004990506627184021,-0.00023099813552107662,0.0,-0.0032373379550915517,-0.002738225212615654,-0.00023099813552107662,-0.005641199703295185
2024-09-06,0.0016251618369649105,-0.001188896835543626,0.0002239617024315521,0.0,0.0013940404828298762,0.00022396169655927337,0.0002239617024315521,-0.017096267641610166
2024-09-09,0.0008673538099440892,-0.0035555636905810124,0.0006868155905976892,0.0,0.00032907508213668685,0.0006868103478918513,0.0006868155905976892,0.018509522248384657
2024-09-10,-0.00164228601436579,-0.0037797990131985502,0.0006142325582914054,0.0,-0.002105322185427588,-0.0016422859897378098,0.0006142325582914054,-0.04487515005387335
2024-09-11,0.004293060257261351,0.004615224737919067,0.0011202561436221004,0.0,0.004608071099969539,0.004293057487385015,0.0011202561436221004,0.008611427494810796
2024-09-12,-0.003028545921309671,-0.002512106101084729,5.471811164170504e-06,0.0,-0.003226518978726585,-0.002512104569111248,5.471811164170504e-06,0.00611482022924522
2024-09-13,0.0010775295798961288,-3.088477172467259e-05,-0.000849464675411582,0.0,0.001105533071934285,-3.088445363868677e-05,-0.000849464675411582,0.010345843540535306
2024-09-16,-7.753480015845233e-05,0.0034618156105860505,-0.0011836019111797214,0.0,0.00046146895455880665,-7.753418006403716e-05,-0.0011836019111797214,0.012799062377294322
2024-09-17,0.00010881967404240605,0.001368809717244057,-0.0012930063530802727,0.0,0.00038796925832735923,0.00010881959398206194,-0.0012930063530802727,0.00047392742566867687
2024-09-18,0.0009510210181571065,-0.0011220457323179675,-0.0009451007936149836,0.0,0.0008555429184168824,-0.0009450957321254887,-0.0009451007936149836,-0.0016702239060709552
2024-09-19,0.00034095830454339634,0.0015227560627508324,-0.00036975787952542305,0.0,0.0005504871986154935,0.0003409588628882255,-0.00036975787952542305,0.03895641181477564
2024-09-20,-0.0021073808595161573,-0.0022254875303148454,8.057613740675151e-06,0.0,-0.002305301993763829,-0.002107373005821798,-0.0022254875303148454,-0.010775743535870828
2024-09-23,0.0032813549974850336,0.004679539542472972,0.0006689119036309421,0.0,0.00368261256428526,0.003281354665784007,0.0006689119036309421,-0.0020484921621558593
2024-09-24,-0.0006013336757049426,-0.003579890789307137,0.0008490762556903064,0.0,-0.001099915211231585,-0.0006013340287081303,0.0008490762556903064,0.0012255514014364354
2024-09-25,0.0003217663833087909,0.004064687393644808,0.0008802515803836286,0.0,0.0007421669715086149,0.000880253050722626,0.0003217663833087909,-0.01391091817404413
2024-09-26,0.0012735333346372514,-0.003638231544212732,0.001130925607867539,0.0,0.0006707498346843318,0.0011309189021907788,0.0012735333346372514,0.011699799138770955
2024-09-27,-0.0011892478102430762,0.000539937238786841,0.0009136032895185053,0.0,-0.0011547322177418247,0.0005399351544839324,-0.0011892478102430762,0.00319457276511719
2024-09-30,0.0009920731071284652,0.0030979537353971603,0.0007775257108733058,0.0,0.0012743777625592004,0.0009920772506540622,0.0009920731071284652,-0.0068436910574617
2024-10-01,0.0007976757504859992,0.003512049635214559,0.00018919463036581874,0.0,0.001190287726468804,0.0007976770204012255,0.0007976757504859992,-0.010027617198488019
2024-10-02,0.0005354865477537295,-0.0004950025345788153,-0.0005192628595978022,0.0,0.0004977403038822334,-0.0004949654214834217,0.0005354865477537295,0.0037059986180368217
2024-10-03,-0.0003784087846062598,-0.0014095204276790452,-0.0009991683764383197,0.0,-0.0004538027637736266,-0.0009991675570789834,-0.0003784087846062598,-0.01204393475401898
2024-10-04,0.0013990773343025725,0.0013317553828825182,-0.0010687434114515781,0.0,0.0016042813070986062,0.0013317413735866649,0.0013990773343025725,0.018466580773652368
2024-10-07,-0.001528472830841906,0.0001590753300488698,-0.0010912951547652483,0.0,-0.001354977120601044,-0.0010912936762655547,-0.001528472830841906,-0.0010911757383766168
2024-10-08,0.0016263660550262812,-0.002639719868894352,-0.000797705608420074,0.0,0.001301947172263325,-0.0007977054783138677,0.0016263660550262812,0.003934676801650001
2024-10-09,-0.0001805243746186422,0.0022394469209265524,-0.0005462308181449771,0.0,0.00015420126173624132,-0.00018052206794214206,-0.0005462308181449771,0.017190313519865066
2024-10-10,-0.00043558577155963833,-0.007450907837096637,-0.00025173788890242577,0.0,-0.0013300706546707564,-0.00043559100980379925,-0.00025173788890242577,-0.0028942097847715264
2024-10-11,0.0014742006017067109,0.0018420049381809328,0.00027052973746322095,0.0,0.0016244626348173232,0.0014741987269835588,0.00027052973746322095,0.024667349679342705
2024-10-14,-0.0015011607051011902,-0.00046270391053225465,0.0006378922844305634,0.0,-0.0015562829558228566,-0.00046270385636623825,0.0006378922844305634,0.012415465550382665
2024-10-15,0.0010774756363910658,0.003937443276938625,0.0009320920798927546,0.0,0.0014482315858665778,0.0010774820720137945,0.0009320920798927546,-0.0007081128399105012
2024-10-16,0.0008755318424493845,-0.0038907419880558443,0.0013144280528649688,0.0,0.00024062921272445786,0.0008755297840604081,0.0013144280528649688,0.014217473800846182
2024-10-17,-0.0006801203860403439,-0.002639036629109797,0.001416611485183239,0.0,-0.0011069573832643796,-0.0006801203525528557,0.001416611485183239,-0.0016243190540462169
2024-10-18,0.0013129039670739427,-0.0044720772728571775,0.0013592829927802086,0.0,0.0005844022510194479,0.0013128834696879113,0.0013592829927802086,-0.0009456971261961636
2024-10-21,0.00017900941351189632,-0.00020254963729074828,0.0008984953165054321,0.0,6.893987547438092e-05,0.00017901063464832476,0.0008984953165054321,-0.020453756806417017
2024-10-22,0.0015814186576670985,-0.002372195539041418,0.00043941644253209233,0.0,0.0011851458262543768,0.0004394159238227843,0.00043941644253209233,0.0009652299316086012
2024-10-23,-0.0008718494221288392,-0.001654800366661348,-0.00022636460198555142,0.0,-0.0010257814463825725,-0.0008718496926021616,-0.00022636460198555142,-0.002124450850412198
2024-10-24,0.0007676325158881138,-0.0006589247755944809,-0.0007741966983303428,0.0,0.0007224500320868514,-0.0006589169483644039,-0.0007741966983303428,0.014015618573247483
2024-10-25,-0.0006311027257353807,-0.005930423095979273,-0.0012459320714697242,0.0,-0.0012415426169243176,-0.0012459334792848927,-0.0012459320714697242,-0.02294959070408925
2024-10-28,0.002604458480920295,-0.001720744936468497,-0.001183678861707449,0.0,0.0023907208431111883,-0.0011836772704891896,-0.001183678861707449,0.021194112826103194
2024-10-29,-0.002420696460077269,-0.000564453066926884,-0.00126709695905447,0.0,-0.0022880934996646956,-0.001267097512860001,-0.00126709695905447,0.0013360619719551441
2024-10-30,0.0017649013294492892,0.0008142209604154,-0.0010126348352059722,0.0,0.0018862887457753918,0.0008142204575350814,-0.0010126348352059722,0.00022889034209954882
2024-10-31,0.0002056261036111373,-0.0010531560889670457,-0.0006958399317227304,0.0,0.00012601990541004514,-0.0006958382555016536,-0.0006958399317227304,-0.012685157574662126
2024-11-01,0.001134076313489904,0.004657881598241548,-0.000335248070769012,0.0,0.0017025798330774769,0.0011340767095266058,-0.000335248070769012,0.0030083282996288736
2024-11-04,-0.000551399660192606,-0.0014526336637837513,0.00013481228961609304,0.0,-0.000723670637258626,-0.0005514000061010918,0.00013481228961609304,-0.015289086735695102
2024-11-05,0.001611563158073804,-0.004388223877083901,0.0006105253705754876,0.0,0.0009468331779738362,0.0006105245735739506,0.0006105253705754876,0.029835767825241458
2024-11-06,-0.002389635335128788,-0.00027501318865605297,0.0006030800868757069,0.0,-0.0023838832765458134,-0.00027501385244872766,-0.00027501318865605297,0.12308235735217399
2024-11-07,-0.005281430225291809,0.008616098109998851,-0.00015181077469605953,0.0,-0.003985024654750906,-0.00015181069385207117,0.008616098109998851,-0.02344463769727597
2024-11-08,0.00866475517967005,0.00022870182319491874,2.593078534118831e-05,0.0,0.008356107774908555,0.00022870658819003928,0.00022870182319491874,0.012105055752286762
2024-11-11,-0.0028918809351307067,-0.008049519491540499,-0.0007608170853927732,0.0,-0.003722284546434915,-0.0028918812101279266,-0.008049519491540499,0.021954650904370557
2024-11-12,4.8861689982221184e-05,0.0012240260871382866,-0.000872740987688303,0.0,0.00027581593882830584,4.886192320007033e-05,0.0012240260871382866,-0.01631928764001958
2024-11-13,0.0025358372137920413,0.0018785385320757566,-0.0001851646084105596,0.0,0.0026890724379113134,0.0018785374994084298,0.0018785385320757566,0.0027467417228553706
2024-11-14,-0.0009234095313771216,-0.003219420141301775,0.0003670662408694625,0.0,-0.0013226665773423013,-0.000923409869927129,-0.003219420141301775,-0.009485707097464515
2024-11-15,0.0013107238392798578,-0.0005574808580830968,0.0010380202438682318,0.0,0.001100365218377034,0.001038017229551757,-0.0005574808580830968,0.008340642261454605
2024-11-18,-0.0006839942048130268,0.0033334326647479497,0.0011278938036412,0.0,-0.00033772062862226526,0.0011278939019500188,0.0033334326647479497,-0.009394617594953468
2024-11-19,0.0015398543665092336,-0.008289089530417628,0.0010202012490481138,0.0,0.0003539041968036031,0.00102019943946154,-0.008289089530417628,-0.011305285432757306
2024-11-20,0.00046540776579287175,-0.0007194109573671665,0.0004561226232908666,0.0,0.0003178298426258327,0.0004560348538342834,-0.0007194109573671665,0.00094552118788525
2024-11-21,-0.0002091833501708984,-0.006767931288466014,9.560998296365142e-05,0.0,-0.0010569588507773784,-0.00020918645727403855,-0.006767931288466014,0.02407503183797286
2024-11-22,-0.0009060113734596063,-0.00013071661911260492,-0.00026323081692680717,0.0,-0.0008645611452466461,-0.0002632367002388756,-0.00013071661911260492,0.011127175615854908
2024-11-25,0.0010780643972261837,-0.003684744561690486,-0.0005282905185595155,0.0,0.0006206496435615981,-0.0005282908237022996,-0.003684744561690486,0.00041468992605366527
2024-11-26,0.00076830152100382,-0.002552993479326487,-0.0006482795579358935,0.0,0.0004749875213308728,-0.0006482797384031803,-0.002552993479326487,0.004087484407013436
2024-11-27,7.442537135143943e-05,-0.006221539786320456,-0.000698645890224725,0.0,-0.0006471313920182502,-0.0006986469994299788,-0.006221539786320456,-0.00011555299753978327
2024-11-29,0.0006442970348943927,-0.0034958856302690355,-0.0003303040866740048,0.0,0.00021016752069593888,-0.00033030479493547195,-0.0034958856302690355,0.005172936483818672
2024-12-02,3.674596473285212e-05,-0.002178813698583159,0.00016261497512459755,0.0,-0.00025161769383527606,3.673859514985442e-05,-0.002178813698583159,-0.006394440539622601
2024-12-03,0.001086826657818121,-0.005636028813632552,0.0007591843022964895,0.0,0.0002732479126514646,0.0007591814250224455,-0.005636028813632552,0.0006147079668411911
2024-12-04,-5.492024491915177e-05,-0.006906779844972376,0.0012117652222514153,0.0,-0.0010226732036309524,-5.492088723346388e-05,-0.006906779844972376,-0.005613022423066805
2024-12-05,0.0008419266446040004,-0.004128946590581004,0.0014122541761025786,0.0,0.0001700230560511953,0.0008419250984431876,0.0014122541761025786,-0.0031952884443562047
2024-12-06,0.00026461180461577027,-0.008418727276284989,0.0013207055162638426,0.0,-0.0009142773805894678,0.0002646109746563596,0.0013207055162638426,0.004814120848514992
2024-12-09,-2.2767190825278248e-05,-0.004839999279377044,0.000887354020960629,0.0,-0.0007048447746517501,-2.2768079669057406e-05,0.000887354020960629,-0.009314905766852614
2024-12-10,0.001268429943933942,-0.0070547628956996985,0.0004261065914761275,0.0,0.0002989867341780609,0.0004261055407341696,0.0004261065914761275,-0.015418117582950034
2024-12-11,0.0007752848750744264,-0.0075602561825706535,-0.0002059757971437648,0.0,-0.00018367720356710809,-0.00020597667822992377,-0.0002059757971437648,0.012788924390151796
2024-12-12,-0.001180177265448351,-0.0023459027385789475,-0.0008678643498569727,0.0,-0.0013532042331399709,-0.0011801795906318424,-0.0008678643498569727,-0.001604499738441891
2024-12-13,0.0013483484265732434,-0.0024419360696044355,-0.001081959344446659,0.0,0.0010840567662763643,-0.0010819590213518055,-0.001081959344446659,-0.01041557315905974
2024-12-16,0.0008433620560601517,-0.0027214428291711256,-0.0009783721761777997,0.0,0.0005546253278515182,-0.0009783721514605996,-0.0009783721761777997,0.0014507804073544638
2024-12-17,-0.00027100905851103955,-0.004241629641704682,-0.0008665563073009253,0.0,-0.000716717385719169,-0.0008665576846950514,-0.0008665563073009253,-0.02006942841746742
2024-12-18,0.0017954798429384087,0.0032829401426005115,-0.0005311747081577778,0.0,0.0021831776969437762,0.0017954796009867372,-0.0005311747081577778,-0.04344062626088612
2024-12-19,0.0019070906706304706,0.004298722937396932,0.0006481760647147894,0.0,0.0023155907743371146,0.0019070910459305964,0.0006481760647147894,0.006773825617498316
2024-12-20,-0.002313462846904735,-0.0034327290130683986,0.0021178056485950947,0.0,-0.002837242502941567,-0.0023134621806229073,0.0021178056485950947,0.021624079814414558
2024-12-23,-0.00018453205222251467,-0.00046977000799972734,0.0026470450684428215,0.0,-0.00046537892512097035,-0.0001845289236954309,0.0026470450684428215,0.008233237229812838
2024-12-24,0.00106968900924611,0.00701916813303802,0.0020953048951923847,0.0,0.00172599095310346,0.0020953056653086905,0.0020953048951923847,0.020822970500182263
2024-12-26,-0.0005906939033396315,0.0016892620898517213,0.0005239714519120753,0.0,-0.0004016564923714861,0.0005239714907508706,0.0005239714519120753,-0.0026803758884987117
2024-12-27,0.0016751501401986034,0.0020276121588744204,-0.0006358753307722509,0.0,0.0019193525916901945,0.0016751477513531493,-0.0006358753307722509,-0.008726335323795804
2024-12-30,0.0006181955381413306,-0.0012430725649807276,-0.0012979275779798627,0.0,0.0005509736910201549,-0.0012430555129126157,-0.0012979275779798627,-0.0045750692177983715
2024-12-31,0.00020444067507203697,-0.006553090734787809,-0.0016427794471383095,0.0,-0.0004819334475449783,-0.00164277978433669,-0.0016427794471383095,0.0033236416517560315
2025-01-02,1.371137377778397e-05,0.004160785294044915,-0.001367220189422369,0.0,0.0006526184225851136,1.3711855861810228e-05,-0.001367220189422369,0.004095502645778058
2025-01-03,0.00037490193282954003,0.0029625900348555587,-0.0007232687203213573,0.0,0.0007940399125529016,0.00037490245563273145,-0.0007232687203213573,0.00893441020364756
2025-01-06,5.8294075354588964e-05,0.002566041633798053,-0.00015987806546036154,0.0,0.0003912406458915373,5.8298218816337205e-05,-0.00015987806546036154,0.0056037167245968165
2025-01-07,0.0005290827847659823,-0.002927968445440256,0.0004235571250319481,0.0,0.00010527138226797735,0.00042354812309493376,0.0004235571250319481,-0.005620971222550287
2025-01-08,0.000989060239714659,0.0028910552278969244,0.0007705028401687741,0.0,0.0012461782528508424,0.0009890642484798697,0.0007705028401687741,-0.0001723508971721504
2025-01-10,4.856097172644574e-05,-0.0007236765357464145,0.00072372832801193,0.0,-0.00010659891388193211,4.8560786579601714e-05,4.856097172644574e-05,-0.035125835648781384
2025-01-13,0.002538029770861869,-0.006900506153014795,0.0006367990281432867,0.0,0.0015205735078883701,0.0006367986353591108,0.002538029770861869,0.005254052203985925
2025-01-14,-0.0018796313976306527,-0.0045826998413185625,-9.945179044734687e-05,0.0,-0.002372259494991223,-0.0018796315890649527,-0.0018796313976306527,0.01512619062270357
2025-01-15,3.442576208936301e-05,0.0032041777702829276,-0.0005944763543084264,0.0,0.00048583519361684093,3.442703183876752e-05,0.0032041777702829276,0.058430909392814194
2025-01-16,-0.002316903349076761,0.005375648455079884,-0.0009048151550814509,0.0,-0.0014757625588547,-0.0009048146070851443,0.005375648455079884,0.011600670709615084
2025-01-17,0.0028347567436326077,0.007769084375863493,-0.0008662842446938157,0.0,0.0037731041127257612,0.0028347568111011857,0.007769084375863493,0.02090591710321806
2025-01-21,-0.0006485800659054369,0.0008271868069229793,-0.0011681910837069154,0.0,-0.00041877936699420226,-0.0006485788254631321,-0.0006485800659054369,0.013960927079969947
2025-01-22,0.0006345036220938079,0.012029112464859826,-0.0015663414960727096,0.0,0.0022520400527085696,0.0006345039883068021,0.0006345036220938079,-0.0031716908440910796
2025-01-23,0.0012153501055847918,0.00027200902130521934,-0.001204191124998033,0.0,0.001306665643787527,0.0002720086399840701,-0.001204191124998033,0.010642861021486786
2025-01-24,-0.0005272638095152021,-0.0011231949933917173,-0.0006122597842477262,0.0,-0.0005945377703433815,-0.0006122693296823808,-0.0006122597842477262,-0.004073925308931563
2025-01-27,0.0012570857486917794,0.0020718637286196873,-4.993074981030077e-05,0.0,0.001472271341996474,0.0012570852883007425,-4.993074981030077e-05,-0.0056999870336465535
2025-01-28,0.00043110671208098305,-0.0011011474854970213,0.00025702823768369853,0.0,0.0002542833104086721,0.0002570232935762614,0.00025702823768369853,0.0071120267603601165
2025-01-29,-0.00032369334620503947,-0.0011894239726886993,0.00044237609836272895,0.0,-0.0004984311583948344,-0.00032369349573949395,0.00044237609836272895,-0.0006587037559466417
2025-01-30,0.0008723787676393935,-0.0015627128016309025,0.000695627648383379,0.0,0.0005827191705382212,0.0006956224964112935,0.000695627648383379,0.012968986856801088
2025-01-31,-0.00047763945999068007,-0.0001233290430255787,0.0007699828129261732,0.0,-0.0005412716727614689,-0.00012332735340795417,0.0007699828129261732,-0.008241999291829241
2025-02-03,0.0016151221848221791,-0.004573666048538629,0.0006915868143551052,0.0,0.0009200132343040202,0.0006915859237514729,0.0006915868143551052,-0.01261836108724024
2025-02-04,0.0005971660460172966,-0.007308182734472121,0.0002215914282714948,0.0,-0.00036035378106146767,0.00022158891255833686,0.0002215914282714948,0.0028581561062772614
2025-02-05,-0.0004221899837633645,-0.005644635893463185,-0.00017630118236411363,0.0,-0.001097513362633706,-0.0004221938264253391,-0.00017630118236411363,0.017614952600411786
2025-02-06,-0.0004122290207390011,-0.006693087077560899,-0.00042886106530204415,0.0,-0.0011973775049892734,-0.0004289145771498003,-0.00042886106530204415,0.019591410574140416
2025-02-07,0.0001735277857678318,-0.0043443731376914966,-0.0005813287571072578,0.0,-0.0003269284958100458,-0.0005813298127608599,-0.0005813287571072578,-0.003530801917371868
2025-02-10,0.0015937621434910115,-0.0051581559955177925,-0.0005328538245521486,0.0,0.0009322778318058829,-0.0005328540782323574,-0.0005328538245521486,-0.00822091522690384
2025-02-11,0.0005444900481038792,-0.00015765669943522374,-0.0002976916148327291,0.0,0.0005294623875549777,-0.00015765107901516724,-0.0002976916148327291,-0.0050703068515157695
2025-02-12,0.0002817547561389089,-0.005650042114823386,4.755666304845363e-05,0.0,-0.0004408444438573512,4.7552604761951375e-05,4.755666304845363e-05,0.0027155632605876173
2025-02-13,4.6704627791204335e-05,-0.007923757107830715,0.0003486232890281826,0.0,-0.0009776191260931467,4.670146286761279e-05,0.0003486232890281826,-7.702575988799856e-05
2025-02-14,0.0006200975539058533,-0.00775716117514287,0.0006091002142056823,0.0,-0.0004280831355589342,0.0006090233941769607,0.0006091002142056823,0.017717111900059253
2025-02-18,-0.0006348776937051644,-0.008707803339428284,0.0007490728166885674,0.0,-0.0017657032748016302,-0.0006348782913915531,0.0007490728166885674,0.01746823944326192
2025-02-19,0.0004086663921697356,-0.002513715929018602,0.0008385191904380918,0.0,5.467866331974197e-06,0.00040866441851688097,0.0008385191904380918,-0.006028306520660995
2025-02-20,0.0016214971950746751,-0.0034512784270515663,0.0008088902104645967,0.0,0.0010565500945301123,0.0008088892175008149,0.0008088902104645967,-0.03951951443218641
2025-02-21,0.0022387515913738693,-0.0008186221859567559,0.0007975732441991568,0.0,0.0019806193217170053,0.000797573169256402,0.0007975732441991568,-0.026282071128610963
2025-02-24,-0.00023569938511040485,-0.003768182428606834,0.0009674112079665065,0.0,-0.0007822439906109349,-0.0002356999319830877,0.0009674112079665065,0.0008628614572027367
2025-02-25,-0.000797745050267361,-0.004366946401222125,0.0008746848907321692,0.0,-0.001389516289031437,-0.0007977453674677777,0.0008746848907321692,-0.018098139702941954
2025-02-26,0.0017339689980826953,0.0028486332887803388,0.0008515436202287674,0.0,0.0019499549546573647,0.001733969233236281,0.0008515436202287674,0.004640379556502301
2025-02-27,-0.0008840684679394243,0.004016155762494006,0.00026880454970523715,0.0,-0.0003701872374071069,0.00026880514888862853,0.00026880454970523715,-0.01594136955066056
2025-02-28,0.0017510005978196214,0.006172918884824825,0.00020084009156562388,0.0,0.0024389778661364258,0.0017510010160389923,0.00020084009156562388,0.023231304750644836
2025-03-03,-0.0018644935865971637,-0.006898944260793637,-0.0008424654370173812,0.0,-0.0025834623094696633,-0.0018644943645804446,-0.0008424654370173812,-0.027748052802230867
2025-03-04,0.0034723526891068768,-0.0034277371067433244,-0.0006205089157447219,0.0,0.0029625265589815417,-0.0006205088039835512,-0.0006205089157447219,-0.04066641702799207
2025-03-05,0.0010357251788460013,-0.004325423165485736,-0.0002714144065976143,0.0,0.000477474344827736,-0.00027141492391040666,-0.0002714144065976143,0.020320731339036804
2025-03-06,-0.0028460260787473626,-0.0024398599268652395,-0.0007428918615914881,0.0,-0.0029772243271257823,-0.002439858065472464,-0.0024398599268652395,-0.043772214362926526
2025-03-07,0.0044481276710171425,0.012280531662462952,0.0004908720147795975,0.0,0.0057715980284176556,0.004448127795947746,0.012280531662462952,-0.01419294008043062
2025-03-10,-0.0013931039488873443,-0.003339899547151575,0.0008250103564932942,0.0,-0.0018289308806174488,-0.0013931038861771403,-0.003339899547151575,-0.051343157007490495
2025-03-11,0.002756781902325548,0.005667263465974155,0.001998764695599675,0.0,0.0031868986681561602,0.002756782874735859,0.005667263465974155,-0.0004326641765642495
2025-03-12,-0.002399359893015837,0.008629207520610098,0.0025095148012042046,0.0,-0.0014431414404637972,0.0025095148414804066,0.008629207520610098,0.00802153829488156
2025-03-13,0.0003284843217262142,0.014059050233010734,0.0029162729624658823,0.0,0.0018240222373964719,0.0029162732588696614,0.014059050233010734,-0.02055672321869032
2025-03-14,0.0020783209121467373,0.0048466725199917985,0.0031990662682801485,0.0,0.0023279966038774833,0.0031990665527489473,0.0048466725199917985,0.031140510364079176
2025-03-17,-0.00271840879114576,0.014455979038887784,0.00047075486509129405,0.0,-0.000843641101160192,0.00047075510696279935,0.014455979038887784,0.018174929411814228
2025-03-18,0.0013379658508246707,0.015008477926649449,-0.0020434954203665257,0.0,0.0033427308014849894,0.0013379660732405528,0.015008477926649449,0.0007977417549192645
2025-03-19,0.001150447755368746,0.015298133778052803,-0.0037108534015715122,0.0,0.003343079217651079,0.00115044789031745,0.015298133778052803,0.010026045607338864
2025-03-20,-0.0003923347030235886,0.014002138909081824,-0.0049585457891225815,0.0,0.001805657949680221,-0.0003923345535809709,0.014002138909081824,0.009535555060270479
2025-03-21,0.0004047236715024865,0.013080950287000246,-0.004833005368709564,0.0,0.0024456624644046674,0.00040472378347666707,0.013080950287000246,0.004362444109968669
2025-03-24,0.0006002637913987495,0.007928553163653623,-0.004001504275947809,0.0,0.001916395305880622,0.0006002638721918646,0.007928553163653623,0.02612694640326689
2025-03-25,-0.0009626556812456434,0.00622406937581694,-0.0025565086398273706,0.0,7.535676081274153e-05,-0.0009626551937281782,0.00622406937581694,0.01001693903698097
2025-03-26,0.0012840247155995591,0.014903227784655415,-0.0008645161287859082,0.0,0.0031756320939755585,0.0012840251071839241,0.014903227784655415,-0.02072741541646876
2025-03-27,0.001890531068793703,0.015008379544970293,0.0009120281902141869,0.0,0.0036180626841184724,0.0018905320124582021,0.015008379544970293,-0.026483664370875404
2025-03-28,0.0005138852456505008,0.021685518231926836,0.002027979353442788,0.0,0.0030342590897768284,0.002027979962166578,0.021685518231926836,-0.028676038632609376
2025-03-31,0.0006234619152785319,0.021933132383074042,0.002836524974554777,0.0,0.003100614427494401,0.0028365253736493644,0.021933132383074042,0.0058196490488016915
2025-04-01,-0.0013686513724467336,0.019946564907799967,0.002239742549136281,0.0,0.0009884042280912163,0.002239742769645342,0.019946564907799967,0.003946210062778483
2025-04-02,0.0007635886001015535,0.02736834303894752,0.0012089792871847749,0.0,0.004056899621252745,0.0012089814841435256,0.02736834303894752,0.02636104878937068
2025-04-03,-0.0009210615988226914,0.018436922967378547,-0.0005137575208209455,0.0,0.0014679914832849785,-0.0005137551304122647,0.018436922967378547,-0.09663758062663921
2025-04-04,0.007308356483486603,-0.0022564548524074786,-0.0010271677747368813,0.0,0.0068320919858966146,-0.0010271670825182109,-0.0022564548524074786,-0.0823649978605986
2025-04-07,-0.0008829976097226191,0.014007197156703274,-0.001229574903845787,0.0,0.0010117904786502757,-0.0008829948080671644,0.014007197156703274,-0.011321010674965545
2025-04-08,-0.0028881671374495184,0.02161548559758478,-0.0013291704235598445,0.0,4.5607727183937224e-05,-0.0013291698265228235,0.02161548559758478,-0.007092628885655893
2025-04-09,0.0013090006955028674,0.010495891021195844,0.003068620106205344,0.0,0.002307200975149807,0.0030686205392621707,0.010495891021195844,0.11175041190935563
2025-04-10,-0.005436179410569023,-0.029801082622144294,-0.0027266291435807943,0.0,-0.008722098800306085,-0.005436179738322477,-0.029801082622144294,-0.053794263169951444
2025-04-11,0.009350473063293868,0.012775751117789646,-0.003015481634065509,0.0,0.01084994040541548,0.009350472852371242,0.012775751117789646,0.009428694361756288
2025-04-14,-0.004377444140655376,-0.001906768899765695,-0.004413486458361149,0.0,-0.004064907023980566,-0.004377418258284317,-0.001906768899765695,0.01911079258610579
2025-04-15,8.44634586502339e-05,0.009331860997821854,-0.0019618950318545103,0.0,0.001419718513307466,8.446383873089837e-05,0.009331860997821854,0.007728310996532918
2025-04-16,0.001380157656675659,0.004908579018532328,0.002990618348121643,0.0,0.0016826274602615306,0.0029906184474478297,0.004908579018532328,-0.017558650867923287
2025-04-17,0.0012568618850856755,0.010390591383582426,0.007632642053067684,0.0,0.001848791253091249,0.007632641847536546,0.010390591383582426,0.020703939545278226
2025-04-21,-0.0018477254911010866,0.003145627278938445,0.009711225517094135,0.0,-0.0022230179029491177,0.003145627326861845,0.003145627278938445,-0.016085829518320018
2025-04-22,0.0025312818124636535,0.00871620586614232,0.011042292229831219,0.0,0.0025690718758964093,0.008716205598236179,0.00871620586614232,0.036485185141903256
2025-04-23,-0.002558377312149282,0.0037288275792180313,0.008946280926465988,0.0,-0.0027669330829114555,0.0037288275466296965,0.0037288275792180313,0.017764705109507884
2025-04-24,0.0015874098791579467,0.006233586470389142,0.0076227677054703236,0.0,0.0016468067519532603,0.006233585966713585,0.006233586470389142,0.02989018749444209
2025-04-25,-0.00041872072643474756,0.010528507394411062,0.0031576643232256174,0.0,0.0006426625220157192,0.003157664467048407,0.010528507394411062,-0.0009356003998509332
2025-04-28,0.001728234827983986,0.005726072671618746,-0.0003347701858729124,0.0,0.002407498128577862,0.0017282350622342048,0.005726072671618746,0.002822498893227114
2025-04-29,-0.00016977734692179226,0.008719001665443983,-0.002678083023056388,0.0,0.001160555820037142,-0.0001697770610400015,0.008719001665443983,0.00460132732960806
2025-04-30,0.00019848718707621944,0.0065677089486040376,-0.004063031170517206,0.0,0.0013650542556013648,0.00019848726466852452,0.0065677089486040376,-0.002498920839997365
2025-05-01,0.0007420833550277001,0.0022663096131703307,-0.004677108023315668,0.0,0.0014021013351097316,0.0007420828842780941,0.0022663096131703307,0.011404051880293272
2025-05-02,-0.00045244485268358333,0.005937078754745572,-0.004282684065401554,0.0,0.0006793296235793441,-0.0004524447481967521,0.005937078754745572,0.02191288660769714
2025-05-05,-9.5598036686016e-05,0.003112619994095547,-0.0032740053720772266,0.0,0.0005813350968067028,-9.559803376620412e-05,0.003112619994095547,-0.01161994167069919
2025-05-06,0.002058323220323175,-0.00279162712366186,-0.0019322282169014215,0.0,0.001796391128346412,-0.0019322273064652283,-0.00279162712366186,-0.0183968185972776
2025-05-07,0.0003976128737269498,-0.006607310282681122,-0.0007701035356149077,0.0,-0.0003785670461012862,-0.000770104219266941,-0.006607310282681122,0.004649139625633309
2025-05-08,-0.0008216378529279211,-0.002605659762732881,0.0002259143366245553,0.0,-0.0011357460977327444,-0.000821638245811888,-0.002605659762732881,0.024660846654237012
2025-05-09,-0.00038476855335967445,0.0005289637929880177,0.0009885543258860707,0.0,-0.00038922280254444507,0.0005289627185853716,-0.00038476855335967445,0.0024716880415225503
2025-05-12,0.001587260834168724,0.004565599202504961,0.0015265196561813354,0.0,0.0019655136882561716,0.0015872764372155666,0.001587260834168724,0.04185558154035826
2025-05-13,-0.0021079023475466564,-0.006260441952136012,0.001588659593835473,0.0,-0.0029479541228939936,-0.002107902377221456,0.001588659593835473,0.02086838135805965
2025-05-14,0.00151346323022877,0.004781240422187605,0.0014050212921574712,0.0,0.0019320935619283504,0.0015134719789531956,0.0014050212921574712,0.012818859268876236
2025-05-15,0.00041181063414159566,-0.010865824375817599,0.0008748695254325867,0.0,-0.0010406392538957112,0.0004118085725312458,0.0008748695254325867,0.007006218196093112
2025-05-16,0.0003136089592785977,-0.010858011761009454,0.0006284330738708377,0.0,-0.0011127317089264393,0.00031360589244883684,0.0006284330738708377,0.005069131771168809
2025-05-19,0.0003759578181721248,-0.018182092383449845,0.000389855878893286,0.0,-0.0019493776034310208,0.0003758949710847069,0.000389855878893286,-0.010931445556267232
2025-05-20,0.0011577066543649141,-0.002336400752164615,0.0004297745181247592,0.0,0.0007831351737738797,0.00042977350938268837,0.0004297745181247592,-0.009484602412660612
2025-05-21,0.00019801861280086225,-0.00042845103372804243,0.0007827333174645901,0.0,6.894441599832312e-05,0.00019801849956140453,0.0007827333174645901,-0.021767884130424974
2025-05-22,0.0011376184336397476,-0.004021153142279824,0.0012425814056769013,0.0,0.0004824690730154096,0.0011376092783629598,0.0012425814056769013,0.008005410736847064
2025-05-23,-0.0011277983251091544,-0.0019300815046582322,0.0017208014614880085,0.0,-0.0014748713945383022,-0.0011277974325689588,0.0017208014614880085,0.0005180570640600453
2025-05-27,0.0010517400172663067,-0.00020429288200279414,0.0015730303712189198,0.0,0.0008493125013276596,0.0010517389011714152,0.0015730303712189198,0.02831520423270981
2025-05-28,-0.0011718493015541208,-0.008514738936031531,0.0010871391277760267,0.0,-0.002286998798631281,-0.0011718496076894942,0.0010871391277760267,-0.011910215581973978
2025-05-29,0.002521318626690484,-0.004164712255843209,0.0008092260104604065,0.0,0.0018322011689934367,0.0008092256280284374,0.0008092260104604065,-0.00590130638010177
2025-05-30,-0.00028973392280073006,-0.007087842055157809,0.0003565159859135747,0.0,-0.0011970452105920786,-0.0002897353183595108,0.0003565159859135747,-0.0073176076395105
2025-06-02,0.0004789145831552513,-0.010242847566937377,-1.5896730474196374e-05,0.0,-0.0008209989091876257,-1.5898645549445686e-05,-1.5896730474196374e-05,-0.0028854002832876023
2025-06-03,0.00029719225843491924,-0.006688871892515387,-0.00017248593212570995,0.0,-0.0005370538333011059,-0.0001724878988036831,-0.00017248593212570995,0.008498735513930092
2025-06-04,-0.00018871077909572123,-0.009299917026287316,-0.00021478284907061607,0.0,-0.0013275029801523629,-0.0002148183617598637,-0.00021478284907061607,-0.007680572015455506
2025-06-05,0.0013264851888055078,-0.006067474749817035,0.00012994617281947285,0.0,0.0005040790603538225,0.00012994549977562842,0.00012994617281947285,0.011069797066183018
2025-06-06,-0.0007386422709625426,-0.003030881000289617,0.00027784943813458085,0.0,-0.0011137086029047896,-0.0007386428169323714,0.00027784943813458085,0.013312973429275631
2025-06-09,0.000377960234087342,-0.00780059037476248,0.0006903910543769598,0.0,-0.0006733337165318639,0.00037795717597750226,0.0006903910543769598,-0.000782032855798685
2025-06-10,0.0011141496496511025,-0.004621390098103905,0.001096742576919496,0.0,0.00039736163375288073,0.0010966912236718823,0.001096742576919496,0.0021979601157938716
2025-06-11,4.382705241469755e-06,-0.0057557908127013465,0.0011142981238663197,0.0,-0.0008130807526428514,4.381979437998517e-06,0.0011142981238663197,0.015011884375694355
2025-06-12,-0.00028329752347694637,-0.00708725349577533,0.0009208455448970199,0.0,-0.0012396370427019212,-0.00028329820563593994,0.0009208455448970199,0.0015048710340105046
2025-06-13,0.0011820790580201275,-0.006340951820080991,0.0006374886143021286,0.0,0.000287070535632517,0.0006374869280357355,0.0006374886143021286,-0.0186821849301974
2025-06-16,0.0012628491202614904,-0.010428417978747738,0.000225897048949264,0.0,-0.00011154888777642935,0.00022589618028194736,0.000225897048949264,0.023055819663143382
2025-06-17,-0.001965751020439672,-0.0038401888518498416,-3.5564342397265136e-05,0.0,-0.002367590758814998,-0.0019657510050633403,-3.5564342397265136e-05,-0.005125738314108126
2025-06-18,0.002243922752854097,-0.003802748103169049,0.0001654340303502977,0.0,0.0016665943551543811,0.00016543380157158882,0.0001654340303502977,0.016827357633638552
2025-06-20,-0.0010067142859485757,-0.002732690420607285,4.4006286771036685e-05,0.0,-0.0013138274031855774,-0.0010067146571567736,4.4006286771036685e-05,0.008714511835156034
2025-06-23,0.0008182698429639343,-0.0021616131135215088,-3.475150151643902e-05,0.0,0.0005189264358558237,-3.475220134364964e-05,-3.475150151643902e-05,0.009443436736236498
2025-06-24,0.0002804102677803968,-0.0026658084760733986,-0.0003498552250675857,0.0,-3.400077410253892e-05,-0.0003498563752673558,-0.0003498552250675857,0.02327086971085164
2025-06-25,-0.00048304871977598824,-0.005040455263255824,-0.0005468826275318861,0.0,-0.0010482731866300996,-0.0005468975948822662,-0.0005468826275318861,0.011651973267281329
2025-06-26,0.0010051523139682221,0.00018688592714211693,-0.000588940572924912,0.0,0.001040674007351617,0.00018688599365982036,-0.000588940572924912,0.02548346625757173
2025-06-27,-0.0005803787347713123,-0.002444276833080281,-0.0008001903770491481,0.0,-0.0007947767827140867,-0.0008001942778879602,-0.0008001903770491481,0.005297695927100321
2025-06-30,0.0013657553227195147,-0.0026387984294646357,-0.0007422479684464633,0.0,0.0010467281236887207,-0.0007422479156617298,-0.0007422479684464633,0.02422610538849243
2025-07-01,-0.0008737621750895988,0.0004665713202613314,-0.0005192854441702366,0.0,-0.0007365908900260278,-0.0005192836512254631,-0.0005192854441702366,-0.0018243094944406558
2025-07-02,0.001741378288130068,-0.008260716097621848,-0.0002351775619899854,0.0,0.0006598650973930547,-0.0002351779428379648,-0.0002351775619899854,0.013259929837521332
2025-07-03,-0.0006641594566806964,-0.00538530038414407,-0.00016915261221583933,0.0,-0.0012982672343398428,-0.0006641612570026738,-0.00016915261221583933,0.010822751273645865
2025-07-07,0.0005609152947576323,-0.00467667678516206,-0.00011572758376132697,0.0,-3.6442910952971396e-05,-0.00011572883813428271,-0.00011572758376132697,-0.017775333837867318
2025-07-08,0.0019239666213836516,-0.004358226235197039,4.2322499211877584e-06,0.0,0.0013033993400302772,4.231958681372611e-06,4.2322499211877584e-06,-0.019386867998673424
2025-07-09,0.0001768012089834142,0.00016484532299428737,0.00015244915266521275,0.0,0.00017741202057761118,0.00016484312059595384,0.00015244915266521275,-0.0010331627567820548
2025-07-10,-0.0004411679948891922,0.0011306276009862295,0.00036018446553498507,0.0,-0.00031369464847076173,0.0003601844157248667,0.00036018446553498507,0.01787082677766172
2025-07-11,-0.00018061437497932315,-0.0038170669440101557,0.00029669151990674436,0.0,-0.0006773479953413651,-0.00018061618648855177,0.00029669151990674436,-0.005897862165538435
2025-07-14,0.001827133267098136,-0.0027405205841873398,0.00011103083670604974,0.0,0.0014036595774949514,0.00011103060510903238,0.00011103083670604974,0.01177517654299604
2025-07-15,-0.0008119396503010784,-0.000969146080073193,-0.0003184329834766686,0.0,-0.0008743495656413378,-0.0008119353872300046,-0.0003184329834766686,-0.015242422287453594
2025-07-16,0.001924973066548191,-0.007940110925305248,-0.0003657721681520343,0.0,0.000887817328882833,-0.0003657724723205369,-0.0003657721681520343,0.008941976046972102
2025-07-17,-0.0009737112206250394,-0.001342180280486123,-0.00045317818876355886,0.0,-0.0010649184077210245,-0.0009737104350948491,-0.00045317818876355886,-0.0042130049686717125
2025-07-18,0.0012781788639317226,-0.007138303962578285,-0.00014466770517174155,0.0,0.0003473073263883659,-0.00014466826405549582,-0.00014466770517174155,0.0034226507459167417
2025-07-21,1.6082176633870344e-05,-0.004486225427086011,0.00012098197476007044,0.0,-0.0005568489234670255,1.6073044069992403e-05,0.00012098197476007044,-0.0031960342140533175
2025-07-22,0.0007539412523835903,-0.008585289304340611,0.00046864795149303973,0.0,-0.00039096740984492914,0.00046864458115316123,0.00046864795149303973,-0.00794939797028444
2025-07-23,0.0006758952019602208,-0.008451521625939293,0.0006787531892769039,0.0,-0.00046743157056522845,0.0006756894602926609,0.0006787531892769039,0.024135009507285386
2025-07-24,-0.00127883591912459,-0.003749507497368286,0.0006669848808087409,0.0,-0.001756698888257565,-0.0012788360280979896,0.0006669848808087409,0.0023108148800675466
2025-07-25,0.001863273482345498,-0.003296288629816581,0.001010271953418851,0.0,0.0012909544939305015,0.0010102710159261197,0.001010271953418851,0.013534606087182273
2025-07-28,-0.00040691909665224865,-0.002719480060301483,0.0011268709786236286,0.0,-0.0008293121494132179,-0.00040691931573558687,0.0011268709786236286,-0.007338386176489472
2025-07-29,0.0014336785730112017,-0.003477159622875378,0.0011545454617589712,0.0,0.0008428298998546601,0.0011545421205325544,0.0011545454617589712,0.011445280679908049
2025-07-30,-0.0006754843987422806,-0.006893897583086279,0.000911413284484297,0.0,-0.0015916274209032293,-0.0006754848673484488,0.000911413284484297,-0.0016817605095560064
2025-07-31,0.0012205775017677264,-0.005978693008583622,0.0007232088828459382,0.0,0.0003620274545542106,0.0007232070294835278,0.0007232088828459382,-0.00984643324144269
2025-08-01,0.0007813834064160983,-0.009918335621924157,0.0004922941443510354,0.0,-0.0005335785099085258,0.00049229080501481,0.0004922941443510354,-0.01956580766554849
2025-08-04,0.0008181801820697631,-0.00032278570879792136,-0.00010141044913325459,0.0,0.0007548978186148221,-0.00010140705742573729,-0.00010141044913325459,0.022932213552892416
2025-08-05,-0.0017467459085566438,-0.0037653815294255667,-0.0005793383461423218,0.0,-0.0021006118675356133,-0.0017467462687968743,-0.0005793383461423218,-0.00707711102566073
2025-08-06,0.0024300612718960325,-0.004748654402654478,-0.0005512451753020287,0.0,0.0017891157460793406,-0.0005512452723718547,-0.0005512451753020287,0.0052986907589863096
2025-08-07,-0.0005122406177594334,-0.0036226735129288702,-0.0005539946723729372,0.0,-0.0008981635958788582,-0.0005540172019044603,-0.0005539946723729372,-0.006922934256177955
2025-08-08,0.0010369208252579596,-0.00567818884160979,-0.00039914948865771294,0.0,0.0003202668762305917,-0.00039914999467740474,-0.00039914948865771294,0.002123552038465856
2025-08-11,-3.500352043963754e-05,-0.006345405131657573,-0.0002555582905188203,0.0,-0.0008061986680310291,-0.00025556261964415004,-0.0002555582905188203,-0.0028184887671333005
2025-08-12,0.000734097309028935,-0.007079542897606149,-0.00025118753546848893,0.0,-0.00015915573244668112,-0.0002511884019422634,-0.00025118753546848893,0.033012275267171334
2025-08-13,-0.0014489547477773213,-0.0023279206003850024,-0.00032489170553162694,0.0,-0.001656340987759808,-0.0014489545007090431,-0.00032489170553162694,0.0017606670258205413
2025-08-14,0.002283046003065398,-0.001551229444715557,-0.00012084709305781871,0.0,0.002010958426710091,-0.00012084681056618661,-0.00012084709305781871,0.0033648755729373354
2025-08-15,-4.7056918110617064e-05,-0.004110072818729331,-3.5645512980408967e-05,0.0,-0.0005568798367711898,-4.7131236874915156e-05,-3.5645512980408967e-05,-0.022302593908139545
2025-08-18,0.001621566561793065,-0.0053897011149538765,0.00030334669281728566,0.0,0.0008576209122444832,0.0003033461109587682,0.00030334669281728566,0.0003284594068362835
2025-08-19,-0.0008365088670198553,-0.004663987604475014,0.0004530861333478242,0.0,-0.0014274843043510046,-0.0008365093801243191,0.0004530861333478242,-0.013192717766779457
2025-08-20,0.0013981664467444214,-0.006121537884905357,0.0005643563927151263,0.0,0.0005286117822941917,0.0005643553457947432,0.0005643563927151263,-0.0009708503990117167
2025-08-21,-0.00020484835194467256,-0.002746612062088224,0.00017161319556180388,0.0,-0.0005557578102116764,-0.0002048506011050941,0.00017161319556180388,-0.006584851414439536
2025-08-22,0.0008118764894032226,-0.003216842443795452,-0.00035168102476745844,0.0,0.00040806386210912905,-0.0003516815339491164,-0.00035168102476745844,0.035590654773750445
2025-08-25,-0.001737828432170154,-0.004751777954713579,-0.000905875931493938,0.0,-0.0021873035448002442,-0.0017378292997090236,-0.000905875931493938,-0.004187320914726071
2025-08-26,0.0027878892532405834,-0.0028907139040086475,-0.0007313921814784408,0.0,0.0023813831106041417,-0.0007313920027860973,-0.0007313921814784408,0.013658558884431524
2025-08-27,-0.0009594951866210425,-0.0020999243581173483,-0.0007027196115814149,0.0,-0.0011245463775410496,-0.000959498175655709,-0.0007027196115814149,0.0009608449918750156
2025-08-28,0.001065945747789641,-0.0025840168023338623,-0.0004172234912402928,0.0,0.0007372352291408475,-0.00041722370347840355,-0.0004172234912402928,0.002065425703271331
2025-08-29,0.0003427518623210268,-0.0018107296653445198,-5.494504875969142e-05,0.0,0.00010748683005902426,-5.4946981760271826e-05,-5.494504875969142e-05,-0.007978780050553443
2025-09-02,0.000897066627768128,-0.0024760149945033992,0.0001765947527019307,0.0,0.0005370060859991518,0.00017659374526768487,0.0001765947527019307,-0.019511525627904584
2025-09-03,0.00100364157295663,-0.002140465768225236,0.00022075952438171953,0.0,0.0006776595525383984,0.0002207586734549872,0.00022075952438171953,-0.00039684693067406403
2025-09-04,-0.0005940511143537452,-0.0027904862415310478,0.00018634517618920654,0.0,-0.0009366810221058202,-0.0005940519376098874,0.00018634517618920654,0.02479413585561515
2025-09-05,-0.0006109847844340626,5.3710480689256946e-05,0.00017438674694858491,0.0,-0.0005957294327602656,5.370382900759072e-05,0.00017438674694858491,-0.01437712912192205
2025-09-08,0.0027133101683545317,0.0039894798045771685,0.00041251472430303693,0.0,0.0030723082873862478,0.002713309820240459,0.00041251472430303693,0.00491866675380472
2025-09-09,-0.0010509052446929096,0.0005126229087525875,0.00027957509155385196,0.0,-0.0009702729883234112,0.00027957158756931855,0.00027957509155385196,0.029316015783598836
2025-09-10,-0.0007000904749408974,-0.0026613708218282102,-7.639925752300769e-05,0.0,-0.0009997048907063539,-0.0007000915638226149,-7.639925752300769e-05,0.007381884423843509
2025-09-11,0.0018371835153986825,-0.002022847643274146,-1.828724634833634e-06,0.0,0.0015129696163092637,-1.8287735035375469e-06,-1.828724634833634e-06,0.01949475099010669
2025-09-12,-0.0006179295175008713,0.0026932575251511675,-4.221389826852828e-05,0.0,-0.00025308908741214145,-4.221253261283117e-05,-4.221389826852828e-05,-0.005968848012283888
2025-09-15,0.001734091048654075,0.0007274775050814155,0.0001648617908358574,0.0,0.0017438725323655263,0.0007274782847389009,0.0001648617908358574,0.008552422121784146
2025-09-16,-0.0005625243017926868,-0.0020042313703672655,0.00029036111664026976,0.0,-0.0008169104981507565,-0.000562524778879189,0.00029036111664026976,-0.0015645722978538177
2025-09-17,0.0010459322704752044,-0.005421387959450506,0.0004512884479481727,0.0,0.000287469554002177,0.0004512869421280618,0.0004512884479481727,0.011001777569831611
2025-09-18,-0.0002835031934746187,-0.007972250318033815,0.00043507071677595377,0.0,-0.0013086153364049618,-0.00028350445123115743,0.00043507071677595377,0.01262429990290257
2025-09-19,0.0003901013214972524,-0.0056834994667391584,0.0002900313993450254,0.0,-0.0003618680558919852,0.0002900217694729113,0.0002900313993450254,0.0008575134495336822
2025-09-22,0.0010240027117063585,-0.002040752840846283,9.221797517966479e-05,0.0,0.0007208486313882677,9.221737265921058e-05,9.221797517966479e-05,0.0006954072894026688
2025-09-23,0.00024438952221327893,-0.004620930941456219,-0.00026087259175255895,0.0,-0.00032118309383121597,-0.0002608743338711869,-0.00026087259175255895,0.0009430104221700759
2025-09-24,0.0004078249585861526,-0.008273583267531357,-0.00043313700007274747,0.0,-0.000606597495749787,-0.000433138058854827,-0.00043313700007274747,-0.017376530598297284
2025-09-25,0.0014344240456183586,-0.004240943218676488,-0.00023402746592182666,0.0,0.0008680999190881553,-0.0002340278151184171,-0.00023402746592182666,0.002936030040563956
2025-09-26,-0.0007658462098983898,-0.006729310018947332,-0.0003661192022264004,0.0,-0.001547289074039794,-0.0007658485315204034,-0.0003661192022264004,0.009704133582171282
2025-09-29,0.00032721390096342656,-0.005060747563334091,-0.00046916818246245384,0.0,-0.00027861031352974084,-0.0004691692173006933,-0.00046916818246245384,0.002004177546262162
2025-09-30,0.0009457668621825075,-0.0016229429647963906,-0.00048056564992293715,0.0,0.0007475476350020636,-0.0004805654762022551,-0.00048056564992293715,-0.009709748660499099
2025-10-01,0.0009013046138105294,-0.004787966582136696,-0.0005031289765611291,0.0,0.0003103836298727283,-0.0005031294543073029,-0.0005031289765611291,-0.013705556248738185
2025-10-02,0.000566675649440499,-0.005373366661856789,-0.0003137314924970269,0.0,-0.00010101494438364742,-0.0003137324281963419,-0.0003137314924970269,-0.00783446271592782
2025-10-03,0.00021146107328051726,-0.003811790469000954,-5.678200977854431e-06,0.0,-0.00027359667618000324,-5.6825016936927174e-06,-5.678200977854431e-06,0.013508865885505785
2025-10-06,-0.0005101907719099461,-0.006405058512095434,0.00017883832333609462,0.0,-0.0013080873475372116,-0.0005101920494457754,0.00017883832333609462,0.00857103836167376
2025-10-07,0.0009172981441662148,0.00030921826298558046,0.0002574548125267029,0.0,0.0008982663003473388,0.00030923522436976137,0.0002574548125267029,-0.008988802089212964
2025-10-08,0.0012539581171281797,-0.004636795557534005,0.00032628377084620297,0.0,0.000596532067595564,0.0003262828966071937,0.00032628377084620297,-0.016780306851452924
2025-10-09,0.0006432486683660111,-0.0036770246696105767,0.0004375778080429882,0.0,0.00012000035497562896,0.00043757323564433864,0.0004375778080429882,0.00443313110671801
2025-10-10,-0.0006344253758026113,-0.004391474338901333,0.00036926352186128497,0.0,-0.0011918300734521654,-0.0006344261041213529,0.00036926352186128497,-0.020203801280049203
2025-10-13,0.0020487309510605284,0.0008952183178285007,0.0007868181564845145,0.0,0.0020135115402023446,0.0008952265104337378,0.0007868181564845145,0.02890984079895965
2025-10-14,-0.0022940953262909885,-0.00023330231340362113,0.000629174814093858,0.0,-0.0022890728411626344,-0.00023330298539298825,0.000629174814093858,-0.020571650279987252
2025-10-15,0.0034496822810959043,0.0023683098114030635,-1.09787069959566e-05,0.0,0.003613839334474416,0.002368309308300005,-1.09787069959566e-05,-0.0036784801051332056
2025-10-16,-0.0008445918850660187,0.0014180502384778582,-0.0005051509942859411,0.0,-0.0005906129123985993,-0.0005051485849438786,-0.0005051509942859411,-0.012896426094179616
2025-10-17,0.0010330506364038237,-0.005386801692690898,-0.00029964582063257694,0.0,0.00034442457577300606,-0.00029964637337044305,-0.00029964582063257694,-0.009702774978314642
2025-10-20,0.00041463032261640254,0.0018217301473064157,-0.0001131007302319631,0.0,0.0006365343864995564,0.0004146315006954386,-0.0001131007302319631,0.01657797752372891
2025-10-21,-0.0008786383284688042,-0.003563648649484794,-0.00028577144257724285,0.0,-0.001266221237021797,-0.0008786396373571448,-0.00028577144257724285,-0.005701949220160375
2025-10-22,0.0018945162911338312,0.005963284572827486,-0.000283917470369488,0.0,0.002592655094527643,0.0018945165041043231,-0.000283917470369488,-0.01912827220330884
2025-10-23,0.0009212531949814794,-8.104801592281004e-05,-0.0002759376657195389,0.0,0.0008993679988231052,-8.104393263222669e-05,-0.0002759376657195389,0.008265576476477186
2025-10-24,-0.0011109572422829035,-0.0026827425561123546,-0.0005226512439548969,0.0,-0.001358729696530544,-0.0011109583009100176,-0.0005226512439548969,0.04314324851294891
2025-10-27,-0.001013089002263427,-0.006087805129267773,-0.0010395708959549665,0.0,-0.0016463326504296471,-0.0010396058082120798,-0.0010395708959549665,0.007764321151511965
2025-10-28,0.0024609953971271668,0.0028220117062232306,-0.0007496370235458016,0.0,0.002784146612623138,0.002460992953699116,-0.0007496370235458016,0.0026547808351106896
2025-10-29,8.620657467061943e-05,-0.0012132636604805206,-0.0005053080967627466,0.0,-2.5327191416542132e-05,-0.0005053083731028586,-0.0005053080967627466,-0.011465737336791917
2025-10-30,0.0010143778196281105,0.0062396340638128265,-7.230178744066507e-05,0.0,0.0017628389989118186,0.0010143785468671761,-7.230178744066507e-05,0.009026104322776089
2025-10-31,-0.0006268111383825087,-0.0030438693827221034,0.00038094111368991435,0.0,-0.0010167527822249208,-0.0006268117153406695,0.00038094111368991435,-0.0010002698386028558
2025-11-03,0.0011666486355918198,-0.0008019534283842959,0.0008191955275833607,0.0,0.0009501876096047691,0.0008191932820515353,0.0011666486355918198,-0.004889209048750518
2025-11-04,0.0005586970945182469,0.0010381606827265335,0.0010324553586542606,0.0,0.000577730645128136,0.0010323276453288073,0.0005586970945182469,0.006737104728843186
2025-11-05,-0.00023364394293577678,0.00012152338831467327,0.0007837298908270895,0.0,-0.0002772366192362691,0.00012152468257239319,-0.00023364394293577678,0.002853693667146674
2025-11-06,0.0007944354976326925,-0.001966261465001819,0.0003917718422599137,0.0,0.0004835553164353056,0.00039176979479252713,0.0007944354976326925,-0.006971767580207714
2025-11-07,0.0008993085791336544,-0.0023120865099558858,4.540605004876852e-05,0.0,0.0005710478472287059,4.5405305511004424e-05,0.0008993085791336544,-0.0015756715160886382
2025-11-10,5.232637822294358e-05,-0.008133695759603784,-0.0005079483962617815,0.0,-0.0009243546197783008,-0.000507950043651748,5.232637822294358e-05,0.013716300626191334
2025-11-11,-0.00025329686220400537,-0.0006674231323003616,-0.0005944806034676731,0.0,-0.0002756245948854174,-0.0005944701733948257,-0.00025329686220400537,0.016311283834809644
2025-11-12,0.0004321780267105435,-0.0023121511996839574,-0.0006482484750449657,0.0,0.0001820204617615966,-0.0006482487986202554,0.0004321780267105435,0.03475802656863486
2025-11-13,-0.0006469896263361875,0.0010408553833192672,-0.0009357923408970237,0.0,-0.00041060983861033724,-0.0006469867793431958,-0.0009357923408970237,-0.040711711437437285
2025-11-14,0.004353491547390007,-0.006574020952475652,-0.00046475668204948306,0.0,0.003402083407319017,-0.00046475672587541753,-0.00046475668204948306,-0.018279055303249633
2025-11-17,-0.0014303861519848766,-0.003062485282765933,-0.0003346335142850876,0.0,-0.0017296408575319675,-0.0014303864509791007,-0.0003346335142850876,-0.019598801398902015
2025-11-18,0.0009170106349856528,0.002343078678257646,0.00027802662225440145,0.0,0.0011509211805453585,0.0009170114948411597,0.00027802662225440145,0.0009536817721257612
2025-11-19,-0.0002732701782988761,0.004333821241471527,0.0006877658306621015,0.0,0.00022050733695781012,0.0006877665949264471,0.0006877658306621015,0.012405029590341897
2025-11-20,2.9791702083912153e-05,-0.0003005721959109381,0.0005624141194857657,0.0,-5.768991230048362e-05,2.97928403616937e-05,0.0005624141194857657,-0.01575983994446294
2025-11-21,0.0020174338803842576,0.010647915499024573,0.0009188696858473122,0.0,0.003193380017214727,0.0020174346731676686,0.0009188696858473122,0.0004264530454220005
2025-11-24,-0.000694871006268531,0.004920198274805531,0.00022234687639866024,0.0,-7.10653142385147e-05,0.0002223477515075377,0.00022234687639866024,0.021320633428744785
2025-11-25,-0.00044622431613161416,-0.0013364686028497523,-0.0005924623692408204,0.0,-0.0005450551905415643,-0.0005924677747245173,-0.0005924623692408204,0.014576236101703789
2025-11-26,0.0009681732911964221,-0.0019852495751782866,-0.0010949407005682588,0.0,0.0007768993199012741,-0.0010949400641145136,-0.0010949407005682588,0.016919081849755397
2025-11-28,3.814423662426141e-05,-0.004682210556098574,-0.0011460618115961552,0.0,-0.0004504984529667759,-0.0011460623719864677,-0.0011460618115961552,0.012216550140092049
2025-12-01,0.0005270953441885171,0.0015205188279959474,-0.0007107618148438632,0.0,0.0007586667426434153,0.0005270951461353218,-0.0007107618148438632,-0.018547777137323605
2025-12-02,0.0019104403308118885,0.003401908338171847,-1.9987710402347147e-05,0.0,0.0022643394307550243,0.0019104401787130576,-1.9987710402347147e-05,0.005350380953730584
2025-12-03,-0.0010821521934636336,0.0027899036581805693,0.0004746874328702688,0.0,-0.0007320051637308357,0.0004746876428208329,0.0004746874328702688,0.025864431974153616
2025-12-04,-0.00034088613790365577,-0.004760897316057139,0.0007546567358076572,0.0,-0.0009892690840865791,-0.00034088682288848954,0.0007546567358076572,0.0015050286491778146
2025-12-05,0.001841280559397567,0.0007732255597717625,0.0011237494181841612,0.0,0.0017696372996350046,0.0011237508650833886,0.0011237494181841612,0.019771477396205696
2025-12-08,-0.0009409597920932719,-0.00011457093009912827,0.0007940404466353357,0.0,-0.0009876623732459641,-0.00011457082109975315,0.0007940404466353357,0.014094647138354491
2025-12-09,0.0007798196667724066,-0.002068231149484867,0.00041811197297647595,0.0,0.0004544541669991925,0.0004181096253870482,0.00041811197297647595,0.011346630924353967
2025-12-10,0.00044816458420576804,-0.004652877794186835,-1.2306598364375532e-05,0.0,-0.00015080633033932503,-1.2308545264291336e-05,-1.2306598364375532e-05,0.014339162554548032
2025-12-11,7.928849831323215e-05,-0.001979973581024812,-0.0005071518244221807,0.0,-0.00012783768612811952,-0.0005071528457829922,-0.0005071518244221807,0.02420870536914351
2025-12-12,-0.00014628904017187355,-0.001589619951803023,-0.000908006215468049,0.0,-0.0002611051688753264,-0.0009080060620386249,-0.000908006215468049,-0.02564913804328089
2025-12-15,0.002979016531335499,-0.009613168389434634,-0.0006181914359331131,0.0,0.0017134284046944307,-0.0006181916026235779,-0.0006181914359331131,0.001833990936870602
2025-12-16,-0.0014689188626272288,-0.0008505279262181534,-0.00029840413480997086,0.0,-0.0014928036694128656,-0.0008505281189827538,-0.00029840413480997086,-0.011805153253909994
2025-12-17,0.001505458692620855,-0.003872031688149442,0.00017758093599695712,0.0,0.0009469565191718859,0.0001775804308633544,0.00017758093599695712,-0.007787747084135596
2025-12-18,0.00027862231069700904,-0.0029478981182762764,0.0006543888011947274,0.0,-0.0001579830341166766,0.0002786199732965836,0.0006543888011947274,0.004540671855120136
2025-12-19,-0.00016329176124785667,-0.007415483203540646,0.0009129274985753,0.0,-0.0011646922598327546,-0.00016329255085176415,0.0009129274985753,0.01941544447399678
2025-12-22,-0.00015272837685229886,-0.004704151134808086,0.0005948491161689162,0.0,-0.0007874459797842857,-0.00015272949132249223,0.0005948491161689162,0.006159105866015094
2025-12-23,0.0011610848445023228,-0.004401126877831967,0.00013387002400122583,0.0,0.0005534210611069618,0.00013386927279672,0.00013387002400122583,0.0030099505035341492
2025-12-24,0.0003712085020579432,-0.0032073446114751487,-0.00043023418402299285,0.0,-7.574919664053237e-06,-0.0004302350688398701,-0.00043023418402299285,0.010008422422519076
2025-12-26,1.0604845125252653e-05,-0.004387606108235674,-0.0008903060806915164,0.0,-0.000462218284842381,-0.0008903069024493003,-0.0008903060806915164,-0.004114881046252854
2025-12-29,0.0012658106941089743,-0.00438660308606864,-0.0008854074403643608,0.0,0.0007441534601404459,-0.0008854076193318604,-0.0008854074403643608,-0.0165186286164038
2025-12-30,0.0009482018546376094,-0.005673931824183569,-0.0005351568106561899,0.0,0.0002472855010310052,-0.0005351572893711231,-0.0005351568106561899,-0.008735854128926242
2025-12-31,3.4373032167825347e-06,-0.007055748653732537,-6.6329215769656e-05,0.0,-0.0008745859372923517,-6.634300683886185e-05,-6.6329215769656e-05,-0.006147145920913788
