Date,ARIMA,RandomForest,LSTM,NaiveZero,ResidualHybrid,ConfidenceWeight,RegimeSwitching,Actual
2022-10-17,0.0018657004131100267,0.004248082027144187,-0.000566746573895216,0.0,0.0008031624791420555,0.0018657004044849805,0.004248082027144187,0.041142006810783546
2022-10-18,-0.002814291915182919,-0.006665299511443892,-0.0025973464362323284,0.0,-0.002541746415551908,-0.0028142962229976225,-0.006665299511443892,0.025395405983655677
2022-10-19,0.0003940600588490114,-0.003258627379493516,-0.0032107974402606487,0.0,-0.0008296276440869762,-0.0032107776491437268,-0.003258627379493516,-0.019800793939835592
2022-10-20,0.0034481935542145853,-0.006175081252843776,-0.002353089861571789,0.0,0.001661900507874935,-0.002353089772381164,-0.006175081252843776,-0.0032671156163212836
2022-10-21,-0.0005582480669046321,0.006685961269409329,-0.001066724886186421,0.0,-0.0011099817192401318,-0.0005582462459545185,0.006685961269409329,0.051194522368598346
2022-10-24,-0.004371376705400098,0.0050830005441520245,-0.001253780908882618,0.0,-0.0036206887431636512,-0.0012537807460872884,0.0050830005441520245,0.0012263709303710927
2022-10-25,0.003264376360313189,-0.0024448840484619853,-0.0009329565800726414,0.0,0.0019107219867145315,-0.0009329561576720083,-0.0024448840484619853,0.00261136589862728
2022-10-26,-0.00012431943940587541,0.001817611105749437,-0.0011625487823039293,0.0,-0.000623036516519138,-0.00012431899250085786,0.001817611105749437,0.01142582129084755
2022-10-27,-0.00043448847100677494,0.001425262054136558,-0.0011691298568621278,0.0,-0.0008111054626998198,-0.00043448765062242025,0.001425262054136558,0.003940418232486772
2022-10-28,0.000681722145802382,0.000628558405219806,-0.0006279569352045655,0.0,0.00017490192284699098,0.0006285410717074549,0.000628558405219806,0.011808121054928684
2022-10-31,-0.0005327946334506667,-0.002016333508228898,-0.0008563071023672819,0.0,-0.0005861430722689612,-0.0008563093138864251,-0.002016333508228898,-0.0015876984724846792
2022-11-01,0.0012341346067739245,0.000323666391450035,-0.0009585605002939701,0.0,0.00042574125835947367,0.0003236660741997808,0.000323666391450035,0.017872423568570113
2022-11-02,-0.0014233296108830656,0.002035068172799344,-0.001545666134916246,0.0,-0.0016398925969576315,-0.0014233218571601145,0.002035068172799344,-0.009250596217970832
2022-11-03,0.0023400112127986883,-0.002016502060582465,-0.0008472595363855362,0.0,0.0013131388324551668,-0.000847258996142558,-0.002016502060582465,0.0018098655614271703
2022-11-04,-0.0004253201584373576,0.003800029676030917,-0.0008477796800434589,0.0,-0.0007960936819267422,-0.00042531803905374683,0.003800029676030917,0.0269908692820294
2022-11-07,-0.0019005425026776285,0.00032723867039381765,-0.001303217257373035,0.0,-0.00177705472497915,-0.001303216201402825,0.00032723867039381765,0.0052662121497973145
2022-11-08,0.0014609902947236748,-0.003121619914855581,-0.0013502484653145075,0.0,0.0005914279394746164,-0.001350248256878998,-0.0013502484653145075,0.0006087133238061713
2022-11-09,0.00047480334041662993,-0.0013683944944980061,-0.0014530069893226027,0.0,-0.00018498591570572054,-0.0013683834906981851,-0.0013683944944980061,-0.01309394048282557
2022-11-10,0.0016667167471238176,-0.005593320886314452,-0.001091238809749484,0.0,0.0009486996529136884,-0.0010912389500533494,-0.001091238809749484,0.04033469963810262
2022-11-11,-0.004103345592391469,0.002345240560091508,-0.0012269377475604415,0.0,-0.0032996070425535236,-0.0012269376799307378,-0.0012269377475604415,0.0016272170461004113
2022-11-14,0.0027807301488893712,0.0018982533358043927,-0.0009500413434579968,0.0,0.0013727130139603119,0.0018982525560331121,-0.0009500413434579968,-0.010326470187930703
2022-11-15,0.0012950075934226903,-0.00171860141579999,-0.0006671901792287827,0.0,0.0006790295558914681,-0.0006671897390453924,-0.0006671901792287827,-0.007270131763842595
2022-11-16,0.00047111725058693137,0.0018818267504199751,6.744006532244384e-05,0.0,0.00024517366786579306,0.00047111900774452934,6.744006532244384e-05,0.0013531099599816832
2022-11-17,-5.999857104224096e-06,-0.0034399914945804026,0.00012485060142353177,0.0,0.0002126822490719279,-6.007093343712934e-06,0.00012485060142353177,-0.004366428531214461
2022-11-18,0.0010078010999492583,-0.004201698716232885,-0.0002361060760449618,0.0,0.000778504117453714,-0.00023610662663108137,-0.0002361060760449618,0.009760572504284836
2022-11-21,-0.0006840556272060915,-0.001537006082536148,-0.00047770494711585343,0.0,-0.0005621172201999661,-0.0006840592571684121,-0.00047770494711585343,-0.005920247967584887
2022-11-22,0.0016137306034370684,0.001792543812689233,-0.000329850910929963,0.0,0.0008490107743527577,0.001613725586838567,-0.000329850910929963,0.014846066819152157
2022-11-23,-0.0012897864828312787,0.0027566826296326493,-0.0006790786283090711,0.0,-0.001249955069567249,-0.0006790772870962159,-0.0006790786283090711,0.01060718009996383
2022-11-25,0.00039777608201606275,-0.0010021017237366087,-0.0010040595661848783,0.0,-7.90888038757392e-05,-0.0010018497287355875,-0.0010040595661848783,0.0019031935787098733
2022-11-28,0.0008476711646038927,0.003602589779339932,-0.0009489665972068906,0.0,1.4237751174576594e-05,0.0008476713578564481,-0.0009489665972068906,-0.017632916911810945
2022-11-29,0.0021220800479929067,-0.0003971052563852423,-0.0002967578766401857,0.0,0.0013043277859413871,-0.0002967485190366908,-0.0002967578766401857,0.0163158309781315
2022-11-30,-0.002081682082693754,-0.0024851337740512546,-0.00022397193242795765,0.0,-0.0013393871970701862,-0.0020816801540243244,-0.00022397193242795765,0.011792963432482036
2022-12-01,0.00045849850206944244,0.0012558456402487076,-0.0003816018288489431,0.0,9.277118616724797e-05,0.0004584984385553736,-0.0003816018288489431,-0.014139099669388144
2022-12-02,0.002390808274398885,0.00020236103425881187,0.0002091753704007715,0.0,0.0016491602160151543,0.00020928836985820745,0.0002091753704007715,-0.007958839579762428
2022-12-05,0.00027512975525649443,0.0015123265852842907,-0.0001311928208451718,0.0,5.663509960310707e-05,0.00027513139732954526,-0.0001311928208451718,-0.02844147228635502
2022-12-06,0.0026891055198743816,0.0013621975824611977,0.0007312421221286058,0.0,0.001992400605387902,0.001362198409854603,0.0007312421221286058,0.0016732563415980072
2022-12-07,-0.0012914288638455184,0.0014663684303423798,0.002020162297412753,0.0,-0.00013808652666032358,0.0014663669934586938,0.002020162297412753,-0.0006842233962153603
2022-12-08,0.0008044717298296183,0.0031173845329128154,0.0017734516877681017,0.0,0.00106836019593381,0.001773451974676577,0.0017734516877681017,0.01043973325356901
2022-12-09,-0.0005056411660469509,0.007092697910584411,-1.45210069604218e-05,0.0,-0.0006858706266507668,-1.451911971900805e-05,-1.45210069604218e-05,-0.00543328209205259
2022-12-12,0.0015793589346673677,-0.001133595113166171,-0.0010680498089641333,0.0,0.0006821684933542102,-0.0010680353814480413,-0.0010680498089641333,0.015392591988292967
2022-12-13,-0.0013238936540878243,-4.975547870727656e-05,-0.0018701229710131884,0.0,-0.0015986119414990074,-0.001323892613646319,-0.0018701229710131884,-0.0009691736837239452
2022-12-14,0.0014834135982762656,0.000882222060704778,-0.0006477005081251264,0.0,0.0006838616687397597,0.0008822210556300057,-0.0006477005081251264,-0.005009710974252078
2022-12-15,0.0007792920854203827,0.0014830949788900887,0.00036517810076475143,0.0,0.0005838286639207097,0.0007792930717852624,0.00036517810076475143,-0.02512347931064151
2022-12-16,0.0024783681892570643,0.002276512754089934,0.00084987300215289,0.0,0.0018548051524075798,0.0022765085486049887,0.00084987300215289,-0.006245492951210681
2022-12-19,-0.00039137613945170954,-0.003520248144104565,-0.0002322377113159746,0.0,-0.00017659928539673654,-0.0003913820259078692,-0.0002322377113159746,0.005937961899924914
2022-12-20,-0.00028604968463360743,0.003522348382261653,-0.0003022504679393023,0.0,-0.0004784308377790466,-0.00028599500359464654,-0.0003022504679393023,0.004832180309730627
2022-12-21,0.00041631771961477015,0.004156793564793984,0.00016083905939012766,0.0,0.00013418482454598566,0.0004163213362327388,0.00016083905939012766,0.011185122721879675
2022-12-22,-0.00031496697653984873,0.00018105258664098626,0.00018923507013823837,0.0,-0.00014308629153777385,0.0001809563677517071,0.00018923507013823837,-0.011414736385449188
2022-12-23,0.0021338395945821476,0.003013851739651981,9.641089127399027e-05,0.0,0.0012983557811072767,0.002133838951143949,9.641089127399027e-05,0.004733758704561602
2022-12-27,-0.0007014328281620483,0.0012403447971375083,-0.0003415655519347638,0.0,-0.0006563333857296681,-0.0003415634198357791,-0.0003415655519347638,0.0034980623250147847
2022-12-28,0.0004895357476961795,-0.000115887358608856,-0.00042298235348425806,0.0,0.00016418037148800175,-0.0001158857696479547,-0.00042298235348425806,0.005450310266524334
2022-12-29,0.000148122512104579,0.0019321346531984496,-0.00031405131448991597,0.0,-0.0001188138445356955,0.0001481241065652261,-0.00031405131448991597,0.0057212762482410475
2022-12-30,0.00023537351157916942,-0.0015594399412813098,-0.00045641613542102277,0.0,5.398754511154184e-05,-0.0004564166718229125,-0.00045641613542102277,0.006584005278428392
2023-01-03,0.0001636088779942709,-0.0018575682072548656,-0.0006160313496366143,0.0,-4.088758418753819e-05,-0.0006160318248401638,-0.0006160313496366143,0.007577295434935224
2023-01-04,0.00012008507388812969,-0.0004138656494523499,-0.00016062534996308386,0.0,3.69878810901383e-05,-0.00016062496926948284,-0.00016062534996308386,0.009281990221096145
2023-01-05,1.6646438512872108e-05,-0.0017847946277153631,9.801512351259589e-05,0.0,0.0001363149432915863,1.6634998020785833e-05,9.801512351259589e-05,-0.00022182278037884967
2023-01-06,0.0009810799470979005,-0.0009920460367503457,-0.00013173746992833912,0.0,0.0006446418083265391,-0.00013173720725825677,-0.00013173746992833912,0.018954953567647793
2023-01-09,-0.0013420292546517717,-0.002040550371036706,-0.0006718614604324102,0.0,-0.0010472282262486315,-0.0013420293148669455,-0.0006718614604324102,-0.004140769829838573
2023-01-10,0.001951656913379746,7.046864831800494e-05,-0.0009344378486275673,0.0,0.0009209858776507685,7.046911044477025e-05,-0.0009344378486275673,0.00891402850885746
2023-01-11,-0.0007061923626014681,-0.0010907740087550651,-0.001635473221540451,0.0,-0.0010488582350425906,-0.0010907747663749356,-0.001635473221540451,0.007403958013979708
2023-01-12,0.00034205840010190957,-0.0017307743706288844,-0.0020972827915102243,0.0,-0.000505477829357036,-0.0017307721389503245,-0.0020972827915102243,-0.0010033241085808618
2023-01-13,0.0009545547602736904,-0.0001627112993025529,-0.0020584664307534695,0.0,-0.00016281156896163183,-0.0001627116658069725,-0.0020584664307534695,0.0249215076297655
2023-01-17,-0.0019051748849609517,-0.0035280641052895774,-0.002162996679544449,0.0,-0.001926163320369397,-0.0021629997968522392,-0.002162996679544449,-0.015573888359244174
2023-01-18,0.0033637000566375504,0.0012807068878857217,-0.0020613225642591715,0.0,0.0013553381151670575,0.001280706707308246,-0.0020613225642591715,-0.03050302943185479
2023-01-19,0.0021958780939554286,0.0020295785091554116,-0.0008743543876335025,0.0,0.001009794093013913,0.0020295729114822286,-0.0008743543876335025,-0.013416120688812153
2023-01-20,2.527237967642063e-06,-0.004124651743216005,-0.0003585493832360953,0.0,6.373686287355101e-05,-0.00035855187209192063,-0.0003585493832360953,0.0024459755277410297
2023-01-23,-0.0003246111150018775,0.0026693282844133808,-0.000340529513778165,0.0,-0.0004770877013009331,-0.0003245556391954466,-0.000340529513778165,0.016082441718009793
2023-01-24,-0.0007493802279150892,0.004774331376721885,-0.000410342967370525,0.0,-0.0008873974298004763,-0.0004103402279398282,-0.000410342967370525,0.008559482714105488
2023-01-25,0.0006246967232247122,0.0004788379555484978,7.994676707312465e-06,0.0,0.00039194862841373813,0.00047883330713694035,7.994676707312465e-06,0.004827820529375789
2023-01-26,0.00043550459119843127,-0.001775609445466273,-0.0004076701297890395,0.0,0.0002155758921885757,-0.00040767058301739457,-0.0004076701297890395,0.006162645560532399
2023-01-27,0.00013891641816196593,0.00020254985144823204,-0.0008124964078888297,0.0,-0.0002342579317909977,0.00013890223066154682,-0.0008124964078888297,0.0024260085418713303
2023-01-30,0.0005877359945307,0.0001572954822617874,-0.0006788837490603328,0.0,0.00011609816965808193,0.00015729436286415692,-0.0006788837490603328,-0.008516672460838303
2023-01-31,0.0013587730152147186,-0.002103424557640175,-0.00037052042898721993,0.0,0.0008553045335309024,-0.000370520430189328,-0.00037052042898721993,0.00594791664296752
2023-02-01,-0.0005793328809344221,-0.0013897888018590523,-0.00031673276680521667,0.0,-0.0004375917748427365,-0.000579335429398135,-0.00031673276680521667,-0.002647457382883734
2023-02-02,0.0011225315743265407,-0.0028136015403796757,4.498157068155706e-05,0.0,0.0008957243853568448,4.498099394855994e-05,4.498157068155706e-05,-0.004667246660376628
2023-02-03,0.0007173697877181622,-0.0007215764791289816,0.00038313481491059065,0.0,0.0006576718723747875,0.00038313274437243685,0.00038313481491059065,0.015355873690359394
2023-02-06,-0.001183115598399407,-0.002890263774129292,0.0004885212401859462,0.0,-0.00044949744824080394,-0.0011831156108138214,0.0004885212401859462,0.0058654180426157025
2023-02-07,0.0008752542524895629,0.00024020312263398153,0.00022167497081682086,0.0,0.0006520643525853654,0.00024025027009791497,0.00022167497081682086,0.012116403510203318
2023-02-08,-0.00037745494524510245,-0.0031632512869349755,-0.00033814090420491993,0.0,-0.0002260482408841421,-0.00037747879159186193,-0.00033814090420491993,-0.007056041136776592
2023-02-09,0.001786929696485255,-0.001845468124138005,-0.0007254304364323616,0.0,0.0009871926208145578,-0.000725429942912027,-0.0007254304364323616,-0.015685916292826563
2023-02-10,0.0014104409096577027,-0.001740996788669113,-0.0003481490130070597,0.0,0.0008803933229170486,-0.0003481488640743261,-0.0003481490130070597,0.004405637035498118
2023-02-13,-0.0007780307655774031,-0.0019426975821183014,-0.0007300934521481395,0.0,-0.000702478863851246,-0.0007780499338697725,-0.0007300934521481395,0.010789725521522657
2023-02-14,-0.00014068755798907608,-0.001400383634335946,-0.001101963804103434,0.0,-0.0004530400886893284,-0.0011019615135442501,-0.001101963804103434,0.004408938772477147
2023-02-15,0.0006708140419727243,-0.003664146574025675,-0.0013004400534555316,0.0,0.0001158751143535082,-0.001300440137525954,-0.0013004400534555316,0.004181357521401066
2023-02-16,0.0002845327703962702,-0.0036749353200845646,-0.0014530100161209702,0.0,-0.0001978475994365331,-0.0014530101413293111,-0.0014530100161209702,-0.0138648519496675
2023-02-17,0.0019462692647388932,0.000637747560183001,-0.00113580038305372,0.0,0.0008113903980419949,0.0006377473603344411,-0.00113580038305372,0.002957173437522696
2023-02-21,-0.0006165642737424973,-0.0013564311917246502,-0.0008933418430387974,0.0,-0.0006880705924763327,-0.0008933432800145586,-0.0008933418430387974,-0.018519777924107597
2023-02-22,0.0024141899591749467,0.0014242614721823646,-0.0004606476577464491,0.0,0.0013443502879301919,0.0014242609940121444,-0.0004606476577464491,-0.007692665861885982
2023-02-23,8.095357451653551e-05,-0.0015010031395854254,-0.0004912738222628832,0.0,-6.432725159904418e-05,-0.0004912745753278898,-0.0004912738222628832,0.007979045968429714
2023-02-24,-0.0005666747506847977,-0.0008044546061810279,-0.000559768988750875,0.0,-0.0005523706537282165,-0.0005667829177014766,-0.000559768988750875,0.008980851958904334
2023-02-27,0.00017449329456068472,-0.0014232790699746903,-0.0005888883024454117,0.0,-4.436684769298108e-05,-0.0005888884133700118,-0.0005888883024454117,0.008689602253103147
2023-02-28,0.00015712271783852722,-0.000512323986837437,-0.0004075660544913262,0.0,-2.9811407489967553e-05,-0.0004075584520172465,-0.0004075660544913262,0.008336018866140363
2023-03-01,0.0001694921023120637,0.00014106341037867652,-0.0003895982226822525,0.0,-4.6584789042265214e-05,0.00014103242211159535,-0.0003895982226822525,-0.005596186830627018
2023-03-02,0.0014108880264827152,-0.0018289004001943796,-0.00024798858794383705,0.0,0.0009239421591591133,-0.00024798855828837764,-0.00024798858794383705,-0.010436471549207642
2023-03-03,0.0010452698832073525,-0.00274333047932842,-0.00011571988579817116,0.0,0.0007787991408044904,-0.00011572036536667696,-0.00011571988579817116,0.018193271647503555
2023-03-06,-0.0017307279537941188,-0.0008811929089138964,-0.0002694821741897613,0.0,-0.001203864738478304,-0.0008811933639971254,-0.0002694821741897613,-0.0058642854578824675
2023-03-07,0.002126946372930253,0.00010732005815221207,-0.00014795319293625653,0.0,0.0013407723061506773,0.00010732345042535736,-0.00014795319293625653,-0.029848874596478447
2023-03-08,0.002715158715982303,0.0009752933226093982,0.0008257376030087471,0.0,0.0020652526190379794,0.0009752993467683711,0.0008257376030087471,-0.005932911400215305
2023-03-09,-0.0006694904387760365,-0.0002557884044178171,0.0004265506868250668,0.0,-0.000263383682630521,-0.00025578746010920854,0.0004265506868250668,-0.05565717358057479
2023-03-10,0.005359957930136177,0.007618536434653243,0.004459161777049303,0.0,0.004899225868304061,0.005359958595441622,0.004459161777049303,0.025078271355329945
2023-03-13,-0.005026138898891714,-0.008176438846476938,0.00242554466240108,0.0,-0.001973778615099526,-0.005026138715824864,0.00242554466240108,-0.018120652852151222
2023-03-14,0.003927509927876734,-0.0028800516717994297,0.0004335599369369447,0.0,0.002901109468814493,0.0004335599524951445,0.0004335599369369447,0.025351899426836348
2023-03-15,-0.0030510049746300394,-0.0012751903446504714,-0.00248100608587265,0.0,-0.002916062921753586,-0.0024810051655570304,-0.0012751903446504714,-0.04839647492018825
2023-03-16,0.006428915450671123,-0.004258486430872582,-0.0028377436101436615,0.0,0.003346710154736664,-0.00283774301516637,-0.004258486430872582,0.019227706845601256
2023-03-17,-0.004272426893606382,-0.0007829200623596532,-0.0036678651813417673,0.0,-0.004207772739677831,-0.0036678638790910685,-0.0007829200623596532,-0.03851431545575781
2023-03-20,0.005378964179100328,-0.005812009248859951,-0.001876726048067212,0.0,0.00310355774719437,-0.001876725931869853,-0.005812009248859951,0.010516143726446872
2023-03-21,-0.0028608320265083916,-0.001908217759652284,-0.0003066570789087564,0.0,-0.001913895357056297,-0.0019082173357206733,-0.001908217759652284,0.026467509097154684
2023-03-22,-0.001079968472751507,-0.004366400363053073,0.0005071722553111613,0.0,-0.0003020519120542979,-0.00107996879792615,-0.004366400363053073,-0.026152999966652254
2023-03-23,0.004316659269360908,-0.003584383368076229,0.003086857497692108,0.0,0.004224358483467731,0.0030868568357253208,-0.003584383368076229,-0.002676995229278208
2023-03-24,-0.0010107712599163967,-0.0001648856994840817,0.0037888535298407078,0.0,0.000814779032993926,-0.0001648847728766093,-0.0001648856994840817,-0.015332912200436711
2023-03-27,0.0018583373508229274,-0.0036055105335726697,0.0025835055857896805,0.0,0.002407367060740643,0.0018583361585792746,-0.0036055105335726697,0.028257615833397934
2023-03-28,-0.0029703649215724577,0.0015754357921432835,0.0006073783151805401,0.0,-0.0018008615071489723,0.0006073775636632166,0.0015754357921432835,0.003030754171293435
2023-03-29,0.0019351045743932261,0.0009423253870704909,-0.0006366507150232792,0.0,0.0009832922592229358,0.0009423250143426713,0.0009423253870704909,0.002015182435664359
2023-03-30,0.0002717842547067707,0.00172532086737272,-0.001189348753541708,0.0,-0.0003675639666930159,0.00027178425113978937,0.00172532086737272,-0.0030245808347088405
2023-03-31,0.000823568432215117,-0.0014531919129868143,-0.000875630066730082,0.0,0.0002738849273997853,-0.0008756289291084149,-0.0014531919129868143,0.012043695189718302
2023-04-03,-0.0008175418859824986,-0.002426296699269907,-0.0010275631211698055,0.0,-0.0008206282436025925,-0.0010275671237803456,-0.002426296699269907,-0.0011516241661500065
2023-04-04,0.0012874342577575966,-0.004916631499825587,-0.0003881822631228715,0.0,0.0009388127776709578,-0.00038818263847804023,-0.004916631499825587,-0.013458331957170255
2023-04-05,0.0015313828025646696,-0.002093879070242998,0.0009242644300684333,0.0,0.0014723672380528463,0.0009242631194607942,-0.002093879070242998,0.0014900358864084827
2023-04-06,-0.0004589302925389116,0.0030352101867234392,0.0008555613458156586,0.0,-0.00011836546083379782,0.0008555616470415,0.0030352101867234392,-0.001097815057661371
2023-04-10,0.0007354001349638747,-0.0035545853696246615,0.0003839846176560968,0.0,0.0008083223625654265,0.00038398204189410044,-0.0035545853696246615,0.0032894602377018163
2023-04-11,6.017870982648885e-05,0.0007718941829033623,-0.00035644337185658514,0.0,-0.00013664688210657773,6.017969750064952e-05,0.0007718941829033623,0.004914021559586414
2023-04-12,0.00019147107177151394,-0.0018355489286807484,-0.0008240710012614727,0.0,-0.00010449719428744182,-0.0008240709973205037,0.00019147107177151394,-0.00015557568475084636
2023-04-13,0.0007334693843747222,-0.004754378328900975,-0.0003793374344240874,0.0,0.0005687658755376895,-0.0003793381029757731,0.0007334693843747222,0.0038059895490710097
2023-04-14,4.1592949698098175e-05,-0.001093471925385844,-0.0006967575754970312,0.0,-0.00019013905684651497,-0.0006967564181434302,-0.001093471925385844,0.07279468308604645
2023-04-17,-0.006139062518293952,-0.0013229564702529986,-0.0017747704405337572,0.0,-0.004676827247330007,-0.001774772415053564,-0.0013229564702529986,0.007897867887834316
2023-04-18,0.004086622573679839,0.0023277379020993035,-0.0020097563974559307,0.0,0.0018012912273006366,0.0023277375646444947,0.0023277379020993035,0.011165366730313719
2023-04-19,-0.0006907319784441664,-0.00814177387540766,-0.0024398094974458218,0.0,-0.0010069994501043823,-0.0024398098932061434,-0.0006907319784441664,-0.0012739753144237213
2023-04-20,0.0011773260749768071,0.003614375933818178,-0.0024093121755868196,0.0,-0.00033682164912067925,0.0011773259436383052,0.0011773260749768071,-0.002907191226372874
2023-04-21,0.0005665817316107828,6.980172948811215e-05,-0.0019711304921656847,0.0,-0.0003962237516653384,6.980021408719692e-05,0.0005665817316107828,-0.0019194180925569831
2023-04-24,0.00045878519430827056,-0.00161322461042248,-0.001386583549901843,0.0,-0.0001577574338391641,-0.0013865797175356095,0.00045878519430827056,0.001350857841619671
2023-04-25,0.00022815319759455433,-0.004602691407118124,-0.0008766726823523641,0.0,3.445258855440278e-05,-0.0008766733175979977,0.00022815319759455433,-0.02198352488065198
2023-04-26,0.0026016022785899083,0.002493447792633029,-1.4648510841652751e-05,0.0,0.0015892597563713629,0.002493439112833164,0.0026016022785899083,-0.017882714879318196
2023-04-27,0.0007786466078510963,0.0026366653410376316,0.0008787802653387189,0.0,0.0007268115493459244,0.000878789488262749,0.0007786466078510963,0.013369018140059566
2023-04-28,-0.0017172366537200282,0.00199236532533813,0.0007400516187772155,0.0,-0.0009426927626959166,0.0007400512281500754,0.0007400516187772155,0.008645467537323344
2023-05-01,0.0005875471872719231,-0.0020865210911010833,-2.3873901227489114e-05,0.0,0.0004803823769261885,-2.387504708567617e-05,-2.3873901227489114e-05,0.021186092124432176
2023-05-02,-0.0011218995825345484,0.00044500421567721126,-0.0005910168401896954,0.0,-0.0009919648418819202,-0.0005910159269741908,-0.0005910168401896954,-0.016279260033911502
2023-05-03,0.0031832599862804834,-0.0031486907035459,-6.966525688767433e-05,0.0,0.0022273709298102047,-6.966523954712652e-05,-6.966525688767433e-05,-0.0213904809557213
2023-05-04,0.0013003595832345098,-0.005773064154025669,0.0002740027557592839,0.0,0.001246753783757283,0.0002740019486487978,-0.005773064154025669,-0.01377296299951564
2023-05-05,0.0005680928888969388,-0.002106651313246149,0.00023586838506162167,0.0,0.0005695584837310962,0.00023586581958408976,-0.002106651313246149,0.019346633029464277
2023-05-08,-0.0020281519236682428,-0.001441894695395998,7.458770414814353e-05,0.0,-0.0012389069451809297,-0.0014418936540104691,-0.001441894695395998,0.002410323480520113
2023-05-09,0.0015139785169606549,-0.001724424878266451,6.489217048510909e-05,0.0,0.0011085658074682899,6.489203959466126e-05,-0.001724424878266451,-0.004826588147691367
2023-05-10,0.0008878793396367027,0.003122215838714895,-0.0003294006164651364,0.0,0.00030523099106396676,0.0008878797126331292,0.003122215838714895,0.0005129365659747718
2023-05-11,0.00011067323725265496,0.003592579036352312,-4.5322347432374954e-05,0.0,-0.00012013051642667321,0.00011067927952026107,0.003592579036352312,-0.0031555480749961605
2023-05-12,0.0008278412360237209,8.47825470863711e-05,2.037850208580494e-06,0.0,0.0005429396713271762,8.479300522426796e-05,2.037850208580494e-06,-0.01443665695561975
2023-05-15,0.0015933162860541671,-0.00017901857489844498,0.0012512663379311562,0.0,0.0015468681087055561,0.001251264129557067,0.0012512663379311562,0.008391026289681615
2023-05-16,-0.0011480520414065163,-0.001390735451429842,0.0009175892919301987,0.0,-0.00033273463495302484,-0.0011480484381284901,0.0009175892919301987,-0.006751897338684405
2023-05-17,0.001707215266794769,0.0027197794465017157,0.0008920293767005205,0.0,0.0013406631894227377,0.001707215504861945,0.0008920293767005205,0.03028417519479934
2023-05-18,-0.0027917647181763447,-0.0026776664829859936,-0.0002649613015819341,0.0,-0.0018145044043599633,-0.00267765828369062,-0.0002649613015819341,0.007555400809819235
2023-05-19,0.001650046711005009,-0.0016746450523172603,-0.0010272330837324262,0.0,0.0007711272248797387,-0.0010272319171117956,-0.0010272330837324262,-0.0022965468799184367
2023-05-22,0.0008804068952442644,-0.0019531959638490514,-0.001156889135017991,0.0,0.000226423187926505,-0.001156888372731627,-0.001156889135017991,-0.008296861591389263
2023-05-23,0.001031127625346122,-7.110452947525124e-05,0.0002933712094090879,0.0,0.0007980224878693259,0.000293372586311439,0.0002933712094090879,-0.010487395099631015
2023-05-24,0.0009516393695717877,0.0005591148534207932,0.0012332202168181539,0.0,0.001080343023156911,0.0009516383779284142,0.0012332202168181539,-0.00919373420126023
2023-05-25,0.0007447651978797528,0.002454211411135362,0.0007106205448508263,0.0,0.0006479600345576725,0.0007447922806258831,0.0007106205448508263,0.0024355811320437965
2023-05-26,-0.00022782198038124316,-0.0007697196864349656,-0.00032738372101448476,0.0,-0.0002400705910930001,-0.00032739131686096,-0.00032738372101448476,0.009317188131126168
2023-05-30,-0.00017080509540866518,0.001446980680368084,-0.0009228958515450358,0.0,-0.0005423867808635962,-0.00017080438667334502,-0.0009228958515450358,0.003790173452096967
2023-05-31,0.0006545875076295275,0.0011886566891476185,-0.0012429725611582398,0.0,-0.00010958957115374387,0.0006545861686350242,-0.0012429725611582398,-0.01281267472603173
2023-06-01,0.0017908566532689053,0.0022408595506106617,-0.0013396586291491985,0.0,0.0005512120714665661,0.0017908547601246502,-0.0013396586291491985,0.013685204056854148
2023-06-02,-0.001589970210317383,0.002286531065261481,-0.0012412996729835868,0.0,-0.0016437571548447163,-0.0012412971046016652,-0.0012412996729835868,0.020788540087483584
2023-06-05,-0.000510933051894599,0.001605004098298445,-0.0007616528309881687,0.0,-0.0007118393971280623,-0.0005109295670937704,-0.0007616528309881687,-0.009872793642177448
2023-06-06,0.002505739301137899,0.0010727737855544003,-0.00036309121060185134,0.0,0.001459883117641543,0.001072773784149127,-0.00036309121060185134,0.0017956475981082674
2023-06-07,-0.00044728559903390794,-3.66548107604051e-05,-0.0005461699329316616,0.0,-0.0005058115915167734,-0.00044727810998623394,-0.0005461699329316616,0.009642059209350106
2023-06-08,-0.00021522555792314463,-0.0024398384947411605,-0.0006045628106221557,0.0,-0.0002579683257503956,-0.0006045648216814975,-0.0006045628106221557,0.00028417356738121924
2023-06-09,0.0009938409001160526,-6.63033116670544e-05,-0.0006046254420652986,0.0,0.00042389428210605744,-6.630240240939723e-05,-0.0006046254420652986,0.0019875253248316585
2023-06-12,0.00022396538344359937,-0.002036325150237536,-0.0005489590112119913,0.0,3.376430252646965e-05,-0.0005489596302344272,-0.0005489590112119913,-7.080952394462412e-05
2023-06-13,0.0005958439277735303,-0.0031875323176665223,-0.0005895528011023998,0.0,0.000319624508068943,-0.0005895532586626366,-0.0005895528011023998,0.007208152197681765
2023-06-14,-0.00021420395258380984,-0.00038765102598372833,-0.0005464955465868115,0.0,-0.0003349786878862256,-0.00038765050850586493,-0.0005464955465868115,-0.0037388182977271594
2023-06-15,0.0012409571828995308,0.0017530899444939835,-0.00014875162742100656,0.0,0.0006753877073475672,0.0012409559564160217,-0.00014875162742100656,0.01124455830526252
2023-06-16,-0.0008455512518305449,0.000922609161339412,-0.0005013900808990002,0.0,-0.0007980779201752579,-0.0005013878933294533,-0.0005013900808990002,0.0011873084660566722
2023-06-20,0.0010637516824028015,-0.0001938753725014094,-0.001103500253520906,0.0,0.0002822171076840603,-0.00019387506944450335,-0.001103500253520906,-0.005108363253794742
2023-06-21,0.0009109129790874443,-0.0009078864495239326,-0.0014594517415389419,0.0,7.779394743817668e-05,-0.0009078851922603582,-0.0014594517415389419,-0.001474650282594541
2023-06-22,0.00029515670895648963,0.0014973832975116138,-0.0013665345031768084,0.0,-0.00040992231031539595,0.0002951564796209504,-0.0013665345031768084,-0.01944012174220333
2023-06-23,0.0022025861436675218,-0.0028034176966076642,-0.00048566629993729293,0.0,0.0014015481777455612,-0.00048566624056893597,-0.00048566629993729293,-0.005243743655246209
2023-06-26,-0.00020302163973501763,-0.0022122235840732578,-0.0005249206442385912,0.0,-0.00023005842158305812,-0.0005249231396651495,-0.0005249206442385912,0.002445705066185963
2023-06-27,8.848125934713389e-05,0.0004269925724252253,-0.0005089085316285491,0.0,-0.0001604215541966288,8.847999094434774e-05,-0.0005089085316285491,7.184541632793495e-05
2023-06-28,0.0006361403282765692,0.0017973094990214966,-0.0005463405977934599,0.0,0.00011946286776263321,0.0006361403128080557,-0.0005463405977934599,-0.004391581327744047
2023-06-29,0.0008503638494026753,0.0013633203874725839,-0.0005492795025929809,0.0,0.0002808899462422936,0.0008503626209377709,-0.0005492795025929809,0.03432692195262568
2023-06-30,-0.002939140318711882,-0.00364227474158408,-0.0007695439271628857,0.0,-0.0020608903580708812,-0.0029391393610326707,-0.0007695439271628857,0.01391658066152616
2023-07-03,0.0012740226593531175,-0.0032831071102891983,-0.0006366643356159329,0.0,0.0007534974054402676,-0.0006366644808602904,-0.0006366643356159329,0.008012458406007105
2023-07-05,0.00027813170590118477,-0.0019906351385951555,-0.0004905285313725471,0.0,9.00033835189087e-05,-0.0004905291632300631,-0.0004905285313725471,-0.006684082253516225
2023-07-06,0.0014657452672149141,0.0034028108918127075,-0.0005460666725412011,0.0,0.000588577453707293,0.001465745248073303,-0.0005460666725412011,-0.009935688136440836
2023-07-07,0.0009256911644718215,-0.00021570913829905162,-0.000766017590649426,0.0,0.0003234468187010484,-0.00021570820229944353,-0.000766017590649426,0.007859482737240018
2023-07-10,-0.000772792988769324,0.0030401321851110993,-0.00039886930608190596,0.0,-0.0008136510224738834,-0.00039886693657874636,-0.00039886930608190596,0.005595902674423182
2023-07-11,0.0005053810402066998,0.0002788376770570532,-0.00010635130456648767,0.0,0.0002785082567063165,0.00027883588421766036,-0.00010635130456648767,0.015518147015955526
2023-07-12,-0.0006771248342229538,-0.0013506854806558217,-0.00029075934435240924,0.0,-0.0004939322207187758,-0.0006771259288692013,-0.00029075934435240924,0.004939463476135394
2023-07-13,0.0009131133216161427,0.0031428681153969434,-0.00033153159893117845,0.0,0.0003200448547259363,0.0009131136756914002,-0.00033153159893117845,0.004848362353185041
2023-07-14,0.0002070024591827223,-0.001543390914431997,-0.0008227991638705134,0.0,-0.00010802832813497972,-0.0008227987491412042,-0.0008227991638705134,0.00602726375834244
2023-07-17,0.00018960234697808437,-0.001584756903009597,-0.001000156975351274,0.0,-0.00018647522243700373,-0.0010001561097062474,-0.001000156975351274,0.023817906788023067
2023-07-18,-0.0013707613772614435,-0.0020453839472198763,-0.0015268238494172692,0.0,-0.0013985017478900619,-0.0015268282550754526,-0.0015268238494172692,0.001823755668180849
2023-07-19,0.0016833279651514085,-0.00043955083775698323,-0.0018810492474585772,0.0,0.0004006386564857304,-0.00043955061561057275,-0.0018810492474585772,0.0038323030969440227
2023-07-20,4.8189166535339415e-05,-0.0010661220031310916,-0.002019287087023258,0.0,-0.000701538737578927,-0.0010661218519990813,-0.002019287087023258,0.012242216875147257
2023-07-21,-0.00040356123376469096,0.0007848207929791902,-0.0019297173712402582,0.0,-0.0010552455581499288,-0.00040356141944784607,-0.0019297173712402582,-0.007714568510216448
2023-07-24,0.0018741250915604681,-0.0012901304749265358,-0.001538165146484971,0.0,0.0007014741438852532,-0.001290126791307026,-0.001538165146484971,0.019492647259219578
2023-07-25,-0.001854300918777332,-0.0017747440686160757,-0.0012814340880140662,0.0,-0.0016353636039824352,-0.0017747338259144867,-0.0012814340880140662,-0.007496300394973271
2023-07-26,0.0023916534271531107,0.00027041050005708814,-0.0009201331995427608,0.0,0.0012071327965613849,0.00027041086762326117,-0.0009201331995427608,0.0059761645059069335
2023-07-27,-0.0006820851478827599,-0.0004471004020323096,-0.0008404114050790668,0.0,-0.0007551497740837407,-0.00068208313022902,-0.0008404114050790668,-0.011090589550093427
2023-07-28,0.0019205718650968382,-0.0010730703564488999,-0.0002944566949736327,0.0,0.0012052762062511235,-0.00029445586498390655,-0.0002944566949736327,0.005688037594642083
2023-07-31,-0.0007623323997170896,0.0005868451772608027,-0.0002774989407043904,0.0,-0.000639670987988987,-0.000277498040887465,-0.0002774989407043904,0.006669492281935903
2023-08-01,0.0003021735471867319,-0.0010908752228537023,-0.00030892135691829026,0.0,0.00013254455881162312,-0.00030892171240261436,-0.00030892135691829026,-0.004950119844699821
2023-08-02,0.0012646442641559444,0.0010757306052360757,-0.0004474760207813233,0.0,0.0006079217474261022,0.0010757260228993024,-0.0004474760207813233,-0.011389108153246244
2023-08-03,0.0011696213341731078,-0.002290512444845171,-0.0008174751419574022,0.0,0.0005657759542037398,-0.0008174749667492094,-0.0008174751419574022,0.006094645282433807
2023-08-04,-0.0006977202892619876,0.0033491340593821343,-0.0009028172353282571,0.0,-0.0009752262772953764,-0.0006977157075835408,-0.0009028172353282571,-0.002112947161065831
2023-08-07,0.0011484058671149449,-0.002435164481183379,-0.00036528854980133474,0.0,0.0007347279291676468,-0.00036528872691060453,-0.00036528854980133474,0.004731596877428778
2023-08-08,-0.00011316364526544373,-0.0008085993264985074,-7.22210097592324e-05,0.0,-6.325921441281934e-05,-0.0001131854990511541,-7.22210097592324e-05,-0.00562946993204732
2023-08-09,0.0013125672394260466,0.0011290995086204285,-0.00019233589409850538,0.0,0.0007361786144025065,0.0011290948724372446,-0.00019233589409850538,-0.013498467135455067
2023-08-10,0.0013492091079220297,0.0021759177781733464,5.503324791789055e-05,0.0,0.0008054282101632492,0.0013492086727251958,5.503324791789055e-05,-0.0014966851482990581
2023-08-11,-0.00012996787514098533,-0.0022037432444612787,0.0005132915102876723,0.0,0.00022156214876903313,-0.0001299689431584498,0.0005132915102876723,0.005779103230251388
2023-08-14,-8.706796855660701e-06,-0.002905010020178127,0.00040341788553632796,0.0,0.0002931091750904473,-8.70886655962777e-06,0.00040341788553632796,0.002069613246178476
2023-08-15,0.0006645571799499365,-0.0023489570154938237,0.00010116270277649164,0.0,0.0005926584291710699,0.00010116134190930877,0.00010116270277649164,-0.025786717807736788
2023-08-16,0.002919513229147873,0.0010815765613576796,0.0003258180804550648,0.0,0.0020004617857690993,0.0010815773375429682,0.0003258180804550648,-0.004252198361880819
2023-08-17,-0.0006797874421328232,0.00035190990488408104,0.00017909078451339155,0.0,-0.000396123943611496,0.0001790862258894768,0.00017909078451339155,-0.010441013416622586
2023-08-18,0.001403974000279109,0.0008041348671174933,0.0011729232501238585,0.0,0.0013434119557729862,0.0011729216561506533,0.0011729232501238585,0.002284884213097644
2023-08-21,-0.0003101869353874492,0.0039528301437633225,0.0011382203083485365,0.0,4.489865212655651e-05,0.0011382206427734008,0.0011382203083485365,0.003417673436962123
2023-08-22,0.0004059556917903258,0.0012488587040907011,0.0008151151123456657,0.0,0.0005239193865943792,0.0008151152495654529,0.0008151151123456657,-0.02095669932044228
2023-08-23,0.0025882134927066175,0.0028809126155622746,0.001892452361062169,0.0,0.0023032861827788527,0.0025882115325608908,0.001892452361062169,0.006740450661023889
2023-08-24,-0.0014026611824973256,-0.00012162619034391639,0.0010653554927557707,0.0,-0.0005052837157570793,-0.00012162625199783706,0.0010653554927557707,-0.0009504915262128209
2023-08-25,0.0011619860761225562,-5.78893177111401e-05,0.0011956158559769392,0.0,0.0012346703744598943,0.0011619588275009847,0.0011956158559769392,-0.0012232658261984858
2023-08-28,0.0004911266398547695,0.0053960527585218375,0.0012074185069650412,0.0,0.0005300819140966528,0.0012074196605297955,0.0012074185069650412,0.003462220573000125
2023-08-29,0.00011729236265418529,0.0020074271813098755,0.0007829801761545241,0.0,0.0002838682248101334,0.0007829808584978908,0.0007829801761545241,0.008099256263875736
2023-08-30,-2.0065140440121655e-05,-0.0012029329973316178,-0.0002042256819549948,0.0,-3.3901605578071656e-05,-0.0002042300543929043,-0.0002042256819549948,-0.00404137469420873
2023-08-31,0.0013234363843456103,0.003347470399619787,-0.0005563555750995874,0.0,0.0004933702656935944,0.0013234364221788627,-0.0005563555750995874,-0.01242829315693896
2023-09-01,0.001293827011122925,-0.0006026421480758085,-0.00026651579537428916,0.0,0.000779572193841654,-0.0002665134779599902,-0.00026651579537428916,0.003343068820444098
2023-09-05,-0.0005382891564819578,0.0016623332692216944,-5.5458309361711144e-05,0.0,-0.00045800857534803417,-5.545682825071095e-05,-0.0005382891564819578,-0.011095360947665993
2023-09-06,0.0017883166807245179,0.007836081522809723,0.001283698482438922,0.0,0.001296542580288312,0.0017883184893024606,0.0017883166807245179,-0.0016542531992567065
2023-09-07,-6.864286754464831e-05,0.0032148908935379027,0.0008133241208270192,0.0,0.00011397582617935257,0.0008133248360429663,-6.864286754464831e-05,-0.008590733479350538
2023-09-08,0.0012466921515243057,-0.001012396351330237,0.0003706810821313411,0.0,0.0010163353487713433,0.000370680665174489,0.0012466921515243057,0.0007648875821903775
2023-09-11,-9.424300940409706e-05,0.0029571811979645355,-0.0005071002524346113,0.0,-0.00040392318537322116,-9.424092643588506e-05,-9.424300940409706e-05,0.0043707257590039315
2023-09-12,0.00019374258022758826,0.002343881304058706,-0.0009348687017336488,0.0,-0.0003503029270727251,0.0001937430000509864,0.00019374258022758826,0.012929974336058395
2023-09-13,-0.0004432321828698257,0.005446833110273612,-0.0010442992206662893,0.0,-0.0009648161415601719,-0.0004432306943987371,-0.0004432321828698257,0.00047803149371826036
2023-09-14,0.0011686656194224768,0.002090903639536466,-0.0008151096990332007,0.0,0.00035198786252745127,0.001168665041031437,0.0011686656194224768,0.019212090985352582
2023-09-15,-0.0013478412628034533,0.006840753153516212,-0.0008819189388304949,0.0,-0.0015667118485190095,-0.000881916931178431,-0.0013478412628034533,-0.0029524152961949417
2023-09-18,0.0018918786086627743,0.0030413018339164695,-0.0013324364554136992,0.0,0.0005815753855807411,0.0018918780501233695,0.0018918786086627743,0.002081044341615142
2023-09-19,-4.859699544577657e-05,-0.001058933875075072,-0.0014588322956115007,0.0,-0.0005477621454104803,-0.0010589323746939302,-4.859699544577657e-05,-0.0012751890652943243
2023-09-20,0.0007406023118005833,0.0006881530462246402,-0.0010864464566111565,0.0,3.250907231776149e-05,0.0006881352431930324,0.0007406023118005833,-0.00423905011618163
2023-09-21,0.0007701817512016742,0.004363398283375234,-0.0002603652828838676,0.0,0.0001937704155788346,0.0007701824415333813,0.0007701817512016742,-0.007852593885664408
2023-09-22,0.0009437577781289857,-0.004029272510215276,0.00021464521705638617,0.0,0.0009031433104238258,0.00021464408479792216,0.0009437577781289857,-0.009629069756895868
2023-09-25,0.0009149842178722725,0.0004172128415770404,0.000474649656098336,0.0,0.0007680312700682028,0.00047466422050948423,0.0009149842178722725,0.0049284584570600965
2023-09-26,-0.00048398620285879183,0.002701623624739459,-0.000110378343379125,0.0,-0.0004943162376797352,-0.0001103760363916151,-0.00048398620285879183,-0.010433273082590774
2023-09-27,0.0017974693761173542,0.0046506469272360115,-0.0006960876053199172,0.0,0.0006881586125098713,0.001797469426588594,0.0017974693761173542,0.005847718137044914
2023-09-28,-0.0007236173517308686,0.005423185943908204,-0.001245121005922556,0.0,-0.0012267983369203736,-0.0007236156041572563,-0.0007236173517308686,0.012339663097691985
2023-09-29,-0.00020896601800314123,-0.0006759166234180238,-0.0011567245237529278,0.0,-0.000554794451578438,-0.0006759166846218975,-0.00020896601800314123,-0.017566504464322324
2023-10-02,0.002763865935990145,-0.001314217287532191,4.456203896552324e-06,0.0,0.001889811837791476,4.456598952211891e-06,0.002763865935990145,-0.008656800044964894
2023-10-03,9.522370753312429e-05,0.0005951948040718222,0.00040806792094372213,0.0,0.00019248003913401398,0.00040806580962663574,9.522370753312429e-05,-0.007400226046562454
2023-10-04,0.0007647843905783838,0.0007141452340649186,8.51533841341734e-05,0.0,0.0005029067422322994,0.000714127821082297,0.0007647843905783838,0.004474463653767081
2023-10-05,-0.00030879966761516,0.0007796821014452572,-0.0003752621996682137,0.0,-0.0003878347822389663,-0.0003087859779280825,-0.00030879966761516,0.004207657675326589
2023-10-06,0.00041377243689317525,0.0005216486302231257,-0.000635150820016861,0.0,5.083376360324977e-07,0.00041376428721428833,0.00041377243689317525,0.015278137136140181
2023-10-09,-0.000702203051030097,-0.0017375026551796938,-0.0005581676959991455,0.0,-0.0005955934110875683,-0.000702208934684164,-0.000702203051030097,-0.0022768492739397993
2023-10-10,0.001561476440086989,0.002518811566189273,-0.00034668316948227584,0.0,0.000772495604046597,0.0015614759212145665,0.001561476440086989,0.006060079557999508
2023-10-11,-0.0003414330036991966,-0.0015154523190671085,-0.00023483976838178933,0.0,-0.00024260910229844556,-0.00034144136211521466,-0.0003414330036991966,0.0034270714305773935
2023-10-12,0.0005419741026310513,0.00048790650231546903,7.486710092052817e-05,0.0,0.00036292812495785005,0.00048789107544969885,0.0005419741026310513,-0.0023291738011870823
2023-10-13,0.0008417784011928474,0.004704628791829278,0.00013439514441415668,0.0,0.0003778916908555954,0.0008417795521262615,0.0008417784011928474,0.01490802628087528
2023-10-16,-0.0010543620928701366,-0.004280883068780267,0.000862967106513679,0.0,-0.00015094141995315746,-0.0010543623041461803,-0.0010543620928701366,-0.0010139926610113292
2023-10-17,0.0014802577360609696,0.00010408666535987595,0.0008338794577866793,0.0,0.0012960801403515642,0.0008338792819838115,0.0014802577360609696,-0.0021668696443360746
2023-10-18,0.0004849726836531476,0.0019481324183326504,9.424821473658085e-05,0.0,0.00026150450294888146,0.0004849745474514231,0.0004849726836531476,-0.011041453801423302
2023-10-19,0.0013496106584956198,-0.00012836987234540596,-0.0006550760008394718,0.0,0.0006420746464339282,-0.0001283686566185271,0.0013496106584956198,-0.004258457207287195
2023-10-20,0.00021253877199601265,0.0004031424085241583,-0.001139746978878975,0.0,-0.00032276446297830783,0.0002125343183655788,0.00021253877199601265,-0.016236622459148066
2023-10-23,0.001778125942329547,0.0008434766047477435,-0.0011383283417671919,0.0,0.0006893979336964867,0.0008434760411938457,0.001778125942329547,-0.013735114816914331
2023-10-24,0.000774763421865918,0.003744684364871795,-0.0005871661705896258,0.0,9.991068551122063e-05,0.0007747638185589855,0.000774763421865918,0.0012050481321573693
2023-10-25,-0.0003368197606800785,0.004797243028788907,-0.000794588471762836,0.0,-0.000765727308799541,-0.00033681778037426824,-0.0003368197606800785,-0.0054694133961458846
2023-10-26,0.0011516900577481564,0.004694905025315606,-0.0008751521818339825,0.0,0.00019019899385242065,0.0011516902685697894,0.0011516900577481564,0.002560935416159886
2023-10-27,-0.00010459924873188473,0.0022606739797456942,-0.0007753802929073572,0.0,-0.00048107688831475025,-0.00010459818479048228,-0.00010459924873188473,-0.03668339202448696
2023-10-30,0.003956077546533468,0.0007422834325347316,0.0008316736202687025,0.0,0.0028978244383119165,0.0008316842425433048,0.003956077546533468,0.012669092280607131
2023-10-31,-0.002944471962338629,0.0010561383758856324,0.0009449886856600642,0.0,-0.001627083554100497,0.0009449801047634043,-0.002944471962338629,0.011863484980366252
2023-11-01,0.00045146965952013596,0.0002790154408398304,0.0006540620233863592,0.0,0.0005386969381520879,0.00045147050393873876,0.00045146965952013596,-0.0008633479896078209
2023-11-02,0.001162896036800349,0.0043766400778897895,0.0008027933072298765,0.0,0.0008658044569738748,0.00116289848747966,0.001162896036800349,0.017691853929593312
2023-11-03,-0.0013182299417615782,-0.0005630582565114246,5.326134851202369e-05,0.0,-0.0008216673523650595,-0.0005630585530942079,-0.0013182299417615782,0.01111062675196653
2023-11-06,0.0005314794451883008,0.0029170754252201675,-0.0002015109930653125,0.0,0.0001298116233903976,0.0005314803869194249,0.0005314794451883008,0.007524076137479533
2023-11-07,0.0003036779926313717,0.002542480394119155,-0.00047055704635567963,0.0,-0.00010686010345363267,0.00030367883463274046,0.0003036779926313717,-0.00048604470464418185
2023-11-08,0.0008490697525914267,0.0037616360051023275,-0.0005533081712201238,0.0,0.00016128644724886952,0.0008490701215463331,0.0008490697525914267,0.004918091593050915
2023-11-09,-8.557439536390285e-05,0.0016776427175080012,-0.0005927797174081206,0.0,-0.00036901032377835956,-8.557299802054025e-05,-8.557439536390285e-05,-0.002975656046232868
2023-11-10,0.0010206726953618166,0.00023049148153924423,-5.7923258282244205e-05,0.0,0.0006397463821818667,0.00023049366256268808,0.0010206726953618166,0.014722215821042188
2023-11-13,-0.001098987686256651,-0.0010870438672573078,-0.0001435207959730178,0.0,-0.0007279291822937638,-0.0010869732031491262,-0.001098987686256651,-0.004448891029106532
2023-11-14,0.001768621727116314,0.0016285105839874204,-0.00035272931563667953,0.0,0.0009503387304259104,0.001628504051443803,0.001768621727116314,0.018082277285880532
2023-11-15,-0.0015724791438393722,-0.0016343932415906711,-0.0006912800017744303,0.0,-0.0012266993862654273,-0.001572464629829315,-0.0015724791438393722,0.008719781037042922
2023-11-16,0.0007915305602788718,0.00048072285104883774,-0.0009848400950431824,0.0,0.00011577275697889752,0.0004807203355929786,0.0007915305602788718,0.01135498494669404
2023-11-17,-0.00018731622388113697,0.002127566108513704,-0.0014550797641277313,0.0,-0.0007935363588610609,-0.00018731586794730446,-0.00018731622388113697,0.00900514801922487
2023-11-20,0.00024412714315443564,-0.002498039470529431,-0.0018980875611305237,0.0,-0.00045513374213254333,-0.0018980863662385276,0.00024412714315443564,0.00307092279393011
2023-11-21,0.000628440398333313,-0.0034230150112658712,-0.00204761466011405,0.0,-0.00021449278894826776,-0.0020476143075139398,0.000628440398333313,-0.002089684212392895
2023-11-22,0.0007466436073809591,-0.0031880249333735926,-0.0019846726208925247,0.0,-0.00012349042385206702,-0.0019846721571153774,-0.0019846726208925247,0.0023505364421152917
2023-11-24,8.364840620673114e-05,-0.0018043786809538677,-0.0017247486393898726,0.0,-0.0005275030261969341,-0.0017247369412838347,-0.0017247486393898726,0.0013685905202921278
2023-11-27,0.00048739672016173685,-0.002982951587356278,-0.0012751378817483783,0.0,-2.860312261461018e-05,-0.0012751378636110058,-0.0012751378817483783,-0.0022820258871708216
2023-11-28,0.0007546237194142437,-0.00029453120951399876,-0.001115500694140792,0.0,7.847499114207557e-05,-0.0002945309457363598,-0.001115500694140792,0.002282025887170731
2023-11-29,0.0001231344518474845,-0.0012033390204033146,-0.0011235976126044989,0.0,-0.00029698730737484923,-0.0011235861796030882,-0.0011235976126044989,0.005067219749555297
2023-11-30,0.0001843558949460407,-0.004671510900569767,-0.0010541435331106186,0.0,-6.011629959633497e-05,-0.0010541440629462915,-0.0010541435331106186,0.011340495968106021
2023-12-01,-0.00024423830710691463,-0.00030847344693837186,-0.0012167389504611492,0.0,-0.0006193673534477009,-0.00030848744631610124,-0.0012167389504611492,0.004857428956172085
2023-12-04,0.0006955616953367055,-0.0004084240761648467,-0.0012591816484928131,0.0,-1.0821684341539867e-05,-0.0004084238076691047,-0.0012591816484928131,0.00730544633708317
2023-12-05,2.798899009295218e-05,-0.003196546956918438,-0.001448508002795279,0.0,-0.00038876303831094755,-0.00144850810774202,-0.001448508002795279,-0.00012642060672728858
2023-12-06,0.0008949878011159738,-0.0010438617117624351,-0.0015496471896767616,0.0,3.884600725846449e-05,-0.001043860257663695,-0.0015496471896767616,-0.01056408094690697
2023-12-07,0.0013669082907230526,-0.0006208985107316601,-0.0009700357913970947,0.0,0.0005550464375242786,-0.0006208961654006546,-0.0009700357913970947,0.003066152179025018
2023-12-08,-0.00044350489120282725,0.000686545830632426,-0.000712153734639287,0.0,-0.0006032142457957273,-0.0004435020797217139,-0.000712153734639287,0.01097346960776817
2023-12-11,-0.0002294071443607653,-0.002492475127923872,-0.0006368727190420032,0.0,-0.000277322247398414,-0.000636874622923928,-0.0006368727190420032,0.003652214309462934
2023-12-12,0.0008080776719075991,-0.00013318244468294896,-0.0007054010638967156,0.0,0.00026537944311772594,-0.0001331817633376508,-0.0007054010638967156,0.008885595404380142
2023-12-13,-0.00018926253453129498,-0.0011908859208384947,-0.0009286574786528945,0.0,-0.00042792077913539025,-0.0009286550428452994,-0.0009286574786528945,0.003358423755579572
2023-12-14,0.0006879835103237124,-0.0025828319421783608,-0.001035576919093728,0.0,0.00017739396820465715,-0.001035576853144046,-0.001035576919093728,0.018028648668559716
2023-12-15,-0.0010041075656218132,-0.0017170775248298098,-0.0010640599066391587,0.0,-0.00099259090275734,-0.0010640745217628974,-0.0010640599066391587,0.007532784782663266
2023-12-18,0.0008750788298093936,-0.0006572268792462494,-0.0014380782376974821,0.0,5.021332606712015e-05,-0.0006572262536246213,-0.0014380782376974821,0.006034039739724664
2023-12-19,0.00025606432067594903,5.63646855467431e-05,-0.0013808957301080227,0.0,-0.0003708965752937605,5.636042246617856e-05,-0.0013808957301080227,0.013266389460568392
2023-12-20,-0.00041557813401030193,-0.0013167034521690325,-0.001340506481938064,0.0,-0.0007313125362510429,-0.0013166658026806605,-0.001340506481938064,-0.011343237071598134
2023-12-21,0.0022680564363160025,-0.0022159362403249955,-0.0008240254828706384,0.0,0.001284437757359216,-0.0008240250886621529,-0.0008240254828706384,0.005687749263195761
2023-12-22,-0.0008332124467158178,-0.0033579690894461845,-0.0005727087846025825,0.0,-0.0006085254642063904,-0.0008332158604273577,-0.0005727087846025825,-0.000597204217535642
2023-12-26,0.000967460443526816,-0.0013810658761424309,-0.0004492847656365484,0.0,0.0005311475686897629,-0.0004492843995696792,-0.0004492847656365484,0.005896470727971403
2023-12-27,-8.319146511570933e-05,-0.0019372007971729741,-0.0004482837102841586,0.0,-0.00013461162047053376,-0.00044828576367073747,-0.0004482837102841586,0.005980184191546442
2023-12-28,0.00032498981323712654,-0.0027395832525537785,-0.0006832934450358152,0.0,8.254016190368813e-05,-0.0006832939490172353,-0.0006832934450358152,0.005298902558361116
2023-12-29,0.00035775756583807507,-0.004560632395888577,-0.0009234421886503696,0.0,9.973139112009658e-05,-0.0009234426931659658,-0.0009234421886503696,-0.001175295537339535
2024-01-02,0.0008830105375657888,-0.004577866619476567,-0.0010823322227224708,0.0,0.00038538357349759023,-0.0010823324451066363,-0.0010823322227224708,0.011573088066933945
2024-01-03,-0.0006487538067625182,-0.002350575964684166,-0.001282009412534535,0.0,-0.0008119157335461534,-0.0012820100526201245,-0.001282009412534535,-0.004367997973145913
2024-01-04,0.0016178055696569756,-0.0009436422164444988,-0.0012952220859006047,0.0,0.0006098963250896143,-0.0009436397783261163,-0.0012952220859006047,0.006614172168385958
2024-01-05,-0.0004441419847548441,-0.002880914967194216,-0.0010695145465433598,0.0,-0.0005683277433467297,-0.001069515589043301,-0.0010695145465433598,0.005004755427149092
2024-01-08,0.00048661290553205633,-0.0026639712178482687,-0.0008371454896405339,0.0,0.00012565735916258964,-0.0008371456971269109,-0.0008371454896405339,-0.0014522849490317936
2024-01-09,0.0009040728147351276,-0.0029401680889805963,-0.0008290284313261509,0.0,0.0004177900037768692,-0.0008290285344319342,-0.0008290284313261509,-0.007937423581603768
2024-01-10,0.001076982366589545,-0.002791491258841714,-0.0007921234937384725,0.0,0.00053898269592502,-0.0007921235285234943,-0.0007921234937384725,0.0021071919510493357
2024-01-11,-0.00016120127483732882,0.002395020030973061,-0.0008320214692503214,0.0,-0.0005470239309118676,-0.00016120017945209713,-0.0008320214692503214,-0.00421892575011679
2024-01-12,0.0010831066878082408,-0.005665724125674233,-0.0009537910809740424,0.0,0.0006205772687552899,-0.0009537913592980688,-0.0009537910809740424,-0.007367070624249094
2024-01-16,0.0008979255101385413,-0.008602908947679093,0.0007830909453332424,0.0,0.0013174730413107508,0.0007830824927335731,0.0007830909453332424,-0.006289996748676125
2024-01-17,0.0006432733587725064,-0.005576063940950113,0.0004355958371888846,0.0,0.0008663732605885066,0.0004355912342448805,0.0004355958371888846,-0.005372034531147625
2024-01-18,0.0006667251573106199,0.00280414595451006,-8.212431566789746e-06,0.0,0.0002997637199245169,0.0006667261671361468,-8.212431566789746e-06,0.001973026501585012
2024-01-19,5.5978479102193124e-05,-0.002460381849071364,-0.0006366161396726966,0.0,-9.046556480727291e-05,-0.0006366170316466636,-0.0006366161396726966,0.01711472065295871
2024-01-22,-0.0008581717419283388,-0.004987379605691272,-0.001085020019672811,0.0,-0.0007446530114720911,-0.0010850241332608088,-0.001085020019672811,-0.001175036010881692
2024-01-23,0.0016540511153913073,0.0012005661167476915,-0.0009021168807521462,0.0,0.0006819515950854516,0.001200564396414845,-0.0009021168807521462,-0.006605598147629778
2024-01-24,0.0008831035463879525,7.339830003467178e-05,-0.0007652858039364219,0.0,0.00028150214914329406,7.339825756775718e-05,-0.0007652858039364219,0.008895622516607374
2024-01-25,-0.00070626309387829,0.004197731942101602,-0.0005966466851532459,0.0,-0.00090323715042617,-0.0005966379343713468,-0.0005966466851532459,0.01420941845970478
2024-01-26,-0.00014542142706121155,-0.0010549962689879243,-0.00022297221585176885,0.0,-0.00013114374233603516,-0.00022298358760257852,-0.00022297221585176885,-0.003823543957131662
2024-01-29,0.00166300661920893,0.0026611195156482077,7.878613541834056e-05,0.0,0.0009980339778396616,0.0016630062497509633,7.878613541834056e-05,0.002608567507524434
2024-01-30,-8.34574201505528e-05,0.0012802288739087331,1.4196790289133787e-05,0.0,-0.00011210364163199483,1.4206036437666514e-05,1.4196790289133787e-05,0.020287318290303922
2024-01-31,-0.0011200042449752198,0.0025624102714360917,-4.278798587620258e-05,0.0,-0.0008809300929504321,-4.278744283115776e-05,-4.278798587620258e-05,-0.0108948657894764
2024-02-01,0.002725732013853342,-0.004770512402680957,0.0006532734259963036,0.0,0.00228588960625626,0.0006532731282478881,0.0006532734259963036,-0.0036197728458942967
2024-02-02,-1.8523710454402447e-06,-0.0032621445335588766,0.00040657585486769676,0.0,0.00031631043719322426,-1.8545009936941125e-06,0.00040657585486769676,0.005739636871595834
2024-02-05,-0.0001566650274939757,0.0028554465581716944,-0.00016530873836018145,0.0,-0.00030719992239897976,-0.0001565714041532735,-0.00016530873836018145,-0.001317256349579136
2024-02-06,0.0010381676957706963,-0.0005751718833461778,-0.0007677341345697641,0.0,0.00041456548617463276,-0.0005751673626535116,-0.0007677341345697641,0.0034324566874450206
2024-02-07,7.612103296422338e-05,-0.0014189704522370294,-0.0012365736765787005,0.0,-0.000361419076976238,-0.001236569014104012,-0.0012365736765787005,0.0018828546670423998
2024-02-08,0.0005582791133672594,0.001928823030278237,-0.0015322495019063354,0.0,-0.00032182619685451814,0.0005582788626837519,-0.0015322495019063354,-0.0035975653724567005
2024-02-09,0.00092882093221599,0.0009346966381024584,-0.0015751775354146957,0.0,-4.543104864020251e-05,0.0009286943520994237,-0.0015751775354146957,0.001200597174578096
2024-02-12,0.00016486552872304076,-0.0011093741518183146,-0.0015221870271489024,0.0,-0.00042907714634773106,-0.001109372524641563,-0.0015221870271489024,0.004447013156120421
2024-02-13,0.00021859047387441308,0.00014830557243536996,-0.0012305923737585545,0.0,-0.0003416551258706304,0.00014829246232284763,-0.0012305923737585545,-0.008741662711683392
2024-02-14,0.001563957376892743,3.0186476915930564e-05,-0.0006749510066583753,0.0,0.0007680435170717189,3.018723993000702e-05,-0.0006749510066583753,0.010105909294992355
2024-02-15,-0.0009664787279340179,-0.0010056096555806596,-0.0005755240563303232,0.0,-0.0008124995419936567,-0.0009664569588048455,-0.0005755240563303232,0.021580046096059867
2024-02-16,-0.0007286365979147718,-8.252398983339745e-05,-0.0004989580484107137,0.0,-0.0006708692276957717,-0.000498956121928297,-0.0004989580484107137,-0.0046810272403331
2024-02-20,0.0021898315976433724,0.0023854394869248247,-0.00050286331679672,0.0,0.001132913140320268,0.0021898269082073893,-0.00050286331679672,0.0039023033072495177
2024-02-21,-0.00031397428930232544,-0.0007813946157428503,-0.000754498178139329,0.0,-0.00046248384118244924,-0.0007544658290326466,-0.000754498178139329,0.006488707890235738
2024-02-22,0.00019191625277372923,0.0004283278479784889,-0.0008641383610665798,0.0,-0.00023040197031525033,0.00019191300346477902,-0.0008641383610665798,0.01192423246649344
2024-02-23,-0.00016715493680559271,-0.0018676227339361868,-0.000984198646619916,0.0,-0.0004018699672036543,-0.000984198738153803,-0.000984198646619916,0.005012834762127944
2024-02-26,0.0007484359587534139,-0.002057992170029164,-0.0009340542601421475,0.0,0.0002311311202573339,-0.0009340539656449644,-0.0009340542601421475,-0.0034300749051320266
2024-02-27,0.0010431865058313343,-0.0005832763677415799,-0.0009487805655226111,0.0,0.00034785285184518917,-0.0005832742607567251,-0.0009487805655226111,0.0004907927651615136
2024-02-28,0.0002250587159215119,-0.0010975557586502796,-0.0011165698524564505,0.0,-0.00023216290505170443,-0.0010975089247940919,-0.0011165698524564505,0.005056817345624936
2024-02-29,0.00013337136219690883,-7.152581319483203e-05,-0.0011009264271706343,0.0,-0.0003367145155205192,-7.152967697633596e-05,-0.0011009264271706343,0.009070197203146627
2024-03-01,2.9121033461053814e-05,-0.0015127202549296795,-0.0011946753365918994,0.0,-0.00037155662442968503,-0.0011946730278207915,-0.0011946753365918994,-0.004147045400147072
2024-03-04,0.0014112506589813562,-0.000741258966974377,-0.001136242295615375,0.0,0.0005255403415223381,-0.0007412569121172453,-0.001136242295615375,0.007473676864380672
2024-03-05,-0.00046943534373912596,3.246935200867338e-05,-0.0010852435370907187,0.0,-0.0007334857066817853,-0.00046943570961720135,-0.0010852435370907187,0.009967478101623723
2024-03-06,0.00011674198137326354,0.0004933294761418495,-0.0010256686946377158,0.0,-0.0003460146708542947,0.00011674021378403893,-0.0010256686946377158,0.005184056845666545
2024-03-07,0.0006263203198100674,-0.0008217506626764386,-0.0010879316832870245,0.0,3.0291499903313513e-05,-0.0008217476234653877,-0.0010879316832870245,-0.00879714767183376
2024-03-08,0.0015421849288846565,2.2726982959170706e-05,-0.0007888836553320289,0.0,0.0007097247464826989,2.2727554784467617e-05,-0.0007888836553320289,0.0018612836685940046
2024-03-11,-0.00022317732803869318,0.0002398179162830894,-0.0004769057559315115,0.0,-0.00034449062119388456,-0.00022317556818526028,-0.0004769057559315115,0.00037170792627113763
2024-03-12,0.0006766246903945443,-0.0009168206677903343,-0.0006016497500240803,0.0,0.0002572784248770657,-0.0006016473782265815,-0.0006016497500240803,0.008198401880016715
2024-03-13,-0.00018226154458225187,-0.003366199033364101,-0.0008538500405848026,0.0,-0.00028791691730745145,-0.0008538511274541056,-0.0008538500405848026,0.008079466435797383
2024-03-14,0.0002953103227745031,0.001210685957837269,-0.0011215570848435163,0.0,-0.0003005254503456609,0.00029530993749568596,-0.0011215570848435163,-0.01797871097497502
2024-03-15,0.002568386272554331,-0.004798793449487806,-0.0006840587593615055,0.0,0.001663265646016863,-0.0006840588237225953,-0.0006840587593615055,0.012319457650390742
2024-03-18,-0.0017439785301038486,-0.005520940220739168,-0.0010209206957370043,0.0,-0.00127819152697564,-0.0017439796446816268,-0.0010209206957370043,0.012325230174570562
2024-03-19,0.00031199645671215045,-0.0027564362293652357,-0.0010904149385169148,0.0,-8.356621097478347e-05,-0.0010904150510463036,-0.0010904149385169148,0.005848090365307299
2024-03-20,0.0006907122347330603,-0.0024440612633669844,-0.0011301478371024132,0.0,0.0001356295923135094,-0.0011301476257623735,-0.0011301478371024132,0.01302182607850659
2024-03-21,-0.00040280311971193023,0.0007237815688357532,-0.001163878245279193,0.0,-0.0007538791467429511,-0.00040280269529001817,-0.001163878245279193,0.013809217396153846
2024-03-22,3.5212681404165475e-05,-0.002370093872879805,-0.0011806171387434006,0.0,-0.00032017706788369307,-0.0011806171205815705,-0.0011806171387434006,-0.01233319741312039
2024-03-25,0.002386787047685574,-0.0017200448928419245,-0.0004555358027573675,0.0,0.0014818874156704658,-0.0004555353647628661,-0.0004555358027573675,-0.009196846439284237
2024-03-26,0.0004965142359740033,-9.021838596725503e-05,-5.2483577746897936e-05,0.0,0.00031164188794847785,-5.246022471843067e-05,-5.2483577746897936e-05,0.0046600245625632
2024-03-27,-0.0003467822274663521,0.0004888688044937699,1.4494144124910235e-05,0.0,-0.0002470889736368724,1.4494797665762561e-05,1.4494144124910235e-05,0.01917842062658851
2024-03-28,-0.0007900125281655578,0.0013291302993672428,-0.00031059663160704076,0.0,-0.0007070791182838447,-0.0003105951635138557,-0.00031059663160704076,0.0039017844269848773
2024-04-01,0.001329995596067148,-0.002225757599360072,-0.0007449304684996605,0.0,0.0006966596784114744,-0.0007449302755929418,-0.0007449304684996605,-0.006813083209176607
2024-04-02,0.0012322403346688377,-0.004773057373751788,-0.000869078328832984,0.0,0.0007083242339949033,-0.0008690785482543842,-0.000869078328832984,-0.00040226527603970635
2024-04-03,0.00011416948338386214,-0.0030591936652223746,-0.000988346990197897,0.0,-0.0001596179617453352,-0.0009883474131432816,-0.000988346990197897,-0.002819921800771495
2024-04-04,0.000832471688403101,0.0009585961820043957,-0.0009424043819308281,0.0,0.00013594656754482447,0.0008324644462478439,-0.0009424043819308281,-0.007637526198197565
2024-04-05,0.0010711744751305031,-0.007634392723967649,-0.00014626033953391016,0.0,0.0010229933341422584,-0.00014626102607703052,-0.00014626033953391016,0.009158040672620507
2024-04-08,-0.0007203659463186453,0.0011723583071642024,-0.00011394856846891344,0.0,-0.0005769706618544516,-0.0001139477010718408,-0.00011394856846891344,0.005202947015252233
2024-04-09,0.0006996567267900993,-0.0006422429101243743,-0.0005224414635449648,0.0,0.00028987038184781835,-0.0005224340703401921,-0.0005224414635449648,-0.006723540681509794
2024-04-10,0.0014016396014826466,-0.005160113351865436,-0.0006178320618346334,0.0,0.0009367476192275453,-0.0006178323364669641,-0.0006178320618346334,-0.008557872871863204
2024-04-11,0.0008443847749156075,-0.001934988814178304,-0.0006619769847020507,0.0,0.00039426564648543044,-0.0006619768633664699,-0.0006619769847020507,-0.0002047340706890697
2024-04-12,9.464870302810347e-05,-0.004447077714306238,-0.0005972320213913918,0.0,4.744241908825342e-05,-0.0005972332029459135,-0.0005972320213913918,-0.06686432118741126
2024-04-15,0.006591190493865815,-0.017082953440129042,0.0005068812752142549,0.0,0.005381340919172035,0.0005068811677556213,0.0005068812752142549,0.0005470070542843845
2024-04-16,-0.003557646731516681,0.0007170142286425186,0.0015728110447525978,0.0,-0.001770945505974316,0.0007170132966923101,0.0015728110447525978,-0.01149346260036051
2024-04-17,0.002116240528720786,-0.004676498886046312,0.002108499873429537,0.0,0.002445125268154924,0.002108397356721812,0.002108499873429537,-0.0039902175241578785
2024-04-18,0.00029515831968668815,-0.0023003962262394873,0.002133263275027275,0.0,0.001136934389494638,0.0002951581612168716,0.002133263275027275,0.006475999220785553
2024-04-19,-0.00023200932334289763,-0.007460251053528087,0.0013846885412931442,0.0,0.0007500020740547663,-0.00023200980281549112,0.0013846885412931442,0.02479362107870009
2024-04-22,-0.0012269440644610803,-0.002027239918716397,-0.0006213767919689417,0.0,-0.0009522975553406865,-0.0012269444639471795,-0.0006213767919689417,0.01924319560389323
2024-04-23,0.0003084906537251696,0.0011407827335170396,-0.0018538115546107292,0.0,-0.0005732328206666567,0.00030848991714645346,-0.0018538115546107292,0.014310133468695335
2024-04-24,0.0002640722677052131,0.002541834084456994,-0.0023813864681869745,0.0,-0.0008762077777113223,0.00026407220678360095,-0.0023813864681869745,0.004880377925642814
2024-04-25,0.000818059365808494,0.003483479425569659,-0.002135053277015686,0.0,-0.0004608280431752013,0.0008180593293109813,-0.002135053277015686,0.0015009497680794938
2024-04-26,0.0005869297778834982,0.0029470583882994983,-0.0013823077315464616,0.0,-0.0002943491235655361,0.0005869298618320837,-0.0013823077315464616,0.0006204548923456271
2024-04-29,0.0005269144363181224,0.0023931424685158724,-6.580702029168606e-05,0.0,0.00020518267390724136,0.0005269155825120174,-6.580702029168606e-05,-0.0010859478532652513
2024-04-30,0.0006552763119695259,0.003259663076360593,0.0009884503670036793,0.0,0.0006576177467365673,0.0009884529106254632,0.0009884503670036793,-0.007999721179297788
2024-05-01,0.0011659687352190812,0.0006276514022321546,0.0021240299101918936,0.0,0.0015649222705189157,0.0011659695443845927,0.0021240299101918936,0.0006256464443820552
2024-05-02,-5.644093349967366e-06,0.0007503932648646955,0.002532634185627103,0.0,0.000944714161715209,0.0007503940235990245,0.002532634185627103,-0.0010428801826461015
2024-05-03,0.0007208203907586504,-0.0023370921325511383,0.0019009208772331476,0.0,0.0013292474762186383,0.0007208198716134641,0.0007208203907586504,-0.006018353584689242
2024-05-06,0.001001900536773632,0.00016634941162158094,0.0005783401429653168,0.0,0.0008779761682019477,0.0005783402086359696,0.001001900536773632,0.007790660234353083
2024-05-07,-0.0005198871645983061,0.00209916075165754,-0.0013759959256276488,0.0,-0.0009808501051657102,-0.0005198863807713044,-0.0005198871645983061,-0.0013029614655243437
2024-05-08,0.0011688074697308063,0.0003695306872976267,-0.002568468451499939,0.0,-0.00024580483491461755,0.0003695297794251891,0.0011688074697308063,0.020134979822379984
2024-05-09,-0.0013719779382447813,0.001381135073721924,-0.003029072657227516,0.0,-0.002151045929707781,-0.0013719776984679045,-0.0013719779382447813,0.00941127465493821
2024-05-10,0.0009345946609854177,-0.002293838679061523,-0.002959092613309622,0.0,-0.0004221665847289124,-0.0022938374899371533,0.0009345946609854177,0.006409699239135856
2024-05-13,0.0004047170424732611,0.00043445080829807,-0.0025753609370440245,0.0,-0.0007558783726373167,0.00040468586530487816,0.0004047170424732611,-0.0002011776005543391
2024-05-14,0.0008531683788122077,-0.0002952961142305414,-0.0019053469877690077,0.0,-0.00016368001819223388,-0.00029529636311699384,0.0008531683788122077,0.013891848289314432
2024-05-15,-0.0007513512600781418,-0.0012242572082613748,-0.0013805548660457134,0.0,-0.0009729823723573275,-0.0012242529966725794,-0.0013805548660457134,0.0029730705078559647
2024-05-16,0.0011192004942501984,0.0012617531936389632,-0.0008850336307659745,0.0,0.00033266069296615226,0.001119194074782116,-0.0008850336307659745,0.0017796858538622995
2024-05-17,0.0004604432891016863,-0.0008722833416297853,-0.00042847052100114524,0.0,0.00017980542822689888,-0.00042846940034749914,-0.00042847052100114524,0.011393239895748922
2024-05-20,-0.00039915344755156446,-0.0005095554770743961,-0.000471051869681105,0.0,-0.00042172505386827504,-0.00047104070888206095,-0.000471051869681105,-0.04601552348463411
2024-05-21,0.005284092045543428,0.012627267144566594,0.0018948717042803764,0.0,0.0036070177923533692,0.00528409220427874,0.0018948717042803764,0.01994504670415632
2024-05-22,-0.004148652285262259,0.0001281412647648309,0.0009933137334883213,0.0,-0.0023575789684546363,0.00012814034530217997,0.0009933137334883213,-0.006083006355810207
2024-05-23,0.00261307200979976,-0.0025662726842054493,0.00034170260187238455,0.0,0.001982655969169768,0.0003417025056421824,0.00034170260187238455,-0.007034045760357914
2024-05-24,0.0007098639221506099,0.001244560318959463,-0.000652877613902092,0.0,0.00015368127455717823,0.0007098627916377265,-0.000652877613902092,0.01906363867918576
2024-05-28,-0.0015841019306541354,0.0034768637440435995,-0.0016633688937872648,0.0,-0.001862214430461291,-0.0015840898230141242,-0.0016633688937872648,-0.006046909568747767
2024-05-29,0.0023198259803617442,0.003503897300095023,-0.0018270618747919798,0.0,0.0006489823720329823,0.00231982537827045,-0.0018270618747919798,-0.006991863254212872
2024-05-30,0.0006531364627716084,0.0005129287474415856,-0.0016559737268835306,0.0,-0.00023817333658138803,0.0005129221760909478,-0.0016559737268835306,0.0061394160301640865
2024-05-31,-0.0004232227653772487,0.0014348412700288644,-0.0012743821134790778,0.0,-0.00084507863014214,-0.0004232221308787676,-0.0012743821134790778,0.01641992884018115
2024-06-03,-0.0004597861234689383,-0.002067986131183685,-0.0008561377180740237,0.0,-0.0005353753636077456,-0.0008561394045965814,-0.0008561377180740237,-0.004005449349635637
2024-06-04,0.001871297794000666,0.0016202013261726878,-0.0002318288607057184,0.0,0.0010655262064841807,0.0016201979144683145,-0.0002318288607057184,-0.013267732393478782
2024-06-05,0.0013317202048356712,0.0010643609552840236,0.0005518482066690922,0.0,0.0010414414521011492,0.0010643591863436412,0.0005518482066690922,-0.009585863847793256
2024-06-06,0.0005685680506421223,0.0035571972464792175,0.0011275612050667405,0.0,0.0006399707355710548,0.0011275625763749364,0.0011275612050667405,-0.0017759087873123606
2024-06-07,0.0002058816942098039,-0.0024478528501575406,0.0010435566073283553,0.0,0.0006613693347992031,0.00020588087981600377,0.0010435566073283553,0.015320591744740968
2024-06-10,-0.0008386340295513318,-0.002204377039312198,0.0006834124214947224,0.0,-0.0001798823062521569,-0.0008386339545677744,0.0006834124214947224,-0.0017018580395106312
2024-06-11,0.0016554908734418006,-0.0008979824124600811,0.00020884964033029974,0.0,0.0012175633049119243,0.00020884985187822187,0.00020884964033029974,-0.02665332510400367
2024-06-12,0.0026700433158230877,0.002607477266273549,0.0002263775677420199,0.0,0.0017226026696385013,0.0026074621977813035,0.0002263775677420199,-0.014667651453037086
2024-06-13,0.00016792132296546147,0.0016404706612739718,0.0011559200938791037,0.0,0.00048026786658465065,0.0011559190486943682,0.0011559200938791037,0.011059617106602394
2024-06-14,-0.00114926433635888,-0.0005573768242127296,0.0006360170664265752,0.0,-0.0004837742298420144,-0.0005573759769353274,0.0006360170664265752,0.0006193649124807129
2024-06-17,0.001305001314911092,0.004998756014809553,-6.140506593510509e-05,0.0,0.0005930405043964359,0.0013050017751075201,-6.140506593510509e-05,0.006173522252115136
2024-06-18,-3.744130418437662e-05,-0.0004564400166884393,-0.0009988159872591496,0.0,-0.000390908884467727,-0.00045644055502923846,-0.0009988159872591496,0.010306731757163765
2024-06-20,-2.2734356050735068e-05,0.0026684982675561557,-0.0014670154778286815,0.0,-0.0007160020538047034,-2.273403592315611e-05,-0.0014670154778286815,0.008441396053114737
2024-06-21,0.00038157199043421124,0.0019296407510722483,-0.001451851916499436,0.0,-0.0004072028064820226,0.0003815718901347699,-0.001451851916499436,-0.012000993269336875
2024-06-24,0.0020299844632220353,-0.003929429651315895,-0.0016647770535200834,0.0,0.0008840348027165546,-0.00166477688284789,-0.0016647770535200834,0.01305749458290702
2024-06-25,-0.00141289193503139,0.0055959136821083335,-0.0013786688214167953,0.0,-0.001742033024097064,-0.0013786413579621856,-0.0013786688214167953,-0.0040811289334488745
2024-06-26,0.0017677923801994136,0.00266821564149919,-0.0003430100914556533,0.0,0.0009027715289493675,0.001767791745376629,-0.0003430100914556533,-0.003236464044133464
2024-06-27,0.0005048060632040379,0.002873656505706273,3.747502341866493e-05,0.0,0.00020728833731728622,0.0005048077721082294,3.747502341866493e-05,0.008774645075230372
2024-06-28,-0.0004292119559832731,0.0006394229916770892,8.511671330779791e-05,0.0,-0.0002813705646570271,8.511685248821304e-05,8.511671330779791e-05,0.015395331313555713
2024-07-01,-0.00025345675896121657,0.001252746101535635,-0.0002517896646168083,0.0,-0.00032640190720932576,-0.00025151758367668943,-0.0002517896646168083,0.015648679051761424
2024-07-02,3.256440709475321e-05,0.0006088570217804574,-0.00020103776478208601,0.0,-8.645624829820894e-05,3.256692232788202e-05,-0.00020103776478208601,0.01631784085598185
2024-07-03,-7.225152495807306e-05,-0.001082888818830421,-0.0005178782157599926,0.0,-0.00019620411525322825,-0.0005178786861308032,-0.0005178782157599926,-0.0006706208893996141
2024-07-05,0.0014638794986545055,0.0004310802846154434,-0.0006574594881385565,0.0,0.0006892182362162553,0.0004310802352214541,-0.0006574594881385565,-0.013339104182796458
2024-07-08,0.0015482314949373857,0.0004953752389798305,-0.0007222591666504741,0.0,0.0007165356163291749,0.0004953751109011015,-0.0007222591666504741,0.0018539102485767426
2024-07-09,-0.0004457490837637489,0.0017471261003284499,-0.0008959106635302305,0.0,-0.0007279902989245776,-0.0004457473277699686,-0.0008959106635302305,0.011918789350122281
2024-07-10,-0.0003009401172038783,0.0015068795919728941,-0.0008515606168657541,0.0,-0.0006034422785161048,-0.0003009388601837589,-0.0008515606168657541,0.0008184345484435823
2024-07-11,0.0011928886182175904,-0.0015126026986531627,-0.0011590128997340798,0.0,0.0004102751744005603,-0.001159010512328681,-0.0011590128997340798,-0.001685813466789541
2024-07-12,0.0006440150520029003,-0.0019796634553142407,-0.001574166351929307,0.0,-9.058350294103483e-05,-0.0015741643483355642,-0.001574166351929307,-0.012173041562747637
2024-07-15,0.001489628496322177,-0.002872757753091686,-0.001577888848260045,0.0,0.0005096228172621218,-0.0015778884029560894,-0.001577888848260045,0.02462835338357407
2024-07-16,-0.0023585979774971766,0.0014193985343840343,-0.0012994230492040515,0.0,-0.0021312114200543577,-0.0012994224743881936,-0.0012994230492040515,0.01685310334981016
2024-07-17,0.000632170801890147,-0.0003302789384751932,-0.0011261414038017392,0.0,-4.723464412651553e-06,-0.000330278721986732,-0.0011261414038017392,0.015099308168096926
2024-07-18,7.301239022156048e-05,-0.00023413844937110107,-0.0012073024408891797,0.0,-0.0004099763042974824,-0.00023414065857682267,-0.0012073024408891797,-0.032285840769371535
2024-07-19,0.00415100554052033,0.002007380767569687,-1.312466338276863e-06,0.0,0.002640642170395377,0.0020073807988458875,-1.312466338276863e-06,-0.0009529188439321457
2024-07-22,-0.0014158973225708508,0.00043402206459557043,0.0004250721831340343,0.0,-0.0007902144253072138,0.0004249813960482637,0.0004250721831340343,0.0023807076140990257
2024-07-23,0.0005239858965287009,0.001730772972361002,0.00045336090261116624,0.0,0.0004375512968878462,0.000523998838764891,0.00045336090261116624,0.00023772980259520847
2024-07-24,0.0007124436834220302,0.0037615839781854833,0.00020024475816171616,0.0,0.0003642347767223691,0.0007124453004493794,0.00020024475816171616,-0.008307161159461476
2024-07-25,0.0012691763556533261,0.0008339504082573896,0.0002709620457608253,0.0,0.0009021723604353659,0.0008339498910562884,0.0002709620457608253,0.00038349592688367325
2024-07-26,1.9499797072053838e-05,0.0012694941925683709,-9.63479105848819e-05,0.0,-8.663592798630495e-05,1.9507483926336484e-05,-9.63479105848819e-05,0.016963618751656195
2024-07-29,-0.0008502899197946294,0.0021921950378069755,-0.000555268838070333,0.0,-0.0008841942403124888,-0.0005552658350095392,-0.000555268838070333,-0.00657068711725018
2024-07-30,0.0021542468127183074,0.0024398105462837146,-0.00035948361619375646,0.0,0.0011625437978702593,0.0021542437327229462,-0.00035948361619375646,0.02037440236265428
2024-07-31,-0.001761125672971694,0.0016739583366753602,-0.0007028052350506186,0.0,-0.0015173166590784252,-0.0007028047123257486,-0.0007028052350506186,-0.01116867145771635
2024-08-01,0.002797335635664587,0.0035980268432206025,-0.0003092339320573956,0.0,0.0015498703203537991,0.0027973347115464995,-0.0003092339320573956,-0.02300690066067902
2024-08-02,0.0017652759309404538,-0.0029458542641593683,0.0008800476207397878,0.0,0.0016511415516765474,0.0008800467548736449,0.0008800476207397878,-0.04333772579379481
2024-08-05,0.0030477765796956863,0.003814219607431593,0.001979291904717684,0.0,0.002594725994787102,0.0030477762125188895,0.001979291904717684,-0.021521558341993464
2024-08-06,3.1788151433005175e-05,0.0036184318467719573,0.0011007317807525396,0.0,0.0002723239446266282,0.0011007323176360686,0.0011007317807525396,0.027529344394062332
2024-08-07,-0.0028219130795049904,-0.00157541578124787,0.000299871462630108,0.0,-0.0016685560207463511,-0.001575415512968401,0.000299871462630108,0.0002994206883008924
2024-08-08,0.002365973266922809,0.0001822145773739788,0.0015415811212733388,0.0,0.002152013719155339,0.0015415806457496786,0.0015415811212733388,0.0180987032101992
2024-08-09,-0.0012236694770929378,-0.0008367577734974377,8.117262041196227e-06,0.0,-0.000763453599343315,-0.0008367563830272507,8.117262041196227e-06,0.00849079434877522
2024-08-12,0.0008666756224774182,6.931860518274085e-05,-0.0015190861886367202,0.0,-2.234034690718335e-05,6.931798294752336e-05,-0.0015190861886367202,0.0018933161981117637
2024-08-13,0.0007742830009928984,-2.2475297586131045e-05,-0.002082770224660635,0.0,-0.0002980775464741965,-2.2476064633073426e-05,-0.002082770224660635,0.008451536481168502
2024-08-14,-0.00015219468661361766,0.00010238860716583937,-0.0020705482456833124,0.0,-0.0009108039052861191,-0.00015219806325290515,-0.0020705482456833124,0.011000117824895767
2024-08-15,8.16905063681148e-05,-0.001430034626800978,-0.0015082656173035502,0.0,-0.00046288154576040286,-0.0014300228233140595,-0.0015082656173035502,0.00621163108615371
2024-08-16,0.000614485469726299,0.0014114956613053258,-0.00027125110500492156,0.0,0.00023102376792091643,0.0006144853446379218,-0.00027125110500492156,0.01137442652441137
2024-08-19,-0.00013715344507020714,-0.0008249158899904067,9.93863504845649e-05,0.0,-1.1543706165518267e-05,-0.00013715618748500133,9.93863504845649e-05,0.006893112662267436
2024-08-20,0.0005962304427502188,-0.0043652273020488,0.00012336339568719268,0.0,0.0006547207790443652,0.00012336151252157433,0.00012336339568719268,-0.0043258844276113755
2024-08-21,0.0012536404601758756,-0.0031054044263924075,0.0002840433153323829,0.0,0.0010894866451413262,0.0002840425809583271,0.0002840433153323829,0.00037282448626655985
2024-08-22,0.00020937887729726302,0.0007683140810950887,6.467325147241354e-05,0.0,0.0001257838540157645,0.00020938391099251008,6.467325147241354e-05,0.00941499341380359
2024-08-23,-0.00020099221267077367,-0.0005915093567563198,-0.0004600377578753978,0.0,-0.0002826707646088859,-0.00046003409628883585,-0.0004600377578753978,0.007725158925207387
2024-08-26,0.0004501495103944504,-0.00040165334618277355,-0.0010664449073374271,0.0,-9.813151840895097e-05,-0.00040165301769371897,-0.0010664449073374271,0.003931635481601764
2024-08-27,0.0006052893350090014,-0.0025994524946807225,-0.0016614762134850025,0.0,-0.00011981574303366325,-0.0016614755903964081,-0.0016614762134850025,0.004597744020138182
2024-08-28,0.00033447025419768494,-0.0025311432601967665,-0.0021247530821710825,0.0,-0.0004820638722027959,-0.002124751039832352,-0.0021247530821710825,0.005028661031948216
2024-08-29,0.00036724972647755676,-0.0009519866088418306,-0.0022384105250239372,0.0,-0.0005817995853074701,-0.0009519865895666163,-0.0022384105250239372,0.004148890799364943
2024-08-30,0.0004631476761042168,0.0008675680246894298,-0.0020442805252969265,0.0,-0.0005319113749709006,0.00046314561409262754,-0.0020442805252969265,0.011588089637217823
2024-09-03,-0.00023382376588635084,0.0016605977397085284,-0.0019094599410891533,0.0,-0.0009781477524695294,-0.00023382369711846362,-0.0019094599410891533,-0.020220827435230525
2024-09-04,0.00295816749823938,0.0028266526823564654,-0.0012796605005860329,0.0,0.001316231450453975,0.0028266454359466738,-0.0012796605005860329,-0.004412788526499917
2024-09-05,-0.0003690524633392803,0.002097289934061153,-0.0006128662498667836,0.0,-0.000584393547499326,-0.00036904880034334706,-0.0006128662498667836,-0.007781052493893824
2024-09-06,0.0011126149334722366,-0.0005168478235179272,0.00012465415056794882,0.0,0.0008079500092002961,0.00012465469442456424,0.00012465415056794882,-0.02404262328431476
2024-09-09,0.002189089117517249,-0.0054688209493124074,0.0017425365513190627,0.0,0.0023895644197555635,0.001742534460557006,0.0017425365513190627,0.02026760634159431
2024-09-10,-0.002579667558284873,-0.002381062473511348,0.0013392119435593486,0.0,-0.0010650690003096643,-0.0023810577572394723,0.0013392119435593486,-0.05328348233459522
2024-09-11,0.006539049269927561,0.0052677252859775455,0.005552723538130522,0.0,0.006217521538309151,0.0055527260106688495,0.005552723538130522,0.008091393006342552
2024-09-12,-0.0034997063306316137,-0.005036536768260246,0.002817325061187148,0.0,-0.0009675193994055382,-0.0034997058390394877,0.002817325061187148,-0.00304477330182014
2024-09-13,0.0017044942329849265,-0.0003246418105019987,0.00010113720782101154,0.0,0.001179990588886712,0.00010113892256467206,0.00010113720782101154,-0.011097132003660868
2024-09-16,0.0013517826273259882,-0.0034782227701441954,-0.0012258156202733517,0.0,0.0005851857996312979,-0.0012258155643550084,-0.0012258156202733517,0.017177436097071532
2024-09-17,-0.001656537255279581,-0.0022794634331657093,-0.0029700319282710552,0.0,-0.002137002817745798,-0.0022794635894545718,-0.0029700319282710552,0.006664889929345599
2024-09-18,0.0011077061900603,-0.0009131845767362929,-0.0032046420965343714,0.0,-0.00047089999984716697,-0.0009131846350554704,-0.0032046420965343714,-0.008253848309747982
2024-09-19,0.0015541875842536215,0.0021101158208570994,-0.0015907592605799437,0.0,0.00030375409797025977,0.0015541861096758922,-0.0015907592605799437,0.014114797289587264
2024-09-20,-0.0012748531874634847,-0.0002998458227662426,-0.0005209532100707293,0.0,-0.0010292525412977532,-0.0005209563693096313,-0.0005209532100707293,0.0028939220290386284
2024-09-23,0.0012162753656302563,-0.00439861873666749,-0.00033663513022474945,0.0,0.000886594964934964,-0.0003366355272846618,-0.00033663513022474945,0.0016566942024679567
2024-09-24,0.0004851209140176364,0.0037533741067899817,5.762267392128706e-06,0.0,0.00013897975737903038,0.0004851226856851148,5.762267392128706e-06,0.0007091095694469038
2024-09-25,0.0005311654135434628,0.0007337066936466221,0.0005413327598944306,0.0,0.0005252239074319803,0.0005414098349508236,0.0005413327598944306,-0.00663843598987245
2024-09-26,0.0011526254451613431,-0.0009313462857756833,0.0012226877734065056,0.0,0.0012817007309071722,0.0011526120475890056,0.0012226877734065056,-0.0019526514985351657
2024-09-27,0.0002960746248661466,-0.001115672869860326,0.0014998381957411766,0.0,0.0008332736076462897,0.0002960745028559813,0.0014998381957411766,0.0034263700317369956
2024-09-30,0.00017102205813975435,-0.003730111314231013,0.0014555125962942839,0.0,0.0008612531598310034,0.0001710215370355887,0.00017102205813975435,0.0017087557268932315
2024-10-01,0.0006263170538469076,0.0023637427092088195,0.0003595392336137593,0.0,0.0004376589123503146,0.0006263201994963191,0.0006263170538469076,-0.018282407305531104
2024-10-02,0.002206101043991306,0.0009200648832779404,-0.0003695814812090248,0.0,0.001267089812228903,0.0009200648811079378,0.002206101043991306,0.0012066655864277902
2024-10-03,-0.0007046355358723359,-0.003964534344320012,-0.0008253700798377395,0.0,-0.0005923171368795702,-0.0008253779091701729,-0.0007046355358723359,-0.009987385291172001
2024-10-04,0.0016163101422254156,-0.0005957793730708712,-0.0010415040887892246,0.0,0.0006905999298252085,-0.0005957775912067022,0.0016163101422254156,0.034878297540487255
2024-10-07,-0.0030826673482323005,0.005457174908018613,-0.0012124362401664257,0.0,-0.0027724746682704516,-0.0012124358559331323,-0.0030826673482323005,-0.0013739897885900968
2024-10-08,0.0028579024549761907,-0.008279699981935638,-0.0005623498000204563,0.0,0.0020717350297310487,-0.0005623499626811073,0.0028579024549761907,-0.0008537263100618084
2024-10-09,0.0002886734291067619,0.0008130067392506452,-0.0006369194015860558,0.0,-9.696782975558135e-05,0.00028867260722754214,0.0002886734291067619,0.012589505880777539
2024-10-10,-0.0006545536962052966,0.0026951417758208406,-0.0007627005688846111,0.0,-0.0008602861886350377,-0.0006545449157509357,-0.0006545536962052966,-0.0027213399430118922
2024-10-11,0.0015788458485597279,-0.0023471043517737343,-0.0004099387733731419,0.0,0.0009971037907974796,-0.00040993876000192613,0.0015788458485597279,0.04344203966868863
2024-10-14,-0.003494870918696484,-0.0002362811678792792,-0.000461463670944795,0.0,-0.0024742009593177105,-0.00046146774325304935,-0.003494870918696484,-0.0036505366389827493
2024-10-15,0.00354486120239075,-0.0013739504566017634,-0.00021587192895822227,0.0,0.0023224067760614113,-0.0002158713327117387,0.00354486120239075,0.004100366790747087
2024-10-16,-0.00032753198144822764,-0.0017976456539225943,-0.0003655606124084443,0.0,-0.0002704934866713934,-0.0003655848976412314,-0.0003655606124084443,0.005605076577968572
2024-10-17,0.000262965621166364,0.0004619974438377472,-0.0010443741921335459,0.0,-0.0002552670728143356,0.00026296141055720936,-0.0010443741921335459,0.003481672883306777
2024-10-18,0.0006143834664525736,0.0005939716358145689,-0.0013481987407431006,0.0,-0.00014799274163374552,0.0005939275298692281,-0.0013481987407431006,0.004224191098018937
2024-10-21,0.00035223968859624064,0.0011736052458795215,-0.0015825678128749132,0.0,-0.00044046269444588586,0.00035223899038201105,-0.0015825678128749132,-0.010571702738495444
2024-10-22,0.0017103173061901614,0.003946447314877506,-0.0012795065995305777,0.0,0.00043812580188339143,0.0017103171936328461,-0.0012795065995305777,0.00500977200593807
2024-10-23,-0.0005587859068682489,0.007391359573120138,-0.0012682515662163496,0.0,-0.0012231892346303412,-0.0005587846270710329,-0.0012682515662163496,-0.0031728988853644132
2024-10-24,0.0012198949447206932,0.002497192744053899,-0.0011531105265021324,0.0,0.00023447238547272698,0.0012198945840934117,-0.0011531105265021324,0.007002777919946632
2024-10-25,-0.000258010872280403,0.0007344815336184501,-0.0012956492137163877,0.0,-0.0007101081984901747,-0.0002580109159455894,-0.0012956492137163877,-0.011938681259991717
2024-10-28,0.0020403092436124164,-0.0014502157518260514,-0.0007723922608420253,0.0,0.0011168182760214512,-0.0007723911451488437,-0.0007723922608420253,0.014247394685868364
2024-10-29,-0.0014577323122495235,-0.0006959363140116459,-0.00084062444511801,0.0,-0.0012549212719527466,-0.0008406296471320095,-0.00084062444511801,-0.011596963836446489
2024-10-30,0.0025235394936183484,0.004363502956774553,-0.00028036822914145887,0.0,0.0013430194972841474,0.002523539307110287,-0.00028036822914145887,0.006751550801217902
2024-10-31,-0.0008173909264764202,-0.0006514997468824456,-0.00017251187819056213,0.0,-0.0005746617869999016,-0.0006514958696498976,-0.00017251187819056213,-0.01115782576023466
2024-11-01,0.0020000211059748555,0.0028260537680100044,0.0002890627074521035,0.0,0.0012941598961673747,0.0020000204820779257,0.0002890627074521035,0.004585780389157398
2024-11-04,-0.0005397134512284058,-0.0009776392641653669,0.0005920291878283024,0.0,-7.810926852234789e-05,-0.0005397120601494744,0.0005920291878283024,-0.014275741516959064
2024-11-05,0.0021510343276215406,0.0012528623302393122,0.001016629976220429,0.0,0.0017536770316958364,0.0012528654169375638,0.001016629976220429,0.007750450215538464
2024-11-06,-0.0009990983929650049,-0.0006775619322553726,0.000284223526250571,0.0,-0.0005156429362457416,-0.0006775598789823533,-0.0006775619322553726,0.10925382110047324
2024-11-07,-0.00841774849276751,-0.0033386381900855026,-0.0012398955877870321,0.0,-0.005873990239791876,-0.0033386384693002958,-0.0033386381900855026,-0.044190514584576526
2024-11-08,0.01111309791895146,-0.0017897346421773413,0.00025282075512222946,0.0,0.007519279487333788,0.00025282115216441076,-0.0017897346421773413,0.002534999301847353
2024-11-11,-0.003101750663042042,-0.012825485902401514,-0.0007065274985507131,0.0,-0.0016949903977150661,-0.0031017509773713803,-0.012825485902401514,0.009700436614887143
2024-11-12,8.678807411320036e-05,-0.002672958362078808,-0.0010931877186521888,0.0,-0.00023733770050155407,-0.001093187932490411,-0.002672958362078808,0.0011277641229331316
2024-11-13,0.0011239802515040542,-0.005689828561540107,-0.0009130387334153056,0.0,0.0006645785310710551,-0.000913039014589257,-0.005689828561540107,0.006656692338422741
2024-11-14,-5.859921751660488e-05,-0.004522422425836786,-0.0009191103745251894,0.0,-0.00017520302172472632,-0.000919111256562264,-0.004522422425836786,0.0029397722608368367
2024-11-15,0.0006921793662770958,-0.004423541330538443,-0.0008867762517184019,0.0,0.0003279785709473332,-0.000886776601662835,-0.004423541330538443,0.014122296475321788
2024-11-18,-0.0005715993944529828,-0.005094226131546742,-0.0012440345017239451,0.0,-0.0006121752531417655,-0.0012440357248542698,-0.005094226131546742,-0.0011420625135715884
2024-11-19,0.0014901997887443485,-0.002046692267558107,-0.0008307303069159389,0.0,0.0007602556335849693,-0.0008307299163628813,-0.002046692267558107,-0.007948954286421098
2024-11-20,0.0011256501033960816,0.0028374595069708343,-0.0006538389716297388,0.0,0.00034985358260874175,0.0011256500812287867,0.0028374595069708343,-0.009548072753501469
2024-11-21,0.0009701480316088693,-0.0029477649370122845,1.5429017366841435e-05,0.0,0.0007902274149653695,1.5428309373686092e-05,-0.0029477649370122845,0.016394452779609634
2024-11-22,-0.0014033955080934258,-0.0005436359871041299,-0.0002388691937085241,0.0,-0.000992445010631797,-0.0005436380865007714,-0.0005436359871041299,0.015365988319366844
2024-11-25,0.00023595322652306084,-0.002347256087235008,-0.0007481250213459134,0.0,-2.06011485091063e-05,-0.0007481254109059743,-0.002347256087235008,0.00697619879747491
2024-11-26,0.0007387219443775251,-0.0019612479805423454,-0.0008319823537021875,0.0,0.00025969620404601084,-0.0008319821055837972,-0.0019612479805423454,-0.0012793323157289076
2024-11-27,0.0009733847446055183,-0.0017569544280931733,-0.0010444666258990765,0.0,0.0003219188079787729,-0.0010444657213803628,-0.0017569544280931733,-0.0007204061092101891
2024-11-29,0.0005104103272165934,-0.002864835815043168,-0.0011818999191746116,0.0,1.7078495966593114e-05,-0.0011818999158909,-0.002864835815043168,-0.00028021231935543555
2024-12-02,0.0005716332328587333,-0.003394388551341746,-0.00110245356336236,0.0,0.00011425516522689446,-0.00110245372405807,-0.003394388551341746,-0.013992981404574958
2024-12-03,0.0018388911830455957,-0.0037728807852760193,-0.0005042734555900097,0.0,0.0012016779375965128,-0.0005042735762457097,-0.0037728807852760193,-0.005824084449983103
2024-12-04,0.0002802287023344237,-0.002823050751283107,0.0002780724025797099,0.0,0.0004310172767520718,0.00027783210758103755,-0.002823050751283107,-0.005817054183842961
2024-12-05,0.000866611612130761,-0.000632536474038094,0.0003505423665046692,0.0,0.0007391282189391729,0.0003505414514061511,0.0003505423665046692,0.008509279673047194
2024-12-06,-0.00047903569012340986,-0.002154572564478438,9.66148218140006e-06,0.0,-0.0002070828494306168,-0.00047903713192985596,9.66148218140006e-06,0.0076292725126346364
2024-12-09,0.00043459355225748913,-0.0027802227418726104,-0.0005506871966645122,0.0,0.00020843198118953286,-0.00055068776142596,-0.0005506871966645122,-0.014455502769642622
2024-12-10,0.0022770458968111593,0.0026471598458103433,-0.0003323473210912198,0.0,0.001244002362482236,0.0022770435923972696,-0.0003323473210912198,-0.003904080053717479
2024-12-11,2.3440470496344148e-05,0.004351652039931665,0.00021845893934369087,0.0,-0.00011218229429293605,0.00021846377318923433,0.00021845893934369087,0.002754987168436578
2024-12-12,0.00021082847875002864,-0.0012652408948210824,-0.00014860721421428025,0.0,0.00014314224190674482,-0.00014860908701512106,-0.00014860721421428025,-0.008246496340975783
2024-12-13,0.0015389064160780473,0.003503392964497207,-0.0002184553595725447,0.0,0.0007593707230647058,0.0015389064759448463,-0.0002184553595725447,-0.00660471949107339
2024-12-16,0.0006744293495994701,0.006831769300469758,-0.00020225471234880388,0.0,3.258119991819371e-05,0.000674430325310073,-0.00020225471234880388,-0.0015014985591414543
2024-12-17,0.00039047506770291775,0.007142317180950689,-0.00021992469555698335,0.0,-0.00017684569445963663,0.00039047655255969847,-0.00021992469555698335,-0.005105308709498684
2024-12-18,0.0010176695360489226,0.007049157887047014,-0.00017730510444380343,0.0,0.00025816700884420804,0.001017670205747005,-0.00017730510444380343,-0.0340954212461328
2024-12-19,0.0033771918184080886,0.005943870684889425,0.0031600045040249825,0.0,0.0031673049951970785,0.003377195991418143,0.0031600045040249825,0.011180096898367346
2024-12-20,-0.002381799588701377,-0.003560627809403047,0.0039488160982728004,0.0,0.00013817903136200196,-0.0023817988997506864,0.0039488160982728004,0.019721847300423704
2024-12-23,-0.00028442635918838753,0.0011208963179673301,0.0016230163164436817,0.0,0.00038883534591070766,0.0011208950448799385,0.0016230163164436817,0.003319328918690578
2024-12-24,0.001391906750316094,-0.0005036712573275225,-0.0004882624780293554,0.0,0.000753207473734079,-0.00048820556531283747,-0.0004882624780293554,0.016309877654831748
2024-12-26,-0.00086891580604265,-0.0007483077923052338,-0.0019254551734775305,0.0,-0.0012857643781005175,-0.0008689230174739669,-0.0019254551734775305,0.0034195676965908316
2024-12-27,0.0011914094428920334,0.0035783030467710242,-0.0022666824515908957,0.0,-0.00027028774345869296,0.0011914093132978578,-0.0022666824515908957,-0.008135313490129253
2024-12-30,0.0014055056721102722,0.001076007016215706,-0.001484380103647709,0.0,0.00029754398325775077,0.0010760043898702248,-0.001484380103647709,-0.0077004946575106575
2024-12-31,0.0007609469711515784,-0.0005591814306643529,-0.0005959733389317989,0.0,0.00029765594503926345,-0.0005591564079606625,-0.0005959733389317989,0.012920262033027425
2025-01-02,-0.0009669181717568509,0.0012452221210284956,0.00033123441971838474,0.0,-0.0005700696704418757,0.00033123409714088813,0.00033123441971838474,0.0012090359483829913
2025-01-03,0.0012982273524833725,0.0015560019392638152,0.0012051062658429146,0.0,0.0012494116612226447,0.0012982340161778597,0.0012051062658429146,0.01357411500943004
2025-01-06,-0.0006607876480082397,-0.0007267157299681453,0.0010966509580612183,0.0,2.6013712271292155e-05,-0.0006607734948009,0.0010966509580612183,-0.010038679933628156
2025-01-07,0.0022575583176812335,0.0028327028693918787,0.0012374897487461567,0.0,0.0018326867569905194,0.002257557563419712,0.0012374897487461567,0.00958642127223813
2025-01-08,-0.0009612350677896016,-0.0013930161437617173,0.00044609460746869445,0.0,-0.0003927377236009952,-0.0009612334720338377,0.00044609460746869445,-0.0001644798929549398
2025-01-10,0.0012141179824279613,0.0006310885763756795,-0.0005414737388491631,0.0,0.0005597432787267233,0.0006310877184396105,-0.0005414737388491631,-0.013499210232215961
2025-01-13,0.0017375773436073866,0.0004529787209251797,-0.0009001147700473666,0.0,0.00077437638479674,0.00045297868163844424,-0.0009001147700473666,0.017931448806451502
2025-01-14,-0.001828491314772337,0.00023174814927237074,-0.0017434295732527971,0.0,-0.0018960693779613588,-0.0017434185928589345,-0.0017434295732527971,0.013260829102170016
2025-01-15,0.0005327520449542792,0.0030031085526778887,-0.00222512218169868,0.0,-0.0006606638054553374,0.0005327520028172133,-0.00222512218169868,0.019527669499496577
2025-01-16,-0.0005192823876741646,-0.0021229128519594754,-0.00228478922508657,0.0,-0.0011276467958557346,-0.0021229073725860426,-0.00228478922508657,0.007579674398321116
2025-01-17,0.0009174671002140556,0.0017640898299970272,-0.0019327709451317787,0.0,-0.000232538748419236,0.000917466272435648,-0.0019327709451317787,0.01904893434114596
2025-01-21,-0.0008344446327605228,0.0008002452194869857,-0.0017383159138262272,0.0,-0.0012658893949675709,-0.0008344441398399022,-0.0017383159138262272,0.01482244376014642
2025-01-22,0.00028811082071797877,-0.0005099253158613584,-0.0015312246978282928,0.0,-0.00038055261347297537,-0.0005099255885741118,-0.0015312246978282928,-0.0007226213757713639
2025-01-23,0.0013750812224162237,-0.0002694604286623737,-0.0013833354460075498,0.0,0.0003825097152916643,-0.000269460139838065,-0.0013833354460075498,0.011762898991227722
2025-01-24,-0.0006391047229361762,-0.0025411833155777257,-0.0014197028940543532,0.0,-0.0008497929836516853,-0.0014197032817585883,-0.0014197028940543532,-0.00418251085903244
2025-01-27,0.0016430070348711114,-0.003728207170342285,-0.001100627239793539,0.0,0.0008382718420817772,-0.001100627223719227,-0.001100627239793539,0.0038064066798253133
2025-01-28,-7.905647059771616e-05,-0.0011754935440126532,-0.0010319832945242524,0.0,-0.0003961382686783437,-0.0010319774693148677,-0.0010319832945242524,0.00484065747442639
2025-01-29,0.000386384697024653,-0.002832564709082502,-0.0010810013627633452,0.0,-2.709646803838794e-05,-0.0010810014730523346,-0.0010810013627633452,-0.002098584577771001
2025-01-30,0.001036512787697041,-0.003729174090800173,-0.0006458336720243096,0.0,0.0006149939199445137,-0.0006458339416130997,-0.0006458336720243096,0.006170526568449543
2025-01-31,-0.00013427652709331118,-0.006189923036973926,-0.0005915160290896893,0.0,-1.6245202799926162e-05,-0.0005915180280450466,-0.0005915160290896893,-0.0034732848969797887
2025-02-03,0.0012673450966380357,-0.004941193709563531,-0.0004233707149978727,0.0,0.0009130690929293844,-0.0004233710845169396,-0.0004233707149978727,-0.0018347920288876132
2025-02-04,0.0005076069780526551,-0.0018906521853166427,-0.0007192599587142467,0.0,0.0001475798514245725,-0.0007192599202420241,-0.0007192599587142467,0.0042262985125258
2025-02-05,0.0001143086374792903,-0.003574034038836234,-0.0008858961518853903,0.0,-9.452118462959804e-05,-0.000885896777957526,-0.0008858961518853903,0.009250173716028319
2025-02-06,1.5883523341522093e-05,-0.001041879205526488,-0.0011376994661986828,0.0,-0.0003811359117644502,-0.0010418699262133516,-0.0011376994661986828,0.023643150457973234
2025-02-07,-0.0010380018880319806,0.0008632340442731435,-0.0013516866602003574,0.0,-0.0012529089645272001,-0.0010379992457315778,-0.0013516866602003574,-0.003980487035852408
2025-02-10,0.0022872983042561117,-0.005103397235788103,-0.0011362608056515455,0.0,0.0013167694775644083,-0.0011362608456307241,-0.0011362608056515455,-0.017409478108640825
2025-02-11,0.0017529227710770079,-0.006203404723570702,-0.00038242011214606464,0.0,0.0013111004624518307,-0.0003824204082834989,-0.00038242011214606464,0.014468254866266234
2025-02-12,-0.0017076342228750812,-0.0018748097607911456,-0.00011877049109898508,0.0,-0.0010814554098396382,-0.001707628940424734,-0.00011877049109898508,0.0016714703790319191
2025-02-13,0.0014646111551910356,-0.0013475024265480328,-3.107020165771246e-05,0.0,0.0010202460046285133,-3.1070110879829975e-05,-3.107020165771246e-05,0.0031534726692497364
2025-02-14,0.00035627150769890995,-0.0032192324723670945,-0.00032657096744515,0.0,0.0002653708167738169,-0.0003265720821719806,-0.00032657096744515,0.0009766111422928028
2025-02-18,0.0006623205677266474,-0.003889516504792207,-0.00035520424717105925,0.0,0.000488944513726088,-0.00035520494523989766,-0.00035520424717105925,0.012074807352274482
2025-02-19,-0.0004177165293691573,-0.003096769264588819,-0.0006720701931044459,0.0,-0.000385751476132088,-0.0006720736818886094,-0.0006720701931044459,-0.002503621449917913
2025-02-20,0.0015373094358617184,-0.003020704210798274,-0.0009054430993273854,0.0,0.000809873105914816,-0.0009054430360584265,-0.0009054430993273854,-0.045608169661332985
2025-02-21,0.004449402311820821,-0.0020533636846705944,0.0010389384115114808,0.0,0.0034405825066673133,0.0010389384416427416,0.0010389384115114808,-0.009641524162849809
2025-02-24,-0.0012133496333807323,-0.003251835487278916,0.0016288047190755606,0.0,-8.253208583790597e-06,-0.001213349494899707,0.0016288047190755606,-0.01103551657694353
2025-02-25,0.001367081246012081,-0.0024924579543855324,0.00220158277079463,0.0,0.0018802505817684357,0.0013670803095208017,0.00220158277079463,-0.01519095609833975
2025-02-26,0.00146683889324565,-0.002242982540062219,0.0025822846218943596,0.0,0.0020819701076301256,0.001466838267756964,0.0025822846218943596,0.005385683572757526
2025-02-27,-0.0006988734493232917,0.0016405379486031677,0.0008990702917799354,0.0,-0.00019163553714802994,0.0008990695717528831,0.0008990702917799354,0.0010040911158967361
2025-02-28,0.0009647810629634801,0.0031958873649903107,0.00011143201845698059,0.0,0.0005238465125218836,0.0009647817842705069,0.00011143201845698059,0.02138712910290357
2025-03-03,-0.00125077484195112,-0.004622642346391132,-0.001580521697178483,0.0,-0.0012142838480302988,-0.0015805243830256358,-0.001580521697178483,-0.015344786260013489
2025-03-04,0.0032146817615366927,0.0008301642687384545,-0.000907703535631299,0.0,0.001727731234308859,0.0008301644244741992,-0.000907703535631299,-0.04060297078605837
2025-03-05,0.0031846896852754333,0.0017357345058534293,0.0010146369459107518,0.0,0.0024114140569588983,0.0017357351995921793,0.0010146369459107518,0.005101843671781286
2025-03-06,-0.002159201018003516,-0.0038893251636560326,0.0009805768495425582,0.0,-0.0008534064627252892,-0.002159200758968766,0.0009805768495425582,-0.020038036976102964
2025-03-07,0.0030320923313187672,-0.0015477401722373719,0.0014790332643315196,0.0,0.002651780677566475,0.0014790329514357203,0.0014790332643315196,-0.017430147816660108
2025-03-10,0.0010133939425234057,-0.002872365266860629,0.0017372037982568145,0.0,0.0014847893388126553,0.0010133928219692686,0.0017372037982568145,-0.04240887361882149
2025-03-11,0.0033190378565067405,0.004915861159650534,0.0026993127539753914,0.0,0.0029999658592749097,0.003319038839475642,0.0026993127539753914,-0.01335203565370912
2025-03-12,-0.0006067612470684764,0.011113601360943965,0.0027574137784540653,0.0,0.0001291203013609485,0.0027574139558839937,0.0027574137784540653,-0.005426258331730892
2025-03-13,0.0005755495154462475,0.00024328022445749192,0.004173561930656433,0.0,0.001991281078947765,0.0005755522292716502,0.0005755495154462475,-0.01196240832229903
2025-03-14,0.0014600390063369516,0.007329360231972901,0.003784263739362359,0.0,0.0020773013681931792,0.0037842638873227356,0.0014600390063369516,0.03168763656249976
2025-03-17,-0.0028738474229192544,0.015475976116943227,-0.000462498253909871,0.0,-0.0028324984228062814,-0.0004624979022813302,-0.0028738474229192544,0.006389756285941823
2025-03-18,0.0019756340955993995,0.01778656964508057,-0.0030195298604667187,0.0,-0.0007398318497854831,0.001975634232473542,0.0019756340955993995,0.004435957619429258
2025-03-19,0.0003490657650651439,0.017932467201837988,-0.004284660331904888,0.0,-0.0023124172084093954,0.00034906592391573354,0.017932467201837988,0.017465848031449436
2025-03-20,-0.0008232602526100273,0.009486103826894656,-0.0034538651816546917,0.0,-0.0023501895417280846,-0.0008232599697384903,-0.0008232602526100273,-0.0004183305697119722
2025-03-21,0.0016200712511255468,0.012498135767983129,-0.0014945031143724918,0.0,-0.00012289155289300566,0.0016200714800794517,0.0016200712511255468,0.010902281667773829
2025-03-24,-0.000543363458274313,0.009721087646727484,-0.0007010801928117871,0.0,-0.0011062341639217653,-0.000543357294590515,-0.000543363458274313,0.026262991800014537
2025-03-25,-0.0011110477442628258,0.014934534091740306,-1.8191232811659575e-05,0.0,-0.0014699586894457413,-1.8190386318408666e-05,-0.0011110477442628258,0.01230011023825629
2025-03-26,0.0009874436240796384,0.015404106476108893,0.00038138602394610643,0.0,4.730603966841959e-05,0.0009874451993062989,0.0009874436240796384,-0.00039830374425852024
2025-03-27,0.0011095747990295648,0.01052521381757502,0.0008802355150692165,0.0,0.0005603187598876846,0.0011095790155031524,0.0011095747990295648,-0.011659968613503243
2025-03-28,0.001416293910929083,0.00893108298337712,0.0009481128072366118,0.0,0.0008670132167983275,0.001416295904734165,0.001416293910929083,-0.021468486501063005
2025-03-31,0.0017420580165615845,0.0036429153630718595,0.0019731067586690187,0.0,0.0017390510844641936,0.001973110451471756,0.0017420580165615845,0.010037969780748253
2025-04-01,-0.0014874383138496383,0.003930885534018074,0.0006343508721329272,0.0,-0.0009268801759944914,0.0006343510398245572,-0.0014874383138496383,-0.006708137749515204
2025-04-02,0.001923453598447599,-0.0020261033639828395,-0.0004686237371060997,0.0,0.00118599868739422,-0.00046862351356394966,0.001923453598447599,0.008825764626033607
2025-04-03,-0.0006390249824796845,0.0021106476535641292,-0.0016619616653770208,0.0,-0.0011712603228754741,-0.0006390243702247646,0.0021106476535641292,-0.07223220523797609
2025-04-04,0.007383412802639547,0.006533216240890697,-0.000948425498791039,0.0,0.004184169769641739,0.006533215201077115,0.006533216240890697,-0.08392741519779091
2025-04-07,0.0035523233613420076,-0.00306931945812306,0.0009010221110656857,0.0,0.002844598747882125,0.0009010219859173827,-0.00306931945812306,0.019590020198253403
2025-04-08,-0.005515110495066299,-0.0023970990188448135,0.002708842745050788,0.0,-0.0024686370647190943,-0.0023970988941067355,-0.0023970990188448135,0.011268082821018092
2025-04-09,0.0017142080317864151,0.0021660911357147847,0.00893424078822136,0.0,0.004500460628210112,0.0021660931912186867,0.0021660911357147847,0.07747496344728888
2025-04-10,-0.005103857205614231,-0.06960231239766872,0.0033703523222357035,0.0,0.0013437205969077685,-0.005103857308087728,-0.06960231239766872,-0.031338552317702634
2025-04-11,0.0073904119475749,0.009492982150667614,-0.0014006028650328517,0.0,0.0038682926540371822,0.007390411586145118,0.009492982150667614,0.03924440654806097
2025-04-14,-0.005127024146955401,-0.00831915459386979,-0.007255902513861656,0.0,-0.005799112292051796,-0.007255902044406552,-0.00831915459386979,-0.006285571247684518
2025-04-15,0.003363779473737648,0.010867043638120853,-0.00623274827376008,0.0,-0.0007355349914521534,0.003363779444680478,0.010867043638120853,-0.006797060761498228
2025-04-16,0.0006537923154655961,0.008383835496564714,-0.0029914481565356255,0.0,-0.0011417670212249195,0.0006537924603135722,0.008383835496564714,-0.015214038671709567
2025-04-17,0.001219663940388892,0.007687719274138585,0.00020286766812205315,0.0,0.0005081355454933112,0.0012196647673813432,0.007687719274138585,0.010182751790170844
2025-04-21,-0.0010597640591426464,0.006378841985643469,0.0017380642239004374,0.0,-0.00033496282947622746,0.0017380643656769114,0.006378841985643469,-0.01288661348516045
2025-04-22,0.0023311173410961988,0.010065940902344599,0.00305190565995872,0.0,0.002233551814159488,0.003051906900959261,0.010065940902344599,0.0284146320433232
2025-04-23,-0.0025937433000721936,0.0042574269932413355,0.0017364813247695565,0.0,-0.0012441929729570774,0.001736481159235748,0.0042574269932413355,0.022205913933728963
2025-04-24,0.00044446281480309605,0.0005833584124036688,0.0020630129147320986,0.0,0.0010672338114558963,0.0005833648349670962,0.0005833584124036688,0.015488835241651148
2025-04-25,0.000429995056103265,-4.137057269303603e-05,0.0006778030656278133,0.0,0.0005494145003711689,0.0004299931655449874,-4.137057269303603e-05,-0.004465466902990442
2025-04-28,0.001518669420079616,0.000430721497889434,-0.000585725880227983,0.0,0.0007532932239911279,0.00043072156230122805,0.000430721497889434,-0.0013558842110856445
2025-04-29,0.00022825734157147905,-0.0012457708148146042,-0.000951115507632494,0.0,-0.00015845454534436324,-0.0009511129831825142,-0.0012457708148146042,0.005739577526630971
2025-04-30,2.7739243400583475e-06,-0.0016617759922905873,-0.0016044939402490854,0.0,-0.0005410646979702918,-0.0016044776929674746,-0.0016617759922905873,0.0
2025-05-01,0.0009236684786070092,0.0013066545243598684,-0.0019942543003708124,0.0,-0.00023001083761603328,0.0009236662235830704,0.0013066545243598684,0.009236924732703681
2025-05-02,-0.0002705627070292467,0.0025426279568610153,-0.0018921000882983208,0.0,-0.0010387355940645734,-0.00027056244630591173,0.0025426279568610153,0.02250793930623684
2025-05-05,-0.0007811751553362017,-0.0016218151754317837,-0.0015818399842828512,0.0,-0.001051530872829349,-0.0015818174058666418,-0.0016218151754317837,0.00019800444574649115
2025-05-06,0.0017929399679853589,0.0018099095955564787,-0.0009758734377101064,0.0,0.0007151424956762925,0.0017928876120463096,0.0018099095955564787,-0.013192425741149578
2025-05-07,0.0014730952707757458,-0.005627553516912238,-0.0004814170824829489,0.0,0.001059800747103982,-0.0004814173993514971,-0.005627553516912238,0.0005615249217808569
2025-05-08,-0.00027627729908697395,0.004619568201204489,-0.00031619411311112344,0.0,-0.0005310161850003684,-0.00027625364636819146,-0.00031619411311112344,0.01622754388510143
2025-05-09,-0.0006082600347426665,0.0007717152633036486,-0.00038911032606847584,0.0,-0.0005904447854240402,-0.00038910666420470356,-0.00038911032606847584,-0.0015398261350639355
2025-05-12,0.00167980873045068,0.005055242771934615,-0.0004947603447362781,0.0,0.0006690551009067749,0.0016798088938066095,-0.0004947603447362781,0.027168221764221286
2025-05-13,-0.0019100093569081183,-0.00498470678637549,-0.0007665618322789669,0.0,-0.001315018832446801,-0.0019100099049056622,-0.0007665618322789669,0.011318218120858066
2025-05-14,0.0012888322825618547,0.00033935569539628093,-0.0014330012490972877,0.0,0.00027652917616247,0.00033935520798244166,-0.0014330012490972877,0.009949972417610906
2025-05-15,0.00020372459501534176,-0.00033417498910594457,-0.002028424059972167,0.0,-0.0006382185883495982,-0.0003341762517675374,-0.002028424059972167,0.006940082134891746
2025-05-16,0.0004904816524675971,-0.003093134089542706,-0.002115900395438075,0.0,-0.0003482100585929615,-0.0021158997576105564,-0.002115900395438075,0.00026168517415334257
2025-05-19,0.0008898050729617486,0.0012582342011211924,-0.0019310740754008293,0.0,-0.0002254165228090892,0.0008898027276360327,-0.0019310740754008293,-0.010066919452455613
2025-05-20,0.0013585218098471773,-0.004750930368324655,-0.0013218383537605405,0.0,0.0006144685193185434,-0.001321838435114164,-0.0013218383537605405,0.0030156378276238404
2025-05-21,-0.0002852212404521598,0.004517778674042245,-0.0009346217848360538,0.0,-0.0007724907993371013,-0.0002852199134145171,-0.0009346217848360538,-0.0176188644814573
2025-05-22,0.0023008801854669165,-0.0039350852448135736,-4.898454062640667e-05,0.0,0.0016915591545428842,-4.898470862596347e-05,-4.898454062640667e-05,-0.0014183939876004448
2025-05-23,-0.0003964329280983245,-0.006023509531071513,0.00025826224009506404,0.0,0.0001331607173359849,-0.0003964342732262042,0.00025826224009506404,0.00015335466280898467
2025-05-27,0.0006253794705091953,-0.0007577390267459648,0.0002210155362263322,0.0,0.0005356761601590114,0.00022101409499750022,0.0002210155362263322,0.017414953771071936
2025-05-28,-0.0008338785840934171,-0.0024785926642194407,-0.000278940744465217,0.0,-0.000537666530497647,-0.000833879772357264,-0.000278940744465217,-0.006808219930959697
2025-05-29,0.002180142495782011,-0.0015380798633872759,-0.00022600169177167118,0.0,0.0014259129998202534,-0.0002260013460393536,-0.00022600169177167118,0.003334239087997735
2025-05-30,-0.00026544762710824135,-0.0015686260007423995,-0.0004736972914543003,0.0,-0.0002827754772194575,-0.0004737011360848593,-0.0004736972914543003,-0.0014005154762147022
2025-06-02,0.0009442106166863043,-0.002371761942002117,-0.0009306224528700113,0.0,0.0003769878772827154,-0.0009306222927486786,-0.0009306224528700113,0.002496894035620979
2025-06-03,0.0002627075130971397,-0.0025523139310410104,-0.0011013065231963992,0.0,-0.00013030172999632992,-0.0011013065670255839,-0.0011013065231963992,0.0060647931313156135
2025-06-04,0.0002313502512532997,-0.0038409268860376366,-0.0010637813247740269,0.0,-7.343626087286988e-05,-0.001063781735883133,-0.0010637813247740269,-0.007728696243019221
2025-06-05,0.0015720129211119365,-0.002995919908632938,-0.0004174273053649813,0.0,0.0010213833480532824,-0.0004174274199912362,-0.0004174273053649813,-0.008628401615390233
2025-06-06,0.0007704346881223583,0.00025573748884984203,0.0003092557890340686,0.0,0.0006162010480717654,0.00030927164273642887,0.0003092557890340686,0.014327104577298754
2025-06-09,-0.0010537574985546758,-0.0015393580891681425,0.0005125447059981525,0.0,-0.00042079594693157467,-0.0010537560853261596,0.0005125447059981525,0.003793567551080139
2025-06-10,0.0012278651615824998,-0.003544641048372878,0.0005461277905851603,0.0,0.0011958802551890735,0.0005461265723682286,0.0005461277905851603,0.006948942229353606
2025-06-11,0.0001224195055456556,-0.0008883314496373616,9.195483289659023e-05,0.0,0.00015995548697745324,9.192504728254193e-05,9.195483289659023e-05,-0.0016768041452139895
2025-06-12,0.001102544529878283,-0.0009980075185195463,-0.0003349285980220884,0.0,0.0006460531360711745,-0.0003349277891389093,-0.0003349285980220884,0.00033556308431433436
2025-06-13,0.00040053081983923173,-0.004102308394746188,-0.0009102075127884746,0.0,0.00011071125411128073,-0.000910207961477867,-0.0009102075127884746,-0.012340890739943905
2025-06-16,0.0016328652165254682,-0.003966490413752732,-0.0011891064932569861,0.0,0.0008088066613138212,-0.0011891064875762174,-0.0011891064932569861,0.020213175039189468
2025-06-17,-0.0018278520913664017,0.0014611400366318467,-0.0010833985870704055,0.0,-0.0016989878699239028,-0.0010833976400916384,-0.0010833985870704055,-0.0031117917151957343
2025-06-18,0.0021782775796676127,0.0005991002331284499,-0.000872647506184876,0.0,0.0010687371491583822,0.0005991002792305213,-0.000872647506184876,0.016339520803578655
2025-06-20,-0.0011155272557550153,-0.001492410163367109,-0.0004703477316070348,0.0,-0.0008461611142106721,-0.001115526161579014,-0.0004703477316070348,0.0037890185272670056
2025-06-23,0.0012790036969963553,0.0021271370212597182,-0.0005610723746940494,0.0,0.0005218405336176421,0.001279003063575611,-0.0005610723746940494,0.011820728232901907
2025-06-24,-0.000286140304330834,0.000532956931245877,-0.0008413222385570407,0.0,-0.000542107380076492,-0.0002861397274662148,-0.0008413222385570407,0.010687717263615615
2025-06-25,0.00038154888471702447,-0.004304932125009511,-0.0011114210356026888,0.0,2.982061951758237e-05,-0.001111421391573557,-0.0011114210356026888,0.009905931695207851
2025-06-26,0.00032425339085523646,-0.003501047084627635,-0.001341707189567387,0.0,-0.000136839563914983,-0.0013417073264260226,-0.001341707189567387,0.016375786977706582
2025-06-27,-0.00025689198395885903,-0.0003766514073681812,-0.0015679786447435617,0.0,-0.0007610058166938845,-0.0003766587823425153,-0.0015679786447435617,-0.005695895266557229
2025-06-30,0.00196445973803533,-0.004368608128216102,-0.00195627985522151,0.0,0.0007488696244944695,-0.0019562796959514918,-0.00195627985522151,0.00970517604844902
2025-07-01,-0.0007030705490084315,-0.0029301755281421708,-0.0018596472218632698,0.0,-0.0010441199558251565,-0.0018596471526149184,-0.0018596472218632698,0.001723187611709073
2025-07-02,0.0010784512322748482,-0.0023055402651155745,-0.0015348412562161684,0.0,0.00022731790064838746,-0.0015348403444171439,-0.0015348412562161684,0.005460072038677546
2025-07-03,0.00016729897795982442,-0.0024048496188544756,-0.0012848121114075184,0.0,-0.0002718436848465473,-0.0012848119078769564,-0.0012848121114075184,0.013605652055778678
2025-07-07,-0.00020085594609984853,-0.002250849161614899,-0.0011061483528465033,0.0,-0.0004528185980120216,-0.0011061485829601688,-0.0011061483528465033,-0.013708392878973494
2025-07-08,0.0025329441596684704,-0.003925459116084982,-0.0006485092453658581,0.0,0.001611033581401639,-0.0006485092545144461,-0.0006485092453658581,-0.03198185559818681
2025-07-09,0.0022677447192612477,-0.0016623121998911169,0.00013799589942209423,0.0,0.0016313733396357195,0.00013799598516778957,0.00013799589942209423,0.0013429159920923279
2025-07-10,-0.0013623441451263932,-0.0005449746022803776,0.0004908205009996891,0.0,-0.0006814670399811752,-0.0005449743454108804,0.0004908205009996891,0.01760787146965052
2025-07-11,-0.00044395544870629337,0.00032993034166202683,2.7865928132086992e-05,0.0,-0.00029824631284616006,2.7864749847038746e-05,2.7865928132086992e-05,-0.004625752507338657
2025-07-14,0.002095480126094707,0.0004163192547436002,-0.0006288781296461821,0.0,0.00111784761735478,0.0004163196148465426,-0.0006288781296461821,0.006393888150338949
2025-07-15,-0.0003742560681041805,-0.0013174921681996432,-0.0013231368502601981,0.0,-0.0006972495542211161,-0.001317362398290252,-0.0013231368502601981,-0.0074751305539019096
2025-07-16,0.0016413615284871395,-0.0021662155091579415,-0.000917018624022603,0.0,0.00083228364522945,-0.0009170182153547512,-0.000917018624022603,-0.002550730718808579
2025-07-17,0.0003245122132256511,-0.0028546474153916105,5.2460149163380265e-05,0.0,0.0003740286225941265,5.245684396558296e-05,5.2460149163380265e-05,0.014173747194811473
2025-07-18,-0.0006559641357426592,-0.0011121546014693402,9.707151912152767e-05,0.0,-0.00034077086357129553,-0.0006559632776824525,9.707151912152767e-05,0.004714619457710295
2025-07-21,0.0011352414272935737,0.0003713483732960695,-0.0001590033934917301,0.0,0.0006691510513635485,0.00037134894608933624,-0.0001590033934917301,-0.0010304610626046076
2025-07-22,0.0008616024622455773,-0.001832283384315077,-0.00010430868132971227,0.0,0.0006175221274002426,-0.0001043091364395378,-0.00010430868132971227,0.0015796413308685278
2025-07-23,0.0003585790685114024,-0.005067034204789847,4.262779839336872e-06,0.0,0.00048586016267540414,4.260170453043085e-06,4.262779839336872e-06,0.018123949629090495
2025-07-24,-0.0007642215773934819,-0.003283803084301902,-0.00011648182407952845,0.0,-0.0003891666117422439,-0.0007642227198954205,-0.00011648182407952845,-0.0007079671075582178
2025-07-25,0.0017767554588972423,-0.0028853021931970206,0.00011435479973442852,0.0,0.0013579314270825125,0.00011435453206682628,0.00011435479973442852,0.006956048626009627
2025-07-28,-0.0001634439335017275,-0.004105144668597767,-0.00018517309217713773,0.0,2.069705729581739e-05,-0.00018521497989764594,-0.00018517309217713773,-0.0011392071641400919
2025-07-29,0.0011184468005314883,-0.005167550084733108,-0.0006275447085499763,0.0,0.0007464551768425764,-0.0006275450604681129,-0.0006275447085499763,-0.00416579994738951
2025-07-30,0.000837295584588009,-0.0035317892417745817,-0.0006653671152889729,0.0,0.000466289092268042,-0.0006653674312661007,-0.0006653671152889729,0.008681557801796866
2025-07-31,-0.0003577088915078338,-0.002175258832408616,-0.001060089678503573,0.0,-0.0005421035160020598,-0.0010600902030712953,-0.001060089678503573,-0.01137849279741864
2025-08-01,0.00212358509304531,0.0019851743387767854,-0.0011159881250932813,0.0,0.0008702710089344477,0.001985167539051481,-0.0011159881250932813,-0.023463774440539893
2025-08-04,0.0017607682176519052,1.7404097574738113e-05,-0.0012348986929282546,0.0,0.0006807434419002745,1.740432188415246e-05,-0.0012348986929282546,0.016757634257293774
2025-08-05,-0.0020951666650361076,-0.004367481423230734,-0.0014281385811045766,0.0,-0.0017246907740291898,-0.0020951677200494886,-0.0014281385811045766,-0.009869843023453378
2025-08-06,0.002644584513903925,0.0013838415482987573,-0.0005558357806876302,0.0,0.001461337038073184,0.0013838412713904722,-0.0005558357806876302,-6.86058952424624e-05
2025-08-07,-0.00012109043861912693,-0.0016636752256168027,-0.0002789763093460351,0.0,-0.00010713111415151234,-0.00027898184269527465,-0.0002789763093460351,-0.015252171359502352
2025-08-08,0.0019065806026000822,-0.0016486183186899313,0.0007370833773165941,0.0,0.0016253966928572942,0.0007370829425207158,0.0007370833773165941,0.006322783911470089
2025-08-11,-0.0008150657958329967,-0.0036121416485747513,0.0009136461885645986,0.0,-5.993237414552246e-06,-0.000815066016369159,0.0009136461885645986,0.002766593903370819
2025-08-12,0.0008869489398342478,0.0023173836599311663,0.000527906755451113,0.0,0.0006774029780155649,0.0008869510114856052,0.000527906755451113,0.011298032384066478
2025-08-13,-0.00019459836360522973,-0.0011997551413112507,-6.59869983792305e-05,0.0,-9.546088699067077e-05,-0.00019460502706337198,-6.59869983792305e-05,-0.007953716395498953
2025-08-14,0.0018993119751584146,0.002635333173560914,5.899756797589362e-05,0.0,0.0011475339447600142,0.0018993111629787042,5.899756797589362e-05,0.012417012460322263
2025-08-15,-0.0009891258007211205,-0.0024266031260019062,-0.00044289385550655425,0.0,-0.0007064256841873166,-0.000989126930071431,-0.00044289385550655425,-0.012554730768613305
2025-08-18,0.002442354491531562,-0.002323961867729889,0.00016820660675875843,0.0,0.001790677017931034,0.00016820656835521254,0.00016820660675875843,0.003573793586024126
2025-08-19,-0.0005435571108734288,0.0018468046075044578,-6.495267734862864e-05,0.0,-0.00047419117868790036,-6.495111916601349e-05,-6.495267734862864e-05,-0.0029887004624930278
2025-08-20,0.0011583588391071147,-5.2822432234988466e-05,-0.00013533027959056199,0.0,0.0007143392667125065,-5.2811423186137445e-05,-0.00013533027959056199,0.005421137273257518
2025-08-21,-3.329446294548252e-05,-0.004888121451384183,-0.00022775770048610866,0.0,0.00012827487650766815,-0.00022776257601874738,-0.00022775770048610866,-0.0026382603401145024
2025-08-22,0.0011626120003404507,-0.0010893649194130888,-0.00037019027513451874,0.0,0.0006764396850727598,-0.00037018954005690305,-0.00037019027513451874,0.01623281490965249
2025-08-25,-0.0009251501133432491,-0.0031026526402712197,-0.0005175030091777444,0.0,-0.0006601966057147633,-0.0009251520956506904,-0.0005175030091777444,-0.004533608515778015
2025-08-26,0.0019727211629105698,0.0023782736061494377,-0.0003070179664064199,0.0,0.0010661696160647628,0.0019727191474986435,-0.0003070179664064199,0.012368140609763835
2025-08-27,-0.000818429289365137,-0.002316222186734296,-0.0005325431702658534,0.0,-0.0006340472489550443,-0.0008184320962086634,-0.0005325431702658534,0.0023751502269962945
2025-08-28,0.0011814284063909083,-0.00025743207771865035,-0.0005619234871119261,0.0,0.0005736307528847175,-0.000257429509008366,-0.0005619234871119261,0.005963234217161959
2025-08-29,0.00016453127170307225,-0.0005513704111816734,-0.0008611103985458612,0.0,-0.000199427062699906,-0.0005513685963204603,-0.0008611103985458612,0.0011618653615289843
2025-09-02,0.0008433005629302471,-0.001816388113750797,-0.0010531878797337413,0.0,0.00023558841089116225,-0.0010531870996205578,-0.0010531878797337413,-0.005722670486330495
2025-09-03,0.0011072965487996327,-0.0009282260449814411,-0.0012051917146891356,0.0,0.0003072785350010617,-0.0009282229510976256,-0.0012051917146891356,-0.0006341764683730806
2025-09-04,0.00029997342186688814,-0.0014097599994574736,-0.0012478431453928351,0.0,-0.00021853311325271594,-0.0012478376899550804,-0.0012478431453928351,0.014287606301536436
2025-09-05,-0.0005535359026648567,-0.0009768411141426656,-0.0011777142062783241,0.0,-0.0007756358629632451,-0.0009768385361755083,-0.0011777142062783241,-0.03156397853540755
2025-09-08,0.004098028745950492,-0.0018855247843904343,0.0004628968599718064,0.0,0.0029764523165038788,0.000462897010485489,0.0004628968599718064,-0.005006059252646132
2025-09-09,-0.001028118773009548,-0.0039739322110246295,0.0006289204466156662,0.0,-0.0002396569599675668,-0.0010281190365336132,0.0006289204466156662,0.016724617468045693
2025-09-10,-0.0008086466918626669,0.0021454425518726205,-9.457426494918764e-05,0.0,-0.0006752361416966209,-9.457331446879892e-05,-9.457426494918764e-05,0.008990860462868564
2025-09-11,0.0009704152555622032,0.0013246298306351719,-0.0008166753686964512,0.0,0.00025799455523777784,0.0009704130072051568,-0.0008166753686964512,0.016565265653742584
2025-09-12,-0.00036911052323415736,-0.000449825313142132,-0.0015613243449479342,0.0,-0.0008288948526350797,-0.00044983650493003686,-0.0015613243449479342,0.004408406247373074
2025-09-15,0.0011627929237284034,-0.0007239948641838579,-0.0018194569274783134,0.0,9.499462862419929e-05,-0.0007239944824305481,-0.0018194569274783134,0.00646302323507242
2025-09-16,0.00020354176776975902,0.002789954767967931,-0.0017169495113193989,0.0,-0.0006698329449016755,0.0002035419015910815,-0.0017169495113193989,0.0009384023942207043
2025-09-17,0.00087807312389489,0.0011036098065964964,-0.0014169143978506327,0.0,-2.5613864700707372e-05,0.0008780691643443853,-0.0014169143978506327,0.008245602000261533
2025-09-18,-6.373973657061976e-05,0.0006638107542127331,-0.0010282851289957762,0.0,-0.00047446139498282945,-6.374007266558787e-05,-0.0010282851289957762,0.0047361954842986935
2025-09-19,0.0007106138704458154,-0.0016586579158081117,-0.0008063282584771514,0.0,0.0002363416462445347,-0.0008063277463213332,-0.0008063282584771514,0.00493619820105407
2025-09-22,0.00042288051997689037,-0.00558605882066881,-0.0012164977379143238,0.0,7.882047071951996e-05,-0.0012164981184072292,-0.0012164977379143238,-0.007461519689401627
2025-09-23,0.00147908802554338,-0.0046204109596242405,-0.0011517712846398354,0.0,0.0007538024612696187,-0.0011517713763237285,-0.0011517712846398354,0.0009596846332485094
2025-09-24,3.4447949097859824e-05,-0.003265687844529133,-0.0007469126721844077,0.0,-0.00010822732345072982,-0.0007469135520327607,-0.0007469126721844077,0.002172043748345067
2025-09-25,0.0005541879250434217,-0.003183026559335452,-0.00022300428827293217,0.0,0.00043448982706197493,-0.00022300523404653874,-0.00022300428827293217,9.570972639640803e-05
2025-09-26,0.0007368609306440327,-0.0034691507706476775,-0.0001612103369552642,0.0,0.0005930508425594852,-0.0001612111458584286,-0.0001612103369552642,0.008292164592368312
2025-09-29,-9.143508352001486e-05,-0.006189531632974639,-0.0005967534380033612,0.0,9.969428536751141e-06,-0.0005967552304147648,-0.0005967534380033612,-0.0011713341020686693
2025-09-30,0.0012182564869284503,-0.0038644030075344355,-0.0009922254830598831,0.0,0.0006067993867905167,-0.0009922255871153628,-0.0009922254830598831,-0.0008239630572537917
2025-10-01,0.0005464275458335613,-0.005276660126592619,-0.001467443653382361,0.0,4.762250303100551e-05,-0.0014674438870624139,-0.001467443653382361,-0.015076790329513094
2025-10-02,0.0018163604057325384,-0.002540740300858407,-0.0013531303266063333,0.0,0.0007964325114352812,-0.001353129801303682,-0.0013531303266063333,-0.010222337804451751
2025-10-03,0.0005617984298716503,-0.0035119269433080955,-0.0009547695517539978,0.0,0.00017095192153300737,-0.0009547698195155879,-0.0009547695517539978,0.008031427089881379
2025-10-06,-0.0005301346168675887,-0.001329442208893746,-0.0005633266409859061,0.0,-0.0005039906717218434,-0.0005633537556310681,-0.0005633266409859061,-0.0027454551740353104
2025-10-07,0.0014350150811288335,-0.004123087403961547,-1.9533414160832763e-05,0.0,0.0011408190852916307,-1.953385714297106e-05,-1.9533414160832763e-05,-0.004830817332018259
2025-10-08,0.0007828798268842108,0.001021655594002318,0.000209581819945015,0.0,0.0005482209594230054,0.0007828774118544523,0.000209581819945015,-0.01196641381428859
2025-10-09,0.0013267781999528915,0.0017447730171306383,0.0008212526445277035,0.0,0.0011097236621849418,0.0013267777893133349,0.0008212526445277035,0.004921592734975841
2025-10-10,-0.0004607543319438865,-0.003733914917320815,0.001039762981235981,0.0,0.0002828204110367702,-0.0004607546921651549,0.001039762981235981,-0.015303171332673341
2025-10-13,0.0022864192204214272,-0.0013897540787643561,0.0029182659927755594,0.0,0.0027118038621041984,0.0022864179146265887,0.0029182659927755594,0.023257581460929006
2025-10-14,-0.0022591665986583303,-0.003031462792132618,0.002094832481816411,0.0,-0.0005278836838464155,-0.0022591655367310394,0.002094832481816411,-0.019310541089725422
2025-10-15,0.003745129318026668,0.00010005219320507497,0.001626574550755322,0.0,0.0030991878098526014,0.001626574733407278,0.001626574550755322,0.01187968603311222
2025-10-16,-0.0017152416208067124,0.00021150263445652163,0.0010524808894842863,0.0,-0.0007328389934782309,0.00021150196665794722,0.0010524808894842863,-0.023667568711863887
2025-10-17,0.0034315362687962403,0.004562491598780316,0.0025591840967535973,0.0,0.003036963941980993,0.0034315365298530835,0.0025591840967535973,-0.0032880787090740662
2025-10-20,-0.0006167944476331512,0.0033058924885494834,0.0012693814933300018,0.0,-7.480401356705561e-05,0.001269381532387539,0.0012693814933300018,0.016002434858578732
2025-10-21,-0.0007132724331204551,-0.0015624623073860725,-0.0005367058329284191,0.0,-0.0006031026998682659,-0.0007132768584749868,-0.0005367058329284191,-0.01758320110224455
2025-10-22,0.003095856307384481,0.0040099853515311035,-7.616286166012287e-05,0.0,0.0018173908514145156,0.0030958555308928906,-7.616286166012287e-05,-0.010081313658689842
2025-10-23,0.00023553431199366107,0.006305064980410967,-9.366622543893754e-05,0.0,-0.0001890721449245346,0.00023553716661074003,-9.366622543893754e-05,0.001461049093058298
2025-10-24,2.8656705732062583e-05,-0.0010915673274772728,-0.0005282046040520072,0.0,-0.00013320768492736262,-0.000528204624628813,-0.0005282046040520072,0.019833228634823355
2025-10-27,-0.0008136101250155422,-0.000962300739724279,-0.0007665680022910237,0.0,-0.0007880473653416568,-0.0008136238813981396,-0.0007665680022910237,0.012272905755348288
2025-10-28,0.0007776043008206209,0.0022846183414232707,-0.0010372232645750046,0.0,-1.9312437559286825e-06,0.0007776041885461893,0.0007776043008206209,0.003970379766668846
2025-10-29,0.0008384528829809854,0.0016050790217347294,-0.0008864765986800194,0.0,0.00013006004992179433,0.0008384521610202525,0.0008384528829809854,0.0004911827992139265
2025-10-30,0.0006845444417056995,0.0029133075479373855,-0.000644381158053875,0.0,5.874229128970598e-05,0.000684544744785509,0.0006845444417056995,0.012781676889541125
2025-10-31,-0.0004563778000481089,-0.0009316729180307671,-0.00018062556046061218,0.0,-0.0003258970641984211,-0.00045637930525066424,-0.0004563778000481089,0.005414453998499606
2025-11-03,0.0009329952667851932,-0.001393020491187948,3.536435542628169e-05,0.0,0.0006974992156099612,3.53639429715498e-05,0.0009329952667851932,-0.0057053324460583105
2025-11-04,0.0012945927543136857,-0.0036254612793047126,0.00015734093904029578,0.0,0.001092638431785583,0.000157340325485688,0.0012945927543136857,-0.00032333043452999677
2025-11-05,0.00023021383554127327,-0.002850318312766161,4.072170122526586e-05,0.0,0.0003070241008154715,4.071682472701547e-05,0.00023021383554127327,0.00782698568241091
2025-11-06,-5.5430775234026255e-06,0.0003070592565681515,-0.00031967813265509903,0.0,-0.00014300411604729885,-5.543092934476046e-06,-5.5430775234026255e-06,0.005567189982682156
2025-11-07,0.0006307091500815491,0.0002974687562345701,-0.0008830489823594689,0.0,5.819419417946224e-05,0.00029746661894836253,0.0006307091500815491,0.00251733804429832
2025-11-10,0.0006628975808304102,-0.0014879547572049922,-0.001509283552877605,0.0,-7.691098035801246e-05,-0.0014879123553818128,0.0006628975808304102,0.008493231746813138
2025-11-11,7.338506524949984e-07,-0.002518457894839976,-0.0016645623836666346,0.0,-0.0005239176174298717,-0.00166456181507276,7.338506524949984e-07,-0.004015813879357545
2025-11-12,0.0014345403303303835,-0.004918301976390291,-0.0015271010342985392,0.0,0.0005929709451284942,-0.0015271010770143074,0.0014345403303303835,0.01506249427342186
2025-11-13,-0.000961700472717676,-0.0012778150394803678,-0.0018226995598524809,0.0,-0.0012811525290600256,-0.001277816354469893,-0.000961700472717676,-0.034707931942297925
2025-11-14,0.004433141702064933,0.0034148968944313265,-0.0003594048030208796,0.0,0.0026187661378898586,0.0034148961790835793,0.004433141702064933,-0.019149570372671135
2025-11-17,-4.078996041946472e-05,0.0042438598166171055,-2.8435606509447098e-06,0.0,-0.00023537963829702065,-2.8187623256614985e-06,-4.078996041946472e-05,-0.010728903005143373
2025-11-18,0.0006378745440303339,0.0006034426562594486,0.0005085470038466156,0.0,0.0005892531595331198,0.0006034255233049598,0.0006378745440303339,-0.0032011480103118243
2025-11-19,0.00042993998321371797,0.0015953402643564191,0.0005586111801676452,0.0,0.0004230465708255823,0.0005586178702978999,0.0005586111801676452,0.012809577815405367
2025-11-20,-0.0005571489457040601,0.0011739726237161962,-0.00014776361058466136,0.0,-0.00048249604124550236,-0.00014776193520808602,-0.00014776361058466136,-0.016255603288735897
2025-11-21,0.0027636290450642584,0.0032572043405639413,0.001877050381153822,0.0,0.0023946657339659772,0.002763628152598157,0.001877050381153822,-0.0012072968361968488
2025-11-24,-0.00039694311730792474,0.0067203588461604465,0.0017120178090408444,0.0,7.561263856907692e-05,0.0017120180831715689,0.0017120178090408444,-6.707497751019905e-05
2025-11-25,0.0006712169531672038,-0.0011148346358163127,0.0003172180731780827,0.0,0.0006207912772708378,0.0003172159615007834,0.0003172180731780827,0.016639319003964724
2025-11-26,-0.0007435640277404634,-0.0010533129906296005,-0.0008709841640666127,0.0,-0.0007779914144886478,-0.0008709864658485537,-0.0008709841640666127,0.015197510294999206
2025-11-28,0.00035030181242949783,0.0018769655043865351,-0.0015832185745239258,0.0,-0.000476361038038406,0.0003503016749202479,-0.0015832185745239258,0.017528390243120227
2025-12-01,-7.462869856771418e-05,0.004681213695680846,-0.0016286426689475775,0.0,-0.000911456048503509,-7.46282660792074e-05,-0.0016286426689475775,-0.013376318879722009
2025-12-02,0.002615941655080149,0.0017880472470316333,-0.0005989958299323916,0.0,0.0014058983881416495,0.0017880464606362984,-0.0005989958299323916,-0.0033722746421838996
2025-12-03,-0.00010379419538473144,0.006717478550471534,-3.5055301850661635e-05,0.0,-0.00041034697337687565,-3.504131337530033e-05,-3.5055301850661635e-05,0.013709670812637503
2025-12-04,-0.0006193173170875812,0.0029036553541724338,-3.831330104731023e-05,0.0,-0.0005654614078562437,-3.831192546998782e-05,-3.831330104731023e-05,0.01263885519216397
2025-12-05,0.0004450846298290186,0.0024971589527761624,8.78556165844202e-05,0.0,0.00020587040211535922,0.0004450869267343476,8.78556165844202e-05,-0.00335899651627737
2025-12-08,0.001512103935186991,0.0008249892318601289,0.0001962933165486902,0.0,0.001033873826918369,0.0008249893662733557,0.0001962933165486902,0.0005394142460225113
2025-12-09,0.0002197299322325927,-0.0006691857004607341,-0.0003873530949931592,0.0,2.702930117330678e-05,-0.000387351213591169,-0.0003873530949931592,-0.04775799247150885
2025-12-10,0.004602484880905426,0.011619379336802882,0.0030892910435795784,0.0,0.0036710593089855042,0.00460248539841446,0.0030892910435795784,0.031445962223618416
2025-12-11,-0.0049016098434694335,-0.0007901448137447202,0.0013536890037357807,0.0,-0.0026694122919119884,-0.0007901450366600099,0.0013536890037357807,0.023172783507208777
2025-12-12,0.001046464394348765,-0.007910906863287296,-0.0006112836999818683,0.0,0.0008393205361295953,-0.0006112841655271259,-0.0006112836999818683,0.003585423377995607
2025-12-15,0.001464848484868742,-0.0010074490480488716,-0.0020712700206786394,0.0,0.00021022351061827905,-0.001007448513959907,-0.0020712700206786394,0.004698226613154766
2025-12-16,0.00015720034281579596,-0.0042850561270318605,-0.002936119446530938,0.0,-0.0008289390682479017,-0.0029361190293720908,-0.002936119446530938,-0.01406635016528549
2025-12-17,0.0020175332282495605,0.0032053665479426824,-0.0025198436342179775,0.0,0.00019461969847862155,0.002017532608090145,-0.0025198436342179775,-0.0018079297194320673
2025-12-18,-0.00014353654439492063,0.0015550078655849572,-0.0015121755423024297,0.0,-0.000758879104053807,-0.00014353640285512503,-0.0015121755423024297,-0.006305989085727517
2025-12-19,0.0011364115593678844,0.001556657681633003,-0.0003306833968963474,0.0,0.0005452312829933238,0.001136409871769363,-0.0003306833968963474,0.013360797637063713
2025-12-22,-0.0008553913526464892,-0.001924327210498726,-0.0006576438900083303,0.0,-0.0007262461654993496,-0.0008553954252242042,-0.0006576438900083303,0.018366922669401427
2025-12-23,-5.003948002934341e-05,-0.0010158078800329505,-0.0008887331932783127,0.0,-0.0003290732433828134,-0.0008887266352592605,-0.0008887331932783127,0.008751701065471759
2025-12-24,0.0008722493059546458,0.0024138000090191923,-0.0007524486863985658,0.0,0.00016497981951844106,0.0008722492728399753,-0.0007524486863985658,0.009891763518785068
2025-12-26,0.00014306047464701416,-0.00042396451041931666,-0.0006313632475212216,0.0,-0.00013045732518047115,-0.0004239614922080727,-0.0006313632475212216,-0.0038351837744928156
2025-12-29,0.0014410997541754159,-0.003348754259068691,-0.00022210474708117545,0.0,0.0010282072308229078,-0.0002221050279813452,-0.00022210474708117545,-0.012767578642635108
2025-12-30,0.0013493254822980287,-0.0027195162190853783,0.00015265718684531748,0.0,0.0010826697705871345,0.00015265670051214028,0.00015265718684531748,-0.0010197833460037775
2025-12-31,-2.3382257125786443e-05,-0.0018516340109129823,-8.549165795557201e-05,0.0,4.178843794653249e-05,-8.550669085925948e-05,-8.549165795557201e-05,-0.003717283816488067
