Date,ARIMA,RandomForest,LSTM,NaiveZero,ResidualHybrid,ConfidenceWeight,RegimeSwitching,Actual
2022-10-17,0.00265748486782672,0.0016827369518410936,0.0006795431254431605,0.0,0.001421013168396262,0.0016827369228684603,0.0016827369518410936,0.028706894039522732
2022-10-18,-0.0008314124633667615,-0.0008460587821457591,0.0005165784386917949,0.0,-0.0001364189143459088,-0.0008313531281301946,-0.0008460587821457591,0.00936522600657539
2022-10-19,0.0011676819157372845,-0.0014015594459712915,0.00013695599045604467,0.0,7.49969011121618e-05,0.00013695567127810658,-0.0014015594459712915,0.0007648922379186267
2022-10-20,0.0004650596960054149,-0.004418369726834844,-6.621517241001129e-05,0.0,-0.0008722934262373064,-6.621681795057261e-05,-0.004418369726834844,-0.0032722547923779897
2022-10-21,0.0012678500332930225,-0.008228985442970209,-0.00019512337166815996,0.0,-0.001555519687040493,-0.00019512392983229998,-0.008228985442970209,0.02669956282561011
2022-10-24,-0.0004127357873053132,-0.008309121568869596,4.497123882174492e-05,0.0,-0.0018931967113762708,-0.0004127378359962194,-0.008309121568869596,0.01469408884889374
2022-10-25,0.0005192365298892175,-0.0034768376880488817,0.00023478124057874084,0.0,-0.0004972719746330126,0.00023477801890863523,-0.0034768376880488817,0.01915316427149634
2022-10-26,-0.0002111595173751072,0.006607591372408083,0.0005531633505597711,0.0,0.001667846262527675,0.0005531644903791924,0.006607591372408083,-0.019822244516070356
2022-10-27,0.0019361615561316636,0.004438604910330342,0.0004826091753784567,0.0,0.0017276088422732289,0.001936161843865817,0.004438604910330342,-0.03093932874810368
2022-10-28,0.0020573974563578143,0.005677553273915324,0.0003311357577331364,0.0,0.0019507087577856077,0.0020573977588952564,0.005677553273915324,0.07283459045720962
2022-10-31,-0.0022562953737541806,-0.00316325015105498,0.0008128674235194921,0.0,-0.0008639210970963769,-0.0022562945991987295,-0.00316325015105498,-0.015530455647200892
2022-11-01,0.0022872561699025682,0.00422066027922549,0.0006029637297615409,0.0,0.001835423298353353,0.002287256246231582,0.00422066027922549,-0.017698408511727257
2022-11-02,0.0008720774338712475,0.0016561475898256067,-0.00015993998385965824,0.0,0.0005080951192843137,0.000872077128821487,0.0016561475898256067,-0.038018520573267524
2022-11-03,0.0031536190224740928,0.01073350115708327,-4.777114372700453e-05,0.0,0.003144172978877304,0.003153619202750007,0.01073350115708327,-0.043330338809810486
2022-11-04,0.0027732945406113508,-0.0007148044156461058,0.00031454279087483883,0.0,0.0007411182002484361,0.00031454335410075493,-0.0007148044156461058,-0.0019492089790141577
2022-11-07,0.0014690227856854346,-0.0006301292663814591,0.0007679155678488314,0.0,0.0006493088078711524,0.0007679148598527612,-0.0006301292663814591,0.003894514816864274
2022-11-08,0.0011944398187261787,-0.0044255632445149625,-0.0015774598577991128,0.0,-0.001463634454588488,-0.0015774598674379535,-0.0044255632445149625,0.004166594151465541
2022-11-09,0.0008844119147265303,-0.011644981047684076,-0.0024742423556745052,0.0,-0.003580413014281289,-0.002474242544216922,-0.011644981047684076,-0.03375333240095688
2022-11-10,0.0026331093902739154,-0.0011192259732456218,-0.00154857465531677,0.0,-0.0003489170609560204,-0.0011192239212929997,-0.0011192259732456218,0.08523656253834472
2022-11-11,-0.0031722493859029314,-0.010280565210603543,-0.0008308321703225374,0.0,-0.003505648882774988,-0.0031722496719894765,-0.010280565210603543,0.019085215657103444
2022-11-14,0.0007799662852870773,0.003768154538239369,-0.00023921218235045671,0.0,0.0009020467977236945,0.0007799669301209414,0.003768154538239369,-0.00953085827580921
2022-11-15,0.00042657140924065833,-0.0059356315152460214,0.0002488669706508517,0.0,-0.001049298088364872,0.00024886156759549216,-0.0059356315152460214,0.01179968339293434
2022-11-16,0.0005054636424276655,0.0007663584330234602,0.0009413303923793137,0.0,0.0007879634034180933,0.0007663565861740964,0.0007663584330234602,-0.008366064109119508
2022-11-17,0.0013052034511928726,-0.003135757654512209,0.001585027202963829,0.0,0.0004841915854655349,0.0013052001279483711,-0.003135757654512209,0.012887920126207772
2022-11-18,0.0002706631622684095,-0.005693201813298045,0.001722880289889872,0.0,-0.0002743621195767539,0.0002706626422334159,-0.005693201813298045,0.0037745932954309233
2022-11-21,0.0009647376774361182,-0.0046191246553146555,0.0017987892497330904,0.0,0.00018219290905161411,0.0009647366603608262,-0.0046191246553146555,-0.021918635681582848
2022-11-22,0.00188180626260378,-0.007683511850823615,0.0017098084790632129,0.0,-0.000287810260768912,0.0017098028382960828,-0.007683511850823615,0.014554672511554968
2022-11-23,0.0002718180053913063,0.0007829544322862116,0.0019095094176009297,0.0,0.0012312210956767458,0.0007829554949986634,0.0007829544322862116,0.005908867503761323
2022-11-25,0.0009971202769043438,-0.005175873600943436,0.0019654035568237305,0.0,0.00015595881949403154,0.0009971194082208296,-0.005175873600943436,-0.019788062788552364
2022-11-28,0.001769318406911908,0.0014265628821186018,0.001961763948202133,0.0,0.0017944417480180057,0.0017693161646564902,0.0014265628821186018,-0.02661522243240325
2022-11-29,0.0022545854277798917,-0.00047497716718227347,0.0019370553782209754,0.0,0.0014964223959603716,0.0019370526628659677,-0.00047497716718227347,-0.021375129477976106
2022-11-30,0.002151108786105009,-0.002030791235787717,0.0020366418175399303,0.0,0.0011822255639927872,0.002036633477131384,-0.002030791235787717,0.04745002749096371
2022-12-01,-0.0010234992571132224,-0.0013304115422715296,0.00247939839027822,0.0,0.0007240378742448662,-0.0010234963052606543,-0.0013304115422715296,0.001889703442270175
2022-12-02,0.0013153680584316086,-0.0036330000086687627,0.002207543235272169,0.0,0.00070115286418363,0.0013153671420874878,-0.0036330000086687627,-0.0033768677563157327
2022-12-05,0.0006430445332067937,0.0011341974856808326,0.001765618217177689,0.0,0.0013313006671112693,0.0011341979347212158,0.0011341974856808326,-0.00801539691122836
2022-12-06,0.0015348146901632475,0.0007782266380974717,0.0012475552503019571,0.0,0.0012214675097820104,0.0012475539148500336,0.0007782266380974717,-0.025697246616167076
2022-12-07,0.002117305917108338,0.004491727441076923,0.0012221476063132286,0.0,0.002170122417455833,0.0021173066109383782,0.004491727441076923,-0.013880894864139424
2022-12-08,0.0017507733276240687,-0.0010757716453823204,0.0013243670109659433,0.0,0.0009151244252987367,0.0013243650930271599,-0.0010757716453823204,0.012059859374304184
2022-12-09,0.0006616779073161813,-0.004657597669216961,0.0008177644340321422,0.0,-0.0004144627950941885,0.0006616717695839897,0.0008177644340321422,-0.0034408333126327417
2022-12-12,0.0013701595961811124,0.0008435630118057636,0.0005459454259835184,0.0,0.0008287267041295055,0.0008435644576008382,0.0005459454259835184,0.016257023766421262
2022-12-13,0.00013162326928396262,-0.004063459431102596,0.0005977278924547136,0.0,-0.0005394256810400775,0.00013162137126916489,0.0005977278924547136,0.006759672326977853
2022-12-14,0.0007940003084152659,0.0017495581445519533,0.0007938271737657487,0.0,0.0010017519762216165,0.0007944596496004533,0.0007938271737657487,-0.015658001955397714
2022-12-15,0.001536374641684879,-0.003029799298907815,0.0016213846392929554,0.0,0.0005872260441529662,0.0015363633676302023,-0.003029799298907815,-0.04798742906487702
2022-12-16,0.0032570015921538314,0.009916106127358692,0.003950321581214666,0.0,0.005064507760071505,0.0039503228518353575,0.009916106127358692,-0.01468610177205532
2022-12-19,0.0018041007714310981,0.008527538577597853,0.005843782797455788,0.0,0.005358816747102679,0.005843782672542843,0.008527538577597853,-0.01603749982010283
2022-12-20,0.0023254137288288377,0.003032547304299524,0.005150501616299152,0.0,0.003942448601833462,0.003032548242763429,0.003032547304299524,-0.0005288679922286533
2022-12-21,0.0011814503186288639,0.012966689930890658,0.001924134325236082,0.0,0.00412949879348956,0.0019241355775453386,0.012966689930890658,0.023530413295112247
2022-12-22,0.00020039079729685793,-0.002466195841483943,-0.0005672693951055408,0.0,-0.0007772151525524358,-0.0005672701683214678,-0.002466195841483943,-0.02405979461174904
2022-12-23,0.00220640576049156,0.005853574008584008,-0.0006788307800889015,0.0,0.0015053123340672977,0.0022064058328084665,0.005853574008584008,-0.0028020041192177592
2022-12-27,0.0009120708436878503,0.008153718700874094,-0.0007327717030420899,0.0,0.001635255419026352,0.000912071312858492,0.008153718700874094,-0.013975504852008843
2022-12-28,0.0019941520159791285,0.009203734049375136,-0.0003927707439288497,0.0,0.0023260085396538555,0.001994152295912032,0.009203734049375136,-0.031165904943411503
2022-12-29,0.002444304066548812,0.006534730493230367,0.001536318100988865,0.0,0.0028637211598283585,0.002444304921113276,0.002444304066548812,0.02793074417520536
2022-12-30,-0.00010938080775864877,0.012055925662987198,0.0012305754935368896,0.0,0.0032306867770089047,0.0012305761463589809,-0.00010938080775864877,0.0024657257424248284
2023-01-03,0.001263305837628025,-0.0033400147689921235,0.0003832870861515403,0.0,-0.0001937500367727924,0.0003832862208231561,0.001263305837628025,-0.038122170675833005
2023-01-04,0.0025316446255198625,0.002081325189145912,0.001972685568034649,0.0,0.0021441890093333417,0.002081332016808833,0.002081325189145912,0.010261300331658878
2023-01-05,0.0005642332407449425,0.010326225876874894,0.0022222413681447506,0.0,0.0035462931321532964,0.0022222418471858313,0.0005642332407449425,-0.010661139265718593
2023-01-06,0.0019105908244991744,0.010297735021455718,0.0017086337320506573,0.0,0.0036302588401623914,0.0019105956082923364,0.010297735021455718,0.03613333707119466
2023-01-09,-0.0008757549917242673,-0.010080359711537796,-0.0004687949549406767,0.0,-0.0026670477460807272,-0.00087575732833391,-0.010080359711537796,0.004080553913767743
2023-01-10,0.0010841263154686817,-0.0015631042721624265,-0.0011408667778596282,0.0,-0.0006440814418602365,-0.0011408648697233282,-0.0015631042721624265,0.0044463770219663945
2023-01-11,0.00030328913915065973,-0.005368155964354037,-0.0014190872898325324,0.0,-0.0018223834647348356,-0.001419087616656279,-0.005368155964354037,0.020892737794425808
2023-01-12,2.9822783750035886e-05,0.005421254602540928,-0.0012721441453322768,0.0,0.0005281600343567177,2.9823365230027664e-05,0.005421254602540928,-0.0005995191187359703
2023-01-13,0.0008482889569617943,-0.008208821273483161,-0.0010144562693312764,0.0,-0.002086495129095074,-0.0010144566666385499,-0.008208821273483161,0.01006789508578142
2023-01-17,0.000262941459534962,-0.0024182923498348415,-0.0004000067710876465,0.0,-0.0006636157870514223,-0.0004000077799853439,0.000262941459534962,0.008718346636051089
2023-01-18,0.0005498678997553127,0.0008119132462988712,6.751035107299685e-05,0.0,0.0003570322566308908,0.0005498661771040901,0.0005498678997553127,-0.005384324656396352
2023-01-19,0.0010578676031694314,0.005578609262115359,0.00029009266290813684,0.0,0.0016435026271441173,0.0010578686811459177,0.0010578676031694314,0.0004437736676496247
2023-01-20,0.0008465606256656081,0.0033314651910672376,0.0008626559283584356,0.0,0.0013953833141818156,0.0008627107878203577,0.0008465606256656081,0.019038292841187264
2023-01-23,0.00010013213506127278,0.0051572605108088435,0.0012042741291224957,0.0,0.0017719772971374753,0.0012042747803203396,0.00010013213506127278,0.02322860487017864
2023-01-24,-0.00013754753125764661,0.008896857442417732,0.00132271321490407,0.0,0.0025838349232942207,0.0013227137667834166,-0.00013754753125764661,0.010012608261312266
2023-01-25,0.00030316083598849633,0.0026380454883305694,0.0016902065835893154,0.0,0.001529423932330917,0.001690206250697649,0.00030316083598849633,-0.004711580943601682
2023-01-26,0.0009322403302574008,0.0008838201889464556,0.0017406605184078217,0.0,0.0013404222193068058,0.0009322589301286518,0.0009322403302574008,0.014694628886286483
2023-01-27,0.00011365552383001739,0.0008001349594402049,0.001941185793839395,0.0,0.0012095223519271638,0.0008001355370654169,0.00011365552383001739,0.01359145920204597
2023-01-30,0.0003429599050803671,0.000496721387279532,0.0019958368502557278,0.0,0.0012324963397699045,0.0004967271412053129,0.0003429599050803671,-0.02028226212058516
2023-01-31,0.0017288331449952295,-0.0032688834222997453,0.0017136512324213982,0.0,0.0006339271739738627,0.0017135932316262358,0.0017288331449952295,0.008980449462400973
2023-02-01,0.0003755320319188682,-0.001194402468319696,0.0018317862413823605,0.0,0.0007883121390598372,0.00037553198232617653,0.0003755320319188682,0.007869563663233829
2023-02-02,0.0008112288337061534,0.006539514258457847,0.001749731949530542,0.0,0.0025432648274316327,0.0017497328041008143,0.0008112288337061534,0.036392397653764105
2023-02-03,-0.0008991587351872645,-0.012206115362334912,0.0019191951723769307,0.0,-0.0018987707291566204,-0.0008991590013272172,0.0019191951723769307,0.024106962723898607
2023-02-06,-0.00016314567640670773,0.0027501458720465438,0.0017179596470668912,0.0,0.0014448189880474562,0.0017179592111605695,0.0017179596470668912,-0.01809154470810023
2023-02-07,0.0013781485474565686,0.0004997506670322283,0.0016216414514929056,0.0,0.0013132049678930271,0.0013781456098555587,0.0016216414514929056,0.019061906025355062
2023-02-08,-0.00021890287830312314,-0.00366712103513495,0.0016173755284398794,0.0,-1.7834265272731047e-05,-0.00021890313245366002,0.0016173755284398794,-0.017810335553010242
2023-02-09,0.0019517238877608694,0.0034938341708223675,0.001236777869053185,0.0,0.001916845415791412,0.0019517246349445593,0.001236777869053185,-0.0069354342879675256
2023-02-10,0.0010196966778481527,-0.0010887490860304356,0.0007791102980263531,0.0,0.00043648369128570293,0.0007791067105750425,0.0007791102980263531,0.00245305032515478
2023-02-13,0.0011303552480354698,0.00751945887362518,0.0008815902401693165,0.0,0.002391190011701334,0.0011303590793675766,0.0008815902401693165,0.018632244277163222
2023-02-14,0.00013342239024148974,0.0013075276197898047,0.0008693632553331554,0.0,0.0007699731728251812,0.0008693623385738674,0.0008693632553331554,-0.0042341359443731534
2023-02-15,0.0012588713715492071,0.0005381698584746147,0.0008083120919764042,0.0,0.0008687501759013104,0.000808313556882125,0.0008083120919764042,0.013807929031279503
2023-02-16,0.0001418642390032471,0.0021766895716528803,0.0009127275552600622,0.0,0.0009837161662555791,0.0009127280592373118,0.0009127275552600622,-0.010484441562377413
2023-02-17,0.0015839250327652264,0.0006746311956308402,0.000784676056355238,0.0,0.0009721829676007061,0.0007846837333858259,0.000784676056355238,-0.007575122411677878
2023-02-21,0.0011350128544805045,-0.0012522507533830026,0.0009387259487994015,0.0,0.0005140992919198612,0.0009387213615926852,0.0009387259487994015,-0.027042195751233074
2023-02-22,0.002410394629283246,0.004042849130012448,0.0006208261474967003,0.0,0.0018385761141289942,0.002410394575628427,0.0006208261474967003,0.002891711046377971
2023-02-23,0.0008636777487025086,-0.004269147047430894,0.0006707334541715682,0.0,-0.00035268568187031557,0.0006707285268480579,0.0006707334541715682,0.0032852768564028433
2023-02-24,0.0011981328369855579,-0.0016735417095523626,0.0005869162268936634,0.0,0.00025694714037257944,0.0005869150381448452,0.0005869162268936634,-0.018169346084672324
2023-02-27,0.0018142520077032705,-0.0017174121952941515,0.0002832267200574279,0.0,0.0002531070991702272,0.0002832265670935579,0.0002832267200574279,0.008213649668614577
2023-02-28,0.0006477098551124071,-0.005898535140313582,0.00019538961350917816,0.0,-0.001010424917971039,0.0001953875764618913,0.00019538961350917816,-0.003453802581041987
2023-03-01,0.001374223439295482,-0.004262068391951208,9.191571734845638e-07,0.0,-0.0005630044086674725,9.186645288533e-07,9.191571734845638e-07,-0.014348371890054185
2023-03-02,0.0015794053107432847,-1.335799447614687e-05,-0.00024219672195613384,0.0,0.0002894850913347192,-1.3354289489651129e-05,-0.00024219672195613384,0.0041204949962192075
2023-03-03,0.0008887504117807941,-0.002230717585545554,-0.00013238668907433748,0.0,-0.00031864677994803466,-0.00013238719034523475,-0.00013238668907433748,0.03448868257476727
2023-03-06,-0.0004645053992918895,0.0022978916443276228,0.0002567422343418002,0.0,0.0005099011175130378,0.0002567431275542326,0.0002567422343418002,0.018369429787950066
2023-03-07,0.0001580419133599409,-0.0010677483327770126,0.00035539595410227776,0.0,-6.359427983897045e-06,0.00015803771161283293,0.00035539595410227776,-0.014602608231320912
2023-03-08,0.001355867046943477,0.002391448416950886,0.00031992176081985235,0.0,0.0010445559960389089,0.001355867046605564,0.00031992176081985235,0.00834244040015144
2023-03-09,0.0004039285204973898,0.0013259785754004363,0.0005801572697237134,0.0,0.0006957576829111987,0.0005801615433050118,0.0005801572697237134,-0.015026950450183188
2023-03-10,0.0018127764744083797,0.0015726259272215925,0.00018990092212334275,0.0,0.0009199886788764501,0.001572622519714119,0.00018990092212334275,-0.013975878876178347
2023-03-13,0.0014714859702399884,0.0008497288198480238,9.811850031837821e-05,0.0,0.0006249261085276338,0.0008497285436051375,9.811850031837821e-05,0.013178675292104937
2023-03-14,0.0005910498807622846,0.0017875801246030282,0.0002181902527809143,0.0,0.0006581854695778069,0.0005910517140763576,0.0002181902527809143,0.013990940948524353
2023-03-15,0.00047693160598603446,-0.000654634928853589,0.0003966265358030796,0.0,0.00018921373155244647,0.0003966153351859653,0.0003966265358030796,0.0026178050507510747
2023-03-16,0.0007756822913211304,-0.0012906387331149526,0.0004071941948495805,0.0,0.0001353862728027084,0.0004071920839972895,0.0004071941948495805,0.018521485929709217
2023-03-17,6.436477030976858e-06,0.0001860204828493818,0.0006355399964377284,0.0,0.00037133567457620683,0.0001860237752387938,0.0006355399964377284,-0.005468846641961718
2023-03-20,0.0012114119430291438,0.003957611327532766,0.000722702534403652,0.0,0.001555609445553812,0.0012114136170217273,0.000722702534403652,0.015365215020891578
2023-03-21,2.0961347339465463e-05,0.0006351662676945481,0.001046629506163299,0.0,0.0006857909441933647,0.0006351654719334838,0.001046629506163299,0.011873365847423023
2023-03-22,0.0005233206435211077,0.0010969996519611402,0.0013863074127584696,0.0,0.0010950762367749672,0.0010969979562345726,0.0013863074127584696,-0.009145209524233748
2023-03-23,0.0011714234961453557,0.002729218491081415,0.0011128948535770178,0.0,0.001479941792616967,0.0011714393763076834,0.0011128948535770178,0.006945460715064618
2023-03-24,0.0005521308192369453,0.003044740594024783,0.001236876007169485,0.0,0.0014489503849754205,0.001236876910786855,0.001236876007169485,0.008271162179987244
2023-03-27,0.0006692519202176628,0.0029765668271324987,0.0014979428378865123,0.0,0.001600323735502083,0.0014979433663132031,0.0014979428378865123,-0.012369487152628826
2023-03-28,0.0014591797450894048,-0.0009287197454698297,0.0012667973060160875,0.0,0.0008401501548844985,0.0012667926165665048,0.0012667973060160875,-0.003988087677175995
2023-03-29,0.0010912644542712322,0.0010527205137445962,0.0012406808091327548,0.0,0.0011602696431146145,0.001091282517505346,0.0012406808091327548,0.019597301426069226
2023-03-30,0.00021037710649318545,0.0036723591176018706,0.0014981634449213743,0.0,0.001630382259248119,0.0014981637607261989,0.0014981634449213743,0.009841330796182384
2023-03-31,0.0005766523637175758,-0.0022972009440871076,0.0017117154784500599,0.0,0.0005394619661990715,0.0005766518319816377,0.0017117154784500599,0.015522998361838873
2023-04-03,7.624999229497516e-05,-0.00011191370015782661,0.0018821272533386946,0.0,0.0009706600914113599,7.625469780114761e-05,0.0018821272533386946,0.007672155879674955
2023-04-04,0.0005490259979854925,-0.0022804753667431473,0.0020660054869949818,0.0,0.0007192924989934124,0.0005490256928182125,0.0020660054869949818,-0.003254779593066611
2023-04-05,0.0009149599865765584,-0.004073599309243688,0.00204784469678998,0.0,0.00041667612817653324,0.0009149593058080078,0.00204784469678998,-0.011354559560190157
2023-04-06,0.0014120756406652644,0.0021208668494775798,0.001879135612398386,0.0,0.0018081526301716585,0.0018791336414247695,0.001879135612398386,0.005480752035281672
2023-04-10,0.0007173212562088741,0.001088791958465188,0.0019512514118105173,0.0,0.0014372215993729825,0.001088793479263848,0.0019512514118105173,-0.016101255003747674
2023-04-11,0.0018819848062575605,-0.001930471333066544,0.0017939017852768302,0.0,0.0010071238509787345,0.0017938909527309601,0.0017939017852768302,-0.007620197390094885
2023-04-12,0.0012838941019978158,0.0036041619213523406,0.0014250067761167884,0.0,0.0018616585783889869,0.00142501330516637,0.0014250067761167884,-0.0043626235901741296
2023-04-13,0.0014566060649622288,0.002429398765877518,0.0011840062215924263,0.0,0.0015270055939521061,0.0014566086807755374,0.0011840062215924263,0.033535046133574595
2023-04-14,-0.00046892464280400795,0.0011793201414515067,0.0014314400032162666,0.0,0.0008738575909305414,0.0011793168122633867,0.0014314400032162666,-0.002116219720953661
2023-04-17,0.0012566317431117636,0.002364479731739752,0.0013758131535723805,0.0,0.0015593262829264945,0.0013758203963021363,0.0013758131535723805,0.00012099144668537599
2023-04-18,0.0006030240269874274,-0.0035456587458145895,0.0014114977093413472,0.0,0.00011939426716997867,0.0006030230340649935,0.0014114977093413472,0.007476828589123962
2023-04-19,0.0007502921619253243,0.002264126932177735,0.0015322421677410603,0.0,0.0014845667930224894,0.0015322420807207095,0.0015322421677410603,0.006944077984400737
2023-04-20,0.0005876241825954541,0.0034970856768873093,0.001611701212823391,0.0,0.001750866017824089,0.0016117016575755638,0.001611701212823391,-0.00586354395652316
2023-04-21,0.0012257550095621846,0.0040213330187258865,0.0015345858410000801,0.0,0.001993771234542225,0.0015345886563791992,0.0015345858410000801,-0.00982911221204742
2023-04-24,0.0013561084679758503,0.0022659042374344567,0.0013206966686993837,0.0,0.0015356549908587586,0.0013561341015255256,0.0013206966686993837,0.0018767677766352421
2023-04-25,0.0009875662166761077,0.00014937050491628,0.0012920934241265059,0.0,0.0009629790695597335,0.0009875641445138,0.0012920934241265059,-0.009480525860065852
2023-04-26,0.0015516353153005075,0.0015813665494112436,0.0009163154754787683,0.0,0.0012290441431004186,0.0015516053682007361,0.0009163154754787683,-6.098623209470998e-05
2023-04-27,0.0010067604449183417,0.0008509267587144998,0.000830435601528734,0.0,0.00088153959507267,0.0008509648955932092,0.000830435601528734,0.02799955550554523
2023-04-28,-0.00013010148305898385,0.0061772386620183965,0.0012681428343057632,0.0,0.0019660021056876367,0.0012681433448463787,0.0012681428343057632,0.00751285111581586
2023-05-01,0.0006821008131668661,0.001463918724243895,0.0015677479095757008,0.0,0.0013108649578030935,0.0014639105507626327,0.0015677479095757008,-0.000530609791205899
2023-05-02,0.0007350336349856072,-0.0015795237086641952,0.001686419709585607,0.0,0.0007243607071016435,0.0007350330177673537,0.001686419709585607,-0.006210578641491679
2023-05-03,0.0012239794713177616,9.994779546268969e-05,0.001663030358031392,0.0,0.0012068960323084138,0.0012239780920773964,0.001663030358031392,-0.006488399291785129
2023-05-04,0.0012419731111404416,0.004454494385271902,0.0013675083173438907,0.0,0.0020057415248738372,0.0013675158346043,0.0013675083173438907,-0.009963002550706238
2023-05-05,0.0015363713624657366,-0.0022464829278290633,0.0013219804968684912,0.0,0.0006025290791831379,0.0013219761556714047,0.0013219804968684912,0.04585918783710699
2023-05-08,-0.001049787196201359,0.00936507661369089,0.0017320800106972456,0.0,0.0026563695721067266,0.0017320802389339648,0.0017320800106972456,-0.00040340190380421057
2023-05-09,0.0011946899566594737,0.008821233482186398,0.0017323330976068974,0.0,0.0031319903476413275,0.001732334809657988,0.0017323330976068974,-0.010021109051384784
2023-05-10,0.000904734078072949,6.878406283661281e-05,0.0013651886256411672,0.0,0.0009613964902333302,0.000904733109084383,0.0013651886256411672,0.01036687938792175
2023-05-11,0.0006175474831340606,0.006352289031424102,0.0014234497211873531,0.0,0.0022823083541362262,0.0014234507561559067,0.0014234497211873531,0.0010940773984571951
2023-05-12,0.0009455054042445976,0.004628033824223047,0.0013824631460011005,0.0,0.0019728024470348927,0.0013824651162036288,0.0013824631460011005,-0.0054322708888845895
2023-05-15,0.0011701021295840038,0.0008874807603463915,0.0012039331486448646,0.0,0.0011261522188676482,0.0011700777318520861,0.0012039331486448646,-0.0029015167137997756
2023-05-16,0.0011508120488107857,0.001941113727587568,0.0012031543301418424,0.0,0.0013498190701803235,0.001203171381017799,0.0012031543301418424,0.0
2023-05-17,0.001078391519280111,7.989257053460034e-05,0.0012284063268452883,0.0,0.0009389089103168952,0.0010783859404382085,0.0012284063268452883,0.00359668327483596
2023-05-18,0.0009037707738283544,0.0014799171827345537,0.0012503040488809347,0.0,0.0012085708050446863,0.001250302600485054,0.0012503040488809347,0.013573693412125264
2023-05-19,0.00041872607298081867,0.0055606465334347354,0.0014014027547091246,0.0,0.002046102361334361,0.0014014035299583247,0.0014014027547091246,0.000627943395330333
2023-05-22,0.0009669616375538314,0.0023273599964011805,0.0014745463849976659,0.0,0.0015257577319676544,0.0014745471775359435,0.0014745463849976659,-0.005495727718195582
2023-05-23,0.0011156854758988958,-0.0007092411227268072,0.0015730778686702251,0.0,0.0009556516922015532,0.001115683846475989,0.0015730778686702251,-0.015270864955536659
2023-05-24,0.0017324964329079573,0.00491313604767769,0.0014040545793250203,0.0,0.0022541971769960674,0.001732499144956969,0.0014040545793250203,0.001630751567404093
2023-05-25,0.0009902469711151219,-0.0010467058419149976,0.0014897915534675121,0.0,0.0008059281500334104,0.0009902454677207925,0.0014897915534675121,0.006669875930038292
2023-05-26,0.0009290848357766236,0.0031870419451356003,0.0014294135617092252,0.0,0.0016793488261400375,0.0014294149841373007,0.0014294135617092252,0.014006289045368672
2023-05-30,0.00036896787323875365,0.0022556054409782478,0.0016023761127144098,0.0,0.0014181585992459912,0.0016023753959793425,0.0016023761127144098,0.010603234814060596
2023-05-31,0.0005115806845969254,0.0016922481482228146,0.0017612444935366511,0.0,0.0014156367827918822,0.0016922349083792769,0.0017612444935366511,-0.00028208486513510385
2023-06-01,0.0008562777764781256,0.007410782068218111,0.0017688459483906627,0.0,0.0027545901080848036,0.0017688468646217326,0.0017688459483906627,0.015895486767694672
2023-06-02,0.0001525915572839901,0.004631626880826079,0.0020912988111376762,0.0,0.0021309521808975038,0.0020912989330735014,0.0020912988111376762,0.004764073020018354
2023-06-05,0.000763663556457147,0.0032836563833003127,0.0022543775849044323,0.0,0.0020838831492077606,0.002254377285155028,0.0022543775849044323,-0.00759988545338666
2023-06-06,0.0011354883856579024,0.0003145262359726025,0.0017880513332784176,0.0,0.001294911519506942,0.0011354880730430868,0.0017880513332784176,-0.002062623347218884
2023-06-07,0.0010660948044415486,0.0055591872143160035,0.00200372445397079,0.0,0.002529014203554186,0.0020037252371208967,0.00200372445397079,-0.007786302499653542
2023-06-08,0.001432810092255489,0.0037701245374626414,0.001710149459540844,0.0,0.002084839681184548,0.0017101525544492408,0.001710149459540844,0.01534658769511825
2023-06-09,0.00034938684229680254,-0.00075639481594478,0.0018330825259909034,0.0,0.000877336895483928,0.0003493870719165538,0.0018330825259909034,0.00215751026435625
2023-06-12,0.001044567523037197,0.002360823721162106,0.0017561442218720913,0.0,0.0016994180674906184,0.00175614397494579,0.0017561442218720913,0.015517693027510451
2023-06-13,0.0001216065763565428,-0.003597093403405247,0.0018677455373108387,0.0,0.00021715638646555894,0.000121606273086223,0.0018677455373108387,-0.002615068944446739
2023-06-14,0.0011540154385161752,0.0009579504632321458,0.0019722161814570427,0.0,0.0015351491620734347,0.0011540192681742582,0.0019722161814570427,0.003485380564140737
2023-06-15,0.0006162166765026076,-0.005559231463739616,0.002045874483883381,0.0,1.3486004797287946e-05,0.0006162161398907534,0.002045874483883381,0.011136358930582863
2023-06-16,0.0005631201897780974,-0.0012743280178674685,0.0022327485494315624,0.0,0.0010282291013946703,0.0005631201352002792,0.0022327485494315624,-0.005877065455596354
2023-06-20,0.0011799983410207449,0.002670688414184733,0.0021295819897204638,0.0,0.0019960630908514862,0.002129581199338947,0.0021295819897204638,0.0004865428803532384
2023-06-21,0.0008885631253359606,-0.003360239732488008,0.0021671694703400135,0.0,0.0006266572609597793,0.0008885625797054458,0.0021671694703400135,-0.005691535222543028
2023-06-22,0.0013484754937874233,0.002766511957033466,0.002107801614329219,0.0,0.0020501954109323275,0.0021078014143038333,0.002107801614329219,0.01639034495434398
2023-06-23,0.0002471470801359071,-0.006106184314050994,0.0022280735429376364,0.0,-0.00010875017059264186,0.0002471467331789504,0.0022280735429376364,-0.0017127898782510092
2023-06-26,0.0011983061049104073,-0.0032904477063434266,0.0022044675424695015,0.0,0.0007430987385874012,0.0011983053356853695,0.0022044675424695015,-0.007581641359393876
2023-06-27,0.0011618553469070001,-0.002328024353739385,0.0019513327861204743,0.0,0.000811681508444586,0.001161854369825463,0.0019513327861204743,0.014946816375110222
2023-06-28,0.0004098699567792615,-0.0035992666135187083,0.002187044359743595,0.0,0.0004583220412013501,0.0004098696440266685,0.002187044359743595,0.006307831395109381
2023-06-29,0.0007734638848494446,-0.0023302068736734865,0.0023421039804816246,0.0,0.0009108535138123569,0.0007734635701579166,0.0023421039804816246,0.0017950114630155337
2023-06-30,0.0007700330175262498,-0.0042272350565958315,0.0023899562656879425,0.0,0.0005221119718595115,0.0007700326010034937,0.0023899562656879425,0.02283967188058003
2023-07-03,-8.799394940536766e-05,-0.0012813100349532822,0.0025875726714730263,0.0,0.0010382350453897416,-8.799348627985905e-05,0.0025875726714730263,-0.00781517880393622
2023-07-05,0.0013052527544059954,0.0026137072780542804,0.0024570832028985023,0.0,0.002186431671727905,0.002457077765333983,0.0024570832028985023,-0.005888676610545284
2023-07-06,0.0009935360074754443,-0.001690279263243799,0.0022829535882920027,0.0,0.0010776268242489635,0.000993535605458881,0.0022829535882920027,0.002505589795123625
2023-07-07,0.0010293936844724292,-0.00015829292601362213,0.0022956831380724907,0.0,0.0014269252498794196,0.0010293937365664153,0.0022956831380724907,-0.005908691406155232
2023-07-10,0.0013168998092424609,0.0005119220176682438,0.0020533688366413116,0.0,0.001523258033304705,0.0013168996942808091,0.0020533688366413116,-0.010915250848642326
2023-07-11,0.0015648671357868641,0.0034483424115531822,0.0017966247396543622,0.0,0.002094574490969099,0.0017966284129014298,0.0017966247396543622,-0.0028139985547198793
2023-07-12,0.0012769200421018153,0.0008190524592347065,0.001619275426492095,0.0,0.0013546500021632676,0.0012769193126595595,0.001619275426492095,0.0089455128207249
2023-07-13,0.000794015548948272,0.0006852446403743032,0.0015872141811996698,0.0,0.001181186809640885,0.0007940233191300872,0.0015872141811996698,0.0040493333849870574
2023-07-14,0.0009255442839037168,-0.0022784595912539373,0.0016457572346553206,0.0,0.0006016757929995121,0.0009255432111848758,0.0016457572346553206,0.0007869495655437801
2023-07-17,0.0009415526485103654,-0.0039010045984649556,0.0016618818044662476,0.0,0.00026134610549383033,0.0009415514705168348,0.0016618818044662476,0.017157321376710735
2023-07-18,0.00022324892817933038,-0.0024044459749996213,0.001920520793646574,0.0,0.0005307906655980473,0.00022324871996418294,0.001920520793646574,-0.0013411289976523447
2023-07-19,0.001072089395774656,-0.003096610787809345,0.001987368566915393,0.0,0.0006394245924292761,0.0010720885453616813,0.001987368566915393,0.007046822278355858
2023-07-20,0.0004895831808362971,-0.0005561243419192567,0.0019066890235990286,0.0,0.0009961102475044867,0.0004895834306322379,0.0019066890235990286,-0.01014849460596754
2023-07-21,0.0015315611467241895,0.001596649654578662,0.0017722789198160172,0.0,0.0016703959205963289,0.0015966589313366967,0.0017722789198160172,-0.00618079329533026
2023-07-24,0.0011905830379051734,-0.005973737346347995,0.0015242963563650846,0.0,-0.0001948692846336132,0.0011905801987136331,0.0015242963563650846,0.00421112047282002
2023-07-25,0.0010100688850693557,0.0012163596925513509,0.0015538278967142105,0.0,0.0013365736349835822,0.001216361547773597,0.0015538278967142105,0.004503451441126353
2023-07-26,0.0008837236402162629,-0.003907970579088497,0.0016255786176770926,0.0,0.0002257293028221771,0.0008837225044752606,0.0016255786176770926,0.004534699071299175
2023-07-27,0.000830279601870953,-0.0004328203305775142,0.001620613969862461,0.0,0.0009648917065641392,0.0008302791302284426,0.001620613969862461,-0.006602613098133537
2023-07-28,0.0013117061031706371,0.004600123910454597,0.0013136827619746327,0.0,0.002027986619327643,0.0013139339444745227,0.0013136827619746327,0.013417307295974873
2023-07-31,0.0003760882941390467,-0.002584679594135555,0.0017249193042516708,0.0,0.00043071236757283223,0.0003760878913761191,0.0017249193042516708,0.003161144598463313
2023-08-01,0.0009748456055705989,0.0027759760786449116,0.001998703693971038,0.0,0.0018969033319119397,0.0019987033855160025,0.001998703693971038,-0.004285064677819126
2023-08-02,0.0010558631977108763,-0.0032024809244496355,0.0019667651504278183,0.0,0.0006014329938006186,0.0010558623370255902,0.0019667651504278183,-0.015611273834712213
2023-08-03,0.00176757646677213,-0.0008823916569457145,0.0015913037350401282,0.0,0.001099888760406442,0.0015912985295724203,0.0015913037350401282,-0.0073485901060710845
2023-08-04,0.0014065146791923822,0.0030421145451032193,0.0014179078862071037,0.0,0.001768171512608857,0.0014179819393952873,0.0014179078862071037,-0.0492112836195609
2023-08-07,0.0035470837172457983,0.006366926907871464,0.0003795143566094339,0.0,0.0025198089521797,0.003547083678367765,0.0003795143566094339,-0.017404335216339308
2023-08-08,0.002009943113271128,0.001072699155896746,0.0006935539422556758,0.0,0.001124273766155594,0.0010727007148869203,0.0006935539422556758,0.005297668561462432
2023-08-09,0.0015658040103845887,0.0025436931494240956,0.00041560549288988113,0.0,0.0011827680566459428,0.0015658038577668397,0.00041560549288988113,-0.008994638811476718
2023-08-10,0.0017414851820883115,0.0027871492787813583,-0.0001340201124548912,0.0,0.000997524975372224,0.0017414847602053546,-0.0001340201124548912,-0.0012354245648289036
2023-08-11,0.0012691533345354478,0.0022377221790133603,-0.0004956572083756328,0.0,0.000565757612269274,0.0012691528702032042,-0.0004956572083756328,0.00033748619798149563
2023-08-14,0.0012421720030912477,0.009109419317924585,-0.000952382804825902,0.0,0.0018167110711720274,0.0012421723312726976,-0.000952382804825902,0.009349279951972244
2023-08-15,0.0006826096734868373,0.0015964844806728483,-0.0012194911250844598,0.0,-0.00010379063147580782,0.0006826091068165092,-0.0012194911250844598,-0.011263469322374231
2023-08-16,0.0016210374510480816,0.009829733478359531,-0.0012719988590106368,0.0,0.001908072358669514,0.0016210376746745477,0.0016210374510480816,-0.004971475028349967
2023-08-17,0.0011837347353387388,0.008017778567055411,-0.0010228421306237578,0.0,0.0015273172113808573,0.0011837350418355769,0.0011837347353387388,-0.014662094022193137
2023-08-18,0.0019066929811477646,0.012430651320112866,-0.0006696106866002083,0.0,0.002861364342434483,0.0019066932739964584,0.0019066929811477646,0.002812134929683278
2023-08-21,0.0009746969393264795,0.01184041143847974,-0.0002442210679873824,0.0,0.00270674811753375,0.0009746976663666874,0.0009746969393264795,0.007707068166106421
2023-08-22,0.000947408660942843,0.007605400669984564,-0.00020130013581365347,0.0,0.0018006113212214736,0.0009474093798222019,0.000947408660942843,0.007873725634312503
2023-08-23,0.0006555912907195952,0.002909003507694764,-0.00021343177650123835,0.0,0.000695623819669587,0.0006555919954172446,0.0006555912907195952,0.021711459575385856
2023-08-24,9.815380010257243e-06,0.003901886146868275,-6.415206007659435e-05,0.0,0.0008180606269842398,9.828286787469738e-06,9.815380010257243e-06,-0.02651891301202152
2023-08-25,0.002141347054002832,-0.007260253566180699,-0.0002233828417956829,0.0,-0.0011283646490249603,-0.00022338312225137912,0.002141347054002832,0.012563904205482162
2023-08-28,0.0001889087585098617,-0.002502535940609932,0.00023026787675917149,0.0,-0.00037508005457284567,0.00018888606638770182,0.0001889087585098617,0.008807235712831898
2023-08-29,0.0009601172170690354,0.004169041596907451,0.0003772730124182999,0.0,0.0013562048094300006,0.0009601186154900574,0.0009601172170690354,0.02157574052020218
2023-08-30,-0.00021399412708214094,-0.008353043411870818,0.0005330682033672929,0.0,-0.0015973674061194674,-0.00021399533925043888,-0.00021399412708214094,0.018990737528917022
2023-08-31,0.00012843330761567323,0.006403658607665253,0.0009238559287041426,0.0,0.0019053258242543386,0.0009238570003228155,0.00012843330761567323,0.0011717893056819614
2023-09-01,0.000636451208173008,0.00914574419124334,0.0011485154973343015,0.0,0.0027525082194599856,0.0011485173176046747,0.000636451208173008,0.008427761652713162
2023-09-05,0.00041727147342032896,0.002547086495363021,0.0013931705616414547,0.0,0.001385980758916881,0.0013931707191271795,0.00041727147342032896,0.001265859233347032
2023-09-06,0.0008721483824808136,0.0032751769246493097,0.0015719442162662745,0.0,0.0017572786666886974,0.0015719450547525906,0.0008721483824808136,-0.03644958878525358
2023-09-07,0.0024936370306588617,-0.0016367632074926425,0.0008123806328512728,0.0,0.0007244515338692857,0.0008123804467374631,0.0024936370306588617,-0.0296856887410939
2023-09-08,0.002308817312178188,0.008983683599539244,0.0007601326797157526,0.0,0.0029585265298193303,0.0023088178072838265,0.002308817312178188,0.00348572283455423
2023-09-11,0.0012945496978369892,-0.0013216524431638357,0.0006026203045621514,0.0,0.00036712682911005574,0.0006026193826299416,0.0012945496978369892,0.006600699922197482
2023-09-12,0.0011050390519547052,0.00437921516568907,0.00039469089824706316,0.0,0.0014492799354534024,0.0011050401505292276,0.0011050390519547052,-0.017207865759124457
2023-09-13,0.001879188405033891,-0.007927086658812093,-0.00017108186148107052,0.0,-0.0013156717565793192,-0.00017108221984722948,0.001879188405033891,-0.011925563353883678
2023-09-14,0.0015832603903883954,-0.006269606574262046,-0.0002537941327318549,0.0,-0.001076285059824237,-0.0002537945103162165,0.0015832603903883954,0.008744028193943548
2023-09-15,0.0008855464373600638,0.0018920099645298631,-0.00012570573017001152,0.0,0.0005806915957957761,0.0008855464326737117,0.0008855464373600638,-0.004162498432679361
2023-09-18,0.0013818319003471996,0.007812403054849132,-0.00033753341995179653,0.0,0.0018900025454796749,0.0013818323258226147,0.0013818319003471996,0.016771957572420195
2023-09-19,0.00023614597310795565,-0.0025163695452726505,-0.00021365995053201914,0.0,-0.000595520547729419,-0.00021366172997931034,0.00023614597310795565,0.006161872712150292
2023-09-20,0.0008694147332906875,-0.0006477988128149283,-9.376928210258484e-05,0.0,4.053673728021971e-05,-9.376851970739668e-05,0.0008694147332906875,-0.020194831472811894
2023-09-21,0.0017096091245748847,0.0006829646315435668,-0.00043964083306491375,0.0,0.00037312202908684994,0.0006829645485910595,0.0017096091245748847,-0.008929203790570248
2023-09-22,0.0013851858403047918,-0.0014245918128032956,-0.00020710821263492107,0.0,-5.067665072290041e-05,-0.0002071080198524569,0.0013851858403047918,0.004932344559539449
2023-09-25,0.0010095558763335603,-0.00013272755816026602,-9.401759598404169e-05,0.0,0.00018951472519901347,-9.399393595429517e-05,0.0010095558763335603,0.007353330565495836
2023-09-26,0.0008071334734298097,-0.0016570635661931632,-4.649104084819555e-05,0.0,-0.00017097556140673671,-4.649158945841318e-05,0.0008071334734298097,-0.02367656449455937
2023-09-27,0.0020918522114953724,-8.13778504036905e-05,-0.00026977492962032557,0.0,0.00039597497185702574,-8.13730579321964e-05,0.0020918522114953724,-0.008937368855522447
2023-09-28,0.0013613437518851961,-0.0018026368007480794,-0.00013338145799934864,0.0,-0.00010102578758207749,-0.00013338152777207777,0.0013613437518851961,0.001524446176360981
2023-09-29,0.0012742768134393742,-0.0019475857425034148,-2.525834133848548e-05,0.0,-9.958565934940896e-05,-2.5258589999959358e-05,0.0012742768134393742,0.003041758655182307
2023-10-02,0.0009603742945034971,-0.003983400114232732,-0.0001119591761380434,0.0,-0.0006703405624181736,-0.00011195984877950336,0.0009603742945034971,0.014726587377350156
2023-10-03,0.00042410604640334996,-0.004950565434049113,1.1897762306034565e-05,0.0,-0.0009584266651094947,1.189554949227903e-05,0.00042410604640334996,-0.0078000490401920865
2023-10-04,0.001320789583462587,-0.0029163528142346047,-5.906925071030855e-05,0.0,-0.00031550713231753976,-5.9069624635364144e-05,0.001320789583462587,0.007282046447975858
2023-10-05,0.0005231427165350044,-0.00022013370694276349,8.938211249187589e-05,0.0,0.0001368120167623905,8.938302777045126e-05,0.0005231427165350044,0.007172106996897024
2023-10-06,0.0007805638008540073,-0.004837788244079138,0.0003364973817951977,0.0,-0.0006714719711301784,0.0003364953331644205,0.0007805638008540073,0.014642831366344877
2023-10-09,0.00022012598309445594,0.001170909401344917,0.0005991786019876599,0.0,0.0006232555979603755,0.0005991794833234518,0.00022012598309445594,0.008415690157786843
2023-10-10,0.0005662324985683495,0.004329739173888445,0.0009174346341751516,0.0,0.0015667266369937378,0.0009174371725318014,0.0005662324985683495,-0.0033578164577189916
2023-10-11,0.0009200711411334478,0.004445979551410738,0.001064631505869329,0.0,0.001761857622938844,0.0010646380334444004,0.0009200711411334478,0.007872920767668911
2023-10-12,0.0005399501600546206,0.004810887153241718,0.0013770803343504667,0.0,0.0019024962494765458,0.0013770812350085415,0.0005399501600546206,0.005048598025330736
2023-10-13,0.000756523607981532,0.004811914907334701,0.0015085639897733927,0.0,0.002028115354963178,0.0015085650134229862,0.000756523607981532,-0.010346150587617899
2023-10-16,0.00131789172681984,0.004096570053726336,0.001320057432167232,0.0,0.0019233978136699603,0.0013202971483579908,0.00131789172681984,-0.0007272428408359674
2023-10-17,0.0009717704765541506,0.004255318123262147,0.0015902521554380655,0.0,0.002006304684513606,0.0015902533921460878,0.0009717704765541506,-0.008823600378494131
2023-10-18,0.0014795928997619865,0.0034461336718516165,0.0015491818776354194,0.0,0.0019433739353144992,0.0015491953197587702,0.0014795928997619865,-0.007422209697693307
2023-10-19,0.0013202565978640216,0.0003796636668065586,0.0014251817483454943,0.0,0.0011700152381878845,0.00132024830634849,0.0013202565978640216,-0.0021635268464982507
2023-10-20,0.0012384593347140771,0.003626500068137863,0.001325685065239668,0.0,0.0018030547159257012,0.001325695838570399,0.0012384593347140771,-0.014813239556067781
2023-10-23,0.0017381433534097645,0.003776236523947209,0.0010235097724944353,0.0,0.0018113068827524904,0.0017381442586499505,0.0017381433534097645,0.0006937845504079722
2023-10-24,0.0010466768596271978,0.0006648691065427464,0.001046607387252152,0.0,0.0009635946892665452,0.0010461261722796277,0.0010466768596271978,0.002540386853670654
2023-10-25,0.0011017157283731524,0.00016199919530972333,0.0010588910663500428,0.0,0.0008751393632127965,0.0010588698691572451,0.0011017157283731524,-0.013583674010427132
2023-10-26,0.0016017262887568881,0.0017092097834185316,0.0006604036316275597,0.0,0.0011375555566928229,0.0016017182149645197,0.0016017262887568881,-0.024913258378371602
2023-10-27,0.0021245970200808348,0.0055899840439576805,0.00015326548600569367,0.0,0.00185731327060696,0.0021245972384364756,0.0021245970200808348,0.007937670088389146
2023-10-30,0.0008180011569240082,0.003500411908376349,0.00035634543746709824,0.0,0.0011623363347387802,0.0008180029411769145,0.0008180011569240082,0.012230176648538671
2023-10-31,0.0007609210432750197,-0.0008565842398398245,0.0002396926865912974,0.0,0.00013913559226448103,0.00023969168589532713,0.0007609210432750197,0.0028148999977761612
2023-11-01,0.0008098492320919646,-0.003043706100957838,1.988111762329936e-05,0.0,-0.00043748591876349046,1.9880181147593822e-05,0.0008098492320919646,0.01856512901948734
2023-11-02,0.00012535194932656473,0.0007976916243152642,5.341012729331851e-05,0.0,0.0002343295224541352,0.00012536399078193206,0.00012535194932656473,0.02048211377823701
2023-11-03,5.112529281504788e-05,-0.00019602770327086988,0.00035988324088975787,0.0,0.00015728585511982186,5.112608848484598e-05,5.112529281504788e-05,-0.005194746546356299
2023-11-06,0.0009692327950175238,0.0019985583448628983,0.0004477981710806489,0.0,0.0009230470234824745,0.0009692337358515906,0.0009692327950175238,0.014499641457413656
2023-11-07,0.0001112233856666691,0.0038449664189252218,0.000742021482437849,0.0,0.0012500578023860389,0.0007420227406544683,0.0001112233856666691,0.014347354097429127
2023-11-08,0.00036569061982446725,-0.0008040204237415281,0.00102316215634346,0.0,0.00045180048519850147,0.0003656899569106763,0.00036569061982446725,0.005867750650799094
2023-11-09,0.0004886555737732119,0.0004953609652831311,0.0012080060550943017,0.0,0.0008626948807255086,0.000495474455570851,0.0004886555737732119,-0.0026281132722152586
2023-11-10,0.0009341110233107776,-8.449139255795866e-05,0.0013262908905744553,0.0,0.0009156828724604816,0.0009341094662074575,0.0009341110233107776,0.022954599697305875
2023-11-13,-0.00013520073579603958,0.00058120494982705,0.001684751594439149,0.0,0.00096325036414128,0.0005812054372689261,-0.00013520073579603958,-0.008620759442994497
2023-11-14,0.0013419828582536375,0.0034130380315951477,0.0017272548284381628,0.0,0.001992001641269233,0.0017272568181127212,0.0017272548284381628,0.014184760174328345
2023-11-15,6.924713362457379e-05,6.050204445814999e-05,0.0018867217004299164,0.0,0.0010086889051096107,6.933965451805806e-05,0.0018867217004299164,0.0030363110474085145
2023-11-16,0.0009584899385459007,0.00104456734699651,0.0020938068628311157,0.0,0.0015652391989517296,0.0010445777495000819,0.0020938068628311157,0.009001413427536816
2023-11-17,0.0003430712158771904,-0.0005659043357659554,0.002208167687058449,0.0,0.0011113711033030236,0.00034307177801085655,0.002208167687058449,-0.00010551883759749448
2023-11-20,0.0009885141454528893,-0.004328351005790296,0.0023521878756582737,0.0,0.0005383561898274554,0.0009885136012235277,0.0023521878756582737,0.009235519040272483
2023-11-21,0.00041217922278916574,-0.0004339850642150111,0.002476245630532503,0.0,0.0012971956656069226,0.00041217991779488104,0.002476245630532503,-0.004239897680293823
2023-11-22,0.0011734157613478705,0.00201427122372385,0.0024881160352379084,0.0,0.002037245104645803,0.0020142703086391237,0.0024881160352379084,0.003508391400916057
2023-11-24,0.0006797278663065273,0.0025998220535225014,0.0024288848508149385,0.0,0.002003322892887729,0.002428879639402969,0.0024288848508149385,-0.007028973352273155
2023-11-27,0.0013463911481760675,0.00150155966323652,0.0024002925492823124,0.0,0.0019259998611679237,0.0015015649156640658,0.0024002925492823124,-0.0009480418134619465
2023-11-28,0.0009691030188185908,0.0024735799944309756,0.0023502763360738754,0.0,0.0020117043472078727,0.0023502690783942346,0.0023502763360738754,0.0032088946901166937
2023-11-29,0.0009850992141176723,0.002785320256807896,0.0023585138842463493,0.0,0.0020880086835512327,0.002358512279242197,0.0023585138842463493,-0.005424169553320666
2023-11-30,0.0012358464941118706,-0.0008332022401191882,0.002120385179296136,0.0,0.0012439506407221149,0.0012358458489763178,0.002120385179296136,0.0030581038836951678
2023-12-01,0.0008773154061603007,-0.0008439795454176119,0.0022025653161108494,0.0,0.0011893209776276843,0.000877315233006332,0.0022025653161108494,0.006768232244609081
2023-12-04,0.0007898011451293692,-0.006691160095955987,0.0022380847949534655,0.0,-8.72418087084992e-05,0.0007898005892459642,0.0022380847949534655,-0.009509683440365332
2023-12-05,0.001388646663619544,-0.0007904730641515498,0.002100038342177868,0.0,0.0012831296365237955,0.001388645720344536,0.002100038342177868,0.020844503566414777
2023-12-06,5.82053411948472e-05,0.001153736299037989,0.002184514421969652,0.0,0.0013977937724151991,0.0011537362419117858,0.002184514421969652,-0.0057033896993347
2023-12-07,0.0013757712264343097,0.0004200445217587157,0.002022262429818511,0.0,0.001502737207198826,0.0013757707285317496,0.002022262429818511,0.010088332006325388
2023-12-08,0.00031348008539847344,0.0011848587078036015,0.002109293593093753,0.0,0.0014331365407509464,0.0011848587733757985,0.002109293593093753,0.007385057457762978
2023-12-11,0.000813707659903104,-0.004774529612741663,0.0022733148653060198,0.0,0.000354211977800472,0.0008137071546079801,0.0022733148653060198,-0.013011611551238795
2023-12-12,0.0013812346648910067,-0.0012098193287641689,0.0020579970441758633,0.0,0.0011681827760267297,0.0013812335772664106,0.0020579970441758633,0.007889059924423758
2023-12-13,0.000626281937800978,-0.005245341045379204,0.0020791790448129177,0.0,0.00010167220338506836,0.0006262814207197587,0.0020791790448129177,0.01655364943752831
2023-12-14,0.00041258124399301077,0.0039895529278619534,0.002261664252728224,0.0,0.002148315897850677,0.002261664214880619,0.002261664252728224,0.0007573851514980623
2023-12-15,0.0008792533997108305,-3.9104591980703915e-05,0.0021957005374133587,0.0,0.001361344758788054,0.0008792537277768015,0.0021957005374133587,-0.002729461824262607
2023-12-18,0.000972573620646183,0.006606307072261881,0.002211456885561347,0.0,0.0028396228964399192,0.0022114574640034897,0.002211456885561347,-0.008539721833880458
2023-12-19,0.0013526326989515738,0.002326822254650172,0.0020787990652024746,0.0,0.0019406376409256184,0.0020787964388715827,0.0020787990652024746,0.005345826994611223
2023-12-20,0.0007751500238824754,-0.004174659897404895,0.00212435913272202,0.0,0.00039733765139480647,0.0007751494857508569,0.00212435913272202,-0.01077167583355024
2023-12-21,0.0015769459148364195,-0.0013813796083899216,0.0017312057316303253,0.0,0.0010133842818617687,0.0015769398530260741,0.0017312057316303253,-0.0007702984717850965
2023-12-22,0.0009779825789131315,-0.004814017776839928,0.0014896445209160447,0.0,-1.6812529489899355e-05,0.000977980804699155,0.0014896445209160447,-0.005562973256163103
2023-12-26,0.001415492480506195,0.001444325817540165,0.0013828105293214321,0.0,0.0014048366480417331,0.0014154888781501478,0.0013828105293214321,-0.0028448185158693826
2023-12-27,0.0011242578463068118,0.004392305846210796,0.0012398520484566689,0.0,0.0018949549096416848,0.0012398602352872575,0.0012398520484566689,0.0005177481070451799
2023-12-28,0.001105802648257819,0.0010054506714510122,0.0011975147062912583,0.0,0.0011314767042609332,0.0011058017473855263,0.0011975147062912583,0.002223909642169916
2023-12-29,0.0009482522738211027,0.00614356231589557,0.0011358417104929686,0.0,0.002175433238221122,0.0011358467854418503,0.0011358417104929686,-0.005439027064505039
2024-01-02,0.0012788631478621402,0.0008936095210430505,0.0009110916289500892,0.0,0.0010045836483001912,0.0009111402604760813,0.0009110916289500892,-0.03644273780987131
2024-01-03,0.0025778932835127753,0.00200549402524334,0.00026375637389719486,0.0,0.0012548064480214802,0.002005492857773615,0.00026375637389719486,-0.0075157523282191885
2024-01-04,0.0014047695803057268,0.0008037771736205717,0.00013272510841488838,0.0,0.000615205509626244,0.0008037770009936279,0.00013272510841488838,-0.012781387012276829
2024-01-05,0.00199797945254616,0.006091509008066307,-4.873948637396097e-05,0.0,0.001828275442791031,0.001997979696487422,-4.873948637396097e-05,-0.004021151929209284
2024-01-08,0.0012816641541349783,0.00984728659964252,-0.0001484632957726717,0.0,0.002404033280140139,0.0012816647356784063,-0.0001484632957726717,0.023887305566656403
2024-01-09,0.00024799238706942636,0.001542041410625824,-8.906587027013302e-05,0.0,0.00035488206106849786,0.0002479945648442909,-8.906587027013302e-05,-0.0022659968895573077
2024-01-10,0.001189397409011369,-0.0006367029709360696,-0.00026346941012889147,0.0,3.970748525906594e-05,-0.00026346743246658373,-0.00026346941012889147,0.005655352352216092
2024-01-11,0.0005585198270276881,-0.003841245528868085,-0.00035585276782512665,0.0,-0.0008720544309429315,-0.0003558535723373827,-0.00035585276782512665,-0.0032277243947313045
2024-01-12,0.001214837598007248,-0.0007727582362099153,-0.0004164668498560786,0.0,-6.239895199142381e-05,-0.0004164646710836857,-0.0004164668498560786,0.0017765499153709326
2024-01-16,0.0008124170935568992,-0.005869365868116516,-0.0002892916090786457,0.0,-0.0012115429123724416,-0.0002892923359700527,-0.0002892916090786457,-0.012393546452136913
2024-01-17,0.0016153765251646684,0.0015722367389190107,-0.0002905644942075014,0.0,0.0006188290164368746,0.0015722151215066362,0.0016153765251646684,-0.005186989966402669
2024-01-18,0.0011811070289456653,0.001385466149450304,-0.0002023194683715701,0.0,0.0005090239716417724,0.0011811029048096082,0.0011811070289456653,0.032051600316620535
2024-01-19,-0.0002070135692945704,-0.0010260240887490434,0.00016832357505336404,0.0,-0.00019075244391182254,-0.00020701500143791528,-0.0002070135692945704,0.015413610822676331
2024-01-22,0.00040082021756892097,0.0025953299380830717,0.0004551461315713823,0.0,0.000906280930825931,0.0004551634187188433,0.00040082021756892097,0.012089867514476113
2024-01-23,0.00016097880115920982,0.00987879374100223,0.0006640488863922656,0.0,0.0025352403750561426,0.000664050757817733,0.00016097880115920982,0.006631151678414191
2024-01-24,0.0005761871231310854,0.0020982969294986607,0.0010535394540056586,0.0,0.0011544981321723181,0.0010535405848249796,0.0005761871231310854,-0.0034899271839376974
2024-01-25,0.0009416559954753775,-0.002630520111839249,0.0011784754460677505,0.0,0.0002873380224122505,0.0009416520879919267,0.0009416559954753775,-0.0016982721757283275
2024-01-26,0.0009664347870613597,-0.0015049206569525673,0.0013217024970799685,0.0,0.0006129031266119201,0.0009664323923462082,0.0009664347870613597,-0.009053539683819223
2024-01-29,0.001374828162524529,0.001642736105973494,0.0013624409912154078,0.0,0.001426684427184432,0.0013748939808734448,0.001374828162524529,-0.003592193623210181
2024-01-30,0.001146531333126141,0.0005372491191853515,0.0014300819020718336,0.0,0.001160870018266232,0.0011465294670143747,0.001146531333126141,-0.019433539626183122
2024-01-31,0.0019365363781951774,0.0013396910682427917,0.001029522274620831,0.0,0.0013369383875676795,0.001339692601765823,0.0019365363781951774,-0.019547366789236943
2024-02-01,0.001861827111824127,0.002256305602286689,0.0007282795268110931,0.0,0.0013605189498923623,0.0018618254702479635,0.001861827111824127,0.013252412093164903
2024-02-02,0.0007027952835831547,0.00416839126634976,0.0008960722479969263,0.0,0.0015566956439298611,0.0008960770635291555,0.0007027952835831547,-0.0054198321833221486
2024-02-05,0.0014876519906274902,-0.0027263234568285434,0.0006590590346604586,0.0,0.00014191725731526445,0.0006590581259141652,0.0014876519906274902,0.00979847825993172
2024-02-06,0.0005005307068586916,0.0027665583435007722,0.0007268951158039272,0.0,0.001110652853183498,0.0007268990049816026,0.0005005307068586916,0.008594779028270438
2024-02-07,0.0007954073982931147,0.005201576662570729,0.0009405217133462429,0.0,0.001828944449194814,0.0009405282762181816,0.0007954073982931147,0.000580843521890342
2024-02-08,0.0008449937845862258,0.003272238709027769,0.0007720813155174255,0.0,0.0013351743077585645,0.0008450067219193414,0.0008449937845862258,-0.0057713410809924455
2024-02-09,0.0011999092811460616,-0.0006260976170312732,0.00062470359262079,0.0,0.0005048160372517048,0.0006247026583460741,0.0011999092811460616,0.004085680393254057
2024-02-12,0.000790571664711022,0.0012375917456788673,0.0005689345998689532,0.0,0.0007730072085290677,0.0007905739091921795,0.000790571664711022,-0.009042728607479393
2024-02-13,0.0014535761076463444,-0.0053163223474846115,0.0003425849135965109,0.0,-0.0005943574901344614,0.0003425841917668204,0.0014535761076463444,-0.011338409985954496
2024-02-14,0.001421665081870276,0.004474411004144589,0.00010628369636833668,0.0,0.0014043718730808396,0.001421665513592538,0.001421665081870276,-0.0048213817403131645
2024-02-15,0.0013372816291021706,0.002276809551652546,-3.1711882911622524e-05,0.0,0.0008325789949178304,0.0013372812963965753,0.0013372816291021706,-0.0015759510925203194
2024-02-16,0.001190365728258588,0.0003896479263055191,2.659898018464446e-05,0.0,0.0004134412450083004,0.00038964941990148614,0.001190365728258588,-0.008466113423310924
2024-02-20,0.0014600957960668143,0.0013147690827297143,-5.707074888050556e-05,0.0,0.000642683918236801,0.001314763022951364,0.0014600957960668143,-0.00412235711594915
2024-02-21,0.0012302881508931005,0.003042287962353254,0.00012246542610228062,0.0,0.0010506259697752967,0.0012302885006701052,0.0012302881508931005,0.004177351867075589
2024-02-22,0.0009607046732005898,0.0008942502485332215,0.00033065961906686425,0.0,0.0006199243898230342,0.0008942374080053028,0.0009607046732005898,0.01118102167138643
2024-02-23,0.0006026516503593537,0.002025452437702028,0.0004937920020893216,0.0,0.0008557391733423276,0.0006026599689742069,0.0006026516503593537,-0.010084785130198545
2024-02-26,0.0014058613537316677,-0.0007670616698792012,0.0003584891092032194,0.0,0.00039075688836572226,0.00035848904313049573,0.0014058613537316677,-0.007479045697706138
2024-02-27,0.0011748620076315046,0.0002793678399237427,0.0003254262264817953,0.0,0.0005401276944765656,0.0003254458604976598,0.0011748620076315046,0.008081615049408526
2024-02-28,0.0007683211778003198,0.0013100420143737324,0.00040212791645899415,0.0,0.000696483354936611,0.0007683220545905674,0.0007683211778003198,-0.006647472396278508
2024-02-29,0.0013260148920085204,0.004260996004709344,0.0003083616029471159,0.0,0.001437312385095475,0.001326015532248576,0.0013260148920085204,-0.0036999441158057232
2024-03-01,0.001071816916620514,0.007108951688135512,0.0003363160649314523,0.0,0.0020039954247028998,0.0010718181069647847,0.001071816916620514,-0.006048725682826138
2024-03-04,0.001338465955395707,0.0030518040738452662,0.00045222986955195665,0.0,0.0012521128007664368,0.0013384664982474311,0.001338465955395707,-0.025708963371207785
2024-03-05,0.0020798139092965,0.00933839404264517,0.0003006380284205079,0.0,0.002737104697941011,0.0020798143329933613,0.0020798139092965,-0.02885312874193839
2024-03-06,0.002271008128044662,0.014924497133949747,0.0003524807980284095,0.0,0.004029558231951929,0.0022710085697179084,0.002271008128044662,-0.005895638573131165
2024-03-07,0.0015203248253262249,0.015392506522448713,0.00041184743167832494,0.0,0.003963507933290815,0.0015203256537635597,0.0015203248253262249,-0.0007096838495934531
2024-03-08,0.0013757512613796555,0.01640460870014418,0.0002613512333482504,0.0,0.004067452863208159,0.0013757520905861736,0.0013757512613796555,0.010184695726507905
2024-03-11,0.0007057849129491229,0.013560321407832953,0.00016030517872422934,0.0,0.00321922154408815,0.0007057866617195535,0.0007057849129491229,0.01176205002898626
2024-03-12,0.0006154642239024335,-0.0007759703573233598,-9.483809117227793e-05,0.0,-5.507815476414829e-05,-9.483803122507896e-05,0.0006154642239024335,0.002774600957298003
2024-03-13,0.0007997828708534006,0.0012173112162979453,-0.00035189976915717125,0.0,0.0002940953520208072,0.0007997813540106021,0.0007997828708534006,-0.012196528924675763
2024-03-14,0.001396527761695814,-0.002324298799926536,-0.0005366404075175524,0.0,-0.0004140475787920404,-0.0005366403655026415,0.001396527761695814,0.010867971071566708
2024-03-15,0.0004707716547227419,0.0006515024842519244,-0.0003904548939317465,0.0,6.401782159228404e-05,0.00047076734060954434,0.0004707716547227419,-0.0021988908661735224
2024-03-18,0.0012123850082736707,0.006260526884605099,-0.0001967559801414609,0.0,0.0015805441993594427,0.0012123855189059168,0.0012123850082736707,0.006352178165252417
2024-03-19,0.0005675209340260031,-0.0018025420684839458,-0.00016577495262026787,0.0,-0.0003277901241773056,-0.00016577570240278636,0.0005675209340260031,0.013493708660077812
2024-03-20,0.0005008299156113385,-0.0009991382818874876,0.00026320223696529865,0.0,5.1498014663051074e-05,0.0002631988547396795,0.0005008299156113385,0.014601873276082065
2024-03-21,0.0002680406270533204,0.005213151297924864,0.00047640420962125063,0.0,0.0014515610352550325,0.0004764087522740721,0.0002680406270533204,-0.04171544480556542
2024-03-22,0.0026112606278238144,-0.0017174735163494464,-1.643877476453781e-05,0.0,0.0003087346741854724,-1.6438567849010127e-05,0.0026112606278238144,0.005296055496525127
2024-03-25,0.0004962824776152063,0.0021352451576715672,0.00032157590612769127,0.0,0.0007622821155853442,0.0004962875273333422,0.0004962824776152063,-0.008334988183388212
2024-03-26,0.0017982037139338178,-0.0023396080348965695,0.0001650044578127563,0.0,5.22969008872904e-05,0.00016500424521123015,0.0017982037139338178,-0.006694887041648424
2024-03-27,0.0010781220394028668,-0.0048789858088823515,-0.00011042645201086998,0.0,-0.000833193286199707,-0.00011042708234094373,0.0010781220394028668,0.020990727569241585
2024-03-28,0.0003506311675000116,-0.0020068752614416253,8.718599565327168e-05,0.0,-0.00029859396847866737,8.718270547633644e-05,0.0003506311675000116,-0.01061523497268452
2024-04-01,0.00145056625673278,-0.004152238357211952,3.132183337584138e-05,0.0,-0.0005031721232756415,3.1321368683667255e-05,0.00145056625673278,-0.008491695134131847
2024-04-02,0.0011192364880014839,-0.0056790603605247295,-0.00011172844097018242,0.0,-0.0009970132537883685,-0.0001117290724686019,0.0011192364880014839,-0.007023432162592594
2024-04-03,0.0013973974802018014,0.003282920202778209,-9.70037654042244e-05,0.0,0.0010335023929413862,0.0013973976186768633,0.0013973974802018014,0.004785908657973759
2024-04-04,0.0008042131509110226,-0.0041215335398242904,-3.5379896871745586e-05,0.0,-0.0007020348175856455,-3.538084048556124e-05,0.0008042131509110226,-0.004904229345221808
2024-04-05,0.001301073617040346,-0.005576918615409054,-0.00021107227075845003,0.0,-0.0009781455363500828,-0.00021107274490239733,0.001301073617040346,0.004491526367188642
2024-04-08,0.0007245098676443287,-0.007299208951501658,0.00012429506750777364,0.0,-0.0013315876757277433,0.000124293541641355,0.0007245098676443287,-0.006685763921665855
2024-04-09,0.0013479284680668498,-0.002271694848353331,0.00020073907217010856,0.0,-3.354404080097321e-05,0.00020073860612419866,0.0013479284680668498,0.007216389483433657
2024-04-10,0.0005876125645211498,-0.0028186329517336977,0.00033828691812232137,0.0,-0.0002824084916748593,0.0003382832557800763,0.0005876125645211498,-0.01120178370238854
2024-04-11,0.0015511239254353086,0.0004956432208276611,0.00017886183923110366,0.0,0.0006107983041797985,0.0004956454121364925,0.0015511239254353086,0.042360984270124726
2024-04-12,-0.0009032430537193725,-0.01106463067046322,0.0007879248005338013,0.0,-0.0022375002213457403,-0.0009032435459359086,-0.0009032430537193725,0.00858957816758484
2024-04-15,0.0008356355856890495,0.006258060138268081,0.001052911626175046,0.0,0.002127591639409469,0.001052915994596956,0.0008356355856890495,-0.022106034329289998
2024-04-16,0.0013182202008612607,0.009465736524782307,0.0007339118747040629,0.0,0.0027877320367498694,0.0013182217837421635,0.0013182202008612607,-0.019353305409120117
2024-04-17,0.0017171198013498268,0.0012786522647791293,0.0005294955335557461,0.0,0.0010066308201075011,0.0012786513257415056,0.0017171198013498268,-0.008180764079140665
2024-04-18,0.0013897571265856742,0.0021418491137791085,0.0003800845006480813,0.0,0.0010303925841348184,0.0013897567889491194,0.0013897571265856742,-0.005730868756968561
2024-04-19,0.0014158806583313259,0.0035758489232673323,-4.668976180255413e-05,0.0,0.0011281661113894715,0.0014158808785839872,0.0014158806583313259,-0.012287635086528177
2024-04-22,0.0015862086317444289,-0.0014942793140626494,-0.000540028209798038,0.0,-0.0001850861330406539,-0.000540027633919845,0.0015862086317444289,0.005077853242118067
2024-04-23,0.0008715964646508741,-0.003996160411499875,-0.0006848289631307125,0.0,-0.0009933148679344016,-0.0006848293029930498,0.0008715964646508741,0.006371392239628354
2024-04-24,0.0008850678120443657,-0.0008785774090324365,-0.0005624674959108233,0.0,-0.0002482762174870211,-0.0005624650422142148,0.0008850678120443657,0.01262227872972245
2024-04-25,0.00041055654673271375,0.0014865697947011505,-0.00031959370244294405,0.0,0.00026642341701030694,0.0004105569849407526,0.00041055654673271375,0.005134175226577702
2024-04-26,0.0007314337320365333,0.0019905304950302337,-5.139736458659172e-07,0.0,0.0006261917303732806,0.000731434301571477,0.0007314337320365333,-0.0034789227811460937
2024-04-29,0.0009309469163927853,0.0001227156202531248,0.0002116375253535807,0.0,0.00038259070648486305,0.0002116471375822058,0.0009309469163927853,0.024505255915257932
2024-04-30,-0.00012065780744558927,0.0050275418662251445,0.0006954803830012679,0.0,0.0014218272103437958,0.0006954813745584854,-0.00012065780744558927,-0.01843988911603386
2024-05-01,0.0017226990093886841,0.006927297772454195,0.0005935751833021641,0.0,0.002269921064904933,0.001722699701401343,0.0017226990093886841,-0.0060653667992241304
2024-05-02,0.0008521266895553753,-0.003256689449195564,0.0006427691550925374,0.0,-0.00015000789161635265,0.0006427646800821198,0.0008521266895553753,0.021792749175453582
2024-05-03,0.0002989911012502963,0.006770361006284849,0.0009676814079284668,0.0,0.002052906798399259,0.0009676827266551307,0.006770361006284849,0.0580955236726524
2024-05-06,-0.0014470294659232686,0.004380530894747832,0.0011437805369496346,0.0,0.0011623964540840538,0.001143780613870525,0.004380530894747832,-0.009148512164605428
2024-05-07,0.0011735928686809464,0.0037709446062946174,0.0011083015706390142,0.0,0.0017047202749946797,0.0011736073448149243,0.0037709446062946174,0.003790040725596495
2024-05-08,4.904789628359973e-05,0.000799512883492961,0.0009951572865247726,0.0,0.0007023084112309287,0.00079950915284157,0.000799512883492961,0.0018623400743853925
2024-05-09,0.0009624734082541578,0.004337023457798217,0.0010551150189712644,0.0,0.0017444474252779293,0.0010551252806659827,0.0010551150189712644,0.009964396749023288
2024-05-10,0.0002633338509273691,0.0012926983957978191,0.001036021625623107,0.0,0.0008874351137508113,0.0010360190506244992,0.001036021625623107,-0.006914127810283578
2024-05-13,0.0012522647077227106,0.00056355600576969,0.0008738591568544507,0.0,0.0009064735467074364,0.0008738597301028619,0.0008738591568544507,0.017491644213420997
2024-05-14,1.5230994726481064e-05,0.001307199203759851,0.0010125485714524984,0.0,0.000812795516996711,0.0010125462011586798,0.0010125485714524984,0.006154528628585486
2024-05-15,0.000811459815504621,0.0005315061762409232,0.0011552013456821442,0.0,0.0009286053981354941,0.0008114604698596487,0.0011552013456821442,0.01214388051911052
2024-05-16,0.0001666462926404261,-0.0029736529189638354,0.0012596033047884703,0.0,4.969335571806545e-05,0.0001666456976007033,0.0012596033047884703,0.0006323131526960732
2024-05-17,0.0008982441619515779,0.004945026256464659,0.0013822976034134626,0.0,0.002029162018183083,0.001382299380275162,0.0013822976034134626,0.00015805590559578368
2024-05-20,0.0007029748048624626,-0.0003546975360330224,0.0014935012441128492,0.0,0.0008823685071497094,0.0007029744867624584,0.0014935012441128492,0.006143180209748109
2024-05-21,0.0007292203051472645,0.0019046615574963913,0.0017518952954560518,0.0,0.001514572932704147,0.0017518898099841212,0.0017518952954560518,0.0068338319086096826
2024-05-22,0.0006368236711763609,0.0029485953816739303,0.0020136735402047634,0.0,0.001852778661339274,0.0020136731981217283,0.0020136735402047634,-0.007566906763814336
2024-05-23,0.0012214283875532912,-0.0002877276193954832,0.001985520590096712,0.0,0.0012889294783818461,0.0012214277439718724,0.001985520590096712,-0.02128309262327773
2024-05-24,0.0017469258486249406,5.584424505317438e-06,0.0014894409105181694,0.0,0.00123480849218073,0.0014894377297341988,0.0014894409105181694,0.01645209777636328
2024-05-28,0.00038597681960576315,0.0009371516784131209,0.0017228410579264164,0.0,0.0011982779717608226,0.0009371522166250405,0.0017228410579264164,5.270304150165048e-05
2024-05-29,0.001220528825638833,0.001351484536465819,0.0015484180767089128,0.0,0.0014188398829807847,0.0013514870310573075,0.0015484180767089128,0.0015777092204099473
2024-05-30,0.0007300887391113927,0.0027856346015968005,0.0015103453770279884,0.0,0.001581312727302002,0.0015103458724732937,0.0015103453770279884,0.005241418831748354
2024-05-31,0.0008530795282597778,0.0008302718272865923,0.0016338713467121124,0.0,0.001252522469602318,0.0008531185628544529,0.0016338713467121124,0.005006021675533584
2024-06-03,0.0007034626396386593,0.0005198774807878585,0.001762298052199185,0.0,0.001211945290448368,0.0007034670853698475,0.001762298052199185,0.009216072810221482
2024-06-04,0.0005756302981115465,-0.0010343089728583935,0.0018446507165208459,0.0,0.0008827330680104731,0.000575630131712809,0.0018446507165208459,0.0016479284475213966
2024-06-05,0.0008377597257758474,0.0003982885511358617,0.0018836158560588956,0.0,0.0012838626590970777,0.0008377610366027506,0.0018836158560588956,0.007790513234313717
2024-06-06,0.0005477304064423753,-0.0004476533061792637,0.0019398541189730167,0.0,0.0010522640374972447,0.0005477306917692736,0.0019398541189730167,-0.007121851688091251
2024-06-07,0.0012387462132622245,0.0013715446046184846,0.0017887582071125507,0.0,0.0015525044583810043,0.001371549637774928,0.0017887582071125507,0.01231589016026176
2024-06-10,0.00035033086217998955,0.00026938084260510803,0.001949565950781107,0.0,0.0011610324038492043,0.00035034229320038483,0.001949565950781107,-0.01933350994190553
2024-06-11,0.0018607368973429508,0.0008944105178877866,0.0014198921853676438,0.0,0.0014222219314578173,0.0014198918230386745,0.0014198921853676438,0.07013147792191343
2024-06-12,-0.002073107400782123,0.0066503611043502,0.001912375446408987,0.0,0.001888559018643707,0.0019123754862226646,0.001912375446408987,0.028177686758104354
2024-06-13,0.00013839813133716702,-0.0029692020965544964,0.0016151790041476488,0.0,0.00022735544734636676,0.00013839777668912413,0.0016151790041476488,0.005476039901613616
2024-06-14,-0.00017431622956777407,0.0009371185414645062,0.0015930136432871222,0.0,0.000982801493879306,0.0009371179195862639,0.0015930136432871222,-0.008201965434730512
2024-06-17,0.0010988321726460464,-0.004117239057216055,0.0011876794742420316,0.0,1.031330126159604e-05,0.0010988213567833306,0.0011876794742420316,0.019480539472972142
2024-06-18,-0.0001558008035075011,-0.005175400160968907,0.0009025376057252288,0.0,-0.0006994466763974229,-0.00015580154746303845,0.0009025376057252288,-0.011045277006011418
2024-06-20,0.0015472251559278758,-0.0020633275782878362,0.00045133219100534916,0.0,0.00019429407506551546,0.00045133167752164335,-0.0020633275782878362,-0.02174761014444757
2024-06-21,0.0015339593308454319,-0.006734163329205984,5.31697878614068e-06,0.0,-0.001056168307626474,5.316473800982815e-06,-0.006734163329205984,-0.010499406953092897
2024-06-24,0.001610962688682107,-0.008284489177856473,-0.00011145928874611855,0.0,-0.001433488183679259,-0.00011145974632690175,-0.00011145928874611855,0.0031277321993305462
2024-06-25,0.0010273224791468656,-0.0017022595239281327,-0.00011591461952775717,0.0,-0.0001585119919400601,-0.00011591486312334465,-0.00011591461952775717,0.004458243611517874
2024-06-26,0.0010093320551983601,-0.0009347622443347424,-0.0001636040396988392,0.0,-2.103498182965931e-05,-0.0001636035974121215,-0.0001636040396988392,0.01979607108885593
2024-06-27,0.00020506689478462525,-0.0022928929647785933,-9.835150558501482e-05,0.0,-0.000495411725113008,-9.835432452502904e-05,-9.835150558501482e-05,0.003978080263363169
2024-06-28,0.0008665410445890407,-0.0037288892516869686,0.00010958209168165922,0.0,-0.0005250609573790457,0.00010958103447168928,-0.0037288892516869686,-0.016387825497209244
2024-07-01,0.0014349053045746647,0.0030998773644055366,-3.1772651709616184e-05,0.0,0.001037397731910625,0.0014349053855690812,0.0030998773644055366,0.028689126908457506
2024-07-02,-0.00019551491402944896,0.010113345983738193,0.0006322287954390049,0.0,0.0024754654591099636,0.0006322298951800073,0.010113345983738193,0.016109451442078704
2024-07-03,0.000512943774789911,0.007775120776427324,0.0009022941812872887,0.0,0.0022941847521717107,0.000902296591084758,0.007775120776427324,0.005794294051833943
2024-07-05,0.00041019101580177337,0.003533266041405558,0.0009736587526276708,0.0,0.0013813272120986914,0.0009736601306962113,0.003533266041405558,0.021389932573596806
2024-07-08,1.8118382794992554e-05,-0.010697257686882025,0.0011492003686726093,0.0,-0.0017267268482182678,1.8117593552677907e-05,-0.010697257686882025,0.006517591527992053
2024-07-09,0.0005884660651443304,-0.009479796500929717,0.001285898732021451,0.0,-0.0012402314872047,0.0005884647347162278,-0.009479796500929717,0.0037677243736156936
2024-07-10,0.0005706545936078685,-0.010505692301440344,0.0013378375442698598,0.0,-0.001441182720166276,0.0005706533837930831,-0.010505692301440344,0.01862897754736954
2024-07-11,0.00014706484850814984,-0.01027291892438446,0.0015990771353244781,0.0,-0.0013673073979537506,0.00014706425670703586,0.0015990771353244781,-0.023494654134823476
2024-07-12,0.0018554757565418735,-0.009020215992445622,0.001269189058803022,0.0,-0.0008137343893074426,0.0012691874561197626,0.001269189058803022,0.012966437311274804
2024-07-15,0.00020955690272684972,-0.010458591080159277,0.0014169568894430995,0.0,-0.0014854876557515385,0.00020955616958990393,0.0014169568894430995,0.01660470124116281
2024-07-16,0.0006243915960682274,-0.009525466025096758,0.0015402002027258277,0.0,-0.0011089477533839137,0.0006243906050204818,0.0015402002027258277,0.0017902760634318736
2024-07-17,0.0006893557883012331,-0.012888732185082226,0.001546002458781004,0.0,-0.0018202929827403002,0.0006893546973149706,0.001546002458781004,-0.025621488494561848
2024-07-18,0.001954379761635488,-0.010304156036737719,0.0012621864443644881,0.0,-0.0010704631756722075,0.001262185090286201,0.0012621864443644881,-0.02074858662227469
2024-07-19,0.0017540570058139568,-0.009259559595164776,0.0006522508338093758,0.0,-0.0012121613537936058,0.0006522500287225319,0.0006522508338093758,0.000579713426434432
2024-07-22,0.0012770346954577914,0.002112953594071475,0.0007599229575134814,0.0,0.0011910204550897119,0.001277035428394091,0.0007599229575134814,-0.0015615068719245476
2024-07-23,0.0012886218272505172,-0.004021598130581592,0.0004655887314584106,0.0,-0.0002926750275552149,0.0004655877421430456,0.0004655887314584106,0.004677360770454165
2024-07-24,0.0009004425202976014,-0.003964376567192955,0.00037564325612038374,0.0,-0.00042950872925574075,0.00037564158817095846,0.00037564325612038374,-0.029175810094056384
2024-07-25,0.0022589314895308677,0.000917671194807259,-0.00024496729020029306,0.0,0.0006703259544281262,0.0009176713089855263,-0.00024496729020029306,-0.004816100408648301
2024-07-26,0.0011686899430330138,-0.0038888859225028427,-0.0002178384456783533,0.0,-0.0006495119348520499,-0.00021783889361188144,-0.0002178384456783533,0.0021586349174637118
2024-07-29,0.0013113399830954045,-0.0006898295289654588,-0.00020942231640219688,0.0,8.840531990387569e-05,-0.00020942090016408347,-0.00020942231640219688,0.0012838420793781532
2024-07-30,0.0009931705506491283,-0.0012633390607962836,-0.00035736116115003824,0.0,-0.00019713325596522596,-0.00035736079915554993,-0.00035736116115003824,0.0025626799897949426
2024-07-31,0.0010057521573900226,-0.0008777820136251952,-0.0004937795456498861,0.0,-0.00018059970614661062,-0.0004937776209761583,-0.0004937795456498861,0.01487960387187996
2024-08-01,0.0004162896001922489,-0.0019880080175123816,-0.0002486761659383774,0.0,-0.0004510768112165859,-0.0002486770909934252,-0.0002486761659383774,-0.0168925800097172
2024-08-02,0.0016906239159365745,-0.0011964978077226688,-0.00035892659798264503,0.0,1.1067883620139753e-06,-0.00035892589433424626,-0.00035892659798264503,0.006845853573222129
2024-08-05,0.0005645778411190786,-0.0037714597452252418,0.0004072395386174321,0.0,-0.0004600363180988936,0.0004072335018479063,0.0004072395386174321,-0.04936566237644779
2024-08-06,0.0031979407927287574,8.017367144957326e-05,0.0021101050078868866,0.0,0.001956367597424966,0.0021101045824598787,0.0021101050078868866,-0.009796025390799098
2024-08-07,0.0012552544353745347,-0.009443522925505737,0.002657853299751878,0.0,-0.000345350826619315,0.001255253816878611,0.002657853299751878,0.012420829886868075
2024-08-08,0.0011928641948244908,-0.0026478098228339525,0.00122792215552181,0.0,0.00037564534511349537,0.001192837470117005,0.00122792215552181,0.01649637745004826
2024-08-09,0.00039868519892721625,-0.004918859135688469,-0.0016018106834962964,0.0,-0.0017940605667120686,-0.0016018108815819608,-0.0016018106834962964,0.01364251790129967
2024-08-12,0.0005303442726796191,-0.004081224753292038,-0.0029951445758342743,0.0,-0.0022987021100696666,-0.002995143940271974,-0.0029951445758342743,0.007104604949250217
2024-08-13,0.0005490513382086768,-0.004726672770479736,-0.002996515017002821,0.0,-0.0024348529523361886,-0.0029965147215715313,-0.002996515017002821,0.017046877216997356
2024-08-14,0.00020673804282394354,0.0031333214028005994,-0.0021518156863749027,0.0,-0.0003782978416011079,0.0002067381249913489,-0.0021518156863749027,0.0020316882446879334
2024-08-15,0.0008074649904403531,-0.0020368555656781486,-0.0013300791615620255,0.0,-0.0009183180258556002,-0.0013300782180685003,-0.0013300791615620255,0.013439841891571077
2024-08-16,0.0002540159025165165,0.0005774858296575187,-0.0004832118283957243,0.0,-5.746703069637498e-05,0.0002540141827919867,-0.0004832118283957243,0.0059010671300012175
2024-08-19,0.0007495170565374095,-0.0017114522519146701,0.00014437234494835138,0.0,-9.91921392681671e-05,0.0001443712361575224,0.00014437234494835138,-0.0007080766952773161
2024-08-20,0.0008164173443843227,0.0037533104345891005,0.0006322357221506536,0.0,0.0013598195363418953,0.0008164223752287559,0.0008164173443843227,0.002740932881484461
2024-08-21,0.000838958580776789,0.00247054816784697,0.0010259962873533368,0.0,0.0012907165673611775,0.0010260008860209788,0.000838958580776789,-0.00048580657710012396
2024-08-22,0.0009795161635024034,0.0010427627267347468,0.0012777629308402538,0.0,0.0011477469026704603,0.001042773834525179,0.0009795161635024034,-0.00829393727625344
2024-08-23,0.0012883573445044766,-0.0021366828131944527,0.0012122195912525058,0.0,0.0005039493501456086,0.0012122070917209929,0.0012883573445044766,0.010235546895234784
2024-08-26,0.0005985823826923077,0.0012573208891193115,0.0016663295682519674,0.0,0.0012948928216463284,0.0012573199695353123,0.0005985823826923077,0.0014977110217189056
2024-08-27,0.0010504054630687727,0.004478859511929028,0.0019744245801120996,0.0,0.0022747082016508374,0.0019744252610306517,0.0019744245801120996,0.0037345266541774485
2024-08-28,0.0007364403127930737,0.0005377611311649416,0.0021161390468478203,0.0,0.001407828041452873,0.0007364445721395872,0.0021161390468478203,-0.006776351633834053
2024-08-29,0.001302408803352187,0.003926097766943689,0.0020377254113554955,0.0,0.002253932115581923,0.0020377262386292424,0.0020377254113554955,0.01446506377263764
2024-08-30,0.0003553170590266299,9.253830813596739e-05,0.002125193364918232,0.0,0.0012148514394658351,0.0003553202713981083,0.002125193364918232,-0.0034438619759409256
2024-09-03,0.0012567825603999616,-0.0002197207354953617,0.0022096787579357624,0.0,0.0014291751300893269,0.0012567821895251216,0.0022096787579357624,-0.027582178524702215
2024-09-04,0.001882717673256735,-0.0002231108750781241,0.0014465439599007368,0.0,0.0011987713275908563,0.0014465422759081666,0.0014465439599007368,-0.008656056477639121
2024-09-05,0.001415405922792999,0.0007282833684289774,0.0013637410011142492,0.0,0.0012391920041795992,0.0013637239352008179,0.0013637410011142492,0.006903831489813704
2024-09-06,0.0009991612368039236,-0.0021457247817756445,0.0010598946828395128,0.0,0.00034658012337950754,0.0009991456140390413,0.0010598946828395128,-0.007039626721892546
2024-09-09,0.0014043612863188593,-0.0003791150552092197,0.000530886696651578,0.0,0.0005640331943787462,0.0005308866509030358,0.000530886696651578,0.00040739961216601744
2024-09-10,0.000980655367002556,-0.0028335171317959685,0.00041811662958934903,0.0,-0.0001403187961009928,0.0004181151655795891,0.00041811662958934903,-0.003627911326816567
2024-09-11,0.0012778543423221766,-0.0021310566999001167,0.00012236885959282517,0.0,-6.208347076453922e-05,0.00012236843902625012,0.00012236885959282517,0.0115184674717428
2024-09-12,0.0005426063768310189,-0.004812801462742485,8.978537516668439e-05,0.0,-0.0008567713173173813,8.97833803894029e-05,8.978537516668439e-05,0.0004938959526257127
2024-09-13,0.0010880127088966542,-0.00244118694285833,4.532979801297188e-05,0.0,-0.00021966378881174134,4.532924263030285e-05,4.532979801297188e-05,-0.001212688308036617
2024-09-16,0.0009058540098087949,-0.003193567168293294,-2.9319548048079014e-05,0.0,-0.0004701666919967885,-2.9320299255279052e-05,-2.9319548048079014e-05,-0.028168304513275635
2024-09-17,0.0021365692280193417,0.001779372999331668,-0.0003298715455457568,0.0,0.0007814063860853962,0.0017793706889892994,-0.0003298715455457568,0.00217026002489774
2024-09-18,0.0008721354351243079,-0.004443230074608052,-0.00026824011001735926,0.0,-0.0008746451614446817,-0.0002682407459795236,-0.00026824011001735926,0.01782992162772445
2024-09-19,0.0006583997258302592,0.0007085465996645994,-3.337510861456394e-05,0.0,0.00031100878105850096,0.0006583819901248995,-3.337510861456394e-05,0.03639514091948372
2024-09-20,-0.0004675018063299266,-0.006676885610287299,0.0005197391146793962,0.0,-0.001306759426432178,-0.0004675026562114401,0.0005197391146793962,-0.002931739943646299
2024-09-23,0.0010406409553563656,0.001778026819149264,0.0007402965566143394,0.0,0.0010454676145648764,0.001040642910377766,0.0007402965566143394,-0.007609931573439083
2024-09-24,0.0008585913107951472,-0.0006115007848563959,0.0012343664420768619,0.0,0.0007334639262387717,0.0008585893430195668,0.0012343664420768619,0.003966169155698654
2024-09-25,0.0008856504322688699,9.061483807521644e-05,0.001168850576505065,0.0,0.000859404797753486,0.0008856481805984886,0.001168850576505065,-0.004407812440849207
2024-09-26,0.0011340251686590545,-0.0019892378178956714,0.0008561984868720174,0.0,0.0003107931934471296,0.0008561952644204469,0.0008561984868720174,0.005067325209960504
2024-09-27,0.0007719797405785437,0.0009335972637252662,0.0006751714972779155,0.0,0.0007569919011926125,0.000771983749624806,0.0006751714972779155,0.0011859474393447179
2024-09-30,0.0010044681586021537,-0.0007135970747478189,0.0006238538771867752,0.0,0.0004336398686810133,0.0006238520101594812,0.0006238538771867752,0.02261438593525238
2024-10-01,4.9593225371369907e-05,0.0040661723854773365,0.0009939598385244608,0.0,0.0014123565937432035,0.000993960569911109,0.0009939598385244608,-0.029574666397851283
2024-10-02,0.0021798453941941002,0.0015451534652654339,0.0006464168545790017,0.0,0.0012475699873934043,0.0015451530048487822,0.0006464168545790017,0.0025165802328990963
2024-10-03,0.0005978799207056928,0.003437868280815615,0.0007119770743884146,0.0,0.0012746952650803894,0.0007119853213065163,0.0007119770743884146,-0.004906682845954342
2024-10-04,0.0015766301688557886,0.0017285117507857715,0.0007392669795081019,0.0,0.001175961200605163,0.0015766248616905763,0.0007392669795081019,0.004994880932335283
2024-10-07,0.0006600614023289753,0.003340350038822348,0.0008065453148446977,0.0,0.0013189152191997163,0.0008065516552457344,0.0008065453148446977,-0.022788594353652342
2024-10-08,0.0020830807801254427,0.0022902644055220202,0.00044891081051900983,0.0,0.0012817418462848953,0.0020830766108078033,0.00044891081051900983,0.018236793853760407
2024-10-09,0.00016295097834537696,0.0028385646055643842,0.000716206559445709,0.0,0.0010314715126418562,0.000716207889688838,0.000716206559445709,0.016560514759523887
2024-10-10,0.0007066686587242827,0.0008105531710648294,0.0008574080420657992,0.0,0.0008073384059233436,0.0008105421443970175,0.0008574080420657992,-0.0021806427982555623
2024-10-11,0.000823082093896506,-0.0009804725910963568,0.000825139693915844,0.0,0.0004318604862728865,0.0008228361630714116,0.000825139693915844,-0.006526652803847134
2024-10-14,0.0011918400205733215,-0.002751798092198857,0.0006982795312069356,0.0,7.84327049645761e-05,0.0006982778029694203,0.0006982795312069356,0.016345554589088766
2024-10-15,0.00030753194076666877,0.004065931002216062,0.0009336815564893186,0.0,0.0014493216003067997,0.0009336828294117261,0.0009336815564893186,0.010964327826690986
2024-10-16,0.0006367166451037763,0.004532522659124873,0.0010740648722276092,0.0,0.0017106054894663525,0.001074066859348672,0.0010740648722276092,-0.00889126420660312
2024-10-17,0.0011320583569896297,-0.0005491414288977017,0.0012290672166272998,0.0,0.0008166290157075562,0.0011320488509328982,0.0012290672166272998,0.0015950639797129111
2024-10-18,0.0008466598274993571,0.0029949648663507777,0.0012493617832660675,0.0,0.0015225087610201051,0.001249363682010647,0.0012493617832660675,0.01220177212377261
2024-10-21,0.0005746191522237537,0.002948484455368879,0.0013949016574770212,0.0,0.001515811143551875,0.0013949022307586378,0.0013949016574770212,0.006278170604951655
2024-10-22,0.0007057077201233537,0.0007680714151266005,0.001632031286135316,0.0,0.0011990529126605855,0.0007680857973057267,0.001632031286135316,-0.002625223368369319
2024-10-23,0.0009785760140339985,-0.0015020421297689097,0.0016911833081394434,0.0,0.0008081103279515595,0.000978575017464018,0.0016911833081394434,-0.021860225168375123
2024-10-24,0.001784147787584321,0.005012723027457504,0.0011973590590059757,0.0,0.002182466567330056,0.001784149176444733,0.0011973590590059757,-0.0008236062730139384
2024-10-25,0.0010420367389528992,0.003011791496426987,0.0012680522631853819,0.0,0.0015875365034096352,0.0012680560760380205,0.0012680522631853819,0.003636435773139959
2024-10-28,0.001110922565782782,-0.0017485848593047605,0.001256486983038485,0.0,0.0005643509453954323,0.0011109161385322696,0.001256486983038485,0.00856267527365526
2024-10-29,0.0006649141463497997,0.00021007868064738686,0.001300619449466467,0.0,0.0008952414534091574,0.0006649147672013903,0.001300619449466467,0.001156152840737251
2024-10-30,0.0009950696835538413,-2.6379018009510522e-05,0.0013412018306553364,0.0,0.0009521724586323862,0.0009950677881646183,0.0013412018306553364,-0.015395885133909545
2024-10-31,0.0015045273123933578,-0.0023599370577796035,0.000986254308372736,0.0,0.00039554129313861376,0.0009862526849726927,0.000986254308372736,-0.018377252738856164
2024-11-01,0.0017389122850244132,0.0019056386561671836,0.0006166274542920291,0.0,0.001193899684608635,0.0017389072476963717,0.0006166274542920291,-0.013368639266068563
2024-11-04,0.0016947693518612058,0.0011927473018325022,0.0004555403138510883,0.0,0.0009437285578350737,0.00119274667059169,0.0004555403138510883,-0.0040456856205795515
2024-11-05,0.001390085631946611,0.002003184784978661,0.0002843138645403087,0.0,0.0009507154068510393,0.0013900849089044233,0.0002843138645403087,0.006465277482363723
2024-11-06,0.0009563823874935485,-0.0022530807512675353,0.0001019737683236599,0.0,-0.000184234002426576,0.00010197302491471266,0.0001019737683236599,-0.003272283299564157
2024-11-07,0.0012431665138084404,0.002998824213879846,-0.00019578402861952782,0.0,0.0008797449346218932,0.0012431666388558426,-0.00019578402861952782,0.021146925153982407
2024-11-08,0.0001535052912938191,-0.0026729525166667278,7.606111466884613e-05,0.0,-0.0005013829860966308,7.604889066027177e-05,7.606111466884613e-05,-0.0011889106154221152
2024-11-11,0.0011139351510894581,-0.00471974263300127,2.1433457732200623e-05,0.0,-0.0007207866274587754,2.1432754903469336e-05,2.1433457732200623e-05,-0.012101494233944446
2024-11-12,0.0012036685048213945,-0.0035627851577508473,-0.00011138140689581633,0.0,-0.0005141903989020686,-0.0001113818765992024,-0.00011138140689581633,0.0
2024-11-13,0.0010620255827952505,0.0023494699612094435,1.8313934560865164e-05,0.0,0.0008014742018087965,0.0010620257635541202,1.8313934560865164e-05,0.003961283872803023
2024-11-14,0.0009083057782444249,0.003452960167251725,0.00013481901260092854,0.0,0.0010611679000614672,0.0009083066750854864,0.00013481901260092854,0.01367651789709803
2024-11-15,0.0004855636434195951,0.0035779127503329923,0.0004142477409914136,0.0,0.001121236481563636,0.00048557695991424286,0.0004142477409914136,-0.014209730591478287
2024-11-18,0.0015177458483632156,0.0009628696044821564,0.0003040519659407437,0.0,0.0007684345458930234,0.0009628693220270685,0.0003040519659407437,0.013332985939628984
2024-11-19,0.000332024282402059,-0.0005420583868980746,0.0004917701007798314,0.0,0.0002246432780270856,0.00033201924127122557,0.000332024282402059,0.0011395580003046447
2024-11-20,0.0011261333563397933,0.0032645482522417,0.0006732813199050725,0.0,0.001356704944074872,0.0011261350876595748,0.0011261333563397933,0.0031490514805055008
2024-11-21,0.0006578361722059058,0.002129826336911707,0.0008506017620675266,0.0,0.001077846733167701,0.000850606115958861,0.0006578361722059058,-0.0020982208685509556
2024-11-22,0.0011377441799227987,0.0035054811472912052,0.0009808664908632636,0.0,0.0015714922568381617,0.001137750052100592,0.0011377441799227987,0.005890169053299703
2024-11-25,0.0006633503532214979,-0.0004591514855485776,0.0012754544150084257,0.0,0.0007362309339438715,0.0006633496141145868,0.0006633503532214979,0.012966421654385205
2024-11-26,0.0005482444415695163,0.005296075921090767,0.0016588945873081684,0.0,0.002156185933335427,0.0016588952112763522,0.0005482444415695163,0.009360429110505202
2024-11-27,0.0005247938423899557,-0.002399259604494446,0.0020054238848388195,0.0,0.0006556676674765262,0.0005247935096700439,0.0005247938423899557,-0.0005531822812282468
2024-11-29,0.0008861159369666703,-0.0015055161920631366,0.002127555198967457,0.0,0.001008908963979498,0.0008861155505206545,0.0008861159369666703,0.010164002412875916
2024-12-02,0.0004689380443636523,0.0034607571425010666,0.0022496595047414303,0.0,0.00204199018828956,0.002249659241345479,0.0004689380443636523,0.009477507067357113
2024-12-03,0.0006047872328792463,0.0003185965215801069,0.0024339889641851187,0.0,0.0014899563752790797,0.0006047901567197734,0.0024339889641851187,0.012690952567357212
2024-12-04,0.0003416572237587112,0.001103372585651821,0.0025937450118362904,0.0,0.001673784039809877,0.0011033732249667088,0.0025937450118362904,0.0014825158879694022
2024-12-05,0.0008274532472571934,-0.0027769735705092326,0.002672092989087105,0.0,0.000998875923580789,0.0008274529830157777,0.002672092989087105,0.00012344907684724127
2024-12-06,0.0007984074971700119,-0.004718528476073821,0.002660375786945224,0.0,0.0005628195561966159,0.000798407141874511,0.002660375786945224,-0.0008232608843984134
2024-12-09,0.000994078321567013,-0.00039988891741329766,0.002761716255918145,0.0,0.001606410969715167,0.0009940784728289197,0.002761716255918145,0.015972929852267316
2024-12-10,0.00034605108542074036,0.0009878750210844849,0.002906573936343193,0.0,0.0018118516202851951,0.000987876053661179,0.002906573936343193,0.004125199410760832
2024-12-11,0.0008567224767748372,-0.0024014506849334375,0.0030226223170757294,0.0,0.0012698516986646338,0.0008567223222310658,0.0030226223170757294,-0.005179474908716754
2024-12-12,0.0010161542952400423,-0.0033974153828309887,0.0027946692425757647,0.0,0.000977333321734869,0.00101615396007607,0.0027946692425757647,0.0059460727296458205
2024-12-13,0.0007584769958000719,-0.003742646592222372,0.0029033031314611435,0.0,0.0008903398012098864,0.0007584767520642183,0.0029033031314611435,0.0006853050861063307
2024-12-16,0.0009923927926624805,-0.005011842208464162,0.0029378002509474754,0.0,0.0006940300166836896,0.0009923924456528828,0.0029378002509474754,0.01165946795563418
2024-12-17,0.0004892320833295772,-0.003355420622090282,0.0030123810283839703,0.0,0.000959831215444702,0.000489231947279601,0.0030123810283839703,0.009672622642056034
2024-12-18,0.0006383692393932457,-0.0033131502697731703,0.0030966773629188538,0.0,0.0010521403065230212,0.0006383690858792588,0.0030966773629188538,-0.0216545467198679
2024-12-19,0.0016957549077644678,-0.001931080936277895,0.0025189355947077274,0.0,0.0013332483123603368,0.001695753971478827,0.0025189355947077274,0.006990201614130762
2024-12-20,0.000655657021523138,0.002238747532752002,0.002497392939403653,0.0,0.0019539014890960966,0.002238744326992991,0.002497392939403653,0.0186410435083139
2024-12-23,0.0005059831260512549,0.00327732418557926,0.0025977096520364285,0.0,0.00219216171867219,0.0025977086625481624,0.0025977096520364285,0.00306026961125
2024-12-24,0.0007678518118373396,-0.004833998670798331,0.002581722103059292,0.0,0.0004888823905235077,0.0007678514395859057,0.002581722103059292,0.011412693717317514
2024-12-26,0.00043199750886393086,0.00385811402438822,0.002565917558968067,0.0,0.0022824486504247404,0.0025659172544700622,0.002565917558968067,0.0031706527777160686
2024-12-27,0.0008279053073038228,-0.002367933518407307,0.0024801797699183226,0.0,0.000988565292667163,0.0008279050155203501,0.0024801797699183226,-0.013330586108350995
2024-12-30,0.0013634398797773084,-0.00613248868419145,0.002090484369546175,0.0,0.00010958236053656913,0.0013634386414888486,0.002090484369546175,-0.013352171986366934
2024-12-31,0.001498463095924017,0.0011773983310744197,0.001838924246840179,0.0,0.0016049676438975096,0.0014984632712409397,0.001838924246840179,-0.005984061379483157
2025-01-02,0.0013640152371564877,-0.002734185394564852,0.0015026188921183348,0.0,0.0005444128450924466,0.0013640083688444297,0.0015026188921183348,-0.026586193743010193
2025-01-03,0.002188318642111603,-0.0015521936573515565,0.0007712643127888441,0.0,0.0006407778191695802,0.0007712640381169291,0.0007712643127888441,-0.0020114761668546003
2025-01-06,0.0012018499604410943,-0.0036024884612044024,0.0006876580882817507,0.0,-0.00010945226967671402,0.0006876563840005049,0.0006876580882817507,0.006716379525724993
2025-01-07,0.0011049059706420192,-4.9721508248329484e-05,0.00048244115896523,0.0,0.0005313656089804621,0.00048244142968368513,0.00048244115896523,-0.011453064367293209
2025-01-08,0.001489158554442441,-0.0035384787467334687,0.00010525609832257032,0.0,-0.00032117137319407295,0.00010525565106410297,0.00010525609832257032,0.0020209539809241065
2025-01-10,0.0009638206288551367,-0.0007387848521763811,6.78913202136755e-05,0.0,0.00012945237383909256,6.789144312935593e-05,6.78913202136755e-05,-0.024399045019057174
2025-01-13,0.00208465410400604,-0.0006222331940970538,-0.0002474348293617368,0.0,0.00028800125778451766,-0.0002474326038525652,-0.0002474348293617368,-0.010398023475332542
2025-01-14,0.0013978637777301481,-0.0017004618738880716,-0.0001702186418697238,0.0,-8.821998303976922e-05,-0.00017021862614106028,-0.0001702186418697238,-0.004789588076455764
2025-01-15,0.0015271835941594145,0.004109129658333428,-0.0002739229239523411,0.0,0.0011559109406349421,0.0015271837617528738,-0.0002739229239523411,0.019484841837673374
2025-01-16,0.00035971325514634394,0.0050249079688924544,-0.00016795576084405184,0.0,0.0011011285645059275,0.0003597149288570385,-0.00016795576084405184,-0.04123897936511371
2025-01-17,0.0027314608568680503,0.009798731075696598,0.0003392016515135765,0.0,0.003029599480277369,0.0027314611330764714,0.0003392016515135765,0.007507023982913734
2025-01-21,0.0005364630438881722,0.016903029041166265,0.0007795337005518377,0.0,0.004222215976258022,0.0007795377189951275,0.0007795337005518377,-0.0324362155667787
2025-01-22,0.002787057979579761,0.015044372939293529,0.0007036179304122925,0.0,0.004374022118620318,0.0027870583775242534,0.0007036179304122925,0.005330728855885256
2025-01-23,0.0006406015212967849,0.00949539241376088,-0.00031726795714348555,0.0,0.0020704686425156225,0.0006406024501974923,-0.00031726795714348555,-0.0007597853584952443
2025-01-24,0.0015891327226882812,0.01650987610118109,-0.0007905107922852039,0.0,0.0036019976751753753,0.0015891330755546033,-0.0007905107922852039,-0.003942326035964259
2025-01-27,0.0010097975437056658,0.015927918767203664,-0.0009813691722229123,0.0,0.003223300069559006,0.001009797978396274,0.0010097975437056658,0.031285698658298555
2025-01-28,1.7968304080956746e-08,-0.006524357990884015,-0.0010626214789226651,0.0,-0.001969469222940841,-0.0010626222351829923,1.7968304080956746e-08,0.03589206071994881
2025-01-29,-0.00039615533462482246,-0.01305203780217692,-0.0011262403568252921,0.0,-0.003527049949136279,-0.0011262416389492252,-0.00039615533462482246,0.0046062060201635495
2025-01-30,0.0005096101481948355,0.002725213001649898,-0.0011794554302468896,0.0,0.00011668551974662128,0.000509610288600625,0.0005096101481948355,-0.007422213688913956
2025-01-31,0.0008881070192901608,-3.771346261471222e-05,-0.0012302346294745803,0.0,-0.00041044139262586595,-3.7713703254102e-05,0.0008881070192901608,-0.006714678621519887
2025-02-03,0.0011488697282481864,0.00013757655650009117,-0.0007903465302661061,0.0,-7.549335062399798e-05,0.00013757664497671845,0.0011488697282481864,-0.03444234147562098
2025-02-04,0.0023059361676581033,-0.0035697807040964927,-8.549808990210295e-05,0.0,-0.00021069937569201218,-8.549822087331981e-05,-0.0035697807040964927,0.020790265416218968
2025-02-05,0.0002755361933911393,-0.0011375662409735107,-0.0004902095533907413,0.0,-0.00042843551885504976,-0.0004902093159191275,-0.0011375662409735107,-0.0014185392712259676
2025-02-06,0.0014433802695273629,-0.006674411060287198,-0.000960427918471396,0.0,-0.0015673330551965359,-0.0009604281591841169,-0.006674411060287198,0.003221029631331898
2025-02-07,0.0006367996949854719,-0.002096326737526213,-0.0010252025676891208,0.0,-0.0008184952660921833,-0.001025202236791044,-0.002096326737526213,-0.024260694116362343
2025-02-10,0.0021044587922698058,-0.006853721391723493,-0.0012475027469918132,0.0,-0.0015801328458156585,-0.001247502866836961,-0.006853721391723493,8.780975987685215e-05
2025-02-11,0.0008100198927467569,-0.007113854908818254,-0.0007217504316940904,0.0,-0.0017068512342162734,-0.0007217509272881748,-0.007113854908818254,0.021596864950554004
2025-02-12,0.000525396396317013,-0.00581078787056573,-0.00017710111569613218,0.0,-0.001216625486565382,-0.00017710235770720975,-0.00581078787056573,0.0181052469002164
2025-02-13,0.00022408695104310622,-0.0023397544394431497,0.000345385167747736,0.0,-0.0002707434333702851,0.00022407923033702286,-0.0023397544394431497,0.0194822371053569
2025-02-14,0.00011324436219512836,0.007922318839246037,0.0006934170378372073,0.0,0.002112274443469535,0.0006934186172456727,0.00011324436219512836,0.012630564280164371
2025-02-18,0.00028751252221329503,0.0023545162423832685,0.0009340467513538897,0.0,0.0010719684177176473,0.0009340475902906833,0.00028751252221329503,-0.0005316412126182514
2025-02-19,0.0007596937680975803,0.0014176864471105762,0.0010248288745060563,0.0,0.0010401365888510015,0.0010248300853829048,0.0007596937680975803,0.0016348305414047041
2025-02-20,0.0007208021262374562,0.0012881271855121545,0.0010907524265348911,0.0,0.0010358120730475414,0.0010907500993546993,0.0007208021262374562,0.003912810045455582
2025-02-21,0.0007821414247931675,0.0043977793165302075,0.0011959174880757928,0.0,0.0017828825190111957,0.001195919581094905,0.0007821414247931675,-0.001139642666854185
2025-02-24,0.0009543008820064986,-0.001104054798043374,0.0011473017511889338,0.0,0.0006065553293910766,0.0009542962391657645,0.0009543008820064986,0.006292532781645574
2025-02-25,0.0006840032232553785,-0.0023201259051441126,0.001414905535057187,0.0,0.0004091455152931975,0.0006840021914702963,0.0006840032232553785,-0.0002428980359896897
2025-02-26,0.0009972696319986865,-0.0010771975780596733,0.001485586166381836,0.0,0.0007989756725675911,0.0009972680740855085,0.0009972696319986865,-0.027412437654113806
2025-02-27,0.0019460012385289567,-0.0028133428565957847,0.0011239590821787715,0.0,0.0004850374622401277,0.00112395812250041,0.0019460012385289567,-0.01281262570299574
2025-02-28,0.0014627996420407403,0.002999303698168298,0.000866664748173207,0.0,0.0014882388788565251,0.0014628006639234858,0.0014627996420407403,0.018951159026453435
2025-03-03,0.000550064614871253,0.007984087064626805,0.0010848050005733967,0.0,0.0024439867035690203,0.0010848067187713612,0.000550064614871253,-0.015879624308909775
2025-03-04,0.001745632422293873,-0.0003035828228820344,0.0006430782377719879,0.0,0.0007288544032344317,0.0006430783865467534,0.001745632422293873,-0.008861591205009525
2025-03-05,0.0011595819455571324,-0.0008855691743622526,0.0005127429612912238,0.0,0.0003797213173394225,0.0005127421342023886,0.0011595819455571324,-0.0008055937143746543
2025-03-06,0.0012644085320702787,-0.001735773933819713,0.00046059966553002596,0.0,0.0001955200007733315,0.00046059887942224347,0.00046059966553002596,-0.0017407339005490968
2025-03-07,0.0010871162516974857,0.00022158329813224263,0.00017944618593901396,0.0,0.00042873683689583744,0.00022160480267021827,0.00017944618593901396,0.015767634514395192
2025-03-10,0.0004628022078683225,-0.0013081202037680244,9.48388478718698e-05,0.0,-0.00011297050781982807,9.483685666218554e-05,9.48388478718698e-05,-0.04969412305716032
2025-03-11,0.002922701989772388,0.002845665916459854,-5.538412369787693e-05,0.0,0.001363474281406401,0.002845653608421078,-5.538412369787693e-05,-0.029623862823691748
2025-03-12,0.00191247707882702,0.013466704761410368,0.0013788060750812292,0.0,0.004149202542332222,0.001912478859111372,0.0013788060750812292,-0.01763327712947823
2025-03-13,0.0022330589376723534,0.014641695592897963,0.0024740747176110744,0.0,0.00505686681961304,0.0024740787503997295,0.0024740747176110744,-0.0342226396190386
2025-03-14,0.0025118272609841426,0.012856698361941967,0.006084966007620096,0.0,0.006612591733768698,0.006084966139700427,0.006084966007620096,0.018007494809852607
2025-03-17,0.0006214724717288762,0.016591378063128354,7.84269068390131e-05,0.0,0.003813787127333728,0.0006214742438281367,0.0006214724717288762,0.002385996127308193
2025-03-18,0.001337910983470358,0.01082436661258976,-0.0040373424999415874,0.0,0.0006172275569181771,0.0013379110640476743,0.001337910983470358,-0.006140297016690643
2025-03-19,0.0010733810832673292,0.008985117780328327,-0.004611076787114143,0.0,-0.00014996560105405782,0.0010733811327611723,0.0010733810832673292,0.011917992137169538
2025-03-20,0.0006374948396148139,0.01450882355760605,-0.003558720927685499,0.0,0.0014812273018844262,0.0006374950057304905,0.0006374948396148139,-0.005310486038914098
2025-03-21,0.0012123832718897273,0.012771333896740606,-0.002220055554062128,0.0,0.0019487464203048837,0.0012123834765600382,0.0012123832718897273,0.019289624021771094
2025-03-24,0.00013099595616642052,-0.005486884573134276,-0.0012820170959457755,0.0,-0.0018227940736855056,-0.0012820175649465558,0.00013099595616642052,0.011207367671882662
2025-03-25,0.0006451318536715328,0.002826761531996299,-0.0008184489561244845,0.0,0.00036160551258405824,0.0006451320780418387,0.0006451318536715328,0.013589141357894689
2025-03-26,0.00020521940885797273,-0.00013903854157067935,-0.0005375335458666086,0.0,-0.00025436132475251675,-0.00013903893268378195,0.00020521940885797273,-0.00997134217070943
2025-03-27,0.0012931105494568976,0.00015680045045666526,-0.0004637062083929777,0.0,0.00013602741588898573,0.00015680117837097482,0.0012931105494568976,0.010418196968814864
2025-03-28,0.00034497724956767957,-0.00047738743631122474,-0.00010237435344606638,0.0,-6.55950993947709e-05,-0.00010237392644450098,0.00034497724956767957,-0.026939998013123245
2025-03-31,0.002134561670100377,-0.0009284766265657186,-0.00011516455560922623,0.0,0.0003031021734458807,-0.00011516377318830535,0.002134561670100377,0.01922660411136273
2025-04-01,2.016716688448396e-05,-0.009484323219914024,0.0003117769956588745,0.0,-0.001896097635347642,2.0163866194060184e-05,2.016716688448396e-05,0.004760619523474436
2025-04-02,0.0011789369418255809,-0.0020936107830295406,0.000563356326892972,0.0,0.00014829788219334283,0.0005633550837562924,0.0011789369418255809,0.0031314195104993705
2025-04-03,0.0005443662332826112,-0.00914310800780339,0.0005645547062158585,0.0,-0.0015522791400497697,0.0005443212678319777,-0.00914310800780339,-0.0970133431749755
2025-04-04,0.004786657682508289,0.0005128179760570834,-0.000318958074785769,0.0,0.0012126581768751648,0.0005128189415479886,0.0005128179760570834,-0.07568028859562168
2025-04-07,0.003663518180609571,0.013173748977440159,0.004264489747583866,0.0,0.0060433357253065105,0.00426449129381956,0.013173748977440159,-0.03742594457404607
2025-04-08,0.0021817205880604296,0.03657758283191601,0.027565598487854004,0.0,0.02281043238372408,0.02756559841630725,0.03657758283191601,-0.05110193057859606
2025-04-09,0.002333274975464725,0.05293858831599658,0.060648709535598755,0.0,0.04354426056209372,0.05293858820609055,0.05293858831599658,0.142617452185724
2025-04-10,-0.003104144231277982,-0.05511992602151727,0.019208494573831558,0.0,-0.0028613637890116403,-0.0031041442568674185,-0.05511992602151727,-0.04331865310609652
2025-04-11,0.00323577331377321,-0.008684830629364305,-0.02987881377339363,0.0,-0.016508441397502866,-0.008684830666059849,-0.008684830629364305,0.039792139592271
2025-04-14,-0.0015067634227992105,-0.027236163353999407,-0.06826247274875641,0.0,-0.04167860339964313,-0.027236163368489018,-0.027236163353999407,0.021814379364254597
2025-04-15,0.001254261910010338,0.0022505299055292937,-0.05639682710170746,0.0,-0.02838888253848439,0.0012542609256204356,0.0022505299055292937,-0.0018781445711302358
2025-04-16,0.0003929112262186633,-0.02208888529762256,-0.030295709148049355,0.0,-0.020391939201669082,-0.022088885220278902,-0.02208888529762256,-0.039711557583991274
2025-04-17,0.002163475547053453,-0.0007235435134664528,-0.009631653316318989,0.0,-0.0045736501063838066,-0.0007235437473726488,-0.0007235435134664528,0.013853213008659493
2025-04-21,0.00013830242454871344,-0.01958158956001557,0.001432559685781598,0.0,-0.003480580702357568,0.00013830170380195765,-0.01958158956001557,-0.019583299087451538
2025-04-22,0.0018483588110702145,-0.015688768875224506,0.005490980111062527,0.0,-7.94428042433981e-05,0.0018483585937086602,-0.015688768875224506,0.0334976683522773
2025-04-23,-0.0003872013715338251,-0.016932200478500206,0.007053436245769262,0.0,-0.00013206030957032226,-0.0003872014454608756,-0.016932200478500206,0.024040335032419598
2025-04-24,0.0006868380656483575,-0.005324155853180971,0.007687482051551342,0.0,0.003005317494274115,0.0006868380891516582,-0.005324155853180971,0.01825843879975266
2025-04-25,0.00017564678140602182,-0.0003045865273936477,0.008066262118518353,0.0,0.004158062431684317,0.0001756487283908628,-0.0003045865273936477,0.004357740287230528
2025-04-28,0.0008778703001370712,0.001919615383818452,0.008079126477241516,0.0,0.0048342811073446516,0.0019196161796090716,0.001919615383818452,0.0041009099201662
2025-04-29,0.0006365382562707228,-0.004634396634849373,0.007924658246338367,0.0,0.0032648818399895205,0.0006365383087464756,-0.004634396634849373,0.005078958627559431
2025-04-30,0.0008000328291783585,-0.004886461090386854,0.007817686535418034,0.0,0.0031979035836646515,0.0008000328625146446,-0.004886461090386854,0.006089057380782453
2025-05-01,0.0006911442623158049,-0.0022119260491930614,0.007616051472723484,0.0,0.003646394355639054,0.0006911444621769897,-0.0022119260491930614,0.00385143170235058
2025-05-02,0.000808370248795609,0.0023420016808619014,0.0075180670246481895,0.0,0.004617171624434776,0.0023420021389375613,0.0023420016808619014,-0.038077549941753934
2025-05-05,0.0019243612638169074,0.004316490607765585,0.007216851692646742,0.0,0.005185863955476264,0.004316490680906905,0.004316490607765585,-0.03196396511870276
2025-05-06,0.0015407933199362354,0.0032050188857396323,0.007032171357423067,0.0,0.004746983188178751,0.003205019224744128,0.0032050188857396323,-0.0019124559862643917
2025-05-07,0.0014998190854298202,-0.0031187860822877557,0.00697065144777298,0.0,0.003328802438355709,0.0014998191191309452,-0.0031187860822877557,-0.011450092357583347
2025-05-08,0.0018291935120018465,-0.005818663666968121,0.006622744258493185,0.0,0.0026484990811827987,0.0018291934341966168,-0.005818663666968121,0.006298621300274167
2025-05-09,0.0009722170087084789,-0.003063822541630304,0.00624912278726697,0.0,0.002827470508819153,0.0009722170669202089,-0.003063822541630304,0.005252238097486805
2025-05-12,0.0011503223729797357,-0.011730001537079496,0.005743760149925947,0.0,0.0007278786594667392,0.0011503222329983548,-0.011730001537079496,0.059922129300548174
2025-05-13,-0.0012247212599452106,0.0011850974657813896,0.00516164256259799,0.0,0.0026071904709373873,0.0011850976290581033,0.0011850974657813896,0.01010109344017187
2025-05-14,0.0006806384557919,0.006567184481366287,0.004545368254184723,0.0,0.00396270902554709,0.00454536801868515,0.006567184481366287,-0.002821761983669661
2025-05-15,0.00010807707467308948,0.0023619413177204105,0.003977924585342407,0.0,0.002602661470227484,0.0023619411429560864,0.0023619413177204105,-0.004153127331358633
2025-05-16,0.0009398952895563571,-0.00620149045273991,0.00356774078682065,0.0,0.0007476556663582439,0.0009398950492955094,-0.00620149045273991,-0.0008989730928671391
2025-05-19,0.0006040087782648634,0.0038580197101303316,0.003335685469210148,0.0,0.002726628045325693,0.003335683927836355,0.0038580197101303316,-0.011808516259790512
2025-05-20,0.0013590772170041978,-0.001109318438927168,0.003247929271310568,0.0,0.0018004949540624015,0.001359077092935523,0.0013590772170041978,-0.00923882123310149
2025-05-21,0.0011305137624792177,0.0002141494982620465,0.0031409417279064655,0.0,0.00197247963052384,0.001130514354459886,0.0002141494982620465,-0.023329114291235003
2025-05-22,0.001972201657955185,0.002564992322281636,0.003115006722509861,0.0,0.002693043446917598,0.002564992191998074,0.001972201657955185,-0.003618770750769896
2025-05-23,0.0011591550183222858,0.00048024561910457514,0.003372900653630495,0.0,0.00215807566543499,0.0011591560356317859,0.00048024561910457514,-0.03071111572604032
2025-05-27,0.002522480993818553,-0.007190402299517393,0.003436533734202385,0.0,0.0008832775613896401,0.002522480005113083,-0.007190402299517393,0.024983611085566255
2025-05-28,0.00013185198751021802,-3.786503972878067e-05,0.0035225949250161648,0.0,0.0018511406864449669,0.00013185751630725613,-3.786503972878067e-05,0.001048306276362571
2025-05-29,0.0016056388353630757,-0.0004359177476998995,0.003303967881947756,0.0,0.002041217822247577,0.0016056387365845348,-0.0004359177476998995,-0.002347835463872541
2025-05-30,0.0007060153085338149,-0.00021820398439112014,0.00301386509090662,0.0,0.0017003194852350037,0.0007060159552634564,-0.00021820398439112014,0.00449107116349544
2025-06-02,0.0010531056200262007,0.0023958728533223827,0.0028997703921049833,0.0,0.0023016307391795126,0.002395871620258837,0.0010531056200262007,0.004223038636265648
2025-06-03,0.0006979596377477042,-0.00012299317415172666,0.0024995109997689724,0.0,0.0014524925700425714,0.0006979602984230354,0.0006979596377477042,0.007753735759536577
2025-06-04,0.0007040175357294767,-0.0019408003282889127,0.00203182571567595,0.0,0.0008164746456012678,0.000704017161553385,0.0007040175357294767,-0.0022162432937545516
2025-06-05,0.0009370868687618513,-0.005120845456830445,0.0015039397403597832,0.0,-8.696490956341192e-05,0.0009370852758559367,0.0009370868687618513,-0.010856482266256429
2025-06-06,0.0012505753444777912,-0.0058549054457221975,0.0011840264778584242,0.0,-0.00032939094659589926,0.0011840120317219024,0.0011840264778584242,0.016265311059071526
2025-06-09,0.0003368760391405346,0.0015065800509358965,0.001171499490737915,0.0,0.0010235812419303653,0.0011714977193626258,0.001171499490737915,-0.012186554600183343
2025-06-10,0.0015545423993617205,-0.001895464902341116,0.000878735154401511,0.0,0.00045411066883419373,0.0008787340392598135,0.000878735154401511,0.0060378350081640355
2025-06-11,0.0004448626677426221,0.0016018892046552784,0.0009252753225155175,0.0,0.0009453502616991034,0.0009252759218394425,0.0009252753225155175,-0.01938035209767723
2025-06-12,0.0019367689988699336,0.004355546095209745,0.0006988098029978573,0.0,0.0018216826832366403,0.0019367693922577244,0.0006988098029978573,0.0021106504315444113
2025-06-13,0.0006440230764870498,0.002559491509555395,0.0006508677615784109,0.0,0.00106419765913925,0.0006509803070994124,0.0006508677615784109,-0.013901399360486715
2025-06-16,0.0019184778580775019,0.005424927327325503,0.0002484822762198746,0.0,0.0018161996420614178,0.0019184781711390657,0.0019184778580775019,0.00997805652363861
2025-06-17,0.00046669184520710746,-4.3281069823539855e-05,0.00022359209833666682,0.0,0.00022985749444371905,0.00022359173758532968,0.00046669184520710746,-0.014109754442192705
2025-06-18,0.0019308100643125616,8.82670370562607e-06,-0.00014020397793501616,0.0,0.0004401012848418149,8.83280514281139e-06,0.0019308100643125616,0.004793249901647917
2025-06-20,0.0005730222141371556,-0.0005731769566519336,-9.008974302560091e-05,0.0,-1.9737731836315213e-05,-9.008918504517476e-05,0.0005730222141371556,0.022235425606040273
2025-06-23,0.0005927400709608942,0.0068254848443812955,0.00029048777651041746,0.0,0.0017918623169239042,0.0005927431973170142,0.0005927400709608942,0.0024844733276619658
2025-06-24,0.0007325179000128139,0.0007146737408445504,0.0005099631380289793,0.0,0.0006133665045472689,0.0007146281747557822,0.0007325179000128139,-0.0059731234790300165
2025-06-25,0.000996733038541449,-0.0014200877325118346,0.0004172857734374702,0.0,0.00017093624795260214,0.00041728459725331644,0.000996733038541449,0.006270833792136
2025-06-26,0.0006045503565306841,-0.0007639836343785112,0.0006553461425937712,0.0,0.0003331926558062428,0.0006045321450160087,0.0006045503565306841,-0.002782183640767865
2025-06-27,0.001074801885660674,0.004641612986252017,0.0007575525087304413,0.0,0.0016862950019742992,0.0010748047378053556,0.001074801885660674,0.00039793987139912456
2025-06-30,0.0007756610376764294,-0.0009265008490972733,0.0007427164819091558,0.0,0.0003883641226055444,0.0007426884630346202,0.0007756610376764294,0.020136046923066173
2025-07-01,0.00026329525366167563,-0.003013271373603773,0.001075328211300075,0.0,-2.8798895312700243e-05,0.0002632943302211792,0.00026329525366167563,0.012833460814047843
2025-07-02,0.00041798964722640345,0.0012317058462233527,0.0013927537947893143,0.0,0.0010998492606387597,0.0012317009389378453,0.00041798964722640345,0.0219872513788248
2025-07-03,-0.00017454020006576706,-0.0001096093402969505,0.0017456186469644308,0.0,0.0008341110288779322,-0.00010959493782675384,-0.00017454020006576706,0.005211404531662551
2025-07-07,0.0005161254693787105,0.002713295810035743,0.0018534077098593116,0.0,0.0016866600787740448,0.0018534072962841334,0.0005161254693787105,-0.01700161898351503
2025-07-08,0.0010242411237944664,0.005770222329719531,0.0014001074014231563,0.0,0.0022512057570577356,0.0014001098191412187,0.0010242411237944664,0.00028572988009705597
2025-07-09,0.0006864149985735244,0.0010700606144564396,0.0015560246538370848,0.0,0.001220267096708991,0.0010700611581822277,0.0006864149985735244,0.005366295196147193
2025-07-10,0.0007801642582180677,0.003034103992924673,0.001708086347207427,0.0,0.0017510224079733622,0.001708086669564551,0.0007801642582180677,0.0059969688087457475
2025-07-11,0.000619619296126712,-0.0015241516353415674,0.001759468112140894,0.0,0.0007437062639188956,0.0006196188863868327,0.001759468112140894,-0.005902229181318377
2025-07-14,0.001078424773221886,0.0012404838508756103,0.0017423322424292564,0.0,0.001457538540330038,0.0012404879615665748,0.0017423322424292564,-0.012101765455702237
2025-07-15,0.0012159245668372236,-0.001716640331806904,0.0015252467710524797,0.0,0.0007382791807170556,0.0012159216954938437,0.0015252467710524797,0.0023460403749842543
2025-07-16,0.0009102627379340423,-0.0011988732780458082,0.0014930502511560917,0.0,0.0007533583976699553,0.0009102615015888305,0.0014930502511560917,0.005008730585109051
2025-07-17,0.0009064465450022572,0.0039306676449565245,0.0015198331093415618,0.0,0.0018819362236355249,0.0015198343198869295,0.0015198331093415618,-0.0006663781816620189
2025-07-18,0.0009709442484584322,0.003088357660259736,0.0015800615074113011,0.0,0.0017469848795808596,0.0015800624816377361,0.0015800615074113011,0.005508031075055801
2025-07-21,0.0007356832235322498,0.0007588572275873516,0.0017377885524183512,0.0,0.0012597548031694455,0.0007588959332332787,0.0017377885524183512,0.006137030484460251
2025-07-22,0.0007476162165262281,0.003357622475750967,0.0016886359080672264,0.0,0.0018027054148419164,0.0016886363700419071,0.0016886359080672264,0.008995554548278818
2025-07-23,0.0005366679652240489,0.0018981793129800714,0.001905249198898673,0.0,0.0015416511941313705,0.0018980697825538798,0.001905249198898673,-0.0011667251685005464
2025-07-24,0.0008983799349082386,0.0014782288331198947,0.0018639741465449333,0.0,0.0015246220896375172,0.0014782279727628728,0.0018639741465449333,-0.0018228109097861238
2025-07-25,0.0008135341101983972,0.0024263352267578243,0.001751129049807787,0.0,0.0016499495325433813,0.0017511286374403776,0.001751129049807787,0.0005612682597430607
2025-07-28,0.0008931211220635321,3.198711075873752e-05,0.0018496327102184296,0.0,0.0012012339063906296,0.0008931212373481095,0.0018496327102184296,0.0007945139379612304
2025-07-29,0.0008576066247854936,0.0025537587553917953,0.0019440349424257874,0.0,0.001789238399465827,0.001944034226456012,0.0019440349424257874,-0.013072690313278916
2025-07-30,0.001387070484329029,0.0007783883527165829,0.0014996561221778393,0.0,0.0013129900103257043,0.0013870633946436212,0.0014996561221778393,-0.010563484134101978
2025-07-31,0.001272961646774383,-0.00025581071852129566,0.0010091704316437244,0.0,0.0008038134546826869,0.0010091674585610342,0.0010091704316437244,-0.007104804936428562
2025-08-01,0.0014024562484789356,0.018777672855980615,0.0007895845337770879,0.0,0.004864271298575111,0.0014024578172879751,0.0007895845337770879,-0.025321525035799586
2025-08-04,0.0019908046159698234,0.0015056067599683442,0.0013302700826898217,0.0,0.001543152604797347,0.0015056103464470775,0.0013302700826898217,0.004781519939497278
2025-08-05,0.0009796266200293453,-0.00196701497334856,0.002494253683835268,0.0,0.0011231957838735936,0.0009796262998106138,0.002494253683835268,-0.0021168586931033704
2025-08-06,0.0015283104101360525,-0.0004495775011321709,0.0013004920911043882,0.0,0.0009801078801428046,0.001300488310585359,0.0013004920911043882,0.0496533826968293
2025-08-07,-0.0007590738407925645,0.0007145315758093229,2.5364162866026163e-05,0.0,-3.226077523292852e-05,2.536398759428096e-05,2.5364162866026163e-05,0.03129870877236706
2025-08-08,0.00014085552574335668,0.0001815291146104516,-0.00035428209230303764,0.0,-0.00010674953194443561,0.0001408341025508389,-0.00035428209230303764,0.04148535251125784
2025-08-11,-0.0012953665876742266,0.003364606682927248,-0.0002775228349491954,0.0,0.00024539685258488696,-0.0002775221288206023,-0.0002775228349491954,-0.009506625091854801
2025-08-12,0.0008622312938586812,-0.004840947014406412,-0.00025510264094918966,0.0,-0.0009569674492432195,-0.00025510331637047427,-0.00025510264094918966,0.010813761630775043
2025-08-13,-0.0005346678046736275,0.00465968665338334,-0.0001503698294982314,0.0,0.0007941886543420806,-0.0001503674486330795,-0.0001503698294982314,0.015897384212123035
2025-08-14,0.00027438005677230665,0.0003663354851615386,1.0129180736839771e-05,0.0,0.0001575148237599114,0.0002743731690085707,1.0129180736839771e-05,-0.002359972136647118
2025-08-15,0.00032241288029296656,0.004277434797370677,3.21841798722744e-06,0.0,0.0010173374623107091,0.0003224157409586203,3.21841798722744e-06,-0.005125245208979739
2025-08-18,0.0007563194821894931,0.004787516906278233,3.757548984140158e-05,0.0,0.001260869906012228,0.000756320621702846,3.757548984140158e-05,-0.0030271470733911282
2025-08-19,0.0007261837389373086,0.0061671703344447085,0.0002388659631833434,0.0,0.0016572394275360175,0.0007261855988770477,0.0002388659631833434,-0.0014302823252549874
2025-08-20,0.0008796988232299631,0.007232577544852589,0.00040405825711786747,0.0,0.002015146319061611,0.0008797007594957037,0.00040405825711786747,-0.01993189988615215
2025-08-21,0.0015320370089633043,0.005563786694659418,0.00030559650622308254,0.0,0.0017737509105732136,0.0015320375750953635,0.00030559650622308254,-0.004923389949559831
2025-08-22,0.0010676758795202172,0.0004561006986316038,0.0006164680235087872,0.0,0.0007009545949158069,0.0006164719759440574,0.0006164680235087872,0.012636587025097703
2025-08-25,0.0007694494220380715,0.002183336773557375,0.0009575436706654727,0.0,0.0011744026870114514,0.0009575481167634743,0.0009575436706654727,-0.002637787721060811
2025-08-26,0.001116436714791074,-0.0011416429934423633,0.0011263632914051414,0.0,0.0006304280040479406,0.0011163533078020894,0.0011263632914051414,0.009420158125637604
2025-08-27,0.0005304186552526288,-0.0025639436460839975,0.0013355800183489919,0.0,0.0002743963016165013,0.0005304177393022371,0.0013355800183489919,0.00513271212405521
2025-08-28,0.0008409790981771888,-0.000505910379958961,0.0014952404890209436,0.0,0.0008868885963525783,0.0008409783157438123,0.0014952404890209436,0.00894074437245586
2025-08-29,0.00043723876669482704,-0.0020175608753254253,0.0014564057346433401,0.0,0.00043116851410046674,0.00043723819445641224,0.0014564057346433401,-0.001807610441419801
2025-09-02,0.0009765192690028765,0.0008450672397020559,0.0014673823025077581,0.0,0.0012021653213094387,0.0009765247334539895,0.0014673823025077581,-0.010479454001267798
2025-09-03,0.00107813081478364,-0.0038982709582073755,0.0012637260369956493,0.0,9.185161200237803e-05,0.0010781256850196594,0.0012637260369956493,0.03738234006205715
2025-09-04,-0.00029967491832957524,-0.0019951041000538074,0.0015108998632058501,0.0,0.0002693261244830589,-0.0002996748809047406,0.0015108998632058501,0.005478309816550939
2025-09-05,0.0008549753169570524,0.004028596743734104,0.0016385184135288,0.0,0.001951091720314248,0.0016385192684873753,0.0016385184135288,-0.0003753992479963229
2025-09-08,0.00036637077467161275,0.0023597211363665257,0.0015862209256738424,0.0,0.001431750087565051,0.0015862204546140109,0.0015862209256738424,-0.0075800665758205465
2025-09-09,0.001125136182041016,-7.986668529961241e-05,0.0014672449324280024,0.0,0.0010402306025174837,0.001125134104476422,0.0014672449324280024,-0.014950614951601654
2025-09-10,0.0011636326427610039,-0.0028526581994430243,0.0010539538925513625,0.0,0.0002332507318979349,0.0010539451941217934,0.0010539538925513625,-0.03279130084628358
2025-09-11,0.002115498660162259,0.0050160321266399755,0.000455733563285321,0.0,0.0018867277339597957,0.0021154989174054775,0.000455733563285321,0.014185280326338959
2025-09-12,0.0005777301415006296,0.0005976814632664497,0.0005910744657739997,0.0,0.0005889812783651639,0.0005910230627010359,0.0005910744657739997,0.017410517319317524
2025-09-15,0.0009604849864887163,0.0034604747929503875,0.00046690317685715854,0.0,0.0012486063558856523,0.0009604866046384541,0.00046690317685715854,0.01117325641447065
2025-09-16,0.00044950565581299023,-0.002423770372840205,0.000343845400493592,0.0,-0.00023018020581633015,0.00034383647304575706,0.000343845400493592,0.006107197990995477
2025-09-17,0.0007556035877777393,0.00026997668511220677,0.0003024990437552333,0.0,0.0004152946720450515,0.00030252581489642903,0.0003024990437552333,0.0035210314188807313
2025-09-18,0.0005984042340222111,0.002274607806659694,0.0005319358897395432,0.0,0.000928565032988948,0.0005984182435585178,0.0005319358897395432,-0.004655367672117901
2025-09-19,0.0010046296664670612,-2.482440801665948e-05,0.0004779221198987216,0.0,0.0005079120811873574,0.00047792220968667133,0.0004779221198987216,0.0315305818698142
2025-09-22,-0.0002784321418657058,0.0038345082703721356,0.0009826882742345333,0.0,0.0012693502162620827,0.0009826887155172878,0.0009826882742345333,0.042192895991329665
2025-09-23,-0.0004242805435699834,-0.000522363660503717,0.0014366831164807081,0.0,0.0005182542723189417,-0.00042427108860318706,0.0014366831164807081,-0.006464122970960471
2025-09-24,0.0005940477482984229,0.005852618202707713,0.0013172868639230728,0.0,0.002112423074493477,0.001317288022385136,0.0013172868639230728,-0.00836723971487303
2025-09-25,0.0005229202015546734,0.008948860263856656,0.0010969486320391297,0.0,0.0026529410428548852,0.0010969502407398195,0.0010969486320391297,0.017911620791906648
2025-09-26,0.0001328742378686027,-0.007884451450831222,0.0012461106525734067,0.0,-0.0010343667712660897,0.00013287346589641578,0.0012461106525734067,-0.005504233435866624
2025-09-29,0.0009266185098007911,-0.007169035599261983,0.0011208460200577974,0.0,-0.0007336515848220353,0.000926613537164813,0.0011208460200577974,-0.004040147641167021
2025-09-30,0.0006800332555158544,0.0016087727372051683,0.0010953258024528623,0.0,0.0010971382715494243,0.0010953262587914021,0.0010953258024528623,0.0007858099960032751
2025-10-01,0.0008908126572183322,-0.0009599853137712207,0.0012008527992293239,0.0,0.0006488319310868579,0.0008908099922220896,0.0012008527992293239,0.0032151535792634424
2025-10-02,0.0007245229153897283,-0.0005816631391674237,0.0011995562817901373,0.0,0.0006864562547476727,0.0007245215835154324,0.0011995562817901373,0.0065551287383542895
2025-10-03,0.0007153597295814785,-0.009202018398209605,0.0013600604142993689,0.0,-0.0011078313066302014,0.000715358284083616,0.0013600604142993689,0.003455246149057607
2025-10-06,0.0007376529874585021,-0.013843949951878234,0.0014789896085858345,0.0,-0.0020499919356162088,0.0007376517107430155,0.0014789896085858345,-0.005167918067967592
2025-10-07,0.0010065011040294059,-0.006852682929234616,0.0015089665539562702,0.0,-0.00044268594172798027,0.0010064992489399285,0.0015089665539562702,-0.0008184089533852378
2025-10-08,0.0008802482157482929,-0.001991460898072145,0.0016655416693538427,0.0,0.000662364283452365,0.0008802472935558049,0.0016655416693538427,0.006141374866814374
2025-10-09,0.0007904589923061468,-0.00476663318120353,0.0018617043970152736,0.0,0.00013658926373165262,0.0007904582404381585,0.0018617043970152736,-0.015700398056697228
2025-10-10,0.0014384320594544625,-0.007148550529143332,0.0015502434689551592,0.0,-0.0003713924879546347,0.0014384233894085214,0.0015502434689551592,-0.03513204652712353
2025-10-13,0.0020242967418189215,0.0011455945796186365,0.0004856489831581712,0.0,0.001036243945518574,0.0011455949548598069,0.0004856489831581712,0.009697190594530327
2025-10-14,0.0009097494701947109,0.0024077980195588954,0.0007549361325800419,0.0,0.0011554026907840318,0.0009097551805824808,0.0007549361325800419,0.00044406116059772684
2025-10-15,0.001509750955177623,-0.00146020957281597,0.00046611312427558005,0.0,0.0003232187713634008,0.00046611268650668995,0.00046611312427558005,0.006316498495225002
2025-10-16,0.0007857664695171869,-0.003186452755830542,7.142662070691586e-07,0.0,-0.00048483286070906796,7.133092044379815e-07,7.142662070691586e-07,-0.007608883164548246
2025-10-17,0.0014943573238370208,-0.0026445296523847205,-0.0003135558217763901,0.0,-0.00034227477920864124,-0.00031355594565165017,-0.0003135558217763901,0.01937066382999947
2025-10-20,0.0002851172020344986,-0.0007384747310760167,-0.0001855314476415515,0.0,-0.00018129014181059812,-0.00018553176139329776,-0.0001855314476415515,0.038680884861185046
2025-10-21,-1.7066702332697034e-05,0.0009680475988994937,0.00033497222466394305,0.0,0.00037953866123890235,0.00033497347460141944,0.00033497222466394305,0.0020190052771787686
2025-10-22,0.0005726599559092839,0.002838702999642404,0.0005862369434908032,0.0,0.0010725742052488882,0.0005863006990072925,0.0005862369434908032,-0.016576784159691115
2025-10-23,0.0009905002662473341,0.003646768167201396,0.00034872378455474973,0.0,0.001235857309972861,0.0009905014433973735,0.00034872378455474973,0.004362589657176772
2025-10-24,0.0006060089566928167,0.004452700292912957,0.0005387319251894951,0.0,0.001407849055106998,0.0006060231317160404,0.0005387319251894951,0.012404526552387543
2025-10-27,0.0005703731803206691,0.002338194866713944,0.00062781129963696,0.0,0.0009846378293777115,0.000627827540035283,0.00062781129963696,0.02253538617237535
2025-10-28,7.750532986002922e-05,-0.0017353678098898028,0.0008702276390977204,0.0,9.377425180119602e-05,7.750462256108326e-05,0.0008702276390977204,0.0007065783461586027
2025-10-29,0.0007195142572252336,0.0022729276941826273,0.000971239001955837,0.0,0.0011877723609990596,0.0009712421761901142,0.000971239001955837,0.002598895805361544
2025-10-30,0.00044237361141311754,0.0010748648423195715,0.0010411341208964586,0.0,0.0008900678135901229,0.0010411077971066178,0.0010411341208964586,0.006283449504564014
2025-10-31,0.0006304578832227883,0.00202689849906504,0.0012804782018065453,0.0,0.0012708666193617943,0.001280478399353865,0.0012804782018065453,-0.003802351703305637
2025-11-03,0.0008227580601480551,0.0021508016539317615,0.0011544614098966122,0.0,0.0012834206193035346,0.00115446340491363,0.0011544614098966122,-0.0048941826438965354
2025-11-04,0.0009611700942509503,-0.003130066174337828,0.0014844812685623765,0.0,0.00034233815556005385,0.0009611684349220497,0.0014844812685623765,0.0036729372522777033
2025-11-05,0.0007921954875183728,-0.0012422809444224,0.0016919621266424656,0.0,0.0008157065575071432,0.0007921948696279175,0.0016919621266424656,0.00037026954113186534
2025-11-06,0.00095718374244864,0.0016752828917192227,0.0017911060713231564,0.0,0.0015452981975090942,0.0016752757930389166,0.0017911060713231564,-0.001370693968215303
2025-11-07,0.0009370148065402424,-0.00046636521130985465,0.0017395669128745794,0.0,0.001047442952802975,0.0009370142751635107,0.0017395669128745794,-0.004830522979991833
2025-11-10,0.001127977553174059,-0.002598118692281574,0.0015904057072475553,0.0,0.0005570326509644587,0.001127975668220818,0.0015904057072475553,0.0035694087570780166
2025-11-11,0.0008612395561320981,-0.0007533334820854085,0.0015545764472335577,0.0,0.0008691645643359485,0.0008612387365720978,0.0015545764472335577,0.02137118643594642
2025-11-12,0.00037696591625409695,0.00133769593498977,0.0019486654782667756,0.0,0.001399979287591197,0.0013376953422991463,0.0019486654782667756,-0.006487844507194079
2025-11-13,0.0011034438700762107,0.0006512749145914773,0.0018927848432213068,0.0,0.0014139253176806354,0.0011034448082248125,0.0018927848432213068,-0.0019032581452385258
2025-11-14,0.0007547707222206795,-0.0028655642589183496,0.0017611442599445581,0.0,0.0004885611336267094,0.0007547700065895133,0.0017611442599445581,-0.0019803751859178826
2025-11-17,0.0011006374143234534,-0.002201681147094703,0.0016500247875228524,0.0,0.000666907201371253,0.0011006359033498827,0.0016500247875228524,-0.01833830726819936
2025-11-18,0.0014648178724795359,-0.002340656943194706,0.001274443231523037,0.0,0.0005384944252905998,0.0012744383097901832,0.001274443231523037,-7.473925559643532e-05
2025-11-19,0.001076143046998471,-0.002758208116677108,0.0009661645744927227,0.0,0.00018517920814448846,0.0009661559125415312,0.0009661645744927227,0.004179092340406962
2025-11-20,0.0011020830133130115,-0.003795770596850311,0.0007581639802083373,0.0,-0.00014136828626867717,0.000758161308850682,0.0007581639802083373,-0.008638626557415126
2025-11-21,0.00131700143215466,-0.0031447247707740707,0.00021259376080706716,0.0,-0.0002254766817639494,0.00021259315466034447,0.00021259376080706716,0.019489553289023798
2025-11-24,0.00044782467371953246,-0.00047992876030406695,0.0006615599268116057,0.0,0.0003567331771821769,0.00044782111394471997,0.0006615599268116057,0.016185746981243
2025-11-25,0.0006294849350637716,-0.0012525761080523334,0.0009879691060632467,0.0,0.0004057953752041152,0.0006294826917819257,0.0009879691060632467,0.003798184186466807
2025-11-26,0.000590436680434616,-0.0032783286115349235,0.001063904375769198,0.0,-5.82203415023185e-06,0.0005904348355881495,0.001063904375769198,0.002091851674423675
2025-11-28,0.0007195751319709175,-0.0021373100136070303,0.0012456130934879184,0.0,0.00037063657996799787,0.0007195735879533587,0.0012456130934879184,0.004672971568938359
2025-12-01,0.0006273264838383642,-0.0017987757175647356,0.0014427424175664783,0.0,0.0005219672139539736,0.000627325672314841,0.0014427424175664783,0.015126188953698135
2025-12-02,0.00036127358894742073,-0.0001708721917997466,0.001629902282729745,0.0,0.0009026020257182611,0.0003612746740851268,0.001629902282729745,0.010855720764224917
2025-12-03,0.0004328643064401707,-0.0007938158197676148,0.0018009867053478956,0.0,0.000874657894084383,0.00043286439045990115,0.0018009867053478956,-0.007153688178430315
2025-12-04,0.0008629448751434163,-0.0035215959738823786,0.001705134054645896,0.0,0.0003454767549693074,0.0008629439185446159,0.001705134054645896,-0.012215719407566574
2025-12-05,0.0010810203281458365,-0.00445590498054246,0.0015522550093010068,0.0,0.00012076712730109602,0.0010810183955690647,0.0015522550093010068,-0.006863590932648934
2025-12-08,0.001147008844552672,0.00029996349623504913,0.0015442055882886052,0.0,0.0011684941486455858,0.0011470075173116937,0.0015442055882886052,-0.00319753127588418
2025-12-09,0.0011505295342989753,0.0011853924869979892,0.0015531275421380997,0.0,0.0013666343608546795,0.0011854169116574228,0.0015531275421380997,-0.002558316430519311
2025-12-10,0.001165892308852743,0.002727816418117797,0.001470303745009005,0.0,0.001663290128182815,0.0014703062146432945,0.001470303745009005,0.005755847706403448
2025-12-11,0.0009092236597497055,-0.0014869634541876296,0.001570419641211629,0.0,0.0007304943794473806,0.0009092225688807528,0.001570419641211629,-0.002693918776111477
2025-12-12,0.001166281391427519,-0.0011864803944426703,0.0015551891410723329,0.0,0.0008559683267772736,0.0011662792579482956,0.0015551891410723329,0.0008987795219441775
2025-12-15,0.0009375815053743128,-0.0010289628246113436,0.001608333783224225,0.0,0.0008572525021665295,0.000937580526931914,0.001608333783224225,-0.015098364430199547
2025-12-16,0.0015542390892335958,0.004006478172289714,0.001089643221348524,0.0,0.0018469872974381054,0.0015542408249591346,0.001089643221348524,0.0018224236954371396
2025-12-17,0.0009456635877689528,-0.002302029693388032,0.001219880417920649,0.0,0.0003812928020621025,0.0009456602751424076,0.001219880417920649,-0.010138211482018081
2025-12-18,0.0015985219984494064,0.0029255410367613572,0.0008867767173796892,0.0,0.0015185172818776983,0.0015985226470754722,0.0008867767173796892,0.0012867163670800797
2025-12-19,0.0009714443641106565,-0.0014545539724340204,0.0007833942072466016,0.0,0.0003463718403151604,0.0007833893919053147,0.0007833942072466016,0.005422689224387653
2025-12-22,0.001136564801431815,0.0029083759997285863,0.0007798649603500962,0.0,0.0013371983302748495,0.0011365670255236845,0.0007798649603500962,-0.009914931893719238
2025-12-23,0.0013081868491511821,-0.0042759901792958944,0.0005447852308861911,0.0,-0.0003018122579507374,0.0005447841317317393,0.0005447852308861911,0.005116548681590436
2025-12-24,0.0009104548736534459,-0.0013562771282466135,0.0004633739881683141,0.0,0.00018586149447506067,0.0004633723103484503,0.0004633739881683141,0.005309759449072081
2025-12-26,0.0009773744361196806,-0.00010278464084328494,0.0003078268491663039,0.0,0.00039564545565384617,0.00030782778365930747,0.0003078268491663039,-0.0014985243151119923
2025-12-29,0.0010030712581264045,-0.0029020390734488793,0.0001776962890289724,0.0,-0.0002738161583023843,0.00017769540487928777,0.0001776962890289724,0.0013159438507369832
2025-12-30,0.000943658378735605,0.0015248181182699347,0.00026746519142761827,0.0,0.0007198372746177792,0.0009436581384450903,0.00026746519142761827,-0.0024871024374482713
2025-12-31,0.0010781111551025357,0.0007484972155299033,0.0003354497021064162,0.0,0.0006217630014356181,0.0007484966093334266,0.0003354497021064162,-0.004477569353830084
