Date,ARIMA,RandomForest,LSTM,NaiveZero,ResidualHybrid,ConfidenceWeight,RegimeSwitching,ensemble,Signal,Confidence,Risk,Regime,Volatility,ATR,signal_num,conf_num,risk_num,Strategy
2019-11-21,0.0003597683329144719,-0.006379520726348842,-0.0032906776759773493,0.0,-0.0022060470318495994,-0.0032906776262301464,-0.006379520726348842,0.0003597683329144719,HOLD,LOW,HIGH,Volatile,0.025272701612446206,9.754283357617194,0,0,2,ARIMA
2019-11-22,0.001535618110943701,-0.010807104342069157,-0.0026230677030980587,0.0,-0.0018687253465390302,-0.0026230678212838163,-0.010807104342069157,0.001535618110943701,HOLD,LOW,MEDIUM,Volatile,0.022174212803747057,10.62214006696429,0,0,1,ARIMA
2019-11-25,0.0007045908047423289,0.0013356756359879482,-0.0014571319334208965,0.0,-0.0003379922087059389,0.0007045896873407911,0.0013356756359879482,0.0007045908047423289,HOLD,LOW,MEDIUM,Volatile,0.02226047122186008,10.917853216713175,0,0,1,ARIMA
2019-11-26,0.0028881976076958644,-0.00630314834079471,-0.0004108601715415716,0.0,0.00024946149035118834,-0.00041086030481900915,-0.00630314834079471,0.0028881976076958644,HOLD,LOW,MEDIUM,Volatile,0.021269087042114415,10.70499528911831,0,0,1,ARIMA
2019-11-27,0.0013207157934935964,-0.0009034224355450751,0.00028702692361548543,0.0,0.0005615798788360021,0.0002870267966844834,-0.0009034224355450751,0.0013207157934935964,HOLD,LOW,MEDIUM,Volatile,0.021253512741042452,10.022136140820319,0,0,1,ARIMA
2019-11-29,0.0018870848046272292,-0.012035033421686523,0.0004926866386085749,0.0,-0.00026375073937480887,0.0004926860022906566,-0.012035033421686523,0.0018870848046272292,HOLD,LOW,MEDIUM,Volatile,0.021296813480458792,9.938565932952015,0,0,1,ARIMA
2019-12-02,0.001174561294137914,0.0076208496617749776,0.00031169457361102104,0.0,0.0013974752273314785,0.0011745622953056997,0.0076208496617749776,0.001174561294137914,HOLD,LOW,MEDIUM,Volatile,0.02139642820709404,9.627138407840407,0,0,1,ARIMA
2019-12-03,0.0013728587606216692,0.005383945712466832,4.6890461817383766e-05,0.0,0.0011072370451278629,0.001372859264467055,0.005383945712466832,0.0013728587606216692,HOLD,LOW,MEDIUM,Volatile,0.021271689133919754,9.583568025585944,0,0,1,ARIMA
2019-12-04,0.0008373343349116401,0.0034970796949560083,-0.00026905606500804424,0.0,0.0005448103707802332,0.0008373348614276658,0.0034970796949560083,0.0008373343349116401,HOLD,LOW,MEDIUM,Volatile,0.02143823243093393,9.14499555069755,0,0,1,ARIMA
2019-12-05,0.0008903002391961621,0.007394161572681967,-0.00044303538743406534,0.0,0.0008780802860058796,0.0008903008343640804,0.007394161572681967,0.0008903002391961621,HOLD,LOW,MEDIUM,Volatile,0.020599796505629698,8.876425604408487,0,0,1,ARIMA
2019-12-06,0.0013053993427534429,-0.004102751222978481,-0.0005247424123808742,0.0,-0.00019033924952019648,-0.0005247426788612884,-0.004102751222978481,0.0013053993427534429,HOLD,LOW,MEDIUM,Volatile,0.020014838468663,9.165710446763399,0,0,1,ARIMA
2019-12-09,0.0015473755198938234,0.005399493047112081,-0.0010117345955222845,0.0,0.000633477182689765,0.0015473756508867522,0.005399493047112081,0.0015473755198938234,HOLD,LOW,MEDIUM,Volatile,0.02013426959749266,9.331427435463175,0,0,1,ARIMA
2019-12-10,0.0008846226134567115,-0.0004707345795881113,-0.0015205193776637316,0.0,-0.0004876302961628902,-0.00047073436554887925,-0.0004707345795881113,0.0008846226134567115,HOLD,LOW,MEDIUM,Volatile,0.020374891937947948,9.276428222656259,0,0,1,ARIMA
2019-12-11,0.0009295962548847439,0.002185538157039641,-0.002056381432339549,0.0,-0.00047087855015429396,0.0009295957946098696,0.002185538157039641,0.0009295962548847439,HOLD,LOW,MEDIUM,Volatile,0.02028408023801504,9.04214259556362,0,0,1,ARIMA
2019-12-12,0.0003878485868922116,-0.002208769554321637,-0.0026221571024507284,0.0,-0.001422402936594979,-0.002208767531749263,-0.002208769554321637,0.0003878485868922116,HOLD,LOW,MEDIUM,Volatile,0.020532572731655718,9.143569943833711,0,0,1,ARIMA
2019-12-13,0.0007210974383261111,0.002161900787950448,-0.0031296650413423777,0.0,-0.0011034309893768151,0.0007210970047849086,0.002161900787950448,0.0007210974383261111,HOLD,LOW,MEDIUM,Volatile,0.020490757007319577,8.12499781771764,0,0,1,ARIMA
2019-12-16,0.0004491645103754901,-0.00876660045264135,-0.0034983272198587656,0.0,-0.0025243558348166965,-0.003498327283312423,-0.00876660045264135,0.0004491645103754901,HOLD,LOW,MEDIUM,Volatile,0.024634648406115955,9.102852955133935,0,0,1,ARIMA
2019-12-17,0.001419158654862712,0.0038372615684349578,-0.003840850433334708,0.0,-0.0010266568408929043,0.001419158431698607,0.0038372615684349578,0.001419158654862712,HOLD,LOW,MEDIUM,Volatile,0.02464334321313837,9.128568374358265,0,0,1,ARIMA
2019-12-18,-0.0005680813239683571,-0.003955626995873569,-0.003915744833648205,0.0,-0.0026329517084500557,-0.003915721255504369,-0.003955626995873569,-0.0005680813239683571,HOLD,LOW,HIGH,Volatile,0.025214259370882043,9.904998779296879,0,0,2,ARIMA
2019-12-19,0.0010108483254169269,-0.011218772344726872,-0.0037957902532070875,0.0,-0.00271384492102894,-0.003795790326485699,-0.011218772344726872,0.0010108483254169269,HOLD,LOW,MEDIUM,Volatile,0.02498731848902416,10.612856183733262,0,0,1,ARIMA
2019-12-20,0.0004934918975289741,-0.009785625044548912,-0.003603694261983037,0.0,-0.002666438464338541,-0.0036036943442244603,-0.009785625044548912,0.0004934918975289741,HOLD,LOW,MEDIUM,Volatile,0.02499606185934456,10.978570120675224,0,0,1,ARIMA
2019-12-23,0.0002781183499895026,-0.01031361325297508,-0.0029785919468849897,0.0,-0.0024833947241026974,-0.0029785921174597723,-0.0029785919468849897,0.0002781183499895026,HOLD,MEDIUM,LOW,Bullish,0.019457108770568173,11.742856709347096,0,1,0,ARIMA
2019-12-24,0.0010308388021671173,-0.00854889057773637,-0.002408522181212902,0.0,-0.0017198593784329777,-0.002408522308991967,-0.002408522181212902,0.0010308388021671173,BUY,MEDIUM,LOW,Bullish,0.019462531355148426,12.297858104436378,1,1,0,ARIMA
2019-12-26,0.00045994102298878704,-0.013703362841527934,-0.0019817149732261896,0.0,-0.0022524042290248568,-0.0019817152971514204,-0.0019817149732261896,0.00045994102298878704,HOLD,LOW,LOW,Bullish,0.017737359435623115,12.373572215764503,0,0,0,ARIMA
2019-12-27,0.0006607426649674522,-0.01718163080910192,-0.0016274689696729183,0.0,-0.002352541621977189,-0.0016274693420305897,-0.0016274689696729183,0.0006607426649674522,HOLD,LOW,LOW,Bullish,0.017996054229220012,12.424288070954235,0,0,0,ARIMA
2019-12-30,0.0007196951821244666,-0.015856611866479287,-0.001201235456392169,0.0,-0.0019747714198002806,-0.0012012359082067096,-0.015856611866479287,0.0007196951821244666,HOLD,LOW,MEDIUM,Volatile,0.020930677167576257,13.263571602957585,0,0,1,ARIMA
2019-12-31,0.0008796276015211521,-0.003704429232798533,-0.0001469026319682598,0.0,-0.00011931042305423495,-0.00014690332329337613,-0.003704429232798533,0.0008796276015211521,HOLD,LOW,MEDIUM,Volatile,0.020923077392380276,13.820000784737715,0,0,1,ARIMA
2020-01-02,0.002143504405580644,-0.008121165467254509,0.00042004819260910153,0.0,0.000201390801464455,0.00042004773010417265,-0.008121165467254509,0.002143504405580644,HOLD,LOW,MEDIUM,Volatile,0.02118341614189424,14.107145036969863,0,0,1,ARIMA
2020-01-03,0.0015398083011587637,0.0013753468941512515,0.0002993425587192178,0.0,0.0008872122144668308,0.0013753418143645378,0.0013753468941512515,0.0015398083011587637,HOLD,LOW,MEDIUM,Volatile,0.02085056568739398,15.085717337472094,0,0,1,ARIMA
2020-01-06,0.0007116278575618376,0.0010105272900388152,0.0002947120228782296,0.0,0.0005288325683946355,0.0007116269212992473,0.0010105272900388152,0.0007116278575618376,HOLD,LOW,MEDIUM,Volatile,0.020196181324262808,15.156433105468746,0,0,1,ARIMA
2020-01-07,0.00036209049749452433,-0.007922437566636287,-0.00010762317106127739,0.0,-0.0007333020315514296,-0.00010762516306255601,-0.007922437566636287,0.00036209049749452433,HOLD,LOW,MEDIUM,Volatile,0.020811897854391918,14.790006365094863,0,0,1,ARIMA
2020-01-08,0.000681086614704917,-0.006303017768788433,-0.0004690673667937517,0.0,-0.0006288079637814419,-0.00046906806338170207,-0.006303017768788433,0.000681086614704917,HOLD,LOW,MEDIUM,Volatile,0.02189332710441548,16.265718730106023,0,0,1,ARIMA
2020-01-09,0.0004014661690836987,0.00061427184658596,-0.0006506845820695162,0.0,-0.00011571292922313238,0.0004014624623278182,0.00061427184658596,0.0004014661690836987,HOLD,LOW,MEDIUM,Volatile,0.02359106188268189,16.95857456261161,0,0,1,ARIMA
2020-01-10,-0.0004230009857377657,-0.017081702798520303,-0.00022321240976452827,0.0,-0.0020392874799330975,-0.00042300588139967255,-0.017081702798520303,-0.0004230009857377657,HOLD,LOW,MEDIUM,Volatile,0.02411610527616291,16.782858707421877,0,0,1,ARIMA
2020-01-13,0.0012020610593776679,-0.000664881530382377,-0.0002405731938779354,0.0,0.0002702283628745907,-0.00024057154037196047,-0.000664881530382377,0.0012020610593776679,HOLD,LOW,HIGH,Volatile,0.029773471359226273,19.25928823797434,0,0,2,ARIMA
2020-01-14,0.0020983395864962702,-0.004208901311860908,-0.0005609412910416722,0.0,8.498247397280929e-05,-0.0005609413928249884,-0.004208901311860908,0.0020983395864962702,HOLD,LOW,HIGH,Volatile,0.029316420729452945,19.69714354732144,0,0,2,ARIMA
2020-01-15,-0.0007088081176663951,-0.006045928979306238,-0.000793938641436398,0.0,-0.001303055015108643,-0.0007939499281637136,-0.006045928979306238,-0.0007088081176663951,HOLD,LOW,HIGH,Volatile,0.030187922325712102,20.293572554715414,0,0,2,ARIMA
2020-01-16,-0.0004440724825743082,0.009436901529777114,-0.00043870240915566683,0.0,0.0005780887178000601,-0.0004385668246736822,0.009436901529777114,-0.0004440724825743082,HOLD,LOW,HIGH,Volatile,0.030314574778703328,21.58642795371095,0,0,2,ARIMA
2020-01-17,0.001646337091914614,-3.5072577704730095e-05,-0.0004855116130784154,0.0,0.00038048429075747707,-3.5070961492541714e-05,-3.5072577704730095e-05,0.001646337091914614,HOLD,LOW,HIGH,Volatile,0.030218616858771228,21.82285417092635,0,0,2,ARIMA
2020-01-21,0.0017317546976331288,0.003736157409059945,-0.0007601301185786724,0.0,0.0006616766096585718,0.0017317546002095076,0.003736157409059945,0.0017317546976331288,HOLD,LOW,HIGH,Volatile,0.03263430269485362,23.034284314285724,0,0,2,ARIMA
2020-01-22,0.0022345348949677412,0.007600626124962275,-0.0012797836679965258,0.0,0.0009873719128809999,0.002234534993070132,0.007600626124962275,0.0022345348949677412,HOLD,LOW,HIGH,Volatile,0.032975349660345044,25.040710444308047,0,0,2,ARIMA
2020-01-23,-4.62719628704165e-05,0.009428207835121372,-0.001073173712939024,0.0,0.0004050038211914897,-4.627109648464674e-05,0.009428207835121372,-4.62719628704165e-05,HOLD,LOW,HIGH,Volatile,0.03285837478389604,26.04285321425782,0,0,2,ARIMA
2020-01-24,-0.00048160605800384704,-0.0023581859782835627,-0.001023793825879693,0.0,-0.0009530339894715792,-0.0010237949151988633,-0.0023581859782835627,-0.00048160605800384704,HOLD,LOW,HIGH,Volatile,0.03347372058225441,25.747137882226564,0,0,2,ARIMA
2020-01-27,0.0007419466722314784,0.001865796866555247,-0.0010594013147056103,0.0,-6.513813773469297e-05,0.0007419463385378211,0.001865796866555247,0.0007419466722314784,HOLD,LOW,HIGH,Volatile,0.03398770657126004,26.745707915485493,0,0,2,ARIMA
2020-01-28,0.0018230105065256523,0.00136384628460563,-0.001119991997256875,0.0,0.00026761101190968966,0.0013638445184579334,0.00136384628460563,0.0018230105065256523,HOLD,LOW,HIGH,Volatile,0.03382577898869187,26.652849466964287,0,0,2,ARIMA
2020-01-29,0.002116123392469034,0.000712075795340431,-0.001261809840798378,0.0,0.00024037783025269055,0.0007120755902290464,0.000712075795340431,0.002116123392469034,HOLD,LOW,HIGH,Volatile,0.031685778089005606,26.127134050195313,0,0,2,ARIMA
2020-01-30,0.0012905566643938084,-0.0037619709049464788,-0.0014986887108534575,0.0,-0.0006599483061963058,-0.0014986886276703608,-0.0037619709049464788,0.0012905566643938084,HOLD,LOW,HIGH,Volatile,0.03641476578650345,29.267135622126116,0,0,2,ARIMA
2020-01-31,0.0011854132167942275,-0.00302799115796385,-0.0018144410569220781,0.0,-0.0007864387109898909,-0.0018144405673765785,-0.00302799115796385,0.0011854132167942275,HOLD,LOW,HIGH,Volatile,0.0364031213022002,29.927134926813615,0,0,2,ARIMA
2020-02-03,-0.0011216764796032825,-0.0036508288361440876,-0.0023862600792199373,0.0,-0.0020305934655055163,-0.002386260079210685,-0.0036508288361440876,-0.0011216764796032825,HOLD,LOW,HIGH,Volatile,0.05119342370537795,36.21927752237723,0,0,2,ARIMA
2020-02-04,0.00130108121726136,-0.008391205010073434,-0.0018373483326286077,0.0,-0.0013070286377182968,-0.0018373484985210263,-0.008391205010073434,0.00130108121726136,HOLD,LOW,HIGH,Volatile,0.05580817047420591,48.107849122879465,0,0,2,ARIMA
2020-02-05,-0.0017148327139744804,0.014237171522371441,0.0010765858460217714,0.0,0.0013612731636234675,0.0010765861280331687,0.014237171522371441,-0.0017148327139744804,HOLD,LOW,HIGH,Volatile,0.07468212693068597,59.666421074609374,0,0,2,ARIMA
2020-02-06,-0.004601015393845287,0.007060787431683253,0.007884024642407894,0.0,0.0029995970820400324,0.007060786305645675,0.007060787431683253,-0.004601015393845287,HOLD,LOW,HIGH,Volatile,0.07443989205569707,65.55928039729352,0,0,2,ARIMA
2020-02-07,0.004681647545414321,0.03551513725789108,0.012147722765803337,0.0,0.011688407684684736,0.012147722856915675,0.03551513725789108,0.004681647545414321,HOLD,LOW,HIGH,Volatile,0.07394514180669588,67.50499616529018,0,0,2,ARIMA
2020-02-10,0.003832569053553875,0.004983779433006791,0.013458075933158398,0.0,0.008883557587108428,0.004983780182175282,0.004983779433006791,0.003832569053553875,HOLD,LOW,HIGH,Volatile,0.07365265357187542,69.92213657857143,0,0,2,ARIMA
2020-02-11,0.0016933204625073702,0.012216072981737104,0.015135400928556919,0.0,0.009666816757397943,0.012216072734441127,0.012216072981737104,0.0016933204625073702,HOLD,LOW,HIGH,Volatile,0.07191551646221553,68.36570957907365,0,0,2,ARIMA
2020-02-12,3.6100253956549214e-05,-0.0007812370343002873,0.015206241980195045,0.0,0.007725129898270288,3.6101408544953136e-05,-0.0007812370343002873,3.6100253956549214e-05,HOLD,LOW,HIGH,Volatile,0.07218474780270732,68.3642796125558,0,0,2,ARIMA
2020-02-13,0.0005219425474080033,0.006357381032197388,0.015375332906842232,0.0,0.00873502493880486,0.006357381092640068,0.006357381032197388,0.0005219425474080033,HOLD,LOW,HIGH,Volatile,0.0712740700820589,72.8928527874442,0,0,2,ARIMA
2020-02-14,0.001926102686414892,0.007006877306563302,0.016236525028944016,0.0,0.009783104216562179,0.007006877394983216,0.007006877306563302,0.001926102686414892,HOLD,LOW,HIGH,Volatile,0.07117073048764869,73.03070940714285,0,0,2,ARIMA
2020-02-18,0.0005596458896390654,-0.0009198794570945721,0.016597768291831017,0.0,0.008625121488147676,0.0005596465022754418,-0.0009198794570945721,0.0005596458896390654,HOLD,LOW,HIGH,Volatile,0.07163241560345435,75.97213745295758,0,0,2,ARIMA
2020-02-19,0.0014887941657797728,0.010921565745208726,0.01665450818836689,0.0,0.010233047765820713,0.010921565676829965,0.010921565745208726,0.0014887941657797728,HOLD,LOW,HIGH,Volatile,0.07154187887349839,80.50642613203125,0,0,2,ARIMA
2020-02-20,0.00017089818771194522,0.004286643890757002,0.016740910708904266,0.0,0.00908617846891827,0.0042866440533274545,0.004286643890757002,0.00017089818771194522,HOLD,LOW,HIGH,Volatile,0.072165934720106,79.61999511674107,0,0,2,ARIMA
2020-02-21,-0.0006804913815903824,-0.009325018824180742,0.016466638073325157,0.0,0.007214046468153157,-0.0006804913242490142,-0.009325018824180742,-0.0006804913815903824,HOLD,LOW,HIGH,Volatile,0.07220673139654743,80.48642403470981,0,0,2,ARIMA
2020-02-24,0.0016721129667956745,-0.001999558544544376,0.01574539951980114,0.0,0.008504622916716484,0.0016721131679564123,-0.001999558544544376,0.0016721129667956745,HOLD,LOW,HIGH,Volatile,0.07526300384896294,76.43142263962054,0,0,2,ARIMA
2020-02-25,0.0006241727735355502,-0.0010728443770222837,0.01489377859979868,0.0,0.007761001932780124,0.0006241732920419489,-0.0010728443770222837,0.0006241727735355502,HOLD,LOW,HIGH,Volatile,0.07619252411238117,67.90356445290179,0,0,2,ARIMA
2020-02-26,0.00320980489205121,0.008929549254550624,0.013997683301568031,0.0,0.009327736602188325,0.008929549232089056,0.008929549254550624,0.00320980489205121,HOLD,LOW,HIGH,Volatile,0.07684842258951669,57.4928501671875,0,0,2,ARIMA
2020-02-27,0.002647095558879627,-0.007407407155191931,0.012649915181100368,0.0,0.006735342013812965,0.0026470955583659476,-0.007407407155191931,0.002647095558879627,HOLD,LOW,HIGH,Volatile,0.08405456104276303,57.56213378883928,0,0,2,ARIMA
2020-02-28,0.001316441421955036,0.0002992728659606958,0.011353936977684498,0.0,0.00635482831301614,0.0013164423035404908,0.0002992728659606958,0.001316441421955036,HOLD,LOW,HIGH,Volatile,0.0814443117339016,60.365705217410714,0,0,2,ARIMA
2020-03-02,0.005302181283311721,0.006952248019262872,0.009976266883313656,0.0,0.007867471616862553,0.006952248294098145,0.006952248019262872,0.005302181283311721,HOLD,LOW,HIGH,Volatile,0.08475930377061903,60.63570731495536,0,0,2,ARIMA
2020-03-03,0.003552690392728393,0.010521626906618764,0.00766716618090868,0.0,0.006379972385311761,0.007667166073751334,0.010521626906618764,0.003552690392728393,HOLD,LOW,HIGH,Volatile,0.07411728684082039,65.3042776969866,0,0,2,ARIMA
2020-03-04,-0.0008705960970091396,0.006861031832770283,0.0064751384779810905,0.0,0.003691105769532737,0.006475136036048422,0.006861031832770283,-0.0008705960970091396,HOLD,LOW,HIGH,Volatile,0.06748970339182093,66.40499441964286,0,0,2,ARIMA
2020-03-05,0.0012996248026469457,-0.0029431534805233494,0.005551723763346672,0.0,0.003040725860720566,0.0012996248031631064,-0.0029431534805233494,0.0012996248026469457,HOLD,LOW,HIGH,Volatile,0.05310662750590125,62.721422467912944,0,0,2,ARIMA
2020-03-06,0.0008569574990225008,-0.004165242028058401,0.004995450377464294,0.0,0.002459433450660635,0.0008569574565420396,-0.004165242028058401,0.0008569574990225008,HOLD,LOW,HIGH,Volatile,0.05326201340288666,63.63570731272322,0,0,2,ARIMA
2020-03-09,0.0020979588225461974,0.012779001966104382,0.004568020347505808,0.0,0.0044655982794876295,0.004568020630268037,0.012779001966104382,0.0020979588225461974,HOLD,LOW,HIGH,Volatile,0.06207896582303111,66.38642229843751,0,0,2,ARIMA
2020-03-10,0.0010524778155922472,0.01922780037144005,0.006607323884963989,0.0,0.005773972804862468,0.006607323985698431,0.01922780037144005,0.0010524778155922472,HOLD,LOW,HIGH,Volatile,0.06341132087012667,64.50213623515626,0,0,2,ARIMA
2020-03-11,0.006170654612614012,0.024665977287055392,0.008671384304761887,0.0,0.009360199643666786,0.008671384641812309,0.024665977287055392,0.006170654612614012,HOLD,LOW,HIGH,Volatile,0.06336202962860434,63.294995993805806,0,0,2,ARIMA
2020-03-12,0.00036999225684254526,0.015912016585122563,0.009791730903089046,0.0,0.0068012524991289385,0.009791730845866351,0.015912016585122563,0.00036999225684254526,HOLD,LOW,HIGH,Volatile,0.06825304006147194,67.24999564726564,0,0,2,ARIMA
2020-03-13,0.001052213331778255,0.029555868731891723,0.01134051289409399,0.0,0.009264746865666841,0.011340512936380184,0.029555868731891723,0.001052213331778255,HOLD,LOW,HIGH,Volatile,0.0666666881537337,69.16213989949777,0,0,2,ARIMA
2020-03-16,0.004624586505706142,0.032958816391492875,0.015037810429930687,0.0,0.012883653256947384,0.015037810470149772,0.032958816391492875,0.004624586505706142,HOLD,LOW,HIGH,Volatile,0.07844171392196227,71.65142604974889,0,0,2,ARIMA
2020-03-17,0.0007782583559919874,0.03232630250507555,0.018081290647387505,0.0,0.012899307189708971,0.018081290634984006,0.03232630250507555,0.0007782583559919874,HOLD,LOW,HIGH,Volatile,0.07484624254282848,74.41213989949777,0,0,2,ARIMA
2020-03-18,0.007132726530652764,0.03471574478229439,0.02079136110842228,0.0,0.01697727697621186,0.02079136110981917,0.03471574478229439,0.007132726530652764,HOLD,LOW,HIGH,Volatile,0.07711266067812345,72.2614266576451,0,0,2,ARIMA
2020-03-19,-0.0023161741759517075,0.037759014379611294,0.023314183577895164,0.0,0.014951627462027712,0.02331418354768902,0.037759014379611294,-0.0023161741759517075,HOLD,LOW,HIGH,Volatile,0.09086758969579206,73.29999869656808,0,0,2,ARIMA
2020-03-20,0.002792992600854799,0.017536510997033402,0.026001423597335815,0.0,0.016206330076081174,0.017536510946743813,0.017536510997033402,0.002792992600854799,HOLD,LOW,HIGH,Volatile,0.0908230653071757,71.55071149754465,0,0,2,ARIMA
2020-03-23,0.00022533220466048253,0.030091872744459364,0.028306642547249794,0.0,0.0176958145835945,0.028306642023333106,0.030091872744459364,0.00022533220466048253,HOLD,LOW,HIGH,Volatile,0.0910402693735743,67.30999755837054,0,0,2,ARIMA
2020-03-24,0.0024519750395303962,0.033734044953324174,0.02888518199324608,0.0,0.019223989115290295,0.02888518182492553,0.033734044953324174,0.0024519750395303962,HOLD,LOW,HIGH,Volatile,0.09979121592593099,69.99642290811943,0,0,2,ARIMA
2020-03-25,0.002327677448415258,0.023715985328309572,0.029997622594237328,0.0,0.018712681424195552,0.023715985215916224,0.023715985328309572,0.002327677448415258,HOLD,LOW,HIGH,Volatile,0.10172717932394715,71.46570914556362,0,0,2,ARIMA
2020-03-26,0.003349770131987525,0.023215306682355042,0.030581366270780563,0.0,0.019353056394056063,0.023215306596967463,0.023215306682355042,0.003349770131987525,HOLD,LOW,HIGH,Volatile,0.0978307406947598,71.99999782218192,0,0,2,ARIMA
2020-03-27,0.0008841915803594453,0.02766989772896125,0.031058067455887794,0.0,0.01910908199264665,0.027669897471321325,0.02766989772896125,0.0008841915803594453,HOLD,LOW,HIGH,Volatile,0.09787757492397722,67.4035688125558,0,0,2,ARIMA
2020-03-30,0.0016350969812074924,0.03805420412313393,0.031464770436286926,0.0,0.020677481821844663,0.03146477031809628,0.03805420412313393,0.0016350969812074924,HOLD,LOW,HIGH,Volatile,0.09369633697217096,64.9335697716797,0,0,2,ARIMA
2020-03-31,0.00017242014464361388,0.02649977298863866,0.031340256333351135,0.0,0.01885933932595538,0.026499772820113468,0.02649977298863866,0.00017242014464361388,HOLD,LOW,HIGH,Volatile,0.09462006328002658,65.31785583473773,0,0,2,ARIMA
2020-04-01,0.0021293840510127385,0.028226931455974245,0.030861200764775276,0.0,0.0195443503180189,0.028226931114965163,0.028226931455974245,0.0021293840510127385,HOLD,LOW,HIGH,Volatile,0.09559840194188678,62.5264282202009,0,0,2,ARIMA
2024-01-02,-0.000625079965357675,0.02557865937509781,0.02992796152830124,0.0,0.01773405833684763,0.025578659183441127,0.02557865937509781,-0.000625079965357675,HOLD,LOW,HIGH,Volatile,0.17215583328558837,71.92499868964845,0,0,2,ARIMA
2024-01-03,-0.007708275813428344,0.047140929097273646,0.028533950448036194,0.0,0.016521387606622688,0.028533950421889297,0.047140929097273646,-0.007708275813428344,HOLD,LOW,HIGH,Volatile,0.17209071076303903,65.32857077216798,0,0,2,ARIMA
2024-01-04,-0.0019851397306769867,0.030688154608800616,0.02762657217681408,0.0,0.016559107631879764,0.027626571884166975,0.030688154608800616,-0.0019851397306769867,HOLD,LOW,HIGH,Volatile,0.17105396603580628,60.26571328053852,0,0,2,ARIMA
2024-01-05,-0.001868649744277823,0.02913038031770579,0.0275683905929327,0.0,0.016413361861993294,0.027568389987510798,0.02913038031770579,-0.001868649744277823,HOLD,LOW,HIGH,Volatile,0.1695861405542964,54.946427481515066,0,0,2,ARIMA
2024-01-08,0.0009887984866656443,0.02227893634857615,0.02686300314962864,0.0,0.016443516484041326,0.022278936177490063,0.02227893634857615,0.0009887984866656443,HOLD,LOW,HIGH,Volatile,0.17001710556305402,48.68999808175223,0,0,2,ARIMA
2024-01-09,-4.821428309632588e-05,0.029864444307165203,0.025319034233689308,0.0,0.016036309844248624,0.025319034053201715,0.029864444307165203,-4.821428309632588e-05,HOLD,LOW,HIGH,Volatile,0.16916620067700297,45.63285609654018,0,0,2,ARIMA
2024-01-10,0.0013286941275643927,0.027003316280228243,0.024802103638648987,0.0,0.016005559887992186,0.02480210322736409,0.027003316280228243,0.0013286941275643927,HOLD,LOW,HIGH,Volatile,0.16934869901096866,43.683570861816406,0,0,2,ARIMA
2024-01-11,0.00019810345867026218,0.024458429724368208,0.024494431912899017,0.0,0.015150730868293456,0.024458403451281918,0.024458429724368208,0.00019810345867026218,HOLD,LOW,HIGH,Volatile,0.164944037888883,38.62428610665457,0,0,2,ARIMA
2024-01-12,0.0011410148367560036,0.02643494585529528,0.02455179952085018,0.0,0.015746515425467882,0.024551799033099078,0.02643494585529528,0.0011410148367560036,HOLD,LOW,HIGH,Volatile,0.16494615023465797,35.62928662981306,0,0,2,ARIMA
2024-01-16,-0.00012210280682994424,0.021599796741211427,0.025701157748699188,0.0,0.015351055240535998,0.021599796543541015,0.021599796741211427,-0.00012210280682994424,HOLD,LOW,HIGH,Volatile,0.16172263559087535,33.026430402483264,0,0,2,ARIMA
2024-01-17,0.0014646050740449528,0.019080836530075626,0.026547424495220184,0.0,0.016134775265254257,0.019080836452940893,0.019080836530075626,0.0014646050740449528,HOLD,LOW,HIGH,Volatile,0.15520550434207583,31.152861458914618,0,0,2,ARIMA
2024-01-18,8.003009552169627e-05,0.021672438677997678,0.026762627065181732,0.0,0.01598016246778595,0.021672438527926736,0.021672438677997678,8.003009552169627e-05,HOLD,LOW,HIGH,Volatile,0.15505650791028622,29.959288460867736,0,0,2,ARIMA
2024-01-19,0.0004881086110168611,0.028011933601867326,0.02668231911957264,0.0,0.01674992407895935,0.026682318406777976,0.028011933601867326,0.0004881086110168611,HOLD,LOW,HIGH,Volatile,0.15484374452465618,27.078572954450333,0,0,2,ARIMA
2024-01-22,0.0011174295282061343,0.014562359135363771,0.02647458016872406,0.0,0.015497821414386987,0.014562359125796882,0.014562359135363771,0.0011174295282061343,HOLD,LOW,HIGH,Volatile,0.14862684308540758,24.40928758893694,0,0,2,ARIMA
2024-01-23,0.0002668604924157482,0.017310312465669584,0.025992833077907562,0.0,0.015207496646407533,0.017310312409188854,0.017310312465669584,0.0002668604924157482,HOLD,LOW,HIGH,Volatile,0.1468168932316501,8.03428758893694,0,0,2,ARIMA
2024-01-24,0.0011213754408720157,0.023781326445282875,0.024709144607186317,0.0,0.015545819995704705,0.02378132541393055,0.023781326445282875,0.0011213754408720157,HOLD,LOW,HIGH,Volatile,0.146990699811508,7.595716203962051,0,0,2,ARIMA
2024-01-25,0.0006198473974116328,0.02996504913148075,0.02276935800909996,0.0,0.014997022045205028,0.02276935791531017,0.02996504913148075,0.0006198473974116328,HOLD,LOW,HIGH,Volatile,0.14804182467165236,9.224287850516179,0,0,2,ARIMA
2024-01-26,-0.0037379603914115154,0.03750200497280439,0.021449241787195206,0.0,0.01342293205756383,0.021449241764607944,0.03750200497280439,-0.0037379603914115154,HOLD,LOW,HIGH,Volatile,0.1484390104089425,9.185715811593193,0,0,2,ARIMA
2024-01-29,0.002496917181532437,0.025044797778197025,0.019313065335154533,0.0,0.013439943794743586,0.019313065220207648,0.025044797778197025,0.002496917181532437,HOLD,LOW,HIGH,Volatile,0.14838739629824035,9.348572867257252,0,0,2,ARIMA
2024-01-30,0.0022699669573301327,0.01918683222010525,0.017016606405377388,0.0,0.011571607906091089,0.017016606012822944,0.01918683222010525,0.0022699669573301327,HOLD,LOW,HIGH,Volatile,0.1486296788058551,9.158572605678012,0,0,2,ARIMA
2024-01-31,0.0005314484276444146,0.020084329642316403,0.014476217329502106,0.0,0.009694156717150959,0.014476217222953747,0.020084329642316403,0.0005314484276444146,HOLD,LOW,HIGH,Volatile,0.032927442627202826,9.437857491629464,0,0,2,ARIMA
2024-02-01,2.630274264428696e-05,0.02842095223260217,0.012778075411915779,0.0,0.009489901940389409,0.012778075426405263,0.02842095223260217,2.630274264428696e-05,HOLD,LOW,HIGH,Volatile,0.03265707368462988,9.225714547293526,0,0,2,ARIMA
2024-02-02,0.0014385456100573448,0.02570055887466283,0.010946692898869514,0.0,0.008813714551111447,0.0109466929362507,0.02570055887466283,0.0014385456100573448,HOLD,LOW,HIGH,Volatile,0.032619646168239314,8.996428353445875,0,0,2,ARIMA
2024-02-05,0.000584004245156038,0.02294474668489984,0.008867721073329449,0.0,0.007135608991816826,0.008867721122991425,0.02294474668489984,0.000584004245156038,HOLD,LOW,HIGH,Volatile,0.03300506623068582,9.109999520438055,0,0,2,ARIMA
2024-02-06,-0.0004093060012437023,0.035602232038600364,0.007955094799399376,0.0,0.007591980104226184,0.007955094882757594,0.035602232038600364,-0.0004093060012437023,HOLD,LOW,HIGH,Volatile,0.033473378619286745,9.215713500976571,0,0,2,ARIMA
2024-02-07,0.0021025674824419246,0.03002894019783991,0.007491241209208965,0.0,0.007744919278852152,0.00749124135034837,0.03002894019783991,0.0021025674824419246,HOLD,LOW,HIGH,Volatile,0.03388736303141724,9.10142844063896,0,0,2,ARIMA
2024-02-08,0.0010843671565188037,0.026466088734620547,0.007173648104071617,0.0,0.006823189140666862,0.007173648216412299,0.026466088734620547,0.0010843671565188037,HOLD,LOW,HIGH,Volatile,0.034207929519471506,9.130713326590408,0,0,2,ARIMA
2024-02-09,0.0011108252359290556,0.02560688594982341,0.006934184581041336,0.0,0.006622013277811709,0.006934184699156187,0.02560688594982341,0.0011108252359290556,HOLD,LOW,HIGH,Volatile,0.03460321638587427,8.63857051304409,0,0,2,ARIMA
2024-02-12,0.0015138565994275298,0.022165624333537602,0.006626901216804981,0.0,0.0062644596897297004,0.006626901347959627,0.022165624333537602,0.0015138565994275298,HOLD,LOW,HIGH,Volatile,0.034263464438653864,8.60642787388393,0,0,2,ARIMA
2024-02-13,-0.00040021050110298855,0.02330048911927828,0.00707204919308424,0.0,0.005873836313192447,0.0070720492652641305,0.02330048911927828,-0.00040021050110298855,HOLD,LOW,HIGH,Volatile,0.034283156672203385,8.610714503696986,0,0,2,ARIMA
2024-02-14,0.0003876323324944006,0.026649284540899508,0.0074625881388783455,0.0,0.006722306845704232,0.007462588228068026,0.026649284540899508,0.0003876323324944006,HOLD,LOW,HIGH,Volatile,0.034993845156339416,7.022856576102122,0,0,2,ARIMA
2024-02-15,0.0019948544629545526,0.017351811307085924,0.0059197451919317245,0.0,0.005590373991262486,0.0059197453591281765,0.017351811307085924,0.0019948544629545526,HOLD,LOW,HIGH,Volatile,0.037936840813090206,7.557856968470982,0,0,2,ARIMA
2024-02-16,0.002645120250900088,0.015163412264587277,0.004109576810151339,0.0,0.004687023265898958,0.004109577401617274,0.015163412264587277,0.002645120250900088,HOLD,LOW,HIGH,Volatile,0.037923907530221415,7.382143293108259,0,0,2,ARIMA
2024-02-20,-9.282779542372924e-05,0.025020286595471678,0.0025235721841454506,0.0,0.003838738497344243,0.0025235725216110937,0.025020286595471678,-9.282779542372924e-05,HOLD,LOW,HIGH,Volatile,0.03835625942006805,7.744285583496094,0,0,2,ARIMA
2024-02-21,-0.0002859547234727337,0.030351846267737424,0.0017240603920072317,0.0,0.0039048690599120216,0.0017240608540927405,0.030351846267737424,-0.0002859547234727337,HOLD,LOW,HIGH,Volatile,0.03839085699595866,7.699286324637275,0,0,2,ARIMA
2024-02-22,0.0014036801371988738,0.023779754428948145,0.0011529311304911971,0.0,0.003583709125620406,0.0014036840490072504,0.023779754428948145,0.0014036801371988738,HOLD,LOW,HIGH,Volatile,0.038570613190955214,7.79642922537667,0,0,2,ARIMA
2024-02-23,0.00120253292671189,0.017065229285302217,0.00040575856110081077,0.0,0.002430794069924552,0.0012025341155969386,0.017065229285302217,0.00120253292671189,HOLD,LOW,HIGH,Volatile,0.025492241445184933,7.740001133510039,0,0,2,ARIMA
2024-02-26,-0.0003945815274499424,0.027011713087638136,0.00022656586952507496,0.0,0.0027511795590218096,0.00022656743695059618,0.027011713087638136,-0.0003945815274499424,HOLD,LOW,HIGH,Volatile,0.02670053013147165,7.519286019461494,0,0,2,ARIMA
2024-02-27,0.0025607542946213158,0.011587927012357913,-2.8592068701982498e-05,0.0,0.0021652674648148804,0.002560754569768993,0.011587927012357913,0.0025607542946213158,HOLD,LOW,HIGH,Volatile,0.02525428343682786,7.373572213309141,0,0,2,ARIMA
2024-02-28,0.00033127107842618786,0.01613402142326542,-1.5812693163752556e-06,0.0,0.0017910665830886234,0.0003312740015455117,0.01613402142326542,0.00033127107842618786,HOLD,LOW,HIGH,Volatile,0.02533836003478608,7.355715070451999,0,0,2,ARIMA
2024-02-29,0.0012142012431522599,0.014515619139415277,6.225320976227522e-05,0.0,0.001996222994710514,0.001214202034573809,0.014515619139415277,0.0012142012431522599,HOLD,LOW,MEDIUM,Volatile,0.024648729131742885,7.412144252232133,0,0,1,ARIMA
2024-03-01,0.0006107800646325114,0.0055405002431378105,0.0005856365896761417,0.0,0.001106490216297939,0.0006108167034039052,0.0055405002431378105,0.0006107800646325114,HOLD,LOW,MEDIUM,Volatile,0.02462503078881016,7.510716029575879,0,0,1,ARIMA
2024-03-04,0.000950378853865164,0.005312998458988936,0.0008241835748776793,0.0,0.0013358017506310584,0.0009503864253629275,0.005312998458988936,0.000950378853865164,HOLD,LOW,HIGH,Volatile,0.030136702534344636,8.115716116768962,0,0,2,ARIMA
2024-03-05,-0.0019542235838405503,0.011129099163919303,0.002195504028350115,0.0,0.001521936528719606,0.0021955041573017402,0.011129099163919303,-0.0019542235838405503,HOLD,LOW,HIGH,Volatile,0.030337825173895404,8.44071524483816,0,0,2,ARIMA
2024-03-06,0.0003411562198321433,0.012118778572694562,0.002856096252799034,0.0,0.0028449248389792532,0.0028560965421701007,0.012118778572694562,0.0003411562198321433,HOLD,LOW,HIGH,Volatile,0.030297804572999187,8.607858930315277,0,0,2,ARIMA
2024-03-07,0.00044773068832553467,0.018467981254513443,0.0031748744659125805,0.0,0.0037042801953926876,0.003174874766947488,0.018467981254513443,0.00044773068832553467,HOLD,LOW,HIGH,Volatile,0.030260574564535948,8.191430228097087,0,0,2,ARIMA
2024-03-08,0.00153443200073695,0.007665738994919881,0.0028593437746167183,0.0,0.0028458922691625673,0.002859344320276818,0.007665738994919881,0.00153443200073695,HOLD,LOW,HIGH,Volatile,0.030307866171526414,8.352858407156797,0,0,2,ARIMA
2024-03-11,-5.036467039654189e-05,0.011848820005889554,0.0028221106622368097,0.0,0.002649150564588214,0.002822110899368592,0.011848820005889554,-5.036467039654189e-05,HOLD,LOW,HIGH,Volatile,0.0300398929001061,8.156429835728224,0,0,2,ARIMA
2024-03-12,0.0015578521722582111,0.0065395948175954975,0.0024294559843838215,0.0,0.002518432952905666,0.0024294568858852714,0.0065395948175954975,0.0015578521722582111,HOLD,LOW,HIGH,Volatile,0.029495111069151137,8.122857230050212,0,0,2,ARIMA
2024-03-13,0.0005548175070480084,0.01046692746509001,0.001649998826906085,0.0,0.002138622668770981,0.0016499996249400902,0.01046692746509001,0.0005548175070480084,HOLD,LOW,HIGH,Volatile,0.03080419831451512,8.224999564034588,0,0,2,ARIMA
2024-03-14,-0.0017130352482419035,0.018733340549382593,0.0013766895281150937,0.0,0.0019796056370920325,0.0013766897939509908,0.018733340549382593,-0.0017130352482419035,HOLD,LOW,HIGH,Volatile,0.031106953510112407,8.55285644531249,0,0,2,ARIMA
2024-03-15,-0.0014879325707512102,0.005851246715289988,0.0017440487863495946,0.0,0.000925346771421236,0.001744048852209483,0.005851246715289988,-0.0014879325707512102,HOLD,LOW,HIGH,Volatile,0.026986100032222623,8.16785648890903,0,0,2,ARIMA
2024-03-18,-0.00010156070845961909,0.0013663368158360748,0.001379077904857695,0.0,0.0008085768028127123,0.0013662696554629006,0.0013663368158360748,-0.00010156070845961909,HOLD,LOW,HIGH,Volatile,0.03128426615653646,8.439998081752227,0,0,2,ARIMA
2024-03-19,0.0013876677585009248,0.01278058470980347,0.0006874884711578488,0.0,0.002204282962757229,0.0013876690948803705,0.01278058470980347,0.0013876677585009248,HOLD,LOW,HIGH,Volatile,0.030811641286369876,8.405712672642295,0,0,2,ARIMA
2024-03-20,-0.0015059400122097591,0.01047872095815269,-8.975458331406116e-05,0.0,0.00045617418201838057,-8.975397279073378e-05,0.01047872095815269,-0.0015059400122097591,HOLD,LOW,HIGH,Volatile,0.031506815932762874,8.305712018694193,0,0,2,ARIMA
2024-03-21,0.001455074125192398,0.006511168748132521,-0.0008967171888798475,0.0,0.0007716213322180301,0.0014550743523360115,0.006511168748132521,0.001455074125192398,HOLD,LOW,HIGH,Volatile,0.03128281306783705,8.331425258091516,0,0,2,ARIMA
2024-03-22,-0.0013603576042310545,0.010390088864508117,-0.0012395407538861036,0.0,-8.616868755641758e-05,-0.0012395326976477202,0.010390088864508117,-0.0013603576042310545,HOLD,LOW,HIGH,Volatile,0.030908388483720805,7.659997122628346,0,0,2,ARIMA
2024-03-25,0.00021586732625636644,0.00429683567074734,-0.0017304650973528624,0.0,-0.00036042644625668423,0.00021586759459598439,0.00429683567074734,0.00021586732625636644,HOLD,LOW,HIGH,Volatile,0.029433746722656418,7.369998386928011,0,0,2,ARIMA
2024-03-26,0.00014581500564880324,0.0014481802824535758,-0.002138975076377392,0.0,-0.0008905738318115936,0.0001458146762864659,0.0014481802824535758,0.00014581500564880324,HOLD,LOW,HIGH,Volatile,0.030470172918819635,7.637140546526226,0,0,2,ARIMA
2024-03-27,0.0010469037330276482,0.00424586242426835,-0.0023582952562719584,0.0,-0.00036792588090035295,0.0010469037141174536,0.00424586242426835,0.0010469037330276482,HOLD,LOW,HIGH,Volatile,0.030487976920329028,7.606426783970418,0,0,2,ARIMA
2024-03-28,0.00028489460754711423,0.0015582568616556685,-0.002639194717630744,0.0,-0.0010820706566038066,0.0002848941652091134,0.0015582568616556685,0.00028489460754711423,HOLD,LOW,HIGH,Volatile,0.03069120403329666,7.35642678397042,0,0,2,ARIMA
2024-04-01,-0.00046045560581946504,-0.0033936133297584607,-0.0026656119152903557,0.0,-0.0018930135657814124,-0.0026656109985011,-0.0033936133297584607,-0.00046045560581946504,HOLD,LOW,HIGH,Volatile,0.030602789899883028,7.247141156877786,0,0,2,ARIMA
2024-04-02,0.00046635177110839886,0.0067065294690390135,-0.002561710076406598,0.0,-0.0004414691645522867,0.0004663519409341728,0.0067065294690390135,0.00046635177110839886,HOLD,LOW,HIGH,Volatile,0.02821758309299167,7.5878568376813575,0,0,2,ARIMA
2024-04-03,-0.0018006473824441404,0.0031487036580967963,-0.0022931748535484076,0.0,-0.0015424048203964871,-0.0018006455622761196,0.0031487036580967963,-0.0018006473824441404,HOLD,LOW,HIGH,Volatile,0.027254682650127923,7.384286063058032,0,0,2,ARIMA
2024-04-04,0.0012270829095675662,-0.001734137859001584,-0.0021056849509477615,0.0,-0.0007861712905769119,-0.0017341355194314646,-0.001734137859001584,0.0012270829095675662,HOLD,LOW,HIGH,Volatile,0.027165649157916208,7.278572082519527,0,0,2,ARIMA
2024-04-05,-1.168588797447335e-05,0.0150705213296866,-0.001650027697905898,0.0,0.0007048242792517121,-1.1685344639914767e-05,0.0150705213296866,-1.168588797447335e-05,HOLD,LOW,HIGH,Volatile,0.028074142529035177,7.720001220703121,0,0,2,ARIMA
2024-04-08,-0.0011283424567642966,0.010297162467597236,-0.0007190564647316933,0.0,0.00026013746334977773,-0.0007190541240917972,0.010297162467597236,-0.0011283424567642966,HOLD,LOW,HIGH,Volatile,0.030109564046826732,7.609287806919639,0,0,2,ARIMA
2024-04-09,0.0023330965884903127,-0.0002592638153892493,-0.00044641271233558655,0.0,0.0006413933067835429,-0.0002592589139904776,-0.0002592638153892493,0.0023330965884903127,HOLD,LOW,HIGH,Volatile,0.03038412698368463,7.675001961844304,0,0,2,ARIMA
2024-04-10,6.651754628447207e-05,0.0024356566862942593,-0.0005803251406177878,0.0,-2.0510466654580407e-05,6.651866575260668e-05,0.0024356566862942593,6.651754628447207e-05,HOLD,LOW,HIGH,Volatile,0.03107572884460913,7.777860369001112,0,0,2,ARIMA
2024-04-11,-0.0004080324404942972,-0.003118343433370583,-0.0005234517157077789,0.0,-0.0007467944764912144,-0.0005234598471479977,-0.003118343433370583,-0.0004080324404942972,HOLD,LOW,HIGH,Volatile,0.02944139649886771,7.848576136997764,0,0,2,ARIMA
2024-04-12,0.0018142408031991413,-0.006613866683984644,-0.0005793484160676599,0.0,-0.0002817804126129847,-0.0005793486678431075,-0.006613866683984644,0.0018142408031991413,HOLD,LOW,HIGH,Volatile,0.028130449230302744,7.685719081333701,0,0,2,ARIMA
2024-04-15,-0.00024687454798579813,-0.0019849312847536587,-0.0006914264522492886,0.0,-0.0006539814619637354,-0.0006914279197333004,-0.0019849312847536587,-0.00024687454798579813,HOLD,LOW,HIGH,Volatile,0.03114490017937344,7.911432538713724,0,0,2,ARIMA
2024-04-16,-0.0009989570096757636,0.00013229138154507652,0.0002906706649810076,0.0,-0.0002214274103611724,0.00013228602871542355,0.00013229138154507652,-0.0009989570096757636,HOLD,LOW,HIGH,Volatile,0.028098761353153714,7.633575439453121,0,0,2,ARIMA
2024-04-17,0.0006325319082257912,-0.0036658123541603114,0.0005280009936541319,0.0,0.00013551349947999597,0.0005279918450199374,-0.0036658123541603114,0.0006325319082257912,HOLD,LOW,HIGH,Volatile,0.028045730247317203,7.536432538713727,0,0,2,ARIMA
2024-04-18,0.0007694677873490356,0.006185775283109453,0.0005549922352656722,0.0,0.0012183627183317753,0.0007694722222526285,0.006185775283109453,0.0007694677873490356,HOLD,LOW,HIGH,Volatile,0.027951377079149794,7.695004054478237,0,0,2,ARIMA
2024-04-19,-0.0003926593080413721,0.0019755940037541973,0.0003756120568141341,0.0,0.00024534185192397434,0.0003756127308316897,0.0019755940037541973,-0.0003926593080413721,HOLD,LOW,HIGH,Volatile,0.028008749349539654,7.565004621233259,0,0,2,ARIMA
2024-04-22,0.0006091943314003237,0.003257617656443713,0.00032817921601235867,0.0,0.0007384339845273463,0.0006091974874864945,0.003257617656443713,0.0006091943314003237,HOLD,LOW,HIGH,Volatile,0.028626286266906213,7.312146868024554,0,0,2,ARIMA
2024-04-23,-0.00021286849595667878,0.002778301603501518,0.00018916756380349398,0.0,0.0003017351793672435,0.00018916965290069636,0.002778301603501518,-0.00021286849595667878,HOLD,LOW,HIGH,Volatile,0.02896321194443375,7.355717250279018,0,0,2,ARIMA
2024-04-24,0.0019521103186712655,0.004529798938970656,-8.96095298230648e-06,0.0,0.0012131724322631782,0.001952110440433461,0.004529798938970656,0.0019521103186712655,HOLD,LOW,HIGH,Volatile,0.03921508637444563,8.363574436732701,0,0,2,ARIMA
2024-04-25,0.0046046923342664,0.016120441916149742,-5.764595698565245e-05,0.0,0.0034037246341288145,0.004604692461836569,0.016120441916149742,0.0046046923342664,HOLD,LOW,HIGH,Volatile,0.04083830734381366,8.500717163085938,0,0,2,ARIMA
2024-04-26,0.0008080185610682571,-0.012891048191985555,-0.00048610661178827286,0.0,-0.0012684239770317813,-0.0004861073027186956,-0.012891048191985555,0.0008080185610682571,HOLD,LOW,HIGH,Volatile,0.040622181068338016,8.225716727120536,0,0,2,ARIMA
2024-04-29,-0.00031698211453267853,0.0020044491378634084,-0.000769277336075902,0.0,-0.00030924376140092355,-0.0003169803437171354,0.0020044491378634084,-0.00031698211453267853,HOLD,LOW,HIGH,Volatile,0.051911940983291036,9.888573782784599,0,0,2,ARIMA
2024-04-30,0.006118936144065408,0.011044242361120228,-0.0007534470641985536,0.0,0.003105587260466992,0.0061189360865823526,0.011044242361120228,0.006118936144065408,HOLD,LOW,HIGH,Volatile,0.052316521927248234,10.198573521205356,0,0,2,ARIMA
2024-05-01,-0.0034831574687552457,-0.01419160511270792,-0.00044505030382424593,0.0,-0.0030311758260903304,-0.0034831577043242467,-0.01419160511270792,-0.0034831574687552457,HOLD,LOW,HIGH,Volatile,0.052542481029144,10.161430358886719,0,0,2,ARIMA
2024-05-02,0.0010550964741722724,0.014998438538103311,7.494678720831871e-05,0.0,0.0019913762851267764,0.0010550974206385477,0.014998438538103311,0.0010550964741722724,HOLD,LOW,HIGH,Volatile,0.05245981852978304,10.471430097307476,0,0,2,ARIMA
2024-05-03,0.0009977784710873624,-0.010314017459199814,0.0005096790264360607,0.0,-0.0004193551248693826,0.0005096770784062726,-0.010314017459199814,0.0009977784710873624,HOLD,LOW,HIGH,Volatile,0.051631041212345394,10.235001700265064,0,0,2,ARIMA
2024-05-06,0.0009998215100525888,0.008203823549964991,0.0005452361074276268,0.0,0.0015101159507982821,0.0009998235614507708,0.008203823549964991,0.0009998215100525888,HOLD,LOW,HIGH,Volatile,0.050767059583171584,10.137858799525663,0,0,2,ARIMA
2024-05-07,0.0013770201179095082,0.004471687519147206,0.0002481810515746474,0.0,0.0011178636428510749,0.0013770206792809933,0.004471687519147206,0.0013770201179095082,HOLD,LOW,HIGH,Volatile,0.05137952708773015,10.338572910853793,0,0,2,ARIMA
2024-05-08,-0.0009187472988335129,-0.0015786102094184635,0.00023331050761044025,0.0,-0.00039649710339721353,-0.0009187466544534923,-0.0015786102094184635,-0.0009187472988335129,HOLD,LOW,HIGH,Volatile,0.05108742213073676,10.403573172433033,0,0,2,ARIMA
2024-05-09,0.0007226063434372623,0.011406609154720365,1.5895231626927853e-05,0.0,0.0014627366533196363,0.00072260766086924,0.011406609154720365,0.0007226063434372623,HOLD,LOW,HIGH,Volatile,0.05108011791417281,10.370001656668524,0,0,2,ARIMA
2024-05-10,0.00041202085280715576,-0.005011049873527827,-0.00016355805564671755,0.0,-0.0004424047402940164,-0.00016355958080524997,-0.005011049873527827,0.00041202085280715576,HOLD,LOW,HIGH,Volatile,0.051080538052672105,10.160001482282365,0,0,2,ARIMA
2024-05-13,0.0002347053950737635,-0.001710110624726207,-0.0001758240396156907,0.0,-0.00017629915181106105,-0.00017582581276772013,-0.001710110624726207,0.0002347053950737635,HOLD,LOW,HIGH,Volatile,0.04946059460080764,10.21571568080357,0,0,2,ARIMA
2024-05-14,0.0017764623380147181,0.0036975604193623017,-0.0003568726824596524,0.0,0.0008815148008924491,0.0017764622863310152,0.0036975604193623017,0.0017764623380147181,HOLD,LOW,HIGH,Volatile,0.049324267333068654,9.095001220703123,0,0,2,ARIMA
2024-05-15,0.0016260336103286225,-0.0008286653319600009,-0.0008350210264325142,0.0,0.00011171251237650681,-0.0008285460543383181,-0.0008286653319600009,0.0016260336103286225,HOLD,LOW,HIGH,Volatile,0.049542839852701595,8.692858014787944,0,0,2,ARIMA
2024-05-16,-0.00044199618728926813,-0.0009106025063172783,-0.000849805073812604,0.0,-0.0006993077194080654,-0.0008497915892325289,-0.0009106025063172783,-0.00044199618728926813,HOLD,LOW,HIGH,Volatile,0.04856109940037309,8.59357234409877,0,0,2,ARIMA
2024-05-17,0.0012407332666363722,0.002923620509446618,-0.001214183634147048,0.0,0.0001564275529218923,0.001240733080138973,0.002923620509446618,0.0012407332666363722,HOLD,LOW,HIGH,Volatile,0.048158187684713555,6.900715419224328,0,0,2,ARIMA
2024-05-20,0.0012077349633477482,-0.00039358138801482106,-0.001330869970843196,0.0,-0.0002582812219980048,-0.00039358094708622616,-0.00039358138801482106,0.0012077349633477482,HOLD,LOW,HIGH,Volatile,0.0473886610845111,6.402143205915179,0,0,2,ARIMA
2024-05-21,2.4354582608576377e-05,-0.0017151534429226893,-0.001377950655296445,0.0,-0.0008736657793483029,-0.0013779484192986697,-0.0017151534429226893,2.4354582608576377e-05,HOLD,LOW,HIGH,Volatile,0.04889317211272752,6.7821426391601545,0,0,2,ARIMA
2024-05-22,0.0033072558177042097,0.002831597458081302,-0.0015607685782015324,0.0,0.000763751490796273,0.0028315955920979966,0.002831597458081302,0.0033072558177042097,HOLD,LOW,HIGH,Volatile,0.04376380374079133,6.7750004359654,0,0,2,ARIMA
2024-05-23,-0.001481799945499566,-0.005304507020578049,-0.0014847118873149157,0.0,-0.0018776766552801346,-0.001484915221962768,-0.005304507020578049,-0.001481799945499566,HOLD,LOW,HIGH,Volatile,0.04344997632932791,6.937857491629464,0,0,2,ARIMA
2024-05-24,-1.612770765099976e-07,-0.00901194710491291,-0.0005301616620272398,0.0,-0.0012014758115855807,-0.0005301634238536075,-0.00901194710491291,-1.612770765099976e-07,HOLD,LOW,HIGH,Volatile,0.04385348580197809,6.93642970493862,0,0,2,ARIMA
2024-05-28,0.002384399026998044,0.008393638692195863,-0.0002944252919405699,0.0,0.001631705750254858,0.0023843992336626137,0.008393638692195863,0.002384399026998044,HOLD,LOW,HIGH,Volatile,0.029210956862388032,6.845001220703125,0,0,2,ARIMA
2024-05-29,-0.00022381075060436345,0.006649096425852538,-0.00041360314935445786,0.0,0.00038800793947403383,-0.00022380568208605543,0.006649096425852538,-0.00022381075060436345,HOLD,LOW,HIGH,Volatile,0.02647744604868174,6.599286760602679,0,0,2,ARIMA
2024-05-30,0.0008628226862112799,0.0016032783900607867,-0.0005224855849519372,0.0,0.00022936696739983705,0.0008628220601492986,0.0016032783900607867,0.0008628226862112799,HOLD,LOW,HIGH,Volatile,0.026439721139207513,6.816429138183594,0,0,2,ARIMA
2024-05-31,0.0013202577807013619,0.0032358084777109443,-0.0004988695727661252,0.0,0.0005857415142914761,0.0013202578083131885,0.0032358084777109443,0.0013202577807013619,HOLD,LOW,HIGH,Volatile,0.02645190857703826,6.901429312569754,0,0,2,ARIMA
2024-06-03,0.0003951934378582091,0.0016272509125080583,-0.0005255630239844322,0.0,5.0497387440620535e-05,0.0003951937112329806,0.0016272509125080583,0.0003951934378582091,HOLD,LOW,HIGH,Volatile,0.026479351425536497,6.988572256905692,0,0,2,ARIMA
2024-06-04,0.00045301610266852265,0.002662081136394,-9.102281183004379e-05,0.0,0.00040215123975377446,0.0004530174817702396,0.002662081136394,0.00045301610266852265,HOLD,LOW,HIGH,Volatile,0.026055954226351038,6.714285714285714,0,0,2,ARIMA
2024-06-05,0.000583242876665893,0.0005622978497240037,4.684086889028549e-05,0.0,0.0003062235005126137,0.000562256196314906,0.0005622978497240037,0.000583242876665893,HOLD,LOW,MEDIUM,Volatile,0.024679804105449073,6.509284973144531,0,0,1,ARIMA
2024-06-06,0.0009229922460425422,0.004900504678539924,-0.00017291877884417772,0.0,0.0007717906515741815,0.0009229929055762478,0.004900504678539924,0.0009229922460425422,HOLD,LOW,MEDIUM,Volatile,0.02464379383910038,6.697856358119419,0,0,1,ARIMA
2024-06-07,0.0013352084928481857,0.0006307039703377782,-0.0005606827326118946,0.0,0.00029104925100138833,0.0006307033928693377,0.0006307039703377782,0.0013352084928481857,HOLD,LOW,MEDIUM,Volatile,0.024345075171381642,6.475713457380023,0,0,1,ARIMA
2024-06-10,0.0004138316621604906,-0.0009334154256651731,-0.0009753941558301449,0.0,-0.00043701751489622114,-0.0009333934281840252,-0.0009334154256651731,0.0004138316621604906,HOLD,LOW,MEDIUM,Volatile,0.024366710136487404,6.559285845075335,0,0,1,ARIMA
2024-06-11,7.388473336457206e-05,-0.002249030193394357,-0.000929276691749692,0.0,-0.0006797992569758962,-0.0009292769300442285,-0.002249030193394357,7.388473336457206e-05,HOLD,LOW,MEDIUM,Volatile,0.024336631604961616,6.214285714285714,0,0,1,ARIMA
2024-06-12,0.00044722817662451545,-0.0015104784177322056,-0.0006312731420621276,0.0,-0.0003073826807644039,-0.0006312729327488674,-0.0015104784177322056,0.00044722817662451545,HOLD,LOW,MEDIUM,Volatile,0.024771236263455895,6.37642778669085,0,0,1,ARIMA
2024-06-13,0.002369508572539023,0.0033502955521236503,-0.0006695883348584175,0.0,0.0009134274350110045,0.0023695078838530136,0.0033502955521236503,0.002369508572539023,HOLD,LOW,HIGH,Volatile,0.025094229955999723,6.744285583496094,0,0,2,ARIMA
2024-06-14,0.0011722925497357278,0.0029702970736266566,-0.0006856423569843173,0.0,0.0004057637380206643,0.0011722925318347877,0.0029702970736266566,0.0011722925497357278,HOLD,LOW,HIGH,Volatile,0.025803297645432006,6.9392852783203125,0,0,2,ARIMA
2024-06-17,-0.0005307264862592665,-0.0033401738329291884,-0.0003830990754067898,0.0,-0.0007449281948807458,-0.000530732813853046,-0.0033401738329291884,-0.0005307264862592665,HOLD,LOW,HIGH,Volatile,0.028060230250131064,7.348570687430241,0,0,2,ARIMA
2024-06-18,0.0029665579909138734,-0.002858157087993923,-0.0007569295121356845,0.0,0.00045767095107894897,-0.000756929305097182,-0.002858157087993923,0.0029665579909138734,HOLD,LOW,HIGH,Volatile,0.028048095939685633,7.409285409109929,0,0,2,ARIMA
2024-06-20,-0.0005429104356480765,0.002895263593433895,-0.0013298552948981524,0.0,-0.0005914372125630507,-0.0005429094588149797,0.002895263593433895,-0.0005429104356480765,HOLD,LOW,MEDIUM,Volatile,0.024309557442524495,7.2850003923688575,0,0,1,ARIMA
2024-06-21,0.00037832967660164456,0.01022381259172466,-0.0015463598538190126,0.0,0.00040784476782243837,0.0003783300940778566,0.01022381259172466,0.00037832967660164456,HOLD,LOW,MEDIUM,Volatile,0.023012570817675743,7.053571428571424,0,0,1,ARIMA
2024-06-24,0.0013033423751780183,0.007051563117353808,-0.0019446494989097118,0.0,0.0002320721155862804,0.0013033425089647352,0.007051563117353808,0.0013033423751780183,HOLD,LOW,MEDIUM,Volatile,0.02134992646861052,6.917857578822541,0,0,1,ARIMA
2024-06-25,0.0005489136413512651,0.005943914845732232,-0.0019295199308544397,0.0,-0.00016446745826953176,0.0005489138592185236,0.005943914845732232,0.0005489136413512651,HOLD,LOW,MEDIUM,Volatile,0.02100078556029521,7.075001307896197,0,0,1,ARIMA
2024-06-26,0.0017088888841835142,0.0036299594531621687,-0.002194476779550314,0.0,-9.304535934859313e-05,0.00170888862023973,0.0036299594531621687,0.0017088888841835142,HOLD,LOW,MEDIUM,Volatile,0.022871360510108664,7.6021445138113775,0,0,1,ARIMA
2024-06-27,0.002007457238075787,-0.002428551585856086,-0.00238635647110641,0.0,-0.0007016412489289888,-0.0023863340715450237,-0.002428551585856086,0.002007457238075787,HOLD,LOW,MEDIUM,Volatile,0.0227851466756908,7.435715811593186,0,0,1,ARIMA
2024-06-28,0.00023245177401406156,0.000283791633355494,-0.0025410351809114218,0.0,-0.0011834178623484188,0.0002324333864810132,0.000283791633355494,0.00023245177401406156,HOLD,LOW,MEDIUM,Volatile,0.022696525066242697,7.733572823660704,0,0,1,ARIMA
2024-07-01,0.0007823850603838999,0.000615030707384624,-0.0022248250897973776,0.0,-0.0007758094519178106,0.0006150251544769849,0.000615030707384624,0.0007823850603838999,HOLD,LOW,HIGH,Volatile,0.025539581344498317,8.444285801478783,0,0,2,ARIMA
2024-07-02,0.002783596666452357,0.005391473807274052,-0.0019745766185224056,0.0,0.0006145063577194403,0.00278359649336893,0.005391473807274052,0.002783596666452357,HOLD,LOW,HIGH,Volatile,0.03194142600588052,9.45142909458704,0,0,2,ARIMA
2024-07-03,0.0032542394861894575,-0.023548013362836396,-0.0020453420002013445,0.0,-0.0022264861876977867,-0.002045342142322783,-0.023548013362836396,0.0032542394861894575,HOLD,LOW,HIGH,Volatile,0.03333364863662571,9.904287065778439,0,0,2,ARIMA
2024-07-05,0.001506742441150797,-0.023776250795896313,-0.0018905261531472206,0.0,-0.0028424760451686523,-0.0018905264016404457,-0.023776250795896313,0.001506742441150797,HOLD,LOW,HIGH,Volatile,0.03312913378813508,9.627142769949756,0,0,2,ARIMA
2024-07-08,0.0005445364801587345,-0.007541671426306716,-0.0016467003151774406,0.0,-0.0014125236343630132,-0.0016467006015460006,-0.007541671426306716,0.0005445364801587345,HOLD,LOW,HIGH,Volatile,0.033246616878160044,10.040713718959243,0,0,2,ARIMA
2024-07-09,0.0006610067396673317,-0.007203872310637306,-0.0010162810795009136,0.0,-0.0010098658027133836,-0.0010162815134299318,-0.007203872310637306,0.0006610067396673317,HOLD,LOW,HIGH,Volatile,0.03314572042653567,10.290712629045743,0,0,2,ARIMA
2024-07-10,0.002229180522980123,-0.01467573491424147,-0.0005721480119973421,0.0,-0.0009503141674296728,-0.0005721482978222574,-0.01467573491424147,0.002229180522980123,HOLD,LOW,HIGH,Volatile,0.03199987385961414,10.623570033482126,0,0,2,ARIMA
2024-07-11,0.000517160600511694,-0.00432937523895411,-0.0003450460499152541,0.0,-0.00042465582596290356,-0.00034504695618880766,-0.00432937523895411,0.000517160600511694,HOLD,LOW,HIGH,Volatile,0.03945157558388411,12.466427394321968,0,0,2,ARIMA
2024-07-12,-0.0025324324895192036,-0.01886814530803098,0.002853037789463997,0.0,-0.0014581941685271676,-0.002532432613927,-0.01886814530803098,-0.0025324324895192036,HOLD,LOW,HIGH,Volatile,0.039257403811430586,13.5728563581194,0,0,2,ARIMA
2024-07-15,0.003290739124254945,0.006476364933965553,0.0038629313930869102,0.0,0.0039125945672447765,0.0038629327523189414,0.006476364933965553,0.003290739124254945,HOLD,LOW,HIGH,Volatile,0.03915743366328073,14.3671428135463,0,0,2,ARIMA
2024-07-16,0.0011107470778618776,-0.021802925264569527,0.004218311049044132,0.0,0.0003391192100972661,0.0011107467999116349,-0.021802925264569527,0.0011107470778618776,HOLD,LOW,HIGH,Volatile,0.03795477806911782,14.85714176722934,0,0,2,ARIMA
2024-07-17,0.0012674552891493642,-0.005260716283588496,0.0035856780596077442,0.0,0.0017818345745265595,0.001267455011291581,-0.005260716283588496,0.0012674552891493642,HOLD,LOW,HIGH,Volatile,0.038682017389662655,14.92071424211773,0,0,2,ARIMA
2024-07-18,-0.0005446529684367717,-0.0066608034344677,0.0032005258835852146,0.0,0.0007434226473914848,-0.0005446530718561202,-0.0066608034344677,-0.0005446529684367717,HOLD,LOW,HIGH,Volatile,0.038222705596688215,15.297144208635588,0,0,2,ARIMA
2024-07-19,0.0014747080829866253,-0.008363426133962062,0.002613863442093134,0.0,0.0010434344899315337,0.0014747073083063152,-0.008363426133962062,0.0014747080829866253,HOLD,LOW,HIGH,Volatile,0.03959486688830758,15.6307155064174,0,0,2,ARIMA
2024-07-22,-0.0007444514677282938,-0.010123887580538561,0.0024039160925894976,0.0,-9.885844497361542e-05,-0.0007444516785580914,-0.010123887580538561,-0.0007444514677282938,HOLD,LOW,HIGH,Volatile,0.04038515335286946,15.535002572195863,0,0,2,ARIMA
2024-07-23,0.00342519328904345,0.00634384439945013,0.0015908604254946113,0.0,0.0027863743420926002,0.0034251934912176625,0.00634384439945013,0.00342519328904345,HOLD,LOW,HIGH,Volatile,0.04102062636469456,14.727144513811382,0,0,2,ARIMA
2024-07-24,-0.000633321678509849,-0.014567286716532027,0.0011856183409690857,0.0,-0.0011388283488179105,-0.000633322155919994,-0.014567286716532027,-0.000633321678509849,HOLD,LOW,HIGH,Volatile,0.052372491031581904,15.768572126116075,0,0,2,ARIMA
2024-07-25,-0.003849328510763164,-0.010367189513098927,0.001719703315757215,0.0,-0.001668133897302184,-0.0038493285368856236,-0.010367189513098927,-0.003849328510763164,HOLD,LOW,HIGH,Volatile,0.05162534608761253,15.775715419224332,0,0,2,ARIMA
2024-07-26,0.003513625529650099,0.005010144887065744,0.0021251270081847906,0.0,0.0029565373681848866,0.003513625581491277,0.005010144887065744,0.003513625529650099,HOLD,LOW,HIGH,Volatile,0.05165474715984203,15.210001264299667,0,0,2,ARIMA
2024-07-29,0.0004736551229389243,0.01228843678618127,0.002050393959507346,0.0,0.002500512446182568,0.002050394495268527,0.01228843678618127,0.0004736551229389243,HOLD,LOW,HIGH,Volatile,0.05279548534627677,15.150002615792411,0,0,2,ARIMA
2024-07-30,0.00305249603181183,0.005604973533363974,0.001680564135313034,0.0,0.002612838869300195,0.003052496368180552,0.005604973533363974,0.00305249603181183,HOLD,LOW,HIGH,Volatile,0.05248650362691443,15.341430664062496,0,0,2,ARIMA
2024-07-31,-0.0014886227872390424,-0.007124167313502893,0.0018736026249825954,0.0,-0.00034719327661551693,-0.0014886229071021005,-0.007124167313502893,-0.0014886227872390424,HOLD,LOW,HIGH,Volatile,0.048566248211731694,13.963572910853793,0,0,2,ARIMA
2024-08-01,0.003126947770011572,0.012360356744034651,0.0015748959267511964,0.0,0.003284259644262868,0.0031269483052118775,0.012360356744034651,0.003126947770011572,HOLD,LOW,HIGH,Volatile,0.04843855932221578,13.891430446079797,0,0,2,ARIMA
2024-08-02,-0.0023349609528824076,-0.003724797047016995,0.0024130321107804775,0.0,-4.542311437803542e-05,-0.00233496044493355,-0.003724797047016995,-0.0023349609528824076,HOLD,LOW,HIGH,Volatile,0.04867177149484611,13.44214412144252,0,0,2,ARIMA
2024-08-05,0.00022477689138224362,0.004130181435993021,0.003166163107380271,0.0,0.002134893107416777,0.0031661624119477256,0.004130181435993021,0.00022477689138224362,HOLD,LOW,HIGH,Volatile,0.04909325412927312,14.360001700265064,0,0,2,ARIMA
2024-08-06,-0.00019122272182203368,0.015321855407201964,0.004209121689200401,0.0,0.0036640315559941785,0.004209121826381434,0.015321855407201964,-0.00019122272182203368,HOLD,LOW,HIGH,Volatile,0.04803450093535655,14.212857927594866,0,0,2,ARIMA
2024-08-07,0.0017097583477536618,0.009274014803001855,0.0044692642986774445,0.0,0.003904156879430189,0.0044692644527579576,0.009274014803001855,0.0017097583477536618,HOLD,LOW,HIGH,Volatile,0.048367031500045184,14.360714503696991,0,0,2,ARIMA
2024-08-08,-0.00096725464651409,0.012034060961149158,0.005008408799767494,0.0,0.0034360752018832686,0.005008408824761906,0.012034060961149158,-0.00096725464651409,HOLD,LOW,HIGH,Volatile,0.046537774522198934,14.09857177734375,0,0,2,ARIMA
2024-08-09,0.0027433186760464144,0.007086606650313948,0.004687958396971226,0.0,0.004187866596619884,0.004687958494122834,0.007086606650313948,0.0027433186760464144,HOLD,LOW,HIGH,Volatile,0.045788210668661095,13.509999956403458,0,0,2,ARIMA
2024-08-12,0.00046444938458068156,0.015570782482666664,0.0037877464201301336,0.0,0.003725848866630429,0.0037877466360017858,0.015570782482666664,0.00046444938458068156,HOLD,LOW,HIGH,Volatile,0.04529728482960968,13.167143685477114,0,0,2,ARIMA
2024-08-13,0.00028336362179240545,0.008548444555043992,0.0026302076876163483,0.0,0.0023386128133144938,0.0026302079444455377,0.008548444555043992,0.00028336362179240545,HOLD,LOW,HIGH,Volatile,0.047109284448474086,11.721430097307477,0,0,2,ARIMA
2024-08-14,0.002798609918616523,-0.0021192742792327034,0.001411845674738288,0.0,0.0015806432710748788,0.0014118452377095375,-0.0021192742792327034,0.002798609918616523,HOLD,LOW,HIGH,Volatile,0.04709997607994707,11.69857352120536,0,0,2,ARIMA
2024-08-15,-0.0010643043047147286,-0.003022937182631995,0.0006560069741681218,0.0,-0.00038486726325196027,-0.0010643043752904954,-0.003022937182631995,-0.0010643043047147286,HOLD,LOW,HIGH,Volatile,0.049722627311807356,12.237859453473774,0,0,2,ARIMA
2024-08-16,0.003467145061336825,-0.002462245940328201,-0.0002252162666991353,0.0,0.0009634081252871576,-0.0002252160907598557,-0.002462245940328201,0.003467145061336825,HOLD,LOW,HIGH,Volatile,0.04920873319020333,11.84714508056641,0,0,2,ARIMA
2024-08-19,0.00023066599454052265,-0.004955522919578745,-0.0009719766676425934,0.0,-0.0009206353672192184,-0.0009719772468577665,-0.004955522919578745,0.00023066599454052265,HOLD,LOW,HIGH,Volatile,0.04821602971514596,11.595716203962057,0,0,2,ARIMA
2024-08-20,0.0017746849196548361,0.003192219112299967,-0.001764786196872592,0.0,0.0001072650790209372,0.001774684497566847,0.003192219112299967,0.0017746849196548361,HOLD,LOW,HIGH,Volatile,0.04809664809433783,11.352859497070321,0,0,2,ARIMA
2024-08-21,0.0001043744833683464,-0.000771744667946443,-0.0019077640026807785,0.0,-0.0010170564768173362,-0.0007717449280246312,-0.000771744667946443,0.0001043744833683464,HOLD,LOW,HIGH,Volatile,0.03787031432659049,10.50000217982701,0,0,2,ARIMA
2024-08-22,0.0012622064258991043,0.005354829640214784,-0.00212520407512784,0.0,-5.130975158364908e-05,0.0012622064767129483,0.005354829640214784,0.0012622064258991043,HOLD,LOW,HIGH,Volatile,0.03987036645686389,10.74285888671875,0,0,2,ARIMA
2024-08-23,-0.001430718722029883,0.003690251315290542,-0.001283895457163453,0.0,-0.0008271598103755878,-0.0012838889387338209,0.003690251315290542,-0.001430718722029883,HOLD,LOW,HIGH,Volatile,0.04123624885127119,9.682144165039064,0,0,2,ARIMA
2024-08-26,0.0032299146695196684,-0.0012776162279505834,-0.0009805380832403898,0.0,0.0006073935698815568,-0.0009805349770215693,-0.0012776162279505834,0.0032299146695196684,HOLD,LOW,HIGH,Volatile,0.039775240952127706,9.616431100027897,0,0,2,ARIMA
2024-08-27,-0.0010454689827875813,-0.008354342105948556,-0.0005674920976161957,0.0,-0.0015545967987904146,-0.0010454709294392308,-0.008354342105948556,-0.0010454689827875813,HOLD,LOW,HIGH,Volatile,0.038964410113245446,9.381430489676328,0,0,2,ARIMA
2024-08-28,0.0006114806473694028,0.000734856605951404,0.0001325185876339674,0.0,0.00037878359663344593,0.0006114747504268881,0.000734856605951404,0.0006114806473694028,HOLD,LOW,HIGH,Volatile,0.03760217798986639,9.403573172433028,0,0,2,ARIMA
2024-08-29,0.0004454433716574921,-0.0007201583103660172,0.000842877256218344,0.0,0.0005288391441365362,0.00044544172456718146,-0.0007201583103660172,0.0004454433716574921,HOLD,LOW,HIGH,Volatile,0.03469834406527063,9.644287109374995,0,0,2,ARIMA
2024-08-30,0.0011178510055366657,0.002662996783617756,0.0014926790026947856,0.0,0.0014693281779912313,0.0014926808034184643,0.002662996783617756,0.0011178510055366657,HOLD,LOW,HIGH,Volatile,0.034387046331341875,9.855716160365507,0,0,2,ARIMA
2024-09-03,0.0020846064942617436,0.0017202726004141016,0.0011875570053234696,0.0,0.001587360177936958,0.001720271740812616,0.0017202726004141016,0.0020846064942617436,HOLD,LOW,HIGH,Volatile,0.03304891741013498,9.77214377267019,0,0,2,ARIMA
2024-09-04,-0.0003224734710121826,-0.004115666551546272,0.001445622998289764,0.0,0.00019217963381501512,-0.0003224737724619827,-0.004115666551546272,-0.0003224734710121826,HOLD,LOW,HIGH,Volatile,0.034119210460478236,9.912143162318628,0,0,2,ARIMA
2024-09-05,0.0023352460843391694,-0.006901621560484145,0.0012282057432457805,0.0,0.0008150282517876473,0.001228204964538829,-0.006901621560484145,0.0023352460843391694,HOLD,LOW,HIGH,Volatile,0.03332019155820404,9.990000043596535,0,0,2,ARIMA
2024-09-06,0.0019162498810316431,-0.011141323678528563,0.0008727607782930136,0.0,3.441828702027412e-05,0.0008727599050246067,-0.011141323678528563,0.0019162498810316431,HOLD,LOW,HIGH,Volatile,0.03911142573134157,10.996429443359363,0,0,2,ARIMA
2024-09-09,-0.0025274906768839502,-0.012941196125352472,0.0029842043295502663,0.0,-0.0007776062052002868,-0.002527490762241671,-0.012941196125352472,-0.0025274906768839502,HOLD,LOW,HIGH,Volatile,0.0394479932971278,11.014286586216512,0,0,2,ARIMA
2024-09-10,0.0026257547365398483,0.0001579429234434423,0.0031087694223970175,0.0,0.0026186554611356137,0.002625753079634374,0.0001579429234434423,0.0026257547365398483,HOLD,LOW,HIGH,Volatile,0.04026041493861442,11.119285583496088,0,0,2,ARIMA
2024-09-11,0.001952914452184238,0.0030064536551683307,0.0021645179949700832,0.0,0.0021700350303608664,0.0021645214916353192,0.0030064536551683307,0.001952914452184238,HOLD,LOW,HIGH,Volatile,0.0389009185332443,11.538570949009486,0,0,2,ARIMA
2024-09-12,0.0006313699377456875,-0.001171072284370147,0.0012109186500310898,0.0,0.0007423812658967388,0.0006313687723860424,-0.001171072284370147,0.0006313699377456875,HOLD,LOW,HIGH,Volatile,0.03795740856878943,11.048570905412946,0,0,2,ARIMA
2024-09-13,0.0009788152860602832,0.004242361975879541,0.0002030861796811223,0.0,0.0009180194730062935,0.0009788162656279775,0.004242361975879541,0.0009788152860602832,HOLD,LOW,HIGH,Volatile,0.035697644459273155,10.72928510393415,0,0,2,ARIMA
2024-09-16,0.0008101743049307424,0.00542375894694184,-0.0007414659485220909,0.0,0.0004910747506014375,0.0008101747319231716,0.00542375894694184,0.0008101743049307424,HOLD,LOW,HIGH,Volatile,0.03591783816945083,10.547140938895092,0,0,2,ARIMA
2024-09-17,0.0003057198319324073,0.006931628190457931,-0.0013908734545111656,0.0,0.00011995397612287725,0.000305720269777734,0.006931628190457931,0.0003057198319324073,HOLD,LOW,HIGH,Volatile,0.0353327009824414,10.497141156877797,0,0,2,ARIMA
2024-09-18,0.0011426233009172288,0.0037053646327788385,-0.001715414458885789,0.0,-5.747252912268147e-05,0.001142623260660089,0.0037053646327788385,0.0011426233009172288,HOLD,LOW,HIGH,Volatile,0.035291318861411285,10.464997427804136,0,0,2,ARIMA
2024-09-19,0.0006696266496784462,-0.0001404067793653521,-0.001724354224279523,0.0,-0.0006406467072559692,-0.00014040738030429595,-0.0001404067793653521,0.0006696266496784462,HOLD,LOW,HIGH,Volatile,0.03856425509513186,11.029283796037955,0,0,2,ARIMA
2024-09-20,0.003147597694235621,-0.004385044011674168,-0.0021438717376440763,0.0,-0.00034094611249460734,-0.002143871480758838,-0.004385044011674168,0.003147597694235621,HOLD,LOW,HIGH,Volatile,0.03632024913347541,11.01356942313059,0,0,2,ARIMA
2024-09-23,-0.000705280003434246,-0.0011934336891967665,-0.002228116150945425,0.0,-0.0015359608887603087,-0.0011934347647597921,-0.0011934336891967665,-0.000705280003434246,HOLD,LOW,HIGH,Volatile,0.03651250340534097,11.119998386928021,0,0,2,ARIMA
2024-09-24,0.0026536811731153525,0.0031185784796719028,-0.0024932469241321087,0.0,6.429953345728689e-05,0.0026536792255311176,0.0031185784796719028,0.0026536811731153525,HOLD,LOW,HIGH,Volatile,0.035384019039723574,10.869284493582597,0,0,2,ARIMA
2024-09-25,0.000836031073767107,0.0029021428316206915,-0.002605714602395892,0.0,-0.0007144000845634909,0.0008360308806157063,0.0029021428316206915,0.000836031073767107,HOLD,LOW,HIGH,Volatile,0.03477633436971377,10.096426827566969,0,0,2,ARIMA
2024-09-26,0.0010041518661106203,0.0049559950175919,-0.002706104889512062,0.0,-0.0004893185389018507,0.0010041518825700604,0.0049559950175919,0.0010041518661106203,HOLD,LOW,HIGH,Volatile,0.03456566944903751,9.177140372140077,0,0,2,ARIMA
2024-09-27,0.00035487990732991227,0.0007715469659101651,-0.0023098045494407415,0.0,-0.0009675476732174173,0.00035487789379281105,0.0007715469659101651,0.00035487990732991227,HOLD,LOW,HIGH,Volatile,0.03464123986239407,8.994284493582597,0,0,2,ARIMA
2024-09-30,0.001725340180295398,0.007113915933621622,-0.002150398213416338,0.0,0.00029530126339885024,0.0017253402526687357,0.007113915933621622,0.001725340180295398,HOLD,LOW,HIGH,Volatile,0.034138290471663335,8.919998168945318,0,0,2,ARIMA
2024-10-01,0.0007001938767110412,0.006356249818318611,-0.0018181782215833664,0.0,-6.7194408654255204e-06,0.0007001940967387173,0.006356249818318611,0.0007001938767110412,HOLD,LOW,HIGH,Volatile,0.03403535620431741,9.189999171665743,0,0,2,ARIMA
2024-10-02,0.00033402404358511613,0.0009486294033226682,-0.0009097687434405088,0.0,-0.00023990137414303897,0.0003340232245029057,0.0009486294033226682,0.00033402404358511613,HOLD,LOW,HIGH,Volatile,0.034680100365663415,9.825713021414627,0,0,2,ARIMA
2024-10-03,-6.084092038170644e-05,-0.002829859740957883,-0.0001701426226645708,0.0,-0.0004025250660607418,-0.00017015123158485622,-0.002829859740957883,-6.084092038170644e-05,HOLD,LOW,HIGH,Volatile,0.03435680409127197,10.22785622732981,0,0,2,ARIMA
2024-10-04,0.00022684782912641137,0.0062443257534465215,0.0008460956159979105,0.0,0.001164974207500352,0.0008460970404847237,0.0062443257534465215,0.00022684782912641137,HOLD,LOW,HIGH,Volatile,0.02786153839659406,10.48071398053852,0,0,2,ARIMA
2024-10-07,0.0024252512714225305,-0.0034715697044750975,0.0007793373661115766,0.0,0.0009734975251413983,0.0007793369944169876,-0.0034715697044750975,0.0024252512714225305,HOLD,LOW,HIGH,Volatile,0.02936447366443665,10.577856881277915,0,0,2,ARIMA
2024-10-08,-0.0007446777796652472,0.001412147964813401,0.0010145287960767746,0.0,0.0003792771164838727,0.0010145268614841277,0.001412147964813401,-0.0007446777796652472,HOLD,LOW,HIGH,Volatile,0.027988129371105005,10.352858407156827,0,0,2,ARIMA
2024-10-09,0.001781357871030131,0.005565219389067244,0.000672376248985529,0.0,0.001603479996074987,0.00178135850699451,0.005565219389067244,0.001781357871030131,HOLD,LOW,HIGH,Volatile,0.02824961156826017,9.701429094587066,0,0,2,ARIMA
2024-10-10,0.000237850179719016,0.0067177507858449306,0.0005173607496544719,0.0,0.0010495989905937278,0.0005173641406927293,0.0067177507858449306,0.000237850179719016,HOLD,LOW,HIGH,Volatile,0.028356609039368257,9.871428353445879,0,0,2,ARIMA
2024-10-11,0.0007470125021506967,0.00396419156573845,0.0004137346404604614,0.0,0.000908150049455503,0.0007470151741157139,0.00396419156573845,0.0007470125021506967,HOLD,LOW,HIGH,Volatile,0.03527419373770331,10.77428545270648,0,0,2,ARIMA
2024-10-14,-0.0018448328748686968,0.002825553280222859,0.0007415932486765087,0.0,-3.767992033354146e-05,0.0007415931556160727,0.002825553280222859,-0.0018448328748686968,HOLD,LOW,HIGH,Volatile,0.03519944651594295,10.77642822265625,0,0,2,ARIMA
2024-10-15,0.0021211118051309165,-5.542665725636643e-06,0.0008958562975749373,0.0,0.0012738722577606905,0.0008958565896796015,-5.542665725636643e-06,0.0021211118051309165,HOLD,LOW,HIGH,Volatile,0.0351770663731283,10.945714678083151,0,0,2,ARIMA
2024-10-16,0.0008178750999856256,0.00612049114120903,0.000830978387966752,0.0,0.001371654595793159,0.0008310444105593585,0.00612049114120903,0.0008178750999856256,HOLD,LOW,HIGH,Volatile,0.03524406607917006,10.493572780064179,0,0,2,ARIMA
2024-10-17,0.0010960214381909707,-0.00033330738056829067,0.00037190329749137163,0.0,0.0005775127283778321,0.00037190333431088126,-0.00033330738056829067,0.0010960214381909707,HOLD,LOW,HIGH,Volatile,0.030868825620339636,10.322143554687502,0,0,2,ARIMA
2024-10-18,0.000710890247948605,0.00872532691081086,-0.00014178361743688583,0.0,0.0011008112975269906,0.0007108912932420007,0.00872532691081086,0.000710890247948605,HOLD,LOW,HIGH,Volatile,0.030566077748015296,9.890716552734377,0,0,2,ARIMA
2024-10-21,0.0008641566376635955,-0.002086921245847882,-0.0007359110750257969,0.0,-0.00026019583507228873,-0.0007359109601263419,-0.002086921245847882,0.0008641566376635955,HOLD,LOW,HIGH,Volatile,0.028015105977042487,9.142144339425228,0,0,2,ARIMA
2024-10-22,0.0006157155075130629,0.002921081033191891,-0.0011434706393629313,0.0,-4.786942304706382e-05,0.0006157156419175432,0.002921081033191891,0.0006157155075130629,HOLD,LOW,HIGH,Volatile,0.027472976240629055,8.21857452392578,0,0,2,ARIMA
2024-10-23,0.0008389950613587435,0.0025245841492415517,-0.0016350720543414354,0.0,-0.0002548446941976175,0.0008389948726636626,0.0025245841492415517,0.0008389950613587435,HOLD,LOW,HIGH,Volatile,0.02724558988325509,7.835003444126666,0,0,2,ARIMA
2024-10-24,0.0002958146847442647,-0.0022361119117390218,-0.0017569304909557104,0.0,-0.0010172514878219038,-0.0017569288994142259,-0.0022361119117390218,0.0002958146847442647,HOLD,LOW,HIGH,Volatile,0.053773626294033317,10.56143188476561,0,0,2,ARIMA
2024-10-25,0.007162801394985094,-0.0028768218676517403,-0.0020301106851547956,0.0,0.0014164713211506181,-0.002030109615653329,-0.0028768218676517403,0.007162801394985094,HOLD,LOW,HIGH,Volatile,0.0540026863315452,10.903573172433022,0,0,2,ARIMA
2024-10-28,-0.0004383559330002866,0.02586095564127101,-0.002527244621887803,0.0,0.0012045455314334099,-0.0004383554927556599,0.02586095564127101,-0.0004383559330002866,HOLD,LOW,HIGH,Volatile,0.0543258365345188,11.307145254952548,0,0,2,ARIMA
2024-10-29,-0.00021573141527815272,0.042540590261276386,-0.0020107622258365154,0.0,0.0032755982928592284,-0.00021573088219191988,0.042540590261276386,-0.00021573141527815272,HOLD,LOW,HIGH,Volatile,0.05429534020930922,11.41786084856304,0,0,2,ARIMA
2024-10-30,0.0008033420770633108,-0.013841092780551338,-0.0014063327107578516,0.0,-0.0018397711303712108,-0.001406333082497113,-0.013841092780551338,0.0008033420770633108,HOLD,LOW,HIGH,Volatile,0.05368239811516647,11.209289550781234,0,0,2,ARIMA
2024-10-31,0.0007724266685002926,0.0011506990052295725,-0.0009312585461884737,0.0,-6.153509387105344e-05,0.0007724246250774812,0.0011506990052295725,0.0007724266685002926,HOLD,LOW,HIGH,Volatile,0.05355563448538966,10.217146737234918,0,0,2,ARIMA
2024-11-01,4.472970075025781e-05,-0.010521828931040741,-0.00020310794934630394,0.0,-0.0011724056798337766,-0.00020311185505464947,-0.010521828931040741,4.472970075025781e-05,HOLD,LOW,HIGH,Volatile,0.05286681385594333,10.160003662109366,0,0,2,ARIMA
2024-11-04,0.0011435957664730574,-0.0016717310527153487,0.0001949342549778521,0.0,0.00036703654487186947,0.00019493373821975857,-0.0016717310527153487,0.0011435957664730574,HOLD,LOW,HIGH,Volatile,0.05246733496305724,10.37143162318637,0,0,2,ARIMA
2024-11-05,0.00014758897829727927,0.0012830058723966328,0.0006399964913725853,0.0,0.00051704394387831,0.0006399969636320034,0.0012830058723966328,0.00014758897829727927,HOLD,LOW,HIGH,Volatile,0.0529400383883492,10.98214503696985,0,0,2,ARIMA
2024-11-06,0.002239607317139483,0.001396244878613313,0.0007562998798675835,0.0,0.0013925348864457113,0.001396245253455288,0.001396244878613313,0.002239607317139483,HOLD,LOW,HIGH,Volatile,0.060872389971894286,13.408572605678,0,0,2,ARIMA
2024-11-07,0.004595725005432335,-0.008731387613571631,0.0005594658432528377,0.0,0.001152555879335106,0.0005594657032309508,-0.008731387613571631,0.004595725005432335,HOLD,LOW,HIGH,Volatile,0.060859863485263864,14.207144601004448,0,0,2,ARIMA
2024-11-08,3.119501181907038e-05,-0.0015144876342464268,0.00020997115643694997,0.0,-3.666447914057123e-05,3.119012622557878e-05,-0.0015144876342464268,3.119501181907038e-05,HOLD,LOW,HIGH,Volatile,0.05755727824193137,16.123572213309135,0,0,2,ARIMA
2024-11-11,0.0029459605194035515,0.001796232155277128,0.0006671411101706326,0.0,0.0016596512461682,0.0017962321711189814,0.001796232155277128,0.0029459605194035515,HOLD,LOW,HIGH,Volatile,0.05932037155865775,18.540000915527333,0,0,2,ARIMA
2024-11-12,0.002485607630143638,0.02727237773079481,0.0010372729739174247,0.0,0.004300688993888235,0.0024856082792988473,0.02727237773079481,0.002485607630143638,HOLD,LOW,HIGH,Volatile,0.06229058009609896,19.97428676060267,0,0,2,ARIMA
2024-11-13,-0.002097403460008203,-0.013775474115323684,0.0021310336887836456,0.0,-0.0011355181402256916,-0.0020974036107744756,-0.013775474115323684,-0.002097403460008203,HOLD,LOW,HIGH,Volatile,0.0623208674731173,18.090715680803566,0,0,2,ARIMA
2024-11-14,0.0018520244396970252,0.0344173543675963,0.0033336777705699205,0.0,0.005970970722324324,0.003333678412412678,0.0344173543675963,0.0018520244396970252,HOLD,LOW,HIGH,Volatile,0.06466848337583397,18.49785940987723,0,0,2,ARIMA
2024-11-15,-0.001027088848856421,0.009178816884434416,0.004753521177917719,0.0,0.002987893960191546,0.00475352112497849,0.009178816884434416,-0.001027088848856421,HOLD,LOW,HIGH,Volatile,0.06458644501427417,18.795000348772316,0,0,2,ARIMA
2024-11-18,0.0025380331065512213,0.014865910380990657,0.005100809969007969,0.0,0.005123083073484681,0.0051008102565209155,0.014865910380990657,0.0025380331065512213,HOLD,LOW,HIGH,Volatile,0.06473319878698898,20.106426783970424,0,0,2,ARIMA
2024-11-19,0.002126695362449113,0.0006258767170938811,0.00519940722733736,0.0,0.0035463500767939334,0.0021266957026317445,0.0006258767170938811,0.002126695362449113,HOLD,LOW,HIGH,Volatile,0.06444768810367313,20.613570077078684,0,0,2,ARIMA
2024-11-20,0.0008456812100433639,0.005423004836282505,0.004627770744264126,0.0,0.003255904557187661,0.004627769754191433,0.005423004836282505,0.0008456812100433639,HOLD,LOW,HIGH,Volatile,0.06417643699699722,20.742142813546316,0,0,2,ARIMA
2024-11-21,0.00027383820982186625,0.006509871394297199,0.003866031765937805,0.0,0.0027578839841158314,0.0038660316662124674,0.006509871394297199,0.00027383820982186625,HOLD,LOW,HIGH,Volatile,0.049510911183171157,21.123571123395646,0,0,2,ARIMA
2024-11-22,0.0008068679240664913,-0.00017489195400615675,0.0032287267968058586,0.0,0.0019465688873995586,0.0008068685280096878,-0.00017489195400615675,0.0008068679240664913,HOLD,LOW,HIGH,Volatile,0.049613459553277846,22.104285103934153,0,0,2,ARIMA
2024-11-25,0.0020844819043369434,0.00502939772444411,0.00269177183508873,0.0,0.002699487997167154,0.002691773048925581,0.00502939772444411,0.0020844819043369434,HOLD,LOW,HIGH,Volatile,0.05035286117780475,22.910712105887285,0,0,2,ARIMA
2024-11-26,-0.0008228845246569989,0.012652200933169615,0.0028851586394011974,0.0,0.002467369183970448,0.0028851588065756653,0.012652200933169615,-0.0008228845246569989,HOLD,LOW,HIGH,Volatile,0.05014339213000276,20.99285452706474,0,0,2,ARIMA
2024-11-27,0.0013597238306678747,0.005768745097199395,0.002475669141858816,0.0,0.0023864209275909877,0.0024756697328739744,0.005768745097199395,0.0013597238306678747,HOLD,LOW,HIGH,Volatile,0.05035886702121577,21.116424560546882,0,0,2,ARIMA
2024-11-29,0.00043195540804641093,-0.0025399056185251906,0.0019766357727348804,0.0,0.0009168635043991725,0.00043195509776353705,-0.0025399056185251906,0.00043195540804641093,HOLD,LOW,HIGH,Volatile,0.0495474556282337,19.742139543805813,0,0,2,ARIMA
2024-12-02,0.0022989435178460537,0.01571591164882626,0.0008039577514864504,0.0,0.0029171100207659693,0.0022989441113337285,0.01571591164882626,0.0022989435178460537,HOLD,LOW,HIGH,Volatile,0.049473838542302744,18.129281180245545,0,0,2,ARIMA
2024-12-03,0.0016765357977796937,0.0037868724696442525,-0.0005472186021506786,0.0,0.0007547798833023593,0.001676535773656175,0.0037868724696442525,0.0016765357977796937,HOLD,LOW,HIGH,Volatile,0.04910299090026188,16.857851300920764,0,0,2,ARIMA
2024-12-04,9.245480310591831e-05,-0.004405539039179358,-0.0017108118627220392,0.0,-0.0012956127921657057,-0.0017108120458369982,-0.004405539039179358,9.245480310591831e-05,HOLD,LOW,HIGH,Volatile,0.048952733688452,15.957850864955361,0,0,2,ARIMA
2024-12-05,0.0017268136375845349,0.0020154237434753326,-0.0024743627291172743,0.0,-0.00039614140198478273,0.0017268104344606572,0.0020154237434753326,0.0017268136375845349,HOLD,LOW,HIGH,Volatile,0.04025300276975062,15.788565499441972,0,0,2,ARIMA
2024-12-06,0.0017892377621740922,0.0009237185049615497,-0.0027563159819692373,0.0,-0.0006292504603345997,0.0009237176238380928,0.0009237185049615497,0.0017892377621740922,HOLD,LOW,HIGH,Volatile,0.04108170330470329,16.11285182407925,0,0,2,ARIMA
2024-12-09,0.0023216191375314784,0.0012732146889814372,-0.003061114577576518,0.0,-0.0005447177097452193,0.0012732139675768262,0.0012732146889814372,0.0023216191375314784,HOLD,LOW,HIGH,Volatile,0.03816025965717184,16.038565499441976,0,0,2,ARIMA
2024-12-10,0.0004690600151592009,0.007717012277470615,-0.0020046078134328127,0.0,-5.071208564269992e-05,0.0004690602811586844,0.007717012277470615,0.0004690600151592009,HOLD,LOW,HIGH,Volatile,0.03406996567033447,16.41785103934153,0,0,2,ARIMA
2024-12-11,0.0018754747533906986,0.00178151256906814,-0.0008161356672644615,0.0,0.000486568929694444,0.00178150253292379,0.00178151256906814,0.0018754747533906986,HOLD,LOW,HIGH,Volatile,0.03159940790031982,17.24570792061943,0,0,2,ARIMA
2024-12-12,0.0025298854726905936,-0.008385700317826879,-9.409617632627487e-05,0.0,5.91780766699794e-05,-9.409643656141858e-05,-0.008385700317826879,0.0025298854726905936,HOLD,LOW,HIGH,Volatile,0.03221249211822205,17.359279087611622,0,0,2,ARIMA
2024-12-13,-0.0001514514414372568,-0.004757145170534999,0.0006352601922117174,0.0,-0.00022349592987009492,-0.00015145249229974806,-0.004757145170534999,-0.0001514514414372568,HOLD,LOW,HIGH,Volatile,0.028153872491633303,17.1278512137277,0,0,2,ARIMA
2024-12-16,0.0025168009093399233,-0.0003193697171542873,0.0009724270785227418,0.0,0.001432841474934069,0.0009724272047675467,-0.0003193697171542873,0.0025168009093399233,HOLD,LOW,HIGH,Volatile,0.029615131804961316,17.36428179059712,0,0,2,ARIMA
2024-12-17,0.0024413827247325177,-0.007097857741942627,0.0010422657942399383,0.0,0.0007403060396637346,0.0010422652033416629,-0.007097857741942627,0.0024413827247325177,HOLD,LOW,HIGH,Volatile,0.028681223249729635,18.44856698172435,0,0,2,ARIMA
2024-12-18,0.0015099376176926208,-0.004443400305729276,0.0012561611365526915,0.0,0.0007657001555231763,0.0012561574022770736,-0.004443400305729276,0.0015099376176926208,HOLD,LOW,HIGH,Volatile,0.03686263512582441,21.703567504882834,0,0,2,ARIMA
2024-12-19,-0.0022113332862604383,-0.007043336380074103,0.004448631312698126,0.0,0.0007027958651594423,-0.0022113332294984222,-0.007043336380074103,-0.0022113332862604383,HOLD,LOW,HIGH,Volatile,0.036782579343887414,23.40213884626118,0,0,2,ARIMA
2024-12-20,0.0015690464195368104,0.016983363903611173,0.006112107075750828,0.0,0.005487241097350293,0.006112107203801131,0.016983363903611173,0.0015690464195368104,HOLD,LOW,HIGH,Volatile,0.03807672823262765,24.444994245256716,0,0,2,ARIMA
2024-12-23,-0.00012901703544913716,0.006989875004562495,0.006971411406993866,0.0,0.004243771867987929,0.006971362680192732,0.006989875004562495,-0.00012901703544913716,HOLD,LOW,HIGH,Volatile,0.03767218740029551,25.17428152901788,0,0,2,ARIMA
2024-12-24,0.0020519562448576044,-0.0008610037243863855,0.0061483317986130714,0.0,0.0038504587872058875,0.0020519563439163843,-0.0008610037243863855,0.0020519562448576044,HOLD,LOW,HIGH,Volatile,0.038058848979576405,26.794281005859396,0,0,2,ARIMA
2024-12-26,0.0030177151812003896,0.008597523160293403,0.004735999740660191,0.0,0.004473846583611819,0.004736000063128321,0.008597523160293403,0.0030177151812003896,HOLD,LOW,HIGH,Volatile,0.03862304500398754,26.566423688616087,0,0,2,ARIMA
2024-12-27,-0.0003545547229468793,-0.0027942166044544908,0.0034427063073962927,0.0,0.0013395077868780638,-0.00035455457659882677,-0.0027942166044544908,-0.0003545547229468793,HOLD,LOW,HIGH,Volatile,0.04080153849778018,27.11142403738841,0,0,2,ARIMA
2024-12-30,-0.00042583380521970865,-0.0024679716090879053,0.003109523793682456,0.0,0.0011750385360395767,-0.0004258335987127632,-0.0024679716090879053,-0.00042583380521970865,HOLD,LOW,HIGH,Volatile,0.04168593088291681,26.334283011300236,0,0,2,ARIMA
2024-12-31,0.0005061646156739729,0.008432830628519067,0.002471099141985178,0.0,0.0023308051028191443,0.0024710994827102863,0.008432830628519067,0.0005061646156739729,HOLD,LOW,HIGH,Volatile,0.04230443499243759,26.723567417689747,0,0,2,ARIMA
2025-01-02,0.00031255602068147516,-0.00036036555577488507,0.002804360818117857,0.0,0.0015199605897781802,0.0003125571013420468,-0.00036036555577488507,0.00031255602068147516,HOLD,LOW,HIGH,Volatile,0.04480958110254633,27.21713692801341,0,0,2,ARIMA
2025-01-03,-0.00068253249891758,-0.0006101109702082681,0.0030864067375659943,0.0,0.0012561865578883992,-0.0006100978035669879,-0.0006101109702082681,-0.00068253249891758,HOLD,LOW,HIGH,Volatile,0.047794024874144005,28.52428109305247,0,0,2,ARIMA
2025-01-06,0.00443210584619633,0.005472160306658581,0.003027863334864378,0.0,0.003819857290069126,0.0044321055976683146,0.005472160306658581,0.00443210584619633,HOLD,LOW,HIGH,Volatile,0.04744073307038835,28.819994245256705,0,0,2,ARIMA
2025-01-07,0.0001266452372486464,0.0012719847250505399,0.0030397996306419373,0.0,0.0017375421878246785,0.0012719850316014643,0.0012719847250505399,0.0001266452372486464,HOLD,LOW,HIGH,Volatile,0.047202409820940594,28.626421247209827,0,0,2,ARIMA
2025-01-08,-0.0003338605187353668,0.004708797248046866,0.0033864036668092012,0.0,0.0020926908406042524,0.003386403180400236,0.004708797248046866,-0.0003338605187353668,HOLD,LOW,HIGH,Volatile,0.047202415500662814,27.81356593540737,0,0,2,ARIMA
2025-01-10,0.0015793727082001022,0.01539479201088493,0.003336173016577959,0.0,0.0039048992251267526,0.0033361735022328773,0.01539479201088493,0.0015793727082001022,HOLD,LOW,HIGH,Volatile,0.046750925289733916,24.989279610770094,0,0,2,ARIMA
2025-01-13,0.0009903560938922973,0.012047595018982995,0.0029985795263201,0.0,0.003160156166539407,0.0029985799132924208,0.012047595018982995,0.0009903560938922973,HOLD,LOW,HIGH,Volatile,0.04504239726562223,24.08785138811384,0,0,2,ARIMA
2025-01-14,0.0017724755909527235,0.0024390145281624697,0.002274224068969488,0.0,0.0020983433364059898,0.0022742200584926395,0.0024390145281624697,0.0017724755909527235,HOLD,LOW,HIGH,Volatile,0.04506778840636017,23.992139543805802,0,0,2,ARIMA
2025-01-15,0.00020021003184696098,-0.011396344366778187,0.002172590233385563,0.0,1.4476013019632466e-05,0.00020020961157652265,-0.011396344366778187,0.00020021003184696098,HOLD,LOW,HIGH,Volatile,0.047512863623734504,25.01642499651228,0,0,2,ARIMA
2025-01-16,0.003854930419138566,0.0009860700140331279,0.0014493216294795275,0.0,0.0023262918100939584,0.0014493233635057942,0.0009860700140331279,0.003854930419138566,HOLD,LOW,HIGH,Volatile,0.04582343749086675,24.08142525809152,0,0,2,ARIMA
2025-01-17,-0.0010392824249334303,-0.0066829455732426305,0.0006559077883139253,0.0,-0.0007528983327419811,-0.001039282837015511,-0.0066829455732426305,-0.0010392824249334303,HOLD,LOW,HIGH,Volatile,0.04557633881661491,24.910709926060267,0,0,2,ARIMA
2025-01-21,0.002495126650065641,-0.007945951813302854,-4.088040441274643e-06,0.0,0.00013730567817763807,-4.088314363705454e-06,-0.007945951813302854,0.002495126650065641,HOLD,LOW,HIGH,Volatile,0.041457698866690824,24.85785348074777,0,0,2,ARIMA
2025-01-22,0.0004695738621969405,0.01218773587733807,-0.0004277297994121909,0.0,0.0012187354763313328,0.0004695748888454391,0.01218773587733807,0.0004695738621969405,HOLD,LOW,HIGH,Volatile,0.041660947941744395,24.679282052176344,0,0,2,ARIMA
2025-01-23,0.00040634113880666837,0.005780255439011693,-0.0008251946419477463,0.0,0.00032970916039476385,0.00040634176346963333,0.005780255439011693,0.00040634113880666837,HOLD,LOW,HIGH,Volatile,0.040961031214320806,23.70714024135044,0,0,2,ARIMA
2025-01-24,0.0010694021227805105,0.007371748796344727,-0.0012439896818250418,0.0,0.0005342001661918855,0.0010694023960521571,0.007371748796344727,0.0010694021227805105,HOLD,LOW,HIGH,Volatile,0.04067455093877713,22.442855834960934,0,0,2,ARIMA
2025-01-27,0.0006359283303681875,-0.0008864298707350016,-0.0015175375156104565,0.0,-0.0006245921703399854,-0.0008864289472376069,-0.0008864298707350016,0.0006359283303681875,HOLD,LOW,HIGH,Volatile,0.03696129494212654,21.377855573381698,0,0,2,ARIMA
2025-01-28,0.00042044713474477177,0.004692316481552404,-0.0012501995079219341,0.0,5.1129494345748924e-06,0.00042044749861971605,0.004692316481552404,0.00042044713474477177,HOLD,LOW,HIGH,Volatile,0.03694342707340946,20.61785670689174,0,0,2,ARIMA
2025-01-29,0.0013952946599732022,0.002778666389966509,-0.0010523926466703415,0.0,0.0002837927777687877,0.0013952943463605516,0.002778666389966509,0.0013952946599732022,HOLD,LOW,HIGH,Volatile,0.035693693765453095,19.88785661969866,0,0,2,ARIMA
2025-01-30,0.0002333287100564108,0.002510538211707382,-0.0006774791982024908,0.0,1.5576278751740116e-06,0.00023332936682886213,0.002510538211707382,0.0002333287100564108,HOLD,LOW,HIGH,Volatile,0.035786846960762494,20.81571306501116,0,0,2,ARIMA
2025-01-31,0.0021496746175177234,0.007605333858144999,-2.18383502215147e-06,0.0,0.001609892354641292,0.0021496748985720755,0.007605333858144999,0.0021496746175177234,HOLD,LOW,HIGH,Volatile,0.03512669497076551,20.652856009347097,0,0,2,ARIMA
2025-02-03,0.0010293078315309575,0.002959167908244794,0.00031361449509859085,0.0,0.0008616800105264976,0.0010293087072485285,0.002959167908244794,0.0010293078315309575,HOLD,LOW,HIGH,Volatile,0.0342737260035421,21.118571690150674,0,0,2,ARIMA
2025-02-04,-0.000806246209683408,-0.005151907694500469,0.0004662428400479257,0.0,-0.0006025455671990143,-0.0008062467643029619,-0.005151907694500469,-0.000806246209683408,HOLD,LOW,HIGH,Volatile,0.029444078023895603,20.011428833007816,0,0,2,ARIMA
2025-02-05,0.002269960713708645,0.0022335184160312397,2.5708810426294804e-05,0.0,0.0011162207563202282,0.0022334928552447415,0.0022335184160312397,0.002269960713708645,HOLD,LOW,HIGH,Volatile,0.030396021149584215,18.814285278320312,0,0,2,ARIMA
2025-02-06,-0.00042354623191777027,-0.0007549916944525872,0.00017634651158005,0.0,-0.00015034922906264427,-0.0004235448943455084,-0.0007549916944525872,-0.00042354623191777027,HOLD,LOW,HIGH,Volatile,0.02915704717565845,18.521429879324774,0,0,2,ARIMA
2025-02-07,0.0010696854439829616,0.007981478326120872,0.0001113570760935545,0.0,0.001291709343997466,0.0010696863406551747,0.007981478326120872,0.0010696854439829616,HOLD,LOW,HIGH,Volatile,0.029990676242852413,18.1135733468192,0,0,2,ARIMA
2025-02-10,-1.228056574976836e-05,-0.0008616434113309263,0.0008770636050030589,0.0,0.00035580166412117796,-1.2280513063476284e-05,-0.0008616434113309263,-1.228056574976836e-05,HOLD,LOW,HIGH,Volatile,0.030533696952978865,17.063572474888396,0,0,2,ARIMA
2025-02-11,0.0003861281314324278,0.002198362446834263,0.0013259153347462416,0.0,0.0010546520763756798,0.0013259152529773908,0.002198362446834263,0.0003861281314324278,HOLD,LOW,HIGH,Volatile,0.03255287809823077,17.93642970493862,0,0,2,ARIMA
2025-02-12,-0.0007829154394454099,-0.000954333495038874,0.0024147084914147854,0.0,0.0008378984766883538,-0.0007829099855600614,-0.000954333495038874,-0.0007829154394454099,HOLD,LOW,HIGH,Volatile,0.033385497449915695,18.37357221330916,0,0,2,ARIMA
2025-02-13,0.0024597382870775696,0.009549047208953724,0.0026448401622474194,0.0,0.0032859830108398023,0.0026448453621360324,0.009549047208953724,0.0024597382870775696,HOLD,LOW,HIGH,Volatile,0.03076367530018934,19.022142682756705,0,0,2,ARIMA
2025-02-14,0.002515143342865056,0.012790812503984896,0.0020225588232278824,0.0,0.0033228672125111434,0.0025151452674662188,0.012790812503984896,0.002515143342865056,HOLD,LOW,HIGH,Volatile,0.030245785707092705,18.794285365513396,0,0,2,ARIMA
2025-02-18,0.00039927073008560836,0.010429093205711715,0.0012805269798263907,0.0,0.00188560252303635,0.0012805280027179326,0.010429093205711715,0.00039927073008560836,HOLD,LOW,HIGH,Volatile,0.028931491104033057,18.43642970493862,0,0,2,ARIMA
2025-02-19,0.0008609157984380096,0.009947022044460104,0.0005082421121187508,0.0,0.0016176056403132593,0.0008609185078979933,0.009947022044460104,0.0008609157984380096,HOLD,LOW,HIGH,Volatile,0.02956756063875136,18.40500095912389,0,0,2,ARIMA
2025-02-20,0.0016230095015252386,0.0029836401701112906,-0.0001872096909210086,0.0,0.0008358073728956802,0.0016230093194602206,0.0029836401701112906,0.0016230095015252386,HOLD,LOW,HIGH,Volatile,0.029484627289715334,17.42000034877233,0,0,2,ARIMA
2025-02-21,0.00025062975586536405,0.004447572055768314,-0.0005597549024969339,0.0,0.00026837346924588003,0.0002506307486544159,0.004447572055768314,0.00025062975586536405,HOLD,LOW,HIGH,Volatile,0.030809717614253888,17.480715070452018,0,0,2,ARIMA
2025-02-24,-0.0003479289598076684,0.005259858086534782,-9.695859625935555e-05,0.0,0.000359220501580539,-9.695482983270988e-05,0.005259858086534782,-0.0003479289598076684,HOLD,LOW,HIGH,Volatile,0.03091066258568111,16.58499799455916,0,0,2,ARIMA
2025-02-25,0.0008065604385394693,0.013363455823859111,0.00038582744309678674,0.0,0.0018864535158335373,0.0008065627244744365,0.013363455823859111,0.0008065604385394693,HOLD,LOW,HIGH,Volatile,0.035353056741851345,18.062140328543535,0,0,2,ARIMA
2025-02-26,-0.0015898848394695591,0.014845247360533897,0.002175000961869955,0.0,0.0020348805384720952,0.002175001148428633,0.014845247360533897,-0.0015898848394695591,HOLD,LOW,HIGH,Volatile,0.035632588123162716,18.36785452706474,0,0,2,ARIMA
2025-02-27,0.0006353033879704204,0.023052326517774904,0.003564184997230768,0.0,0.004448835978101251,0.0035641852871170494,0.023052326517774904,0.0006353033879704204,HOLD,LOW,HIGH,Volatile,0.03576301778174604,18.464996337890636,0,0,2,ARIMA
2025-02-28,0.000143669545079572,0.02579425318782691,0.00426320917904377,0.0,0.004900911849866647,0.004263209375231297,0.02579425318782691,0.000143669545079572,HOLD,LOW,HIGH,Volatile,0.03648328973105966,18.469996861049115,0,0,2,ARIMA
2025-03-03,0.002451310568691784,0.011878631338582744,0.003925024066120386,0.0,0.004179064749221849,0.003925024618061236,0.011878631338582744,0.002451310568691784,HOLD,LOW,HIGH,Volatile,0.036050336864601754,19.50214059012277,0,0,2,ARIMA
2025-03-04,-0.0004643583031478817,0.013545214132752798,0.004279739689081907,0.0,0.003411924152938925,0.004279739791877047,0.013545214132752798,-0.0004643583031478817,HOLD,LOW,HIGH,Volatile,0.03568721277558204,19.30071149553572,0,0,2,ARIMA
2025-03-05,-0.0004149087293391921,0.024538409098750755,0.004477567970752716,0.0,0.004666459166550908,0.0044775681252212625,0.024538409098750755,-0.0004149087293391921,HOLD,LOW,HIGH,Volatile,0.03590569032782977,18.867854527064736,0,0,2,ARIMA
2025-03-06,0.002139423269605756,0.020477175172774906,0.0037346992176026106,0.0,0.0048487470782753676,0.003734699783947341,0.020477175172774906,0.002139423269605756,HOLD,LOW,HIGH,Volatile,0.03681437583617374,18.64642769949777,0,0,2,ARIMA
2025-03-07,-0.0013456448324715826,0.038280110798702395,0.0032596054952591658,0.0,0.0051022847024975535,0.003259605683755299,0.038280110798702395,-0.0013456448324715826,HOLD,LOW,HIGH,Volatile,0.03693153032056804,18.7192851475307,0,0,2,ARIMA
2025-03-10,0.0012885742328723761,0.03086666749323555,0.002782027469947934,0.0,0.005105376912028729,0.002782028103037427,0.03086666749323555,0.0012885742328723761,HOLD,LOW,HIGH,Volatile,0.04984084820505221,21.118570600237174,0,0,2,ARIMA
2025-03-11,-0.004864711545522118,0.03419526326740616,0.005187958478927612,0.0,0.004316166904318221,0.0051879585439121865,0.03419526326740616,-0.004864711545522118,HOLD,LOW,HIGH,Volatile,0.05166945093385365,21.57357134137835,0,0,2,ARIMA
2025-03-12,0.003629517433397442,0.028509039427448372,0.0065210843458771706,0.0,0.007677982920055223,0.006521084645996086,0.028509039427448372,0.003629517433397442,HOLD,LOW,HIGH,Volatile,0.05460351057627581,22.070714678083146,0,0,2,ARIMA
2025-03-13,0.0030016973098714755,0.020417342352196097,0.006523216143250465,0.0,0.006602917141223705,0.006523216355095163,0.020417342352196097,0.0030016973098714755,HOLD,LOW,HIGH,Volatile,0.05395551058268954,21.722856794084827,0,0,2,ARIMA
2025-03-14,-0.0007969490751399793,0.03443560099427252,0.006306718103587627,0.0,0.006477955403436868,0.006306718208772246,0.03443560099427252,-0.0007969490751399793,HOLD,LOW,HIGH,Volatile,0.052801386435804544,21.237144470214847,0,0,2,ARIMA
2025-03-17,0.002458335864382231,0.028768178349647445,0.005559795536100864,0.0,0.006761917426485886,0.00555979581523774,0.028768178349647445,0.002458335864382231,HOLD,LOW,HIGH,Volatile,0.053082009584211325,20.08714403424944,0,0,2,ARIMA
2025-03-18,-0.0011579526115128524,0.02272070838928284,0.005070055834949017,0.0,0.004496885772547485,0.005070055938813734,0.02272070838928284,-0.0011579526115128524,HOLD,LOW,HIGH,Volatile,0.05350128016748677,19.713572910853802,0,0,2,ARIMA
2025-03-19,-0.0005627271720174718,0.02624663724213229,0.0044813696295022964,0.0,0.004787818931106355,0.0044813697817347314,0.02624663724213229,-0.0005627271720174718,HOLD,LOW,HIGH,Volatile,0.05494882031678103,19.69571576799666,0,0,2,ARIMA
2025-03-20,0.0029080121342897588,0.01791214721983927,0.003928562626242638,0.0,0.004978914392084841,0.003928563532687324,0.01791214721983927,0.0029080121342897588,HOLD,LOW,HIGH,Volatile,0.055183607781826384,18.815001351492754,0,0,2,ARIMA
2025-03-21,0.0005108391781502154,0.01854426605757735,0.003046697936952114,0.0,0.0036707314483706514,0.0030466982664671565,0.01854426605757735,0.0005108391781502154,HOLD,LOW,HIGH,Volatile,0.056999400673489374,17.981428963797438,0,0,2,ARIMA
2025-03-24,0.002632328986067806,0.020863798047559178,0.00210796226747334,0.0,0.004244558655755815,0.0026323308310399634,0.020863798047559178,0.002632328986067806,HOLD,LOW,HIGH,Volatile,0.06373420557054847,18.49000113351005,0,0,2,ARIMA
2025-03-25,0.004280596752054002,0.012319014083091284,0.0011149266501888633,0.0,0.0034877862374113407,0.004280596943371795,0.012319014083091284,0.004280596752054002,HOLD,LOW,HIGH,Volatile,0.06157419237691057,18.852859497070316,0,0,2,ARIMA
2025-03-26,0.0010704726654504862,0.012631096495962413,8.094357326626778e-05,0.0,0.001756123872311591,0.0010704735875082835,0.012631096495962413,0.0010704726654504862,HOLD,LOW,HIGH,Volatile,0.0622388799792837,19.03500148228237,0,0,2,ARIMA
2025-03-27,-0.0013704786499730641,0.019927372551894168,0.00010812259279191494,0.0,0.0015844499869824996,0.00010812321774232837,0.019927372551894168,-0.0013704786499730641,HOLD,LOW,HIGH,Volatile,0.061913130383723244,19.35714394705636,0,0,2,ARIMA
2025-03-28,0.0015864266973509224,0.02317368938859597,0.0010665870504453778,0.0,0.003547189727336254,0.0015864285673292463,0.02317368938859597,0.0015864266973509224,HOLD,LOW,HIGH,Volatile,0.06161163503325969,17.418571472167972,0,0,2,ARIMA
2025-03-31,-0.00037192943517087786,0.00838133886787309,0.0019188955193385482,0.0,0.0017049806939250934,0.0019188958007894013,0.00838133886787309,-0.00037192943517087786,HOLD,LOW,HIGH,Volatile,0.061427887916628225,17.429285321916854,0,0,2,ARIMA
2025-04-01,0.0006831545949950518,0.003582376149547491,0.002157647628337145,0.0,0.001737811209372477,0.0021576476047134832,0.003582376149547491,0.0006831545949950518,HOLD,LOW,HIGH,Volatile,0.061265387978468255,17.21714346749442,0,0,2,ARIMA
2025-04-02,0.00217110914398179,0.018749574859173456,0.002485776785761118,0.0,0.004042730993161757,0.002485779882168039,0.018749574859173456,0.00217110914398179,HOLD,LOW,HIGH,Volatile,0.06213424254484908,18.505000523158483,0,0,2,ARIMA
2025-04-03,0.0021831942037501186,-0.0027861309558684867,0.0028052940033376217,0.0,0.001989285270578174,0.00218319280259544,-0.0027861309558684867,0.0021831942037501186,HOLD,LOW,HIGH,Volatile,0.0620655555380618,19.244285583496094,0,0,2,ARIMA
2025-04-04,-0.0015097594154579615,0.007605923513800724,0.0031026180367916822,0.0,0.0017941305925884903,0.003102618031545108,0.007605923513800724,-0.0015097594154579615,HOLD,LOW,HIGH,Volatile,0.06683480431021255,20.251428876604354,0,0,2,ARIMA
2025-04-07,-0.0021397314836102185,0.010095260882055116,0.005202270112931728,0.0,0.002884664851291247,0.005202270044806797,0.010095260882055116,-0.0021397314836102185,HOLD,LOW,HIGH,Volatile,0.05514747335464897,21.824286324637278,0,0,2,ARIMA
2025-04-08,0.0011286146118338438,0.014973807368279862,0.008076924830675125,0.0,0.0061174016503537714,0.008076924829602584,0.014973807368279862,0.0011286146118338438,HOLD,LOW,HIGH,Volatile,0.055708574275925495,23.005714416503906,0,0,2,ARIMA
2025-04-09,-0.0005487757817294926,0.015431688029648023,0.011542442254722118,0.0,0.007295589446338297,0.011542442080425982,0.015431688029648023,-0.0005487757817294926,HOLD,LOW,HIGH,Volatile,0.07073626496061908,26.21142905099051,0,0,2,ARIMA
2025-04-10,0.008059370642770661,0.008160303514382643,0.013508973643183708,0.0,0.010862222445150442,0.008160313042576951,0.008160303514382643,0.008059370642770661,HOLD,LOW,HIGH,Volatile,0.07260922350665129,27.490001133510045,0,0,2,ARIMA
2025-04-11,-0.003750812883222967,0.042260212725556384,0.01437397301197052,0.0,0.010283442177457712,0.014373973031280091,0.042260212725556384,-0.003750812883222967,HOLD,LOW,HIGH,Volatile,0.07212612313302857,26.522142682756698,0,0,2,ARIMA
2025-04-14,0.0017004593829719767,0.030314233793460356,0.014384470880031586,0.0,0.011151943867585425,0.014384470896090875,0.030314233793460356,0.0017004593829719767,HOLD,LOW,HIGH,Volatile,0.0711805985453678,26.44714137486049,0,0,2,ARIMA
2025-04-15,0.0008284055184825036,0.009955055579907907,0.01472423691302538,0.0,0.008890374562456765,0.009955055479861427,0.009955055579907907,0.0008284055184825036,HOLD,LOW,HIGH,Volatile,0.06987052215040626,25.702855791364396,0,0,2,ARIMA
2025-04-16,0.001086987473008421,0.014209770398650661,0.014736194163560867,0.0,0.009434859959475215,0.014209768582421569,0.014209770398650661,0.001086987473008421,HOLD,LOW,HIGH,Volatile,0.07031000681167372,25.716427394321986,0,0,2,ARIMA
2025-04-17,-0.000872446473999625,0.003653133306647567,0.015221950598061085,0.0,0.007841405175425462,0.003653133441091805,0.003653133306647567,-0.000872446473999625,HOLD,LOW,HIGH,Volatile,0.07031120573927857,25.08285631452288,0,0,2,ARIMA
2025-04-21,0.0013610724972484382,0.007098509007171119,0.015204064548015594,0.0,0.009046304524716237,0.0070985090580625125,0.007098509007171119,0.0013610724972484382,HOLD,LOW,HIGH,Volatile,0.070494615116075,24.967857360839844,0,0,2,ARIMA
2025-04-22,-0.0010871445662088183,0.003894453314356799,0.015132357366383076,0.0,0.007737859138409394,0.0038944534260463137,0.003894453314356799,-0.0010871445662088183,HOLD,LOW,HIGH,Volatile,0.0660551056497006,24.753570556640625,0,0,2,ARIMA
2025-04-23,0.0029445416268287106,0.0015680919498301598,0.015286963433027267,0.0,0.009126932340478459,0.00294454227127317,0.0015680919498301598,0.0029445416268287106,HOLD,LOW,HIGH,Volatile,0.06677287509893877,23.87928662981306,0,0,2,ARIMA
2025-04-24,0.00207799479235294,0.0032927989447924496,0.014644363895058632,0.0,0.008642475536467202,0.0032927996785393804,0.0032927989447924496,0.00207799479235294,HOLD,LOW,HIGH,Volatile,0.06627417389534139,23.100001743861608,0,0,2,ARIMA
2025-04-25,0.0014559124347832194,-0.0060595929148229725,0.012669723480939865,0.0,0.006426630333142299,0.0014559124786462244,-0.0060595929148229725,0.0014559124347832194,HOLD,LOW,HIGH,Volatile,0.06966277231690954,22.818572998046875,0,0,2,ARIMA
2025-04-28,0.003264282111266595,-0.009000978131230802,0.009572360664606094,0.0,0.005231219659330922,0.003264282034307756,-0.009000978131230802,0.003264282111266595,HOLD,LOW,HIGH,Volatile,0.06909183032022903,21.724999564034597,0,0,2,ARIMA
2025-04-29,0.00015882296369223504,-0.004008130745373205,0.005718904547393322,0.0,0.0025779719601081406,0.0001588230237717715,-0.004008130745373205,0.00015882296369223504,HOLD,LOW,HIGH,Volatile,0.06901128206265661,20.382857186453684,0,0,2,ARIMA
2025-04-30,0.0014715075813428343,0.012716145653025417,0.0019889078103005886,0.0,0.002896726628613658,0.0019889096423952248,0.012716145653025417,0.0014715075813428343,HOLD,LOW,HIGH,Volatile,0.06921241226994704,18.127142769949778,0,0,2,ARIMA
2025-05-01,-0.0003057784056504654,-0.009893419995730277,-0.0004666377790272236,0.0,-0.00137735130278842,-0.00046664381323969725,-0.009893419995730277,-0.0003057784056504654,HOLD,LOW,HIGH,Volatile,0.06824037452207375,16.569284711565295,0,0,2,ARIMA
2025-05-02,0.001002792882845624,-0.0018718793882154102,-0.0012324200943112373,0.0,-0.00043913257450305283,-0.0012324189823497995,-0.0018718793882154102,0.001002792882845624,HOLD,LOW,HIGH,Volatile,0.06712454405928754,16.46857125418528,0,0,2,ARIMA
2025-05-05,0.0015849731655733057,-0.005458288057670877,-0.0006748675368726254,0.0,-0.0002996406794958514,-0.0006748677700223801,-0.005458288057670877,0.0015849731655733057,HOLD,LOW,HIGH,Volatile,0.06203544838885368,16.25000000000001,0,0,2,ARIMA
2025-05-06,-3.904961834563607e-05,0.004080883670792671,0.0004941885708831251,0.0,0.000659236813136304,0.0004941901605582093,0.004080883670792671,-3.904961834563607e-05,HOLD,LOW,HIGH,Volatile,0.06182438586893783,16.085714067731598,0,0,2,ARIMA
2025-05-07,0.0005781681050367172,0.0122931221046844,0.001715474994853139,0.0,0.0023695563790006834,0.0017154757780587255,0.0122931221046844,0.0005781681050367172,HOLD,LOW,HIGH,Volatile,0.06029822077310314,15.135714939662398,0,0,2,ARIMA
2025-05-08,0.0011040186046114757,0.01177349789932512,0.002726608421653509,0.0,0.003036210873059402,0.0027266089266827355,0.01177349789932512,0.0011040186046114757,HOLD,LOW,HIGH,Volatile,0.04006831094776716,15.629999433244986,0,0,2,ARIMA
2025-05-09,0.0017166623008450228,0.008639647703255952,0.0034176004119217396,0.0,0.003302479362677728,0.003417600807719722,0.008639647703255952,0.0017166623008450228,HOLD,LOW,HIGH,Volatile,0.03673187545933904,15.889999389648446,0,0,2,ARIMA
2025-05-12,0.0019267804555245399,0.008593170269910813,0.004068039357662201,0.0,0.0037117502151861837,0.004068039603350961,0.008593170269910813,0.0019267804555245399,HOLD,LOW,HIGH,Volatile,0.038787899766193366,16.50856998988561,0,0,2,ARIMA
2025-05-13,0.002349145492868886,0.006919303627786763,0.004279055632650852,0.0,0.0038095517599097337,0.004279055771807688,0.006919303627786763,0.002349145492868886,HOLD,LOW,HIGH,Volatile,0.03951646346914163,16.459284101213736,0,0,2,ARIMA
2025-05-14,0.001693305474193089,0.004748963517420584,0.004461889620870352,0.0,0.0034272085040404753,0.004461886522478126,0.004748963517420584,0.001693305474193089,HOLD,LOW,HIGH,Volatile,0.03989201375726309,16.858568464006705,0,0,2,ARIMA
2025-05-15,0.001611407345290756,-0.0010299062186002112,0.004290650598704815,0.0,0.0027117806201232453,0.0016114073506424895,-0.0010299062186002112,0.001611407345290756,HOLD,LOW,HIGH,Volatile,0.0374515578987823,15.831425258091526,0,0,2,ARIMA
2025-05-16,0.00012759848254245915,0.005093057410338093,0.004083074629306793,0.0,0.0026667106090422967,0.0040830738938338025,0.005093057410338093,0.00012759848254245915,HOLD,LOW,HIGH,Volatile,0.03720760379183877,14.892142159598222,0,0,2,ARIMA
2025-05-19,0.0015902420165957566,-0.0018854987055806122,0.0036806645803153515,0.0,0.002302809904593692,0.0015902418262237921,-0.0018854987055806122,0.0015902420165957566,HOLD,LOW,HIGH,Volatile,0.0339531322504867,15.089285714285722,0,0,2,ARIMA
2025-05-20,2.9693968127148776e-05,0.0015495075167851825,0.0032623307779431343,0.0,0.001842931436888906,0.0015495075907454576,0.0015495075167851825,2.9693968127148776e-05,HOLD,LOW,HIGH,Volatile,0.0336031743727989,14.52571323939733,0,0,2,ARIMA
2025-05-21,0.0012150926691711474,0.005886436934315431,0.0033249666448682547,0.0,0.0027781537208651595,0.003324966728285181,0.005886436934315431,0.0012150926691711474,HOLD,LOW,HIGH,Volatile,0.03407724928422262,14.817855834960941,0,0,2,ARIMA
2025-05-22,3.939073818478298e-05,-0.005466652472041685,0.0036701716016978025,0.0,0.001331791633941004,3.939064446624273e-05,-0.005466652472041685,3.939073818478298e-05,HOLD,LOW,HIGH,Volatile,0.03377560727986457,14.88285391671317,0,0,2,ARIMA
2025-05-23,0.0016494988803320417,-0.006902308702930647,0.0033719358034431934,0.0,0.001649814348223361,0.001649498417339576,-0.006902308702930647,0.0016494988803320417,HOLD,LOW,HIGH,Volatile,0.02824752646398065,14.679997035435267,0,0,2,ARIMA
2025-05-27,0.0006377078824273059,0.0018097776926930965,0.002611155854538083,0.0,0.0017698462951984077,0.0018097772996869712,0.0018097776926930965,0.0006377078824273059,HOLD,LOW,HIGH,Volatile,0.03106274923695401,15.78999764578683,0,0,2,ARIMA
2025-05-28,0.002978921779520681,0.007807692909164364,0.0017404071986675262,0.0,0.002842471946969074,0.0029789223786315802,0.007807692909164364,0.002978921779520681,HOLD,LOW,HIGH,Volatile,0.031614262216878575,15.944996425083705,0,0,2,ARIMA
2025-05-29,-2.5518529426064927e-05,-0.011675544786913725,0.0010368822840973735,0.0,-0.0006830529887346239,-2.551938309986256e-05,-0.011675544786913725,-2.5518529426064927e-05,HOLD,LOW,HIGH,Volatile,0.029890753427659608,15.811425345284599,0,0,2,ARIMA
2025-05-30,0.00116993637118647,-0.0024683961353059876,0.0006157464813441038,0.0,0.0005106002869064494,0.0006157450074252395,-0.0024683961353059876,0.00116993637118647,HOLD,LOW,HIGH,Volatile,0.03139645247732241,15.537852696010049,0,0,2,ARIMA
2025-06-02,-0.00013846738509832744,-0.001717074743751071,0.0009162728674709797,0.0,0.00023913030556533318,-0.00013846769873666242,-0.001717074743751071,-0.00013846738509832744,HOLD,LOW,HIGH,Volatile,0.031591359180319474,14.876425606863844,0,0,2,ARIMA
2025-06-03,0.0008130880059896981,0.0006005133616496511,0.0008950739866122603,0.0,0.0008331674580016673,0.0008130807592213501,0.0006005133616496511,0.0008130880059896981,HOLD,LOW,HIGH,Volatile,0.030631237741212014,14.299281529017861,0,0,2,ARIMA
2025-06-04,0.0011225316284498841,-0.0011411667147528688,0.0007885093800723553,0.0,0.000717831487479763,0.0007885069217602834,-0.0011411667147528688,0.0011225316284498841,HOLD,LOW,HIGH,Volatile,0.03177531670552581,14.466426304408486,0,0,2,ARIMA
2025-06-05,-0.0002027077801512587,-0.0032272590848159,0.0011357595212757587,0.0,0.00017109839355345036,-0.00020270819575079113,-0.0032272590848159,-0.0002027077801512587,HOLD,LOW,HIGH,Volatile,0.048422877622148905,17.743569510323663,0,0,2,ARIMA
2025-06-06,-0.0034819878579346966,0.01945476586149565,0.005281132645905018,0.0,0.0033746952613374214,0.005281132689449995,0.01945476586149565,-0.0034819878579346966,HOLD,LOW,HIGH,Volatile,0.04860695087028303,18.565710885184156,0,0,2,ARIMA
2025-06-09,0.003008206943279446,-0.003233254451607902,0.006518582813441753,0.0,0.004163038641622386,0.0030082068187394337,-0.003233254451607902,0.003008206943279446,HOLD,LOW,HIGH,Volatile,0.048532479559463076,19.377851213727684,0,0,2,ARIMA
2025-06-10,0.0019960831564841707,0.00518805975191619,0.006533682346343994,0.0,0.004650513488403031,0.005188059322957906,0.00518805975191619,0.0019960831564841707,HOLD,LOW,HIGH,Volatile,0.04788504069493206,19.798566545758934,0,0,2,ARIMA
2025-06-11,0.002300726990309135,-0.007754763078114809,0.005733548663556576,0.0,0.0030223297783403356,0.002300726798601586,-0.007754763078114809,0.002300726990309135,HOLD,LOW,HIGH,Volatile,0.04659762430598,19.644995553152906,0,0,2,ARIMA
2025-06-12,0.000594991765514396,-0.009272004244597915,0.00503529654815793,0.0,0.0018522871075529472,0.0005949916417334504,-0.009272004244597915,0.000594991765514396,HOLD,LOW,HIGH,Volatile,0.04578805858908345,19.63214111328125,0,0,2,ARIMA
2025-06-13,0.00023747625400754766,0.004477285026631932,0.004809613339602947,0.0,0.0030177079214603643,0.004477282271306644,0.004477285026631932,0.00023747625400754766,HOLD,LOW,HIGH,Volatile,0.04601870198172367,20.326426914760045,0,0,2,ARIMA
2025-06-16,0.0016467793918703857,0.0045855183769199755,0.004683376289904118,0.0,0.0035059527949485554,0.004585508702708693,0.0045855183769199755,0.0016467793918703857,HOLD,LOW,HIGH,Volatile,0.045822601651370864,19.0614253452846,0,0,2,ARIMA
2025-06-17,0.0011398636321238282,0.009009213538155914,0.004076375160366297,0.0,0.0034564380030711523,0.004076375298033771,0.009009213538155914,0.0011398636321238282,HOLD,LOW,HIGH,Volatile,0.0463542977386197,19.439998081752236,0,0,2,ARIMA
2025-06-18,-0.0003480806092097873,-0.004963078838021196,0.0037816662807017565,0.0,0.0012919243203885892,-0.00034808063464722417,-0.004963078838021196,-0.0003480806092097873,HOLD,LOW,HIGH,Volatile,0.046572617301288546,19.59428405761719,0,0,2,ARIMA
2025-06-20,0.001719008763591583,0.0008317052644396228,0.0034387456253170967,0.0,0.002508679372557006,0.0017190093072585954,0.0008317052644396228,0.001719008763591583,HOLD,LOW,HIGH,Volatile,0.04623599205914658,19.32214137486049,0,0,2,ARIMA
2025-06-23,0.0008037193960024136,0.0005724046745903519,0.0030086941551417112,0.0,0.0019097090921501312,0.0008037232289570792,0.0005724046745903519,0.0008037193960024136,HOLD,LOW,HIGH,Volatile,0.04950367709161275,20.799998692103795,0,0,2,ARIMA
2025-06-24,0.003306033716916218,-0.004292987825466211,0.002414335496723652,0.0,0.002065134470014414,0.002414334526823872,-0.004292987825466211,0.003306033716916218,HOLD,LOW,HIGH,Volatile,0.04980405596879915,21.022142682756698,0,0,2,ARIMA
2025-06-25,-0.00036787817395658945,0.0008738661841241444,0.0016976003535091877,0.0,0.0008186059924322065,0.000873865777103994,0.0008738661841241444,-0.00036787817395658945,HOLD,LOW,HIGH,Volatile,0.047902689917083484,21.331427437918528,0,0,2,ARIMA
2025-06-26,-4.244788916397198e-05,0.0024487571891625773,0.0013213689671829343,0.0,0.0009134023679954082,0.0013213688139102962,0.0024487571891625773,-4.244788916397198e-05,HOLD,LOW,HIGH,Volatile,0.04782629420957777,17.659999302455358,0,0,2,ARIMA
2025-06-27,0.0010323343591801906,0.0021841476288542157,0.00022243830608204007,0.0,0.0007361657365177871,0.001032334724173979,0.0021841476288542157,0.0010323343591801906,HOLD,LOW,HIGH,Volatile,0.047782347335851946,17.01999991280692,0,0,2,ARIMA
2025-06-30,0.0007537862832547016,0.008453298698903685,-0.001004592515528202,0.0,0.0006471234085156369,0.0007537867214696644,0.008453298698903685,0.0007537862832547016,HOLD,LOW,HIGH,Volatile,0.04741632652244702,15.662857055664062,0,0,2,ARIMA
2025-07-01,0.00041269728792515795,0.001016317593650011,-0.001882623415440321,0.0,-0.0007011763307098802,0.00041269607201437753,0.001016317593650011,0.00041269728792515795,HOLD,LOW,HIGH,Volatile,0.04873547460096418,16.034286499023438,0,0,2,ARIMA
2025-07-02,-0.0005790573079671041,-0.002920349083131106,-0.001970008946955204,0.0,-0.001533345341864902,-0.0019700086148099647,-0.002920349083131106,-0.0005790573079671041,HOLD,LOW,HIGH,Volatile,0.05022837089188413,16.25714329310826,0,0,2,ARIMA
2025-07-03,0.002758237326930065,-0.005247547105058212,-0.0019124385435134172,0.0,-0.000461018414731262,-0.0019124384578629344,-0.005247547105058212,0.002758237326930065,HOLD,LOW,HIGH,Volatile,0.04966898602367946,15.54214259556362,0,0,2,ARIMA
2025-07-07,0.0005258489238357728,0.0025428552850262575,-0.0019192122854292393,0.0,-0.000518935909409863,0.0005258488371960632,0.0025428552850262575,0.0005258489238357728,HOLD,LOW,HIGH,Volatile,0.03854509715324233,16.03428649902344,0,0,2,ARIMA
2025-07-08,-0.0011554755389483842,-0.00027951440303159873,-0.0014180818106979132,0.0,-0.00119966601164876,-0.0011554728987396843,-0.00027951440303159873,-0.0011554755389483842,HOLD,LOW,HIGH,Volatile,0.037801286729097335,16.275000435965403,0,0,2,ARIMA
2025-07-09,0.0018191805946154854,0.003558894995647815,-0.0005775984609499574,0.0,0.0007705281722625889,0.0018191804373472484,0.003558894995647815,0.0018191805946154854,HOLD,LOW,HIGH,Volatile,0.03636423393594141,15.718571254185267,0,0,2,ARIMA
2025-07-10,0.0006151376095343276,0.0035975049673774746,-2.526876050978899e-05,0.0,0.0005946737375997173,0.0006151388311026526,0.0035975049673774746,0.0006151376095343276,HOLD,LOW,HIGH,Volatile,0.035667391642224655,15.770714896065849,0,0,2,ARIMA
2025-07-11,0.002346088951254234,0.007125106786845612,8.261820767074823e-05,0.0,0.00167930690925109,0.0023460891835031363,0.007125106786845612,0.002346088951254234,HOLD,LOW,HIGH,Volatile,0.03580282594447305,15.332144601004464,0,0,2,ARIMA
2025-07-14,0.0009276722507477546,-0.0027553741786392628,-4.761829040944576e-05,0.0,4.794630746449049e-05,-4.761894460992282e-05,-0.0027553741786392628,0.0009276722507477546,HOLD,LOW,HIGH,Volatile,0.0355671604187517,13.514286586216517,0,0,2,ARIMA
2025-07-15,0.0011636413535421424,-0.0007149339634244201,0.00014521705452352762,0.0,0.00044797853469969373,0.0001452172344288294,-0.0007149339634244201,0.0011636413535421424,HOLD,LOW,HIGH,Volatile,0.035499044729489206,13.148572649274554,0,0,2,ARIMA
2025-07-16,0.0002609715826666192,0.00870179276134318,0.0006004343158565462,0.0,0.0013057466418033657,0.0006004371210292097,0.00870179276134318,0.0002609715826666192,HOLD,LOW,HIGH,Volatile,0.036325621557105,12.442858014787946,0,0,2,ARIMA
2025-07-17,0.002088150305227596,0.0015592983816125024,0.0004726542392745614,0.0,0.0012057906283540745,0.0015592974164201606,0.0015592983816125024,0.002088150305227596,HOLD,LOW,HIGH,Volatile,0.03522437772850562,12.431429181780137,0,0,2,ARIMA
2025-07-18,0.0004533205973221158,0.003035074139565434,0.00021468359045684338,0.0,0.0005973970259430788,0.0004533243659311536,0.003035074139565434,0.0004533205973221158,HOLD,LOW,HIGH,Volatile,0.035709863961838756,12.406428745814736,0,0,2,ARIMA
2025-07-21,0.0019172902297928721,0.011015299802973862,-0.0002592788077890873,0.0,0.001740623367128833,0.0019172905789197926,0.011015299802973862,0.0019172902297928721,HOLD,LOW,HIGH,Volatile,0.03572502755018428,12.559286934988844,0,0,2,ARIMA
2025-07-22,0.0005812247813157363,-0.0036993799076238325,-0.0005874937633052468,0.0,-0.00045926532080487435,-0.0005874942963395426,-0.0036993799076238325,0.0005812247813157363,HOLD,LOW,HIGH,Volatile,0.030789605748688314,11.802858625139512,0,0,2,ARIMA
2025-07-23,0.0012775654555835215,-0.0060816749636901715,-0.0009298122022300959,0.0,-0.0006127649631642376,-0.0009298124608170388,-0.0060816749636901715,0.0012775654555835215,HOLD,LOW,HIGH,Volatile,0.03038089546614675,11.189287458147325,0,0,2,ARIMA
2025-07-24,0.0008493848276137435,-0.001139852299425573,-0.0013649417087435722,0.0,-0.0004904887833484877,-0.001139848398065404,-0.001139852299425573,0.0008493848276137435,HOLD,LOW,HIGH,Volatile,0.034894687252442255,13.079286847795759,0,0,2,ARIMA
2025-07-25,-0.0015850736061911955,0.0002062317806538675,-0.0011338377371430397,0.0,-0.0011690481462674055,-0.001133836275901814,0.0002062317806538675,-0.0015850736061911955,HOLD,LOW,HIGH,Volatile,0.035914425691510904,12.490001133510045,0,0,2,ARIMA
2025-07-28,0.002594460297783983,-0.0032640428104900713,-0.0007867177482694387,0.0,0.0002574906488998132,-0.0007867176405139196,-0.0032640428104900713,0.002594460297783983,HOLD,LOW,HIGH,Volatile,0.036555494553286966,12.825001307896205,0,0,2,ARIMA
2025-07-29,0.0014618685592929848,-0.0046743892677628554,-0.0007519155042245984,0.0,-0.00030557076960620886,-0.0007519157007209029,-0.0046743892677628554,0.0014618685592929848,HOLD,LOW,HIGH,Volatile,0.03643527935568792,12.925000871930804,0,0,2,ARIMA
2025-07-30,0.0002782558421681086,-0.003556186860224403,-0.0007427339442074299,0.0,-0.0006405063064789666,-0.000742734566551872,-0.003556186860224403,0.0002782558421681086,HOLD,LOW,HIGH,Volatile,0.03409951657135693,12.798573085239955,0,0,2,ARIMA
2025-07-31,0.0008201917292771253,0.00875376949586698,-0.0004908600822091103,0.0,0.0009668925710762276,0.0008201923648469877,0.00875376949586698,0.0008201917292771253,HOLD,LOW,HIGH,Volatile,0.033299321874716126,13.286429268973214,0,0,2,ARIMA
2025-08-01,-4.371039045231184e-05,0.002318945599847644,0.0002651192480698228,0.0,0.00035829012474237863,0.00026512197884810944,0.002318945599847644,-4.371039045231184e-05,HOLD,LOW,HIGH,Volatile,0.03352244560574973,13.397857666015621,0,0,2,ARIMA
2025-08-04,0.0006419800699804584,0.01414892638513041,0.0007062548538669944,0.0,0.0020684123968345977,0.0007062698681999319,0.01414892638513041,0.0006419800699804584,HOLD,LOW,HIGH,Volatile,0.029765339514653565,13.311427525111602,0,0,2,ARIMA
2025-08-05,0.0016698181559391845,0.0073379270758802805,0.0005334332818165421,0.0,0.0016722943302137391,0.0016698188580133709,0.0073379270758802805,0.0016698181559391845,HOLD,LOW,HIGH,Volatile,0.029673523788156547,12.899285452706469,0,0,2,ARIMA
2025-08-06,0.0006719017181318115,0.001792161698614404,0.00011854234617203474,0.0,0.0005039300945929834,0.0006719026277100021,0.001792161698614404,0.0006719017181318115,HOLD,LOW,HIGH,Volatile,0.030534830216759824,13.346429007393965,0,0,2,ARIMA
2025-08-07,0.0019515390833969816,0.0002011679383127187,-0.0004206638550385833,0.0,0.0005554113529941675,0.00020116897065450477,0.0002011679383127187,0.0019515390833969816,HOLD,LOW,HIGH,Volatile,0.028894291410182786,12.971429007393965,0,0,2,ARIMA
2025-08-08,0.0008247787265574123,-0.0021254928395708327,-0.0011021767277270555,0.0,-0.00046699156238047914,-0.0011021762708331448,-0.0021254928395708327,0.0008247787265574123,HOLD,LOW,HIGH,Volatile,0.029190805875594698,13.189285278320304,0,0,2,ARIMA
2025-08-11,0.0015052499547934329,-0.0006462319565681134,-0.0014711811672896147,0.0,-0.0002418733494875566,-0.0006462312116678309,-0.0006462319565681134,0.0015052499547934329,HOLD,LOW,HIGH,Volatile,0.02969996249071015,13.412857055664054,0,0,2,ARIMA
2025-08-12,0.00153088112085177,-0.0031424972079278834,-0.0017649426590651274,0.0,-0.0006400839745022129,-0.001764942237423643,-0.0031424972079278834,0.00153088112085177,HOLD,LOW,HIGH,Volatile,0.029208268960507797,13.755000523158474,0,0,2,ARIMA
2025-08-13,0.0008331692106047918,0.005073513032360786,-0.001997863408178091,0.0,-0.000180012424100856,0.0008331693278646873,0.005073513032360786,0.0008331692106047918,HOLD,LOW,HIGH,Volatile,0.028399582505219793,12.228572300502227,0,0,2,ARIMA
2025-08-14,0.0007388327510588074,-0.002086384542955874,-0.002179706236347556,0.0,-0.0010481345221863836,-0.002086374405831556,-0.002086384542955874,0.0007388327510588074,HOLD,LOW,HIGH,Volatile,0.0284909419136538,11.638571602957585,0,0,2,ARIMA
2025-08-15,0.0006093467344862971,0.006122423677587265,-0.002308913739398122,0.0,-0.00031722493301649735,0.000609346895600381,0.006122423677587265,0.0006093467344862971,HOLD,LOW,HIGH,Volatile,0.027886894632100295,11.458572387695309,0,0,2,ARIMA
2025-08-18,0.0005537855567492115,0.004024244897990489,-0.0020397580228745937,0.0,-0.00041713214639457134,0.0005537856540446388,0.004024244897990489,0.0005537855567492115,HOLD,LOW,HIGH,Volatile,0.028036289747883514,11.364286150251113,0,0,2,ARIMA
2025-08-19,0.0014201791682686886,0.004977323117024609,-0.0021956346463412046,0.0,-6.561829206941025e-05,0.0014201791637122726,0.004977323117024609,0.0014201791682686886,HOLD,LOW,HIGH,Volatile,0.028229508735337926,11.354997907366068,0,0,2,ARIMA
2025-08-20,0.0002758587616198939,-0.0026362714324475243,-0.0018920865841209888,0.0,-0.0011354624888216215,-0.0018920857048110426,-0.0026362714324475243,0.0002758587616198939,HOLD,LOW,HIGH,Volatile,0.02845359077389848,11.462140764508925,0,0,2,ARIMA
2025-08-21,0.000567444315265784,-0.006328705440278327,-0.0014276271685957909,0.0,-0.001166321432947739,-0.0014276274653755186,-0.006328705440278327,0.000567444315265784,HOLD,LOW,MEDIUM,Volatile,0.020684449547547515,11.08571297781808,0,0,1,ARIMA
2025-08-22,0.0006872210742585146,-0.0017547297090225343,-0.00134469592012465,0.0,-0.0006058897925505586,-0.001344693984799065,-0.0017547297090225343,0.0006872210742585146,HOLD,LOW,MEDIUM,Volatile,0.02340953931259426,11.876427786690849,0,0,1,ARIMA
2025-08-25,0.002716220171017333,-0.00367797302590946,-0.00150846759788692,0.0,-0.0001082400432782008,-0.001508467373968758,-0.00367797302590946,0.002716220171017333,HOLD,LOW,MEDIUM,Volatile,0.022906417137812763,12.415712629045759,0,0,1,ARIMA
2025-08-26,0.0009107268480076171,-0.0074543296023861436,-0.0016996031627058983,0.0,-0.001289849910737257,-0.0016996033717961046,-0.0074543296023861436,0.0009107268480076171,HOLD,LOW,MEDIUM,Volatile,0.02268875772768828,12.032854352678571,0,0,1,ARIMA
2025-08-27,0.0011511508415845261,0.0015585313203177278,-0.0019064981024712324,0.0,-0.000373594305889685,0.0011511487257023182,0.0015585313203177278,0.0011511508415845261,HOLD,LOW,MEDIUM,Volatile,0.022667452743559434,12.032141549246651,0,0,1,ARIMA
2025-08-28,0.0005926103686702798,0.0017469186460109096,-0.0018696885090321302,0.0,-0.0005500108802688997,0.0005926099096437764,0.0017469186460109096,0.0005926103686702798,HOLD,LOW,MEDIUM,Volatile,0.021081264114166606,11.969284057617188,0,0,1,ARIMA
2025-08-29,0.0006413792379470353,0.003379010135389775,-0.0014333869330585003,0.0,-0.00013931613669024214,0.0006413793544522405,0.003379010135389775,0.0006413792379470353,HOLD,LOW,MEDIUM,Volatile,0.02242627584211717,11.973567417689733,0,0,1,ARIMA
2025-09-02,-4.830829007062599e-05,-0.002413927510785009,-0.0003705054987221956,0.0,-0.0004574642138099676,-0.0003705080943717338,-0.002413927510785009,-4.830829007062599e-05,HOLD,LOW,MEDIUM,Volatile,0.022425837397322883,11.684280395507812,0,0,1,ARIMA
2025-09-03,0.0008029191545789919,-0.0015539142943209083,3.193959128111601e-05,0.0,0.00016470845790926504,3.19389273661804e-05,-0.0015539142943209083,0.0008029191545789919,HOLD,LOW,MEDIUM,Volatile,0.022527303749921537,11.972850254603795,0,0,1,ARIMA
2025-09-04,0.0014052339611945353,0.004537507179523697,0.0002794467145577073,0.0,0.0011515210252205396,0.0014052345288335267,0.004537507179523697,0.0014052339611945353,HOLD,LOW,MEDIUM,Volatile,0.021399122830949968,11.782849993024554,0,0,1,ARIMA
2025-09-05,0.0011391570844157656,0.00021908791092532229,-0.00016181031242012978,0.0,0.00037760401613548664,0.00021908943807238368,0.00021908791092532229,0.0011391570844157656,HOLD,LOW,MEDIUM,Volatile,0.022619889636057443,12.144278390066964,0,0,1,ARIMA
2025-09-08,0.0018005194941531867,0.00027797135366457247,-0.0007688318146392703,0.0,0.00032687494817366155,0.00027797165120045284,0.00027797135366457247,0.0018005194941531867,HOLD,LOW,MEDIUM,Volatile,0.02248860351264438,12.638565063476562,0,0,1,ARIMA
2025-09-09,0.00021265712534311164,-0.006022741499380828,-0.0009288305882364511,0.0,-0.0010155535869075956,-0.0009288312665182834,-0.006022741499380828,0.00021265712534311164,HOLD,LOW,MEDIUM,Volatile,0.021667993399619997,12.227850777762276,0,0,1,ARIMA
2025-09-10,0.0010520525799545407,0.001433786513588014,-0.001379313413053751,0.0,-0.0001544239746209316,0.0010520503849332826,0.001433786513588014,0.0010520525799545407,HOLD,LOW,MEDIUM,Volatile,0.021648119493596747,11.762850080217634,0,0,1,ARIMA
2025-09-11,0.0009349835143948288,0.0019956356064031217,-0.001736082835122943,0.0,-0.000324274974043826,0.0009349829474550636,0.0019956356064031217,0.0009349835143948288,HOLD,LOW,HIGH,Volatile,0.025135422319816646,12.846420288085938,0,0,2,ARIMA
2025-09-12,0.00255096859684675,-0.005119734464896829,-0.0022673325147479773,0.0,-0.0007093620139685666,-0.002267332371867803,-0.005119734464896829,0.00255096859684675,HOLD,LOW,HIGH,Volatile,0.02892223432010598,13.369277954101566,0,0,2,ARIMA
2025-09-15,0.0024141075432640973,-0.007623720075631576,-0.002696053124964237,0.0,-0.0012399889367016056,-0.0026960531177227815,-0.007623720075631576,0.0024141075432640973,HOLD,LOW,HIGH,Volatile,0.028962130847497825,14.45927865164621,0,0,2,ARIMA
2025-09-16,0.0012878437748867746,-0.017588633332881732,-0.0023915378842502832,0.0,-0.0025449792476640153,-0.002391538090094042,-0.017588633332881732,0.0012878437748867746,HOLD,LOW,HIGH,Volatile,0.029208663352063242,14.818564278738844,0,0,2,ARIMA
2025-09-17,0.0013963143626572027,-0.008242110598579636,-0.0024655607994645834,0.0,-0.0015769404572413715,-0.002465560885218321,-0.008242110598579636,0.0013963143626572027,HOLD,LOW,HIGH,Volatile,0.028403079535462984,15.704990931919648,0,0,2,ARIMA
2025-09-18,0.0009370241507861998,-0.009049653403165832,-0.0024875993840396404,0.0,-0.0018481068008407752,-0.0024875995235272372,-0.009049653403165832,0.0009370241507861998,HOLD,LOW,HIGH,Volatile,0.028684863495745574,15.874278477260049,0,0,2,ARIMA
2025-09-19,0.00022829117527770645,0.006810322664317477,-0.0019499578047543764,0.0,-0.000208807275209848,0.00022829148205831255,0.006810322664317477,0.00022829117527770645,HOLD,LOW,HIGH,Volatile,0.02816135786941466,15.55785042898996,0,0,2,ARIMA
2025-09-22,0.0018107291109361258,-0.0035294838246842804,-0.0019122811499983072,0.0,-0.0006479278170254568,-0.0019122808008659729,-0.0035294838246842804,0.0018107291109361258,HOLD,LOW,HIGH,Volatile,0.02604319923865803,16.31785147530692,0,0,2,ARIMA
2025-09-23,0.0013710195476540556,-0.006549090211551886,-0.0018002858851104975,0.0,-0.0010711027347587807,-0.0018002859897486526,-0.006549090211551886,0.0013710195476540556,HOLD,LOW,HIGH,Volatile,0.026917437727076023,16.491424560546875,0,0,2,ARIMA
2025-09-24,0.00021838004884477762,-0.0011650648156799812,-0.0012373875360935926,0.0,-0.0006703003736029565,-0.0011650520825103343,-0.0011650648156799812,0.00021838004884477762,HOLD,LOW,HIGH,Volatile,0.02766624208690341,17.273566109793528,0,0,2,ARIMA
2025-09-25,0.002327734380680251,-0.003082966039018497,-0.001162974163889885,0.0,-1.9160619439228914e-05,-0.0011629739299070367,-0.003082966039018497,0.002327734380680251,HOLD,LOW,HIGH,Volatile,0.03020624141443885,17.728567940848215,0,0,2,ARIMA
2025-09-26,-0.0007359973562408877,-0.00977035686785422,-0.0006956391735002398,0.0,-0.0016473825652288513,-0.0007360208538276242,-0.00977035686785422,-0.0007359973562408877,HOLD,LOW,HIGH,Volatile,0.03052304925824706,18.14642551967076,0,0,2,ARIMA
2025-09-29,0.0025458897588353227,-0.004496720627529392,-0.000582405598834157,0.0,0.00021633700006251644,-0.0005824056629507613,-0.004496720627529392,0.0025458897588353227,HOLD,LOW,HIGH,Volatile,0.028443020886612044,18.469999040876115,0,0,2,ARIMA
2025-09-30,0.0008374321434945516,-0.0032438626651689457,-0.0006760252872481942,0.0,-0.0003591435045340899,-0.0006760255579853524,-0.0032438626651689457,0.0008374321434945516,HOLD,LOW,HIGH,Volatile,0.02781670195869968,18.58571515764509,0,0,2,ARIMA
2025-10-01,0.0010293512867868113,-0.00025486420755475755,-0.0009372676722705364,0.0,-0.00011085781209138916,-0.00025486352390223353,-0.00025486420755475755,0.0010293512867868113,HOLD,LOW,HIGH,Volatile,0.0280916691624156,18.596431187220983,0,0,2,ARIMA
2025-10-02,0.0019457470635410134,-0.003149494641675692,-0.001108711352571845,0.0,-0.00014506286250700554,-0.0011087111902196847,-0.003149494641675692,0.0019457470635410134,HOLD,LOW,HIGH,Volatile,0.03198814371984854,19.117858886718743,0,0,2,ARIMA
2025-10-03,-0.0009150362142703744,-0.005178180552645732,0.0004175942740403116,0.0,-0.0006720052077691439,-0.0009150367290828705,-0.005178180552645732,-0.0009150362142703744,HOLD,LOW,HIGH,Volatile,0.032043157266125354,19.148572649274545,0,0,2,ARIMA
2025-10-06,0.0009437612055546865,0.005633228643588118,0.0016069089761003852,0.0,0.0017673730151821286,0.0016069102312837099,0.005633228643588118,0.0009437612055546865,HOLD,LOW,HIGH,Volatile,0.03293429937391647,19.89928763253348,0,0,2,ARIMA
2025-10-07,0.002704219080848836,0.003938392768384733,0.0012633149744942784,0.0,0.0020932117786354883,0.002704218964947708,0.003938392768384733,0.002704219080848836,HOLD,LOW,HIGH,Volatile,0.03541660962950825,20.05357360839843,0,0,2,ARIMA
2025-10-08,-0.0008648375325581274,-0.01494996008628267,0.0013552719028666615,0.0,-0.0011803751826326104,-0.0008648379115941623,-0.01494996008628267,-0.0008648375325581274,HOLD,LOW,HIGH,Volatile,0.03535822127573685,20.085000174386153,0,0,2,ARIMA
2025-10-09,0.0017331186467906003,-0.005925373587999824,0.0008970769122242928,0.0,0.0005146028895451271,0.0008970758654980589,-0.005925373587999824,0.0017331186467906003,HOLD,LOW,HIGH,Volatile,0.033775558836195534,20.077144077845976,0,0,2,ARIMA
2025-10-10,0.0006265405565801148,0.005194767539441365,6.451457738876343e-05,0.0,0.0008098511301445945,0.0006265421107411829,0.005194767539441365,0.0006265405565801148,HOLD,LOW,HIGH,Volatile,0.032947033162863903,20.989286150251107,0,0,2,ARIMA
2025-10-13,-0.000582676216717223,-0.008717527804475395,0.0008474586647935212,0.0,-0.0006891227414070682,-0.0005826767920778675,-0.008717527804475395,-0.000582676216717223,HOLD,LOW,HIGH,Volatile,0.03409962501503548,21.42857360839843,0,0,2,ARIMA
2025-10-14,0.003004597075974131,-0.004978429639031649,0.0005269754328764975,0.0,0.0009114351956998664,0.0005269752111628632,-0.004978429639031649,0.003004597075974131,HOLD,LOW,HIGH,Volatile,0.03381476673032702,21.405718122209812,0,0,2,ARIMA
2025-10-15,5.8371046502133945e-05,0.002733983765296237,4.9496651627123356e-05,0.0,0.0003298638060375917,5.846263532056245e-05,0.002733983765296237,5.8371046502133945e-05,HOLD,LOW,HIGH,Volatile,0.03387667863929663,20.725003923688607,0,0,2,ARIMA
2025-10-16,0.001522332685103264,0.003971640853986987,-0.0005479861283674836,0.0,0.0007141702398135383,0.001522332759709068,0.003971640853986987,0.001522332685103264,HOLD,LOW,HIGH,Volatile,0.03367873264062779,20.62428937639508,0,0,2,ARIMA
2025-10-17,0.00045184749698822045,0.002419385786175086,-0.0007820007158443332,0.0,2.25984347090824e-05,0.00045184779841599094,0.002419385786175086,0.00045184749698822045,HOLD,LOW,HIGH,Volatile,0.03376160630375327,21.08000183105468,0,0,2,ARIMA
2025-10-20,0.0017545505985873673,-0.0014733238752923771,-0.0012463750317692757,0.0,-0.00011617423945217025,-0.0012463709969840365,-0.0014733238752923771,0.0017545505985873673,HOLD,LOW,HIGH,Volatile,0.033745341410492735,20.980715070452003,0,0,2,ARIMA
2025-10-21,0.001279732615074657,0.00015395787043128253,-0.0020006566774100065,0.0,-0.0005173212081785819,0.0001539574474189384,0.00015395787043128253,0.001279732615074657,HOLD,LOW,HIGH,Volatile,0.03351874311326991,19.960000174386156,0,0,2,ARIMA
2025-10-22,0.0005351257689396245,-0.003548634110211179,-0.002546499716117978,0.0,-0.0014652513753171692,-0.0025464990445287295,-0.003548634110211179,0.0005351257689396245,HOLD,LOW,HIGH,Volatile,0.03241461894868859,18.628572736467635,0,0,2,ARIMA
2025-10-23,0.0008300756511510133,0.004494852338389266,-0.002779842121526599,0.0,-0.0006415962556925354,0.0008300756552931548,0.004494852338389266,0.0008300756511510133,HOLD,LOW,HIGH,Volatile,0.03103154262072503,19.007858276367188,0,0,2,ARIMA
2025-10-24,0.0016485080119788033,0.000993388495262557,-0.0028658218216151,0.0,-0.0007322740069798232,0.000993387232455029,0.000993388495262557,0.0016485080119788033,HOLD,LOW,HIGH,Volatile,0.030865471285734632,18.849999564034597,0,0,2,ARIMA
2025-10-27,-0.0001553836908054528,-0.0018662516719204316,-0.002270987257361412,0.0,-0.001415951480411432,-0.0018662497971341676,-0.0018662516719204316,-0.0001553836908054528,HOLD,LOW,HIGH,Volatile,0.032308368401609396,19.25285775320871,0,0,2,ARIMA
2025-10-28,0.0023994920475188452,0.00183805326405319,-0.0021152044646441936,0.0,2.818707926978631e-05,0.00183805174206483,0.00183805326405319,0.0023994920475188452,HOLD,LOW,HIGH,Volatile,0.032524006067599864,19.202859061104913,0,0,2,ARIMA
2025-10-29,0.0011232169100700547,0.00242534579238375,-0.0022683239076286554,0.0,-0.00048030800239114786,0.0011232164379520327,0.00242534579238375,0.0011232169100700547,HOLD,LOW,HIGH,Volatile,0.03170564070056612,19.24143110002791,0,0,2,ARIMA
2025-10-30,0.0008982543121686199,0.004333881400097412,-0.0024791574105620384,0.0,-0.00047791996459459164,0.0008982543171797743,0.004333881400097412,0.0008982543121686199,HOLD,LOW,HIGH,Volatile,0.03129315051814378,18.542861938476573,0,0,2,ARIMA
2025-10-31,-0.0003479249709609138,-0.008733112109291707,-0.0021126081701368093,0.0,-0.002117259530346985,-0.002112608585168996,-0.008733112109291707,-0.0003479249709609138,HOLD,LOW,HIGH,Volatile,0.03209643727542761,18.150002615792424,0,0,2,ARIMA
2025-11-03,0.002343749630827947,0.0006487496874805427,-0.002010664204135537,0.0,-6.237295913691853e-05,0.0006487494739454135,0.0006487496874805427,0.002343749630827947,HOLD,LOW,HIGH,Volatile,0.03038270528310192,18.30928911481586,0,0,2,ARIMA
2025-11-04,0.001375715193734581,-0.001269095712538104,-0.00201847474090755,0.0,-0.0006363687101388015,-0.0012690947594645608,-0.001269095712538104,0.001375715193734581,HOLD,LOW,HIGH,Volatile,0.031020673589791766,19.06571524483818,0,0,2,ARIMA
2025-11-05,-0.0006692680973447872,-0.01102012222741524,-0.001306760124862194,0.0,-0.002063812817763625,-0.0013067615856738103,-0.01102012222741524,-0.0006692680973447872,HOLD,LOW,HIGH,Volatile,0.03208616537188729,19.60714285714287,0,0,2,ARIMA
2025-11-06,0.002460274110652798,-0.0016558340574669395,-0.0008249669335782528,0.0,0.00035222469568320066,-0.0008249660371126798,-0.0016558340574669395,0.002460274110652798,HOLD,LOW,HIGH,Volatile,0.03315308346639519,20.642859322684167,0,0,2,ARIMA
2025-11-07,-0.0003233786957729471,0.004742567314987876,0.00028685724828392267,0.0,0.0005119613825401631,0.0002868586573112333,0.004742567314987876,-0.0003233786957729471,HOLD,LOW,HIGH,Volatile,0.03207067012064151,21.610002790178584,0,0,2,ARIMA
2025-11-10,0.00022688500118848336,-0.006526167900475229,0.0010280535789206624,0.0,-5.9292331970292416e-05,0.00022688390415698275,-0.006526167900475229,0.00022688500118848336,HOLD,LOW,HIGH,Volatile,0.030861917427263085,22.53143310546876,0,0,2,ARIMA
2025-11-11,0.002235549244242692,0.007261194593344444,0.0009434201056137681,0.0,0.002091938003956788,0.0022355498180629246,0.007261194593344444,0.002235549244242692,HOLD,LOW,HIGH,Volatile,0.03079158514408656,22.26929146902903,0,0,2,ARIMA
2025-11-12,0.0003366809099464215,0.0037148612663430885,0.00044229021295905113,0.0,0.0007393195718560037,0.0004422992004778898,0.0037148612663430885,0.0003366809099464215,HOLD,LOW,HIGH,Volatile,0.031017923299965135,20.860004970005594,0,0,2,ARIMA
2025-11-13,0.0005069661570501756,-0.005003457072876956,0.00038126856088638306,0.0,-0.00012594719033336176,0.0003812609155158262,-0.005003457072876956,0.0005069661570501756,HOLD,LOW,HIGH,Volatile,0.034477552762744265,21.770721435546882,0,0,2,ARIMA
2025-11-14,-0.0006733180471093742,-0.002393240602214986,0.00123183848336339,0.0,0.00012546329577483748,-0.0006733179907039559,-0.002393240602214986,-0.0006733180471093742,HOLD,LOW,HIGH,Volatile,0.033943785038630714,21.982864379882823,0,0,2,ARIMA
2025-11-17,0.0016438461605974373,-0.0055684701918169745,0.0017081014811992645,0.0,0.0009326843599769064,0.0016438312060519445,-0.0055684701918169745,0.0016438461605974373,HOLD,LOW,HIGH,Volatile,0.03373357429969467,22.68429347446988,0,0,2,ARIMA
2025-11-18,0.0011721204169369143,0.006246987196908681,0.0019807200878858566,0.0,0.0021100246751267447,0.0019807210872536114,0.006246987196908681,0.0011721204169369143,HOLD,LOW,HIGH,Volatile,0.03386183876588024,22.83857945033483,0,0,2,ARIMA
2025-11-19,0.0003649988084099186,0.0025468761349988355,0.0017216482665389776,0.0,0.0012852633959791618,0.0017216477937068218,0.0025468761349988355,0.0003649988084099186,HOLD,LOW,HIGH,Volatile,0.033950864210502675,22.222863333565858,0,0,2,ARIMA
2025-11-20,0.0012726248157537666,0.00810730134713186,0.0011875679483637214,0.0,0.0019341669706422105,0.0012726361562475036,0.00810730134713186,0.0012726248157537666,HOLD,LOW,HIGH,Volatile,0.03356424251463179,23.38715035574778,0,0,2,ARIMA
2025-11-21,0.00031574065686420236,-0.008034920623691353,0.0019923110958188772,0.0,0.0003133056644759393,0.000315740180841458,-0.008034920623691353,0.00031574065686420236,HOLD,LOW,HIGH,Volatile,0.032925358438646087,23.29929024832591,0,0,2,ARIMA
2025-11-24,0.0008482880412724289,0.006954652113998547,0.002132846973836422,0.0,0.002136497719547171,0.0021328475437984453,0.006954652113998547,0.0008482880412724289,HOLD,LOW,HIGH,Volatile,0.035087790692445095,23.717862810407382,0,0,2,ARIMA
2025-11-25,0.002729854453681476,-0.00012423775910909657,0.0015054992400109768,0.0,0.0018080272538728397,0.0015054990374303058,-0.00012423775910909657,0.002729854453681476,HOLD,LOW,HIGH,Volatile,0.03476909966892233,22.92572021484376,0,0,2,ARIMA
2025-11-26,0.0005084424532529467,-0.0030726838954599563,0.00046197371557354927,0.0,0.00011517037000187234,0.0004619533663520187,-0.0030726838954599563,0.0005084424532529467,HOLD,LOW,HIGH,Volatile,0.03507962470419584,21.332146780831486,0,0,2,ARIMA
2025-11-28,0.0013636267839893742,-0.0003091705767311787,-0.0007872709538787603,0.0,8.890156404846718e-05,-0.00030916909091873135,-0.0003091705767311787,0.0013636267839893742,HOLD,LOW,HIGH,Volatile,0.03362213645613104,20.096431187220993,0,0,2,ARIMA
2025-12-01,0.0010204206647370072,0.003716534748672583,-0.002086224500089884,0.0,-0.00029330450799370947,0.0010204206157912973,0.003716534748672583,0.0010204206647370072,HOLD,LOW,HIGH,Volatile,0.03242698190823362,19.255000523158493,0,0,2,ARIMA
2025-12-02,0.0008759705111533914,-0.0003531146917013981,-0.003100733971223235,0.0,-0.0012885415780896988,-0.00035311514030627944,-0.0003531146917013981,0.0008759705111533914,HOLD,LOW,HIGH,Volatile,0.031729075824497105,19.384283883231042,0,0,2,ARIMA
2025-12-03,0.0008894301981946457,-0.0015540959590941688,-0.003586630104109645,0.0,-0.0016562500759522139,-0.0015540958764911016,-0.0015540959590941688,0.0008894301981946457,HOLD,LOW,HIGH,Volatile,0.03104397427060185,19.592143467494434,0,0,2,ARIMA
2025-12-04,0.0019922510762625527,-0.0022233318081186894,-0.004032551310956478,0.0,-0.0015298434833432104,-0.0022233314931070836,-0.0022233318081186894,0.0019922510762625527,HOLD,LOW,HIGH,Volatile,0.029958485105319736,17.804999215262292,0,0,2,ARIMA
2025-12-05,0.001066555636473406,0.0009661576875285173,-0.0045707980170845985,0.0,-0.0018324465522668487,0.0009661481022304566,0.0009661576875285173,0.001066555636473406,HOLD,LOW,HIGH,Volatile,0.028818523214871928,16.219284057617198,0,0,2,ARIMA
2025-12-08,0.0008375154247998555,0.00322552673760086,-0.004634461365640163,0.0,-0.001720019254829062,0.0008375151890743191,0.00322552673760086,0.0008375154247998555,HOLD,LOW,HIGH,Volatile,0.02861679393440653,15.828569684709834,0,0,2,ARIMA
2025-12-09,4.387429659643302e-05,-0.007274862220904854,-0.0037357367109507322,0.0,-0.002647907659189144,-0.0037357366929922035,-0.007274862220904854,4.387429659643302e-05,HOLD,LOW,HIGH,Volatile,0.0275829224314151,15.93428257533483,0,0,2,ARIMA
2025-12-10,0.0015464290860768043,-0.0032888297008563834,-0.0026681330054998398,0.0,-0.0011120090211890923,-0.0026681316367410802,-0.0032888297008563834,0.0015464290860768043,HOLD,LOW,HIGH,Volatile,0.027583103469816118,15.93356977190291,0,0,2,ARIMA
2025-12-11,0.001195377438833507,0.001314237717906786,-0.0018097271677106619,0.0,-0.00033220971165478824,0.0011953694973404843,0.001314237717906786,0.001195377438833507,HOLD,LOW,HIGH,Volatile,0.0272370919871121,14.284999302455365,0,0,2,ARIMA
2025-12-12,0.0005701143481246502,0.013624129285407693,-0.0011650423984974623,0.0,0.0010277690118958476,0.0005701148471849146,0.013624129285407693,0.0005701143481246502,HOLD,LOW,MEDIUM,Volatile,0.022087548537871374,14.449286324637281,0,0,1,ARIMA
2025-12-15,0.0017505439355529895,0.001483385980081668,-0.0006242407253012061,0.0,0.0005061148185066613,0.001483382738802952,0.001483385980081668,0.0017505439355529895,HOLD,LOW,MEDIUM,Volatile,0.022977708595456076,13.89071437290737,0,0,1,ARIMA
2025-12-16,0.0016456663648828076,-0.004576212796857783,-0.0002974697854369879,0.0,8.076648800780335e-06,-0.00029747006593554585,-0.004576212796857783,0.0016456663648828076,HOLD,LOW,MEDIUM,Volatile,0.02349962811632824,14.686429704938623,0,0,1,ARIMA
2025-12-17,0.001460447471628053,-0.004424041415505477,-9.306997526437044e-05,0.0,5.73110117346651e-05,-9.307038734881902e-05,-0.004424041415505477,0.001460447471628053,HOLD,LOW,HIGH,Volatile,0.025996507776547117,16.04571533203125,0,0,2,ARIMA
2025-12-18,-0.0004769266939518536,-0.00497696055876101,0.001212256378494203,0.0,-7.563371995796648e-05,-0.0004769270631321117,-0.00497696055876101,-0.0004769266939518536,HOLD,LOW,HIGH,Volatile,0.026649689981344562,17.250714983258927,0,0,2,ARIMA
2025-12-19,0.0022541500276381608,-0.0010894002961804442,0.0015479018911719322,0.0,0.0015473099276429045,0.0015479008581248766,-0.0010894002961804442,0.0022541500276381608,HOLD,LOW,HIGH,Volatile,0.025859789597432434,17.779285975864955,0,0,2,ARIMA
2025-12-22,0.0005665349612255906,-0.0011335746039822315,0.0014091558987274766,0.0,0.0008229050455122022,0.0005665343647683489,-0.0011335746039822315,0.0005665349612255906,HOLD,LOW,HIGH,Volatile,0.02543232107844014,17.989998953683028,0,0,2,ARIMA
2025-12-23,0.0014249052154502299,-0.004045698078010081,0.0010765966726467013,0.0,0.0006820316629760988,0.0010765940131676668,-0.004045698078010081,0.0014249052154502299,HOLD,LOW,MEDIUM,Volatile,0.022155794111530975,17.307854788643965,0,0,1,ARIMA
2025-12-24,0.0006803896192561113,0.0032790292470647768,0.0005242644110694528,0.0,0.000868488152971787,0.0006803955588521121,0.0032790292470647768,0.0006803896192561113,HOLD,LOW,MEDIUM,Volatile,0.022212011444384047,17.654998779296864,0,0,1,ARIMA
2025-12-26,0.0010314807891986736,-0.0032552045214760492,4.2034429498016834e-05,0.0,8.222446588554877e-05,4.203372397056914e-05,-0.0032552045214760492,0.0010314807891986736,HOLD,LOW,MEDIUM,Volatile,0.022968585036430546,18.230712890624982,0,0,1,ARIMA
2025-12-29,0.0004388474903075243,-0.00915941240200967,-8.283450733870268e-05,0.0,-0.0008187105093218869,-8.283630674547874e-05,-0.00915941240200967,0.0004388474903075243,HOLD,LOW,MEDIUM,Volatile,0.024519632985275444,17.976427350725434,0,0,1,ARIMA
2025-12-30,0.0003122672755694613,-0.007730431632733883,-0.00026428629644215107,0.0,-0.0008129219820748859,-0.00026428789098887327,-0.007730431632733883,0.0003122672755694613,HOLD,LOW,MEDIUM,Volatile,0.024731869887129648,17.447856358119413,0,0,1,ARIMA
2025-12-31,0.000968385851264772,-0.0057477659670664505,-0.0005083596333861351,0.0,-0.00048121355500488155,-0.0005083601188466027,-0.0057477659670664505,0.000968385851264772,HOLD,LOW,MEDIUM,Volatile,0.024887184147543692,17.017854963030125,0,0,1,ARIMA
2019-11-21,0.0003597683329144719,-0.006379520726348842,-0.0032906776759773493,0.0,-0.0022060470318495994,-0.0032906776262301464,-0.006379520726348842,-0.006379520726348842,HOLD,LOW,HIGH,Volatile,0.025272701612446206,9.754283357617194,0,0,2,RandomForest
2019-11-22,0.001535618110943701,-0.010807104342069157,-0.0026230677030980587,0.0,-0.0018687253465390302,-0.0026230678212838163,-0.010807104342069157,-0.010807104342069157,HOLD,LOW,MEDIUM,Volatile,0.022174212803747057,10.62214006696429,0,0,1,RandomForest
2019-11-25,0.0007045908047423289,0.0013356756359879482,-0.0014571319334208965,0.0,-0.0003379922087059389,0.0007045896873407911,0.0013356756359879482,0.0013356756359879482,HOLD,LOW,MEDIUM,Volatile,0.02226047122186008,10.917853216713175,0,0,1,RandomForest
2019-11-26,0.0028881976076958644,-0.00630314834079471,-0.0004108601715415716,0.0,0.00024946149035118834,-0.00041086030481900915,-0.00630314834079471,-0.00630314834079471,HOLD,LOW,MEDIUM,Volatile,0.021269087042114415,10.70499528911831,0,0,1,RandomForest
2019-11-27,0.0013207157934935964,-0.0009034224355450751,0.00028702692361548543,0.0,0.0005615798788360021,0.0002870267966844834,-0.0009034224355450751,-0.0009034224355450751,HOLD,LOW,MEDIUM,Volatile,0.021253512741042452,10.022136140820319,0,0,1,RandomForest
2019-11-29,0.0018870848046272292,-0.012035033421686523,0.0004926866386085749,0.0,-0.00026375073937480887,0.0004926860022906566,-0.012035033421686523,-0.012035033421686523,HOLD,LOW,MEDIUM,Volatile,0.021296813480458792,9.938565932952015,0,0,1,RandomForest
2019-12-02,0.001174561294137914,0.0076208496617749776,0.00031169457361102104,0.0,0.0013974752273314785,0.0011745622953056997,0.0076208496617749776,0.0076208496617749776,HOLD,LOW,MEDIUM,Volatile,0.02139642820709404,9.627138407840407,0,0,1,RandomForest
2019-12-03,0.0013728587606216692,0.005383945712466832,4.6890461817383766e-05,0.0,0.0011072370451278629,0.001372859264467055,0.005383945712466832,0.005383945712466832,HOLD,LOW,MEDIUM,Volatile,0.021271689133919754,9.583568025585944,0,0,1,RandomForest
2019-12-04,0.0008373343349116401,0.0034970796949560083,-0.00026905606500804424,0.0,0.0005448103707802332,0.0008373348614276658,0.0034970796949560083,0.0034970796949560083,HOLD,LOW,MEDIUM,Volatile,0.02143823243093393,9.14499555069755,0,0,1,RandomForest
2019-12-05,0.0008903002391961621,0.007394161572681967,-0.00044303538743406534,0.0,0.0008780802860058796,0.0008903008343640804,0.007394161572681967,0.007394161572681967,HOLD,LOW,MEDIUM,Volatile,0.020599796505629698,8.876425604408487,0,0,1,RandomForest
2019-12-06,0.0013053993427534429,-0.004102751222978481,-0.0005247424123808742,0.0,-0.00019033924952019648,-0.0005247426788612884,-0.004102751222978481,-0.004102751222978481,HOLD,LOW,MEDIUM,Volatile,0.020014838468663,9.165710446763399,0,0,1,RandomForest
2019-12-09,0.0015473755198938234,0.005399493047112081,-0.0010117345955222845,0.0,0.000633477182689765,0.0015473756508867522,0.005399493047112081,0.005399493047112081,HOLD,LOW,MEDIUM,Volatile,0.02013426959749266,9.331427435463175,0,0,1,RandomForest
2019-12-10,0.0008846226134567115,-0.0004707345795881113,-0.0015205193776637316,0.0,-0.0004876302961628902,-0.00047073436554887925,-0.0004707345795881113,-0.0004707345795881113,HOLD,LOW,MEDIUM,Volatile,0.020374891937947948,9.276428222656259,0,0,1,RandomForest
2019-12-11,0.0009295962548847439,0.002185538157039641,-0.002056381432339549,0.0,-0.00047087855015429396,0.0009295957946098696,0.002185538157039641,0.002185538157039641,HOLD,LOW,MEDIUM,Volatile,0.02028408023801504,9.04214259556362,0,0,1,RandomForest
2019-12-12,0.0003878485868922116,-0.002208769554321637,-0.0026221571024507284,0.0,-0.001422402936594979,-0.002208767531749263,-0.002208769554321637,-0.002208769554321637,HOLD,LOW,MEDIUM,Volatile,0.020532572731655718,9.143569943833711,0,0,1,RandomForest
2019-12-13,0.0007210974383261111,0.002161900787950448,-0.0031296650413423777,0.0,-0.0011034309893768151,0.0007210970047849086,0.002161900787950448,0.002161900787950448,HOLD,LOW,MEDIUM,Volatile,0.020490757007319577,8.12499781771764,0,0,1,RandomForest
2019-12-16,0.0004491645103754901,-0.00876660045264135,-0.0034983272198587656,0.0,-0.0025243558348166965,-0.003498327283312423,-0.00876660045264135,-0.00876660045264135,HOLD,LOW,MEDIUM,Volatile,0.024634648406115955,9.102852955133935,0,0,1,RandomForest
2019-12-17,0.001419158654862712,0.0038372615684349578,-0.003840850433334708,0.0,-0.0010266568408929043,0.001419158431698607,0.0038372615684349578,0.0038372615684349578,HOLD,LOW,MEDIUM,Volatile,0.02464334321313837,9.128568374358265,0,0,1,RandomForest
2019-12-18,-0.0005680813239683571,-0.003955626995873569,-0.003915744833648205,0.0,-0.0026329517084500557,-0.003915721255504369,-0.003955626995873569,-0.003955626995873569,HOLD,LOW,HIGH,Volatile,0.025214259370882043,9.904998779296879,0,0,2,RandomForest
2019-12-19,0.0010108483254169269,-0.011218772344726872,-0.0037957902532070875,0.0,-0.00271384492102894,-0.003795790326485699,-0.011218772344726872,-0.011218772344726872,HOLD,LOW,MEDIUM,Volatile,0.02498731848902416,10.612856183733262,0,0,1,RandomForest
2019-12-20,0.0004934918975289741,-0.009785625044548912,-0.003603694261983037,0.0,-0.002666438464338541,-0.0036036943442244603,-0.009785625044548912,-0.009785625044548912,HOLD,LOW,MEDIUM,Volatile,0.02499606185934456,10.978570120675224,0,0,1,RandomForest
2019-12-23,0.0002781183499895026,-0.01031361325297508,-0.0029785919468849897,0.0,-0.0024833947241026974,-0.0029785921174597723,-0.0029785919468849897,-0.01031361325297508,SELL,MEDIUM,LOW,Bullish,0.019457108770568173,11.742856709347096,-1,1,0,RandomForest
2019-12-24,0.0010308388021671173,-0.00854889057773637,-0.002408522181212902,0.0,-0.0017198593784329777,-0.002408522308991967,-0.002408522181212902,-0.00854889057773637,SELL,MEDIUM,LOW,Bullish,0.019462531355148426,12.297858104436378,-1,1,0,RandomForest
2019-12-26,0.00045994102298878704,-0.013703362841527934,-0.0019817149732261896,0.0,-0.0022524042290248568,-0.0019817152971514204,-0.0019817149732261896,-0.013703362841527934,HOLD,LOW,LOW,Bullish,0.017737359435623115,12.373572215764503,0,0,0,RandomForest
2019-12-27,0.0006607426649674522,-0.01718163080910192,-0.0016274689696729183,0.0,-0.002352541621977189,-0.0016274693420305897,-0.0016274689696729183,-0.01718163080910192,HOLD,LOW,LOW,Bullish,0.017996054229220012,12.424288070954235,0,0,0,RandomForest
2019-12-30,0.0007196951821244666,-0.015856611866479287,-0.001201235456392169,0.0,-0.0019747714198002806,-0.0012012359082067096,-0.015856611866479287,-0.015856611866479287,HOLD,LOW,MEDIUM,Volatile,0.020930677167576257,13.263571602957585,0,0,1,RandomForest
2019-12-31,0.0008796276015211521,-0.003704429232798533,-0.0001469026319682598,0.0,-0.00011931042305423495,-0.00014690332329337613,-0.003704429232798533,-0.003704429232798533,HOLD,LOW,MEDIUM,Volatile,0.020923077392380276,13.820000784737715,0,0,1,RandomForest
2020-01-02,0.002143504405580644,-0.008121165467254509,0.00042004819260910153,0.0,0.000201390801464455,0.00042004773010417265,-0.008121165467254509,-0.008121165467254509,HOLD,LOW,MEDIUM,Volatile,0.02118341614189424,14.107145036969863,0,0,1,RandomForest
2020-01-03,0.0015398083011587637,0.0013753468941512515,0.0002993425587192178,0.0,0.0008872122144668308,0.0013753418143645378,0.0013753468941512515,0.0013753468941512515,HOLD,LOW,MEDIUM,Volatile,0.02085056568739398,15.085717337472094,0,0,1,RandomForest
2020-01-06,0.0007116278575618376,0.0010105272900388152,0.0002947120228782296,0.0,0.0005288325683946355,0.0007116269212992473,0.0010105272900388152,0.0010105272900388152,HOLD,LOW,MEDIUM,Volatile,0.020196181324262808,15.156433105468746,0,0,1,RandomForest
2020-01-07,0.00036209049749452433,-0.007922437566636287,-0.00010762317106127739,0.0,-0.0007333020315514296,-0.00010762516306255601,-0.007922437566636287,-0.007922437566636287,HOLD,LOW,MEDIUM,Volatile,0.020811897854391918,14.790006365094863,0,0,1,RandomForest
2020-01-08,0.000681086614704917,-0.006303017768788433,-0.0004690673667937517,0.0,-0.0006288079637814419,-0.00046906806338170207,-0.006303017768788433,-0.006303017768788433,HOLD,LOW,MEDIUM,Volatile,0.02189332710441548,16.265718730106023,0,0,1,RandomForest
2020-01-09,0.0004014661690836987,0.00061427184658596,-0.0006506845820695162,0.0,-0.00011571292922313238,0.0004014624623278182,0.00061427184658596,0.00061427184658596,HOLD,LOW,MEDIUM,Volatile,0.02359106188268189,16.95857456261161,0,0,1,RandomForest
2020-01-10,-0.0004230009857377657,-0.017081702798520303,-0.00022321240976452827,0.0,-0.0020392874799330975,-0.00042300588139967255,-0.017081702798520303,-0.017081702798520303,HOLD,LOW,MEDIUM,Volatile,0.02411610527616291,16.782858707421877,0,0,1,RandomForest
2020-01-13,0.0012020610593776679,-0.000664881530382377,-0.0002405731938779354,0.0,0.0002702283628745907,-0.00024057154037196047,-0.000664881530382377,-0.000664881530382377,HOLD,LOW,HIGH,Volatile,0.029773471359226273,19.25928823797434,0,0,2,RandomForest
2020-01-14,0.0020983395864962702,-0.004208901311860908,-0.0005609412910416722,0.0,8.498247397280929e-05,-0.0005609413928249884,-0.004208901311860908,-0.004208901311860908,HOLD,LOW,HIGH,Volatile,0.029316420729452945,19.69714354732144,0,0,2,RandomForest
2020-01-15,-0.0007088081176663951,-0.006045928979306238,-0.000793938641436398,0.0,-0.001303055015108643,-0.0007939499281637136,-0.006045928979306238,-0.006045928979306238,HOLD,LOW,HIGH,Volatile,0.030187922325712102,20.293572554715414,0,0,2,RandomForest
2020-01-16,-0.0004440724825743082,0.009436901529777114,-0.00043870240915566683,0.0,0.0005780887178000601,-0.0004385668246736822,0.009436901529777114,0.009436901529777114,HOLD,LOW,HIGH,Volatile,0.030314574778703328,21.58642795371095,0,0,2,RandomForest
2020-01-17,0.001646337091914614,-3.5072577704730095e-05,-0.0004855116130784154,0.0,0.00038048429075747707,-3.5070961492541714e-05,-3.5072577704730095e-05,-3.5072577704730095e-05,HOLD,LOW,HIGH,Volatile,0.030218616858771228,21.82285417092635,0,0,2,RandomForest
2020-01-21,0.0017317546976331288,0.003736157409059945,-0.0007601301185786724,0.0,0.0006616766096585718,0.0017317546002095076,0.003736157409059945,0.003736157409059945,HOLD,LOW,HIGH,Volatile,0.03263430269485362,23.034284314285724,0,0,2,RandomForest
2020-01-22,0.0022345348949677412,0.007600626124962275,-0.0012797836679965258,0.0,0.0009873719128809999,0.002234534993070132,0.007600626124962275,0.007600626124962275,HOLD,LOW,HIGH,Volatile,0.032975349660345044,25.040710444308047,0,0,2,RandomForest
2020-01-23,-4.62719628704165e-05,0.009428207835121372,-0.001073173712939024,0.0,0.0004050038211914897,-4.627109648464674e-05,0.009428207835121372,0.009428207835121372,HOLD,LOW,HIGH,Volatile,0.03285837478389604,26.04285321425782,0,0,2,RandomForest
2020-01-24,-0.00048160605800384704,-0.0023581859782835627,-0.001023793825879693,0.0,-0.0009530339894715792,-0.0010237949151988633,-0.0023581859782835627,-0.0023581859782835627,HOLD,LOW,HIGH,Volatile,0.03347372058225441,25.747137882226564,0,0,2,RandomForest
2020-01-27,0.0007419466722314784,0.001865796866555247,-0.0010594013147056103,0.0,-6.513813773469297e-05,0.0007419463385378211,0.001865796866555247,0.001865796866555247,HOLD,LOW,HIGH,Volatile,0.03398770657126004,26.745707915485493,0,0,2,RandomForest
2020-01-28,0.0018230105065256523,0.00136384628460563,-0.001119991997256875,0.0,0.00026761101190968966,0.0013638445184579334,0.00136384628460563,0.00136384628460563,HOLD,LOW,HIGH,Volatile,0.03382577898869187,26.652849466964287,0,0,2,RandomForest
2020-01-29,0.002116123392469034,0.000712075795340431,-0.001261809840798378,0.0,0.00024037783025269055,0.0007120755902290464,0.000712075795340431,0.000712075795340431,HOLD,LOW,HIGH,Volatile,0.031685778089005606,26.127134050195313,0,0,2,RandomForest
2020-01-30,0.0012905566643938084,-0.0037619709049464788,-0.0014986887108534575,0.0,-0.0006599483061963058,-0.0014986886276703608,-0.0037619709049464788,-0.0037619709049464788,HOLD,LOW,HIGH,Volatile,0.03641476578650345,29.267135622126116,0,0,2,RandomForest
2020-01-31,0.0011854132167942275,-0.00302799115796385,-0.0018144410569220781,0.0,-0.0007864387109898909,-0.0018144405673765785,-0.00302799115796385,-0.00302799115796385,HOLD,LOW,HIGH,Volatile,0.0364031213022002,29.927134926813615,0,0,2,RandomForest
2020-02-03,-0.0011216764796032825,-0.0036508288361440876,-0.0023862600792199373,0.0,-0.0020305934655055163,-0.002386260079210685,-0.0036508288361440876,-0.0036508288361440876,HOLD,LOW,HIGH,Volatile,0.05119342370537795,36.21927752237723,0,0,2,RandomForest
2020-02-04,0.00130108121726136,-0.008391205010073434,-0.0018373483326286077,0.0,-0.0013070286377182968,-0.0018373484985210263,-0.008391205010073434,-0.008391205010073434,HOLD,LOW,HIGH,Volatile,0.05580817047420591,48.107849122879465,0,0,2,RandomForest
2020-02-05,-0.0017148327139744804,0.014237171522371441,0.0010765858460217714,0.0,0.0013612731636234675,0.0010765861280331687,0.014237171522371441,0.014237171522371441,HOLD,LOW,HIGH,Volatile,0.07468212693068597,59.666421074609374,0,0,2,RandomForest
2020-02-06,-0.004601015393845287,0.007060787431683253,0.007884024642407894,0.0,0.0029995970820400324,0.007060786305645675,0.007060787431683253,0.007060787431683253,HOLD,LOW,HIGH,Volatile,0.07443989205569707,65.55928039729352,0,0,2,RandomForest
2020-02-07,0.004681647545414321,0.03551513725789108,0.012147722765803337,0.0,0.011688407684684736,0.012147722856915675,0.03551513725789108,0.03551513725789108,HOLD,LOW,HIGH,Volatile,0.07394514180669588,67.50499616529018,0,0,2,RandomForest
2020-02-10,0.003832569053553875,0.004983779433006791,0.013458075933158398,0.0,0.008883557587108428,0.004983780182175282,0.004983779433006791,0.004983779433006791,HOLD,LOW,HIGH,Volatile,0.07365265357187542,69.92213657857143,0,0,2,RandomForest
2020-02-11,0.0016933204625073702,0.012216072981737104,0.015135400928556919,0.0,0.009666816757397943,0.012216072734441127,0.012216072981737104,0.012216072981737104,HOLD,LOW,HIGH,Volatile,0.07191551646221553,68.36570957907365,0,0,2,RandomForest
2020-02-12,3.6100253956549214e-05,-0.0007812370343002873,0.015206241980195045,0.0,0.007725129898270288,3.6101408544953136e-05,-0.0007812370343002873,-0.0007812370343002873,HOLD,LOW,HIGH,Volatile,0.07218474780270732,68.3642796125558,0,0,2,RandomForest
2020-02-13,0.0005219425474080033,0.006357381032197388,0.015375332906842232,0.0,0.00873502493880486,0.006357381092640068,0.006357381032197388,0.006357381032197388,HOLD,LOW,HIGH,Volatile,0.0712740700820589,72.8928527874442,0,0,2,RandomForest
2020-02-14,0.001926102686414892,0.007006877306563302,0.016236525028944016,0.0,0.009783104216562179,0.007006877394983216,0.007006877306563302,0.007006877306563302,HOLD,LOW,HIGH,Volatile,0.07117073048764869,73.03070940714285,0,0,2,RandomForest
2020-02-18,0.0005596458896390654,-0.0009198794570945721,0.016597768291831017,0.0,0.008625121488147676,0.0005596465022754418,-0.0009198794570945721,-0.0009198794570945721,HOLD,LOW,HIGH,Volatile,0.07163241560345435,75.97213745295758,0,0,2,RandomForest
2020-02-19,0.0014887941657797728,0.010921565745208726,0.01665450818836689,0.0,0.010233047765820713,0.010921565676829965,0.010921565745208726,0.010921565745208726,HOLD,LOW,HIGH,Volatile,0.07154187887349839,80.50642613203125,0,0,2,RandomForest
2020-02-20,0.00017089818771194522,0.004286643890757002,0.016740910708904266,0.0,0.00908617846891827,0.0042866440533274545,0.004286643890757002,0.004286643890757002,HOLD,LOW,HIGH,Volatile,0.072165934720106,79.61999511674107,0,0,2,RandomForest
2020-02-21,-0.0006804913815903824,-0.009325018824180742,0.016466638073325157,0.0,0.007214046468153157,-0.0006804913242490142,-0.009325018824180742,-0.009325018824180742,HOLD,LOW,HIGH,Volatile,0.07220673139654743,80.48642403470981,0,0,2,RandomForest
2020-02-24,0.0016721129667956745,-0.001999558544544376,0.01574539951980114,0.0,0.008504622916716484,0.0016721131679564123,-0.001999558544544376,-0.001999558544544376,HOLD,LOW,HIGH,Volatile,0.07526300384896294,76.43142263962054,0,0,2,RandomForest
2020-02-25,0.0006241727735355502,-0.0010728443770222837,0.01489377859979868,0.0,0.007761001932780124,0.0006241732920419489,-0.0010728443770222837,-0.0010728443770222837,HOLD,LOW,HIGH,Volatile,0.07619252411238117,67.90356445290179,0,0,2,RandomForest
2020-02-26,0.00320980489205121,0.008929549254550624,0.013997683301568031,0.0,0.009327736602188325,0.008929549232089056,0.008929549254550624,0.008929549254550624,HOLD,LOW,HIGH,Volatile,0.07684842258951669,57.4928501671875,0,0,2,RandomForest
2020-02-27,0.002647095558879627,-0.007407407155191931,0.012649915181100368,0.0,0.006735342013812965,0.0026470955583659476,-0.007407407155191931,-0.007407407155191931,HOLD,LOW,HIGH,Volatile,0.08405456104276303,57.56213378883928,0,0,2,RandomForest
2020-02-28,0.001316441421955036,0.0002992728659606958,0.011353936977684498,0.0,0.00635482831301614,0.0013164423035404908,0.0002992728659606958,0.0002992728659606958,HOLD,LOW,HIGH,Volatile,0.0814443117339016,60.365705217410714,0,0,2,RandomForest
2020-03-02,0.005302181283311721,0.006952248019262872,0.009976266883313656,0.0,0.007867471616862553,0.006952248294098145,0.006952248019262872,0.006952248019262872,HOLD,LOW,HIGH,Volatile,0.08475930377061903,60.63570731495536,0,0,2,RandomForest
2020-03-03,0.003552690392728393,0.010521626906618764,0.00766716618090868,0.0,0.006379972385311761,0.007667166073751334,0.010521626906618764,0.010521626906618764,HOLD,LOW,HIGH,Volatile,0.07411728684082039,65.3042776969866,0,0,2,RandomForest
2020-03-04,-0.0008705960970091396,0.006861031832770283,0.0064751384779810905,0.0,0.003691105769532737,0.006475136036048422,0.006861031832770283,0.006861031832770283,HOLD,LOW,HIGH,Volatile,0.06748970339182093,66.40499441964286,0,0,2,RandomForest
2020-03-05,0.0012996248026469457,-0.0029431534805233494,0.005551723763346672,0.0,0.003040725860720566,0.0012996248031631064,-0.0029431534805233494,-0.0029431534805233494,HOLD,LOW,HIGH,Volatile,0.05310662750590125,62.721422467912944,0,0,2,RandomForest
2020-03-06,0.0008569574990225008,-0.004165242028058401,0.004995450377464294,0.0,0.002459433450660635,0.0008569574565420396,-0.004165242028058401,-0.004165242028058401,HOLD,LOW,HIGH,Volatile,0.05326201340288666,63.63570731272322,0,0,2,RandomForest
2020-03-09,0.0020979588225461974,0.012779001966104382,0.004568020347505808,0.0,0.0044655982794876295,0.004568020630268037,0.012779001966104382,0.012779001966104382,HOLD,LOW,HIGH,Volatile,0.06207896582303111,66.38642229843751,0,0,2,RandomForest
2020-03-10,0.0010524778155922472,0.01922780037144005,0.006607323884963989,0.0,0.005773972804862468,0.006607323985698431,0.01922780037144005,0.01922780037144005,HOLD,LOW,HIGH,Volatile,0.06341132087012667,64.50213623515626,0,0,2,RandomForest
2020-03-11,0.006170654612614012,0.024665977287055392,0.008671384304761887,0.0,0.009360199643666786,0.008671384641812309,0.024665977287055392,0.024665977287055392,HOLD,LOW,HIGH,Volatile,0.06336202962860434,63.294995993805806,0,0,2,RandomForest
2020-03-12,0.00036999225684254526,0.015912016585122563,0.009791730903089046,0.0,0.0068012524991289385,0.009791730845866351,0.015912016585122563,0.015912016585122563,HOLD,LOW,HIGH,Volatile,0.06825304006147194,67.24999564726564,0,0,2,RandomForest
2020-03-13,0.001052213331778255,0.029555868731891723,0.01134051289409399,0.0,0.009264746865666841,0.011340512936380184,0.029555868731891723,0.029555868731891723,HOLD,LOW,HIGH,Volatile,0.0666666881537337,69.16213989949777,0,0,2,RandomForest
2020-03-16,0.004624586505706142,0.032958816391492875,0.015037810429930687,0.0,0.012883653256947384,0.015037810470149772,0.032958816391492875,0.032958816391492875,HOLD,LOW,HIGH,Volatile,0.07844171392196227,71.65142604974889,0,0,2,RandomForest
2020-03-17,0.0007782583559919874,0.03232630250507555,0.018081290647387505,0.0,0.012899307189708971,0.018081290634984006,0.03232630250507555,0.03232630250507555,HOLD,LOW,HIGH,Volatile,0.07484624254282848,74.41213989949777,0,0,2,RandomForest
2020-03-18,0.007132726530652764,0.03471574478229439,0.02079136110842228,0.0,0.01697727697621186,0.02079136110981917,0.03471574478229439,0.03471574478229439,HOLD,LOW,HIGH,Volatile,0.07711266067812345,72.2614266576451,0,0,2,RandomForest
2020-03-19,-0.0023161741759517075,0.037759014379611294,0.023314183577895164,0.0,0.014951627462027712,0.02331418354768902,0.037759014379611294,0.037759014379611294,HOLD,LOW,HIGH,Volatile,0.09086758969579206,73.29999869656808,0,0,2,RandomForest
2020-03-20,0.002792992600854799,0.017536510997033402,0.026001423597335815,0.0,0.016206330076081174,0.017536510946743813,0.017536510997033402,0.017536510997033402,HOLD,LOW,HIGH,Volatile,0.0908230653071757,71.55071149754465,0,0,2,RandomForest
2020-03-23,0.00022533220466048253,0.030091872744459364,0.028306642547249794,0.0,0.0176958145835945,0.028306642023333106,0.030091872744459364,0.030091872744459364,HOLD,LOW,HIGH,Volatile,0.0910402693735743,67.30999755837054,0,0,2,RandomForest
2020-03-24,0.0024519750395303962,0.033734044953324174,0.02888518199324608,0.0,0.019223989115290295,0.02888518182492553,0.033734044953324174,0.033734044953324174,HOLD,LOW,HIGH,Volatile,0.09979121592593099,69.99642290811943,0,0,2,RandomForest
2020-03-25,0.002327677448415258,0.023715985328309572,0.029997622594237328,0.0,0.018712681424195552,0.023715985215916224,0.023715985328309572,0.023715985328309572,HOLD,LOW,HIGH,Volatile,0.10172717932394715,71.46570914556362,0,0,2,RandomForest
2020-03-26,0.003349770131987525,0.023215306682355042,0.030581366270780563,0.0,0.019353056394056063,0.023215306596967463,0.023215306682355042,0.023215306682355042,HOLD,LOW,HIGH,Volatile,0.0978307406947598,71.99999782218192,0,0,2,RandomForest
2020-03-27,0.0008841915803594453,0.02766989772896125,0.031058067455887794,0.0,0.01910908199264665,0.027669897471321325,0.02766989772896125,0.02766989772896125,HOLD,LOW,HIGH,Volatile,0.09787757492397722,67.4035688125558,0,0,2,RandomForest
2020-03-30,0.0016350969812074924,0.03805420412313393,0.031464770436286926,0.0,0.020677481821844663,0.03146477031809628,0.03805420412313393,0.03805420412313393,HOLD,LOW,HIGH,Volatile,0.09369633697217096,64.9335697716797,0,0,2,RandomForest
2020-03-31,0.00017242014464361388,0.02649977298863866,0.031340256333351135,0.0,0.01885933932595538,0.026499772820113468,0.02649977298863866,0.02649977298863866,HOLD,LOW,HIGH,Volatile,0.09462006328002658,65.31785583473773,0,0,2,RandomForest
2020-04-01,0.0021293840510127385,0.028226931455974245,0.030861200764775276,0.0,0.0195443503180189,0.028226931114965163,0.028226931455974245,0.028226931455974245,HOLD,LOW,HIGH,Volatile,0.09559840194188678,62.5264282202009,0,0,2,RandomForest
2024-01-02,-0.000625079965357675,0.02557865937509781,0.02992796152830124,0.0,0.01773405833684763,0.025578659183441127,0.02557865937509781,0.02557865937509781,HOLD,LOW,HIGH,Volatile,0.17215583328558837,71.92499868964845,0,0,2,RandomForest
2024-01-03,-0.007708275813428344,0.047140929097273646,0.028533950448036194,0.0,0.016521387606622688,0.028533950421889297,0.047140929097273646,0.047140929097273646,HOLD,LOW,HIGH,Volatile,0.17209071076303903,65.32857077216798,0,0,2,RandomForest
2024-01-04,-0.0019851397306769867,0.030688154608800616,0.02762657217681408,0.0,0.016559107631879764,0.027626571884166975,0.030688154608800616,0.030688154608800616,HOLD,LOW,HIGH,Volatile,0.17105396603580628,60.26571328053852,0,0,2,RandomForest
2024-01-05,-0.001868649744277823,0.02913038031770579,0.0275683905929327,0.0,0.016413361861993294,0.027568389987510798,0.02913038031770579,0.02913038031770579,HOLD,LOW,HIGH,Volatile,0.1695861405542964,54.946427481515066,0,0,2,RandomForest
2024-01-08,0.0009887984866656443,0.02227893634857615,0.02686300314962864,0.0,0.016443516484041326,0.022278936177490063,0.02227893634857615,0.02227893634857615,HOLD,LOW,HIGH,Volatile,0.17001710556305402,48.68999808175223,0,0,2,RandomForest
2024-01-09,-4.821428309632588e-05,0.029864444307165203,0.025319034233689308,0.0,0.016036309844248624,0.025319034053201715,0.029864444307165203,0.029864444307165203,HOLD,LOW,HIGH,Volatile,0.16916620067700297,45.63285609654018,0,0,2,RandomForest
2024-01-10,0.0013286941275643927,0.027003316280228243,0.024802103638648987,0.0,0.016005559887992186,0.02480210322736409,0.027003316280228243,0.027003316280228243,HOLD,LOW,HIGH,Volatile,0.16934869901096866,43.683570861816406,0,0,2,RandomForest
2024-01-11,0.00019810345867026218,0.024458429724368208,0.024494431912899017,0.0,0.015150730868293456,0.024458403451281918,0.024458429724368208,0.024458429724368208,HOLD,LOW,HIGH,Volatile,0.164944037888883,38.62428610665457,0,0,2,RandomForest
2024-01-12,0.0011410148367560036,0.02643494585529528,0.02455179952085018,0.0,0.015746515425467882,0.024551799033099078,0.02643494585529528,0.02643494585529528,HOLD,LOW,HIGH,Volatile,0.16494615023465797,35.62928662981306,0,0,2,RandomForest
2024-01-16,-0.00012210280682994424,0.021599796741211427,0.025701157748699188,0.0,0.015351055240535998,0.021599796543541015,0.021599796741211427,0.021599796741211427,HOLD,LOW,HIGH,Volatile,0.16172263559087535,33.026430402483264,0,0,2,RandomForest
2024-01-17,0.0014646050740449528,0.019080836530075626,0.026547424495220184,0.0,0.016134775265254257,0.019080836452940893,0.019080836530075626,0.019080836530075626,HOLD,LOW,HIGH,Volatile,0.15520550434207583,31.152861458914618,0,0,2,RandomForest
2024-01-18,8.003009552169627e-05,0.021672438677997678,0.026762627065181732,0.0,0.01598016246778595,0.021672438527926736,0.021672438677997678,0.021672438677997678,HOLD,LOW,HIGH,Volatile,0.15505650791028622,29.959288460867736,0,0,2,RandomForest
2024-01-19,0.0004881086110168611,0.028011933601867326,0.02668231911957264,0.0,0.01674992407895935,0.026682318406777976,0.028011933601867326,0.028011933601867326,HOLD,LOW,HIGH,Volatile,0.15484374452465618,27.078572954450333,0,0,2,RandomForest
2024-01-22,0.0011174295282061343,0.014562359135363771,0.02647458016872406,0.0,0.015497821414386987,0.014562359125796882,0.014562359135363771,0.014562359135363771,HOLD,LOW,HIGH,Volatile,0.14862684308540758,24.40928758893694,0,0,2,RandomForest
2024-01-23,0.0002668604924157482,0.017310312465669584,0.025992833077907562,0.0,0.015207496646407533,0.017310312409188854,0.017310312465669584,0.017310312465669584,HOLD,LOW,HIGH,Volatile,0.1468168932316501,8.03428758893694,0,0,2,RandomForest
2024-01-24,0.0011213754408720157,0.023781326445282875,0.024709144607186317,0.0,0.015545819995704705,0.02378132541393055,0.023781326445282875,0.023781326445282875,HOLD,LOW,HIGH,Volatile,0.146990699811508,7.595716203962051,0,0,2,RandomForest
2024-01-25,0.0006198473974116328,0.02996504913148075,0.02276935800909996,0.0,0.014997022045205028,0.02276935791531017,0.02996504913148075,0.02996504913148075,HOLD,LOW,HIGH,Volatile,0.14804182467165236,9.224287850516179,0,0,2,RandomForest
2024-01-26,-0.0037379603914115154,0.03750200497280439,0.021449241787195206,0.0,0.01342293205756383,0.021449241764607944,0.03750200497280439,0.03750200497280439,HOLD,LOW,HIGH,Volatile,0.1484390104089425,9.185715811593193,0,0,2,RandomForest
2024-01-29,0.002496917181532437,0.025044797778197025,0.019313065335154533,0.0,0.013439943794743586,0.019313065220207648,0.025044797778197025,0.025044797778197025,HOLD,LOW,HIGH,Volatile,0.14838739629824035,9.348572867257252,0,0,2,RandomForest
2024-01-30,0.0022699669573301327,0.01918683222010525,0.017016606405377388,0.0,0.011571607906091089,0.017016606012822944,0.01918683222010525,0.01918683222010525,HOLD,LOW,HIGH,Volatile,0.1486296788058551,9.158572605678012,0,0,2,RandomForest
2024-01-31,0.0005314484276444146,0.020084329642316403,0.014476217329502106,0.0,0.009694156717150959,0.014476217222953747,0.020084329642316403,0.020084329642316403,HOLD,LOW,HIGH,Volatile,0.032927442627202826,9.437857491629464,0,0,2,RandomForest
2024-02-01,2.630274264428696e-05,0.02842095223260217,0.012778075411915779,0.0,0.009489901940389409,0.012778075426405263,0.02842095223260217,0.02842095223260217,HOLD,LOW,HIGH,Volatile,0.03265707368462988,9.225714547293526,0,0,2,RandomForest
2024-02-02,0.0014385456100573448,0.02570055887466283,0.010946692898869514,0.0,0.008813714551111447,0.0109466929362507,0.02570055887466283,0.02570055887466283,HOLD,LOW,HIGH,Volatile,0.032619646168239314,8.996428353445875,0,0,2,RandomForest
2024-02-05,0.000584004245156038,0.02294474668489984,0.008867721073329449,0.0,0.007135608991816826,0.008867721122991425,0.02294474668489984,0.02294474668489984,HOLD,LOW,HIGH,Volatile,0.03300506623068582,9.109999520438055,0,0,2,RandomForest
2024-02-06,-0.0004093060012437023,0.035602232038600364,0.007955094799399376,0.0,0.007591980104226184,0.007955094882757594,0.035602232038600364,0.035602232038600364,HOLD,LOW,HIGH,Volatile,0.033473378619286745,9.215713500976571,0,0,2,RandomForest
2024-02-07,0.0021025674824419246,0.03002894019783991,0.007491241209208965,0.0,0.007744919278852152,0.00749124135034837,0.03002894019783991,0.03002894019783991,HOLD,LOW,HIGH,Volatile,0.03388736303141724,9.10142844063896,0,0,2,RandomForest
2024-02-08,0.0010843671565188037,0.026466088734620547,0.007173648104071617,0.0,0.006823189140666862,0.007173648216412299,0.026466088734620547,0.026466088734620547,HOLD,LOW,HIGH,Volatile,0.034207929519471506,9.130713326590408,0,0,2,RandomForest
2024-02-09,0.0011108252359290556,0.02560688594982341,0.006934184581041336,0.0,0.006622013277811709,0.006934184699156187,0.02560688594982341,0.02560688594982341,HOLD,LOW,HIGH,Volatile,0.03460321638587427,8.63857051304409,0,0,2,RandomForest
2024-02-12,0.0015138565994275298,0.022165624333537602,0.006626901216804981,0.0,0.0062644596897297004,0.006626901347959627,0.022165624333537602,0.022165624333537602,HOLD,LOW,HIGH,Volatile,0.034263464438653864,8.60642787388393,0,0,2,RandomForest
2024-02-13,-0.00040021050110298855,0.02330048911927828,0.00707204919308424,0.0,0.005873836313192447,0.0070720492652641305,0.02330048911927828,0.02330048911927828,HOLD,LOW,HIGH,Volatile,0.034283156672203385,8.610714503696986,0,0,2,RandomForest
2024-02-14,0.0003876323324944006,0.026649284540899508,0.0074625881388783455,0.0,0.006722306845704232,0.007462588228068026,0.026649284540899508,0.026649284540899508,HOLD,LOW,HIGH,Volatile,0.034993845156339416,7.022856576102122,0,0,2,RandomForest
2024-02-15,0.0019948544629545526,0.017351811307085924,0.0059197451919317245,0.0,0.005590373991262486,0.0059197453591281765,0.017351811307085924,0.017351811307085924,HOLD,LOW,HIGH,Volatile,0.037936840813090206,7.557856968470982,0,0,2,RandomForest
2024-02-16,0.002645120250900088,0.015163412264587277,0.004109576810151339,0.0,0.004687023265898958,0.004109577401617274,0.015163412264587277,0.015163412264587277,HOLD,LOW,HIGH,Volatile,0.037923907530221415,7.382143293108259,0,0,2,RandomForest
2024-02-20,-9.282779542372924e-05,0.025020286595471678,0.0025235721841454506,0.0,0.003838738497344243,0.0025235725216110937,0.025020286595471678,0.025020286595471678,HOLD,LOW,HIGH,Volatile,0.03835625942006805,7.744285583496094,0,0,2,RandomForest
2024-02-21,-0.0002859547234727337,0.030351846267737424,0.0017240603920072317,0.0,0.0039048690599120216,0.0017240608540927405,0.030351846267737424,0.030351846267737424,HOLD,LOW,HIGH,Volatile,0.03839085699595866,7.699286324637275,0,0,2,RandomForest
2024-02-22,0.0014036801371988738,0.023779754428948145,0.0011529311304911971,0.0,0.003583709125620406,0.0014036840490072504,0.023779754428948145,0.023779754428948145,HOLD,LOW,HIGH,Volatile,0.038570613190955214,7.79642922537667,0,0,2,RandomForest
2024-02-23,0.00120253292671189,0.017065229285302217,0.00040575856110081077,0.0,0.002430794069924552,0.0012025341155969386,0.017065229285302217,0.017065229285302217,HOLD,LOW,HIGH,Volatile,0.025492241445184933,7.740001133510039,0,0,2,RandomForest
2024-02-26,-0.0003945815274499424,0.027011713087638136,0.00022656586952507496,0.0,0.0027511795590218096,0.00022656743695059618,0.027011713087638136,0.027011713087638136,HOLD,LOW,HIGH,Volatile,0.02670053013147165,7.519286019461494,0,0,2,RandomForest
2024-02-27,0.0025607542946213158,0.011587927012357913,-2.8592068701982498e-05,0.0,0.0021652674648148804,0.002560754569768993,0.011587927012357913,0.011587927012357913,HOLD,LOW,HIGH,Volatile,0.02525428343682786,7.373572213309141,0,0,2,RandomForest
2024-02-28,0.00033127107842618786,0.01613402142326542,-1.5812693163752556e-06,0.0,0.0017910665830886234,0.0003312740015455117,0.01613402142326542,0.01613402142326542,HOLD,LOW,HIGH,Volatile,0.02533836003478608,7.355715070451999,0,0,2,RandomForest
2024-02-29,0.0012142012431522599,0.014515619139415277,6.225320976227522e-05,0.0,0.001996222994710514,0.001214202034573809,0.014515619139415277,0.014515619139415277,HOLD,LOW,MEDIUM,Volatile,0.024648729131742885,7.412144252232133,0,0,1,RandomForest
2024-03-01,0.0006107800646325114,0.0055405002431378105,0.0005856365896761417,0.0,0.001106490216297939,0.0006108167034039052,0.0055405002431378105,0.0055405002431378105,HOLD,LOW,MEDIUM,Volatile,0.02462503078881016,7.510716029575879,0,0,1,RandomForest
2024-03-04,0.000950378853865164,0.005312998458988936,0.0008241835748776793,0.0,0.0013358017506310584,0.0009503864253629275,0.005312998458988936,0.005312998458988936,HOLD,LOW,HIGH,Volatile,0.030136702534344636,8.115716116768962,0,0,2,RandomForest
2024-03-05,-0.0019542235838405503,0.011129099163919303,0.002195504028350115,0.0,0.001521936528719606,0.0021955041573017402,0.011129099163919303,0.011129099163919303,HOLD,LOW,HIGH,Volatile,0.030337825173895404,8.44071524483816,0,0,2,RandomForest
2024-03-06,0.0003411562198321433,0.012118778572694562,0.002856096252799034,0.0,0.0028449248389792532,0.0028560965421701007,0.012118778572694562,0.012118778572694562,HOLD,LOW,HIGH,Volatile,0.030297804572999187,8.607858930315277,0,0,2,RandomForest
2024-03-07,0.00044773068832553467,0.018467981254513443,0.0031748744659125805,0.0,0.0037042801953926876,0.003174874766947488,0.018467981254513443,0.018467981254513443,HOLD,LOW,HIGH,Volatile,0.030260574564535948,8.191430228097087,0,0,2,RandomForest
2024-03-08,0.00153443200073695,0.007665738994919881,0.0028593437746167183,0.0,0.0028458922691625673,0.002859344320276818,0.007665738994919881,0.007665738994919881,HOLD,LOW,HIGH,Volatile,0.030307866171526414,8.352858407156797,0,0,2,RandomForest
2024-03-11,-5.036467039654189e-05,0.011848820005889554,0.0028221106622368097,0.0,0.002649150564588214,0.002822110899368592,0.011848820005889554,0.011848820005889554,HOLD,LOW,HIGH,Volatile,0.0300398929001061,8.156429835728224,0,0,2,RandomForest
2024-03-12,0.0015578521722582111,0.0065395948175954975,0.0024294559843838215,0.0,0.002518432952905666,0.0024294568858852714,0.0065395948175954975,0.0065395948175954975,HOLD,LOW,HIGH,Volatile,0.029495111069151137,8.122857230050212,0,0,2,RandomForest
2024-03-13,0.0005548175070480084,0.01046692746509001,0.001649998826906085,0.0,0.002138622668770981,0.0016499996249400902,0.01046692746509001,0.01046692746509001,HOLD,LOW,HIGH,Volatile,0.03080419831451512,8.224999564034588,0,0,2,RandomForest
2024-03-14,-0.0017130352482419035,0.018733340549382593,0.0013766895281150937,0.0,0.0019796056370920325,0.0013766897939509908,0.018733340549382593,0.018733340549382593,HOLD,LOW,HIGH,Volatile,0.031106953510112407,8.55285644531249,0,0,2,RandomForest
2024-03-15,-0.0014879325707512102,0.005851246715289988,0.0017440487863495946,0.0,0.000925346771421236,0.001744048852209483,0.005851246715289988,0.005851246715289988,HOLD,LOW,HIGH,Volatile,0.026986100032222623,8.16785648890903,0,0,2,RandomForest
2024-03-18,-0.00010156070845961909,0.0013663368158360748,0.001379077904857695,0.0,0.0008085768028127123,0.0013662696554629006,0.0013663368158360748,0.0013663368158360748,HOLD,LOW,HIGH,Volatile,0.03128426615653646,8.439998081752227,0,0,2,RandomForest
2024-03-19,0.0013876677585009248,0.01278058470980347,0.0006874884711578488,0.0,0.002204282962757229,0.0013876690948803705,0.01278058470980347,0.01278058470980347,HOLD,LOW,HIGH,Volatile,0.030811641286369876,8.405712672642295,0,0,2,RandomForest
2024-03-20,-0.0015059400122097591,0.01047872095815269,-8.975458331406116e-05,0.0,0.00045617418201838057,-8.975397279073378e-05,0.01047872095815269,0.01047872095815269,HOLD,LOW,HIGH,Volatile,0.031506815932762874,8.305712018694193,0,0,2,RandomForest
2024-03-21,0.001455074125192398,0.006511168748132521,-0.0008967171888798475,0.0,0.0007716213322180301,0.0014550743523360115,0.006511168748132521,0.006511168748132521,HOLD,LOW,HIGH,Volatile,0.03128281306783705,8.331425258091516,0,0,2,RandomForest
2024-03-22,-0.0013603576042310545,0.010390088864508117,-0.0012395407538861036,0.0,-8.616868755641758e-05,-0.0012395326976477202,0.010390088864508117,0.010390088864508117,HOLD,LOW,HIGH,Volatile,0.030908388483720805,7.659997122628346,0,0,2,RandomForest
2024-03-25,0.00021586732625636644,0.00429683567074734,-0.0017304650973528624,0.0,-0.00036042644625668423,0.00021586759459598439,0.00429683567074734,0.00429683567074734,HOLD,LOW,HIGH,Volatile,0.029433746722656418,7.369998386928011,0,0,2,RandomForest
2024-03-26,0.00014581500564880324,0.0014481802824535758,-0.002138975076377392,0.0,-0.0008905738318115936,0.0001458146762864659,0.0014481802824535758,0.0014481802824535758,HOLD,LOW,HIGH,Volatile,0.030470172918819635,7.637140546526226,0,0,2,RandomForest
2024-03-27,0.0010469037330276482,0.00424586242426835,-0.0023582952562719584,0.0,-0.00036792588090035295,0.0010469037141174536,0.00424586242426835,0.00424586242426835,HOLD,LOW,HIGH,Volatile,0.030487976920329028,7.606426783970418,0,0,2,RandomForest
2024-03-28,0.00028489460754711423,0.0015582568616556685,-0.002639194717630744,0.0,-0.0010820706566038066,0.0002848941652091134,0.0015582568616556685,0.0015582568616556685,HOLD,LOW,HIGH,Volatile,0.03069120403329666,7.35642678397042,0,0,2,RandomForest
2024-04-01,-0.00046045560581946504,-0.0033936133297584607,-0.0026656119152903557,0.0,-0.0018930135657814124,-0.0026656109985011,-0.0033936133297584607,-0.0033936133297584607,HOLD,LOW,HIGH,Volatile,0.030602789899883028,7.247141156877786,0,0,2,RandomForest
2024-04-02,0.00046635177110839886,0.0067065294690390135,-0.002561710076406598,0.0,-0.0004414691645522867,0.0004663519409341728,0.0067065294690390135,0.0067065294690390135,HOLD,LOW,HIGH,Volatile,0.02821758309299167,7.5878568376813575,0,0,2,RandomForest
2024-04-03,-0.0018006473824441404,0.0031487036580967963,-0.0022931748535484076,0.0,-0.0015424048203964871,-0.0018006455622761196,0.0031487036580967963,0.0031487036580967963,HOLD,LOW,HIGH,Volatile,0.027254682650127923,7.384286063058032,0,0,2,RandomForest
2024-04-04,0.0012270829095675662,-0.001734137859001584,-0.0021056849509477615,0.0,-0.0007861712905769119,-0.0017341355194314646,-0.001734137859001584,-0.001734137859001584,HOLD,LOW,HIGH,Volatile,0.027165649157916208,7.278572082519527,0,0,2,RandomForest
2024-04-05,-1.168588797447335e-05,0.0150705213296866,-0.001650027697905898,0.0,0.0007048242792517121,-1.1685344639914767e-05,0.0150705213296866,0.0150705213296866,HOLD,LOW,HIGH,Volatile,0.028074142529035177,7.720001220703121,0,0,2,RandomForest
2024-04-08,-0.0011283424567642966,0.010297162467597236,-0.0007190564647316933,0.0,0.00026013746334977773,-0.0007190541240917972,0.010297162467597236,0.010297162467597236,HOLD,LOW,HIGH,Volatile,0.030109564046826732,7.609287806919639,0,0,2,RandomForest
2024-04-09,0.0023330965884903127,-0.0002592638153892493,-0.00044641271233558655,0.0,0.0006413933067835429,-0.0002592589139904776,-0.0002592638153892493,-0.0002592638153892493,HOLD,LOW,HIGH,Volatile,0.03038412698368463,7.675001961844304,0,0,2,RandomForest
2024-04-10,6.651754628447207e-05,0.0024356566862942593,-0.0005803251406177878,0.0,-2.0510466654580407e-05,6.651866575260668e-05,0.0024356566862942593,0.0024356566862942593,HOLD,LOW,HIGH,Volatile,0.03107572884460913,7.777860369001112,0,0,2,RandomForest
2024-04-11,-0.0004080324404942972,-0.003118343433370583,-0.0005234517157077789,0.0,-0.0007467944764912144,-0.0005234598471479977,-0.003118343433370583,-0.003118343433370583,HOLD,LOW,HIGH,Volatile,0.02944139649886771,7.848576136997764,0,0,2,RandomForest
2024-04-12,0.0018142408031991413,-0.006613866683984644,-0.0005793484160676599,0.0,-0.0002817804126129847,-0.0005793486678431075,-0.006613866683984644,-0.006613866683984644,HOLD,LOW,HIGH,Volatile,0.028130449230302744,7.685719081333701,0,0,2,RandomForest
2024-04-15,-0.00024687454798579813,-0.0019849312847536587,-0.0006914264522492886,0.0,-0.0006539814619637354,-0.0006914279197333004,-0.0019849312847536587,-0.0019849312847536587,HOLD,LOW,HIGH,Volatile,0.03114490017937344,7.911432538713724,0,0,2,RandomForest
2024-04-16,-0.0009989570096757636,0.00013229138154507652,0.0002906706649810076,0.0,-0.0002214274103611724,0.00013228602871542355,0.00013229138154507652,0.00013229138154507652,HOLD,LOW,HIGH,Volatile,0.028098761353153714,7.633575439453121,0,0,2,RandomForest
2024-04-17,0.0006325319082257912,-0.0036658123541603114,0.0005280009936541319,0.0,0.00013551349947999597,0.0005279918450199374,-0.0036658123541603114,-0.0036658123541603114,HOLD,LOW,HIGH,Volatile,0.028045730247317203,7.536432538713727,0,0,2,RandomForest
2024-04-18,0.0007694677873490356,0.006185775283109453,0.0005549922352656722,0.0,0.0012183627183317753,0.0007694722222526285,0.006185775283109453,0.006185775283109453,HOLD,LOW,HIGH,Volatile,0.027951377079149794,7.695004054478237,0,0,2,RandomForest
2024-04-19,-0.0003926593080413721,0.0019755940037541973,0.0003756120568141341,0.0,0.00024534185192397434,0.0003756127308316897,0.0019755940037541973,0.0019755940037541973,HOLD,LOW,HIGH,Volatile,0.028008749349539654,7.565004621233259,0,0,2,RandomForest
2024-04-22,0.0006091943314003237,0.003257617656443713,0.00032817921601235867,0.0,0.0007384339845273463,0.0006091974874864945,0.003257617656443713,0.003257617656443713,HOLD,LOW,HIGH,Volatile,0.028626286266906213,7.312146868024554,0,0,2,RandomForest
2024-04-23,-0.00021286849595667878,0.002778301603501518,0.00018916756380349398,0.0,0.0003017351793672435,0.00018916965290069636,0.002778301603501518,0.002778301603501518,HOLD,LOW,HIGH,Volatile,0.02896321194443375,7.355717250279018,0,0,2,RandomForest
2024-04-24,0.0019521103186712655,0.004529798938970656,-8.96095298230648e-06,0.0,0.0012131724322631782,0.001952110440433461,0.004529798938970656,0.004529798938970656,HOLD,LOW,HIGH,Volatile,0.03921508637444563,8.363574436732701,0,0,2,RandomForest
2024-04-25,0.0046046923342664,0.016120441916149742,-5.764595698565245e-05,0.0,0.0034037246341288145,0.004604692461836569,0.016120441916149742,0.016120441916149742,HOLD,LOW,HIGH,Volatile,0.04083830734381366,8.500717163085938,0,0,2,RandomForest
2024-04-26,0.0008080185610682571,-0.012891048191985555,-0.00048610661178827286,0.0,-0.0012684239770317813,-0.0004861073027186956,-0.012891048191985555,-0.012891048191985555,HOLD,LOW,HIGH,Volatile,0.040622181068338016,8.225716727120536,0,0,2,RandomForest
2024-04-29,-0.00031698211453267853,0.0020044491378634084,-0.000769277336075902,0.0,-0.00030924376140092355,-0.0003169803437171354,0.0020044491378634084,0.0020044491378634084,HOLD,LOW,HIGH,Volatile,0.051911940983291036,9.888573782784599,0,0,2,RandomForest
2024-04-30,0.006118936144065408,0.011044242361120228,-0.0007534470641985536,0.0,0.003105587260466992,0.0061189360865823526,0.011044242361120228,0.011044242361120228,HOLD,LOW,HIGH,Volatile,0.052316521927248234,10.198573521205356,0,0,2,RandomForest
2024-05-01,-0.0034831574687552457,-0.01419160511270792,-0.00044505030382424593,0.0,-0.0030311758260903304,-0.0034831577043242467,-0.01419160511270792,-0.01419160511270792,HOLD,LOW,HIGH,Volatile,0.052542481029144,10.161430358886719,0,0,2,RandomForest
2024-05-02,0.0010550964741722724,0.014998438538103311,7.494678720831871e-05,0.0,0.0019913762851267764,0.0010550974206385477,0.014998438538103311,0.014998438538103311,HOLD,LOW,HIGH,Volatile,0.05245981852978304,10.471430097307476,0,0,2,RandomForest
2024-05-03,0.0009977784710873624,-0.010314017459199814,0.0005096790264360607,0.0,-0.0004193551248693826,0.0005096770784062726,-0.010314017459199814,-0.010314017459199814,HOLD,LOW,HIGH,Volatile,0.051631041212345394,10.235001700265064,0,0,2,RandomForest
2024-05-06,0.0009998215100525888,0.008203823549964991,0.0005452361074276268,0.0,0.0015101159507982821,0.0009998235614507708,0.008203823549964991,0.008203823549964991,HOLD,LOW,HIGH,Volatile,0.050767059583171584,10.137858799525663,0,0,2,RandomForest
2024-05-07,0.0013770201179095082,0.004471687519147206,0.0002481810515746474,0.0,0.0011178636428510749,0.0013770206792809933,0.004471687519147206,0.004471687519147206,HOLD,LOW,HIGH,Volatile,0.05137952708773015,10.338572910853793,0,0,2,RandomForest
2024-05-08,-0.0009187472988335129,-0.0015786102094184635,0.00023331050761044025,0.0,-0.00039649710339721353,-0.0009187466544534923,-0.0015786102094184635,-0.0015786102094184635,HOLD,LOW,HIGH,Volatile,0.05108742213073676,10.403573172433033,0,0,2,RandomForest
2024-05-09,0.0007226063434372623,0.011406609154720365,1.5895231626927853e-05,0.0,0.0014627366533196363,0.00072260766086924,0.011406609154720365,0.011406609154720365,HOLD,LOW,HIGH,Volatile,0.05108011791417281,10.370001656668524,0,0,2,RandomForest
2024-05-10,0.00041202085280715576,-0.005011049873527827,-0.00016355805564671755,0.0,-0.0004424047402940164,-0.00016355958080524997,-0.005011049873527827,-0.005011049873527827,HOLD,LOW,HIGH,Volatile,0.051080538052672105,10.160001482282365,0,0,2,RandomForest
2024-05-13,0.0002347053950737635,-0.001710110624726207,-0.0001758240396156907,0.0,-0.00017629915181106105,-0.00017582581276772013,-0.001710110624726207,-0.001710110624726207,HOLD,LOW,HIGH,Volatile,0.04946059460080764,10.21571568080357,0,0,2,RandomForest
2024-05-14,0.0017764623380147181,0.0036975604193623017,-0.0003568726824596524,0.0,0.0008815148008924491,0.0017764622863310152,0.0036975604193623017,0.0036975604193623017,HOLD,LOW,HIGH,Volatile,0.049324267333068654,9.095001220703123,0,0,2,RandomForest
2024-05-15,0.0016260336103286225,-0.0008286653319600009,-0.0008350210264325142,0.0,0.00011171251237650681,-0.0008285460543383181,-0.0008286653319600009,-0.0008286653319600009,HOLD,LOW,HIGH,Volatile,0.049542839852701595,8.692858014787944,0,0,2,RandomForest
2024-05-16,-0.00044199618728926813,-0.0009106025063172783,-0.000849805073812604,0.0,-0.0006993077194080654,-0.0008497915892325289,-0.0009106025063172783,-0.0009106025063172783,HOLD,LOW,HIGH,Volatile,0.04856109940037309,8.59357234409877,0,0,2,RandomForest
2024-05-17,0.0012407332666363722,0.002923620509446618,-0.001214183634147048,0.0,0.0001564275529218923,0.001240733080138973,0.002923620509446618,0.002923620509446618,HOLD,LOW,HIGH,Volatile,0.048158187684713555,6.900715419224328,0,0,2,RandomForest
2024-05-20,0.0012077349633477482,-0.00039358138801482106,-0.001330869970843196,0.0,-0.0002582812219980048,-0.00039358094708622616,-0.00039358138801482106,-0.00039358138801482106,HOLD,LOW,HIGH,Volatile,0.0473886610845111,6.402143205915179,0,0,2,RandomForest
2024-05-21,2.4354582608576377e-05,-0.0017151534429226893,-0.001377950655296445,0.0,-0.0008736657793483029,-0.0013779484192986697,-0.0017151534429226893,-0.0017151534429226893,HOLD,LOW,HIGH,Volatile,0.04889317211272752,6.7821426391601545,0,0,2,RandomForest
2024-05-22,0.0033072558177042097,0.002831597458081302,-0.0015607685782015324,0.0,0.000763751490796273,0.0028315955920979966,0.002831597458081302,0.002831597458081302,HOLD,LOW,HIGH,Volatile,0.04376380374079133,6.7750004359654,0,0,2,RandomForest
2024-05-23,-0.001481799945499566,-0.005304507020578049,-0.0014847118873149157,0.0,-0.0018776766552801346,-0.001484915221962768,-0.005304507020578049,-0.005304507020578049,HOLD,LOW,HIGH,Volatile,0.04344997632932791,6.937857491629464,0,0,2,RandomForest
2024-05-24,-1.612770765099976e-07,-0.00901194710491291,-0.0005301616620272398,0.0,-0.0012014758115855807,-0.0005301634238536075,-0.00901194710491291,-0.00901194710491291,HOLD,LOW,HIGH,Volatile,0.04385348580197809,6.93642970493862,0,0,2,RandomForest
2024-05-28,0.002384399026998044,0.008393638692195863,-0.0002944252919405699,0.0,0.001631705750254858,0.0023843992336626137,0.008393638692195863,0.008393638692195863,HOLD,LOW,HIGH,Volatile,0.029210956862388032,6.845001220703125,0,0,2,RandomForest
2024-05-29,-0.00022381075060436345,0.006649096425852538,-0.00041360314935445786,0.0,0.00038800793947403383,-0.00022380568208605543,0.006649096425852538,0.006649096425852538,HOLD,LOW,HIGH,Volatile,0.02647744604868174,6.599286760602679,0,0,2,RandomForest
2024-05-30,0.0008628226862112799,0.0016032783900607867,-0.0005224855849519372,0.0,0.00022936696739983705,0.0008628220601492986,0.0016032783900607867,0.0016032783900607867,HOLD,LOW,HIGH,Volatile,0.026439721139207513,6.816429138183594,0,0,2,RandomForest
2024-05-31,0.0013202577807013619,0.0032358084777109443,-0.0004988695727661252,0.0,0.0005857415142914761,0.0013202578083131885,0.0032358084777109443,0.0032358084777109443,HOLD,LOW,HIGH,Volatile,0.02645190857703826,6.901429312569754,0,0,2,RandomForest
2024-06-03,0.0003951934378582091,0.0016272509125080583,-0.0005255630239844322,0.0,5.0497387440620535e-05,0.0003951937112329806,0.0016272509125080583,0.0016272509125080583,HOLD,LOW,HIGH,Volatile,0.026479351425536497,6.988572256905692,0,0,2,RandomForest
2024-06-04,0.00045301610266852265,0.002662081136394,-9.102281183004379e-05,0.0,0.00040215123975377446,0.0004530174817702396,0.002662081136394,0.002662081136394,HOLD,LOW,HIGH,Volatile,0.026055954226351038,6.714285714285714,0,0,2,RandomForest
2024-06-05,0.000583242876665893,0.0005622978497240037,4.684086889028549e-05,0.0,0.0003062235005126137,0.000562256196314906,0.0005622978497240037,0.0005622978497240037,HOLD,LOW,MEDIUM,Volatile,0.024679804105449073,6.509284973144531,0,0,1,RandomForest
2024-06-06,0.0009229922460425422,0.004900504678539924,-0.00017291877884417772,0.0,0.0007717906515741815,0.0009229929055762478,0.004900504678539924,0.004900504678539924,HOLD,LOW,MEDIUM,Volatile,0.02464379383910038,6.697856358119419,0,0,1,RandomForest
2024-06-07,0.0013352084928481857,0.0006307039703377782,-0.0005606827326118946,0.0,0.00029104925100138833,0.0006307033928693377,0.0006307039703377782,0.0006307039703377782,HOLD,LOW,MEDIUM,Volatile,0.024345075171381642,6.475713457380023,0,0,1,RandomForest
2024-06-10,0.0004138316621604906,-0.0009334154256651731,-0.0009753941558301449,0.0,-0.00043701751489622114,-0.0009333934281840252,-0.0009334154256651731,-0.0009334154256651731,HOLD,LOW,MEDIUM,Volatile,0.024366710136487404,6.559285845075335,0,0,1,RandomForest
2024-06-11,7.388473336457206e-05,-0.002249030193394357,-0.000929276691749692,0.0,-0.0006797992569758962,-0.0009292769300442285,-0.002249030193394357,-0.002249030193394357,HOLD,LOW,MEDIUM,Volatile,0.024336631604961616,6.214285714285714,0,0,1,RandomForest
2024-06-12,0.00044722817662451545,-0.0015104784177322056,-0.0006312731420621276,0.0,-0.0003073826807644039,-0.0006312729327488674,-0.0015104784177322056,-0.0015104784177322056,HOLD,LOW,MEDIUM,Volatile,0.024771236263455895,6.37642778669085,0,0,1,RandomForest
2024-06-13,0.002369508572539023,0.0033502955521236503,-0.0006695883348584175,0.0,0.0009134274350110045,0.0023695078838530136,0.0033502955521236503,0.0033502955521236503,HOLD,LOW,HIGH,Volatile,0.025094229955999723,6.744285583496094,0,0,2,RandomForest
2024-06-14,0.0011722925497357278,0.0029702970736266566,-0.0006856423569843173,0.0,0.0004057637380206643,0.0011722925318347877,0.0029702970736266566,0.0029702970736266566,HOLD,LOW,HIGH,Volatile,0.025803297645432006,6.9392852783203125,0,0,2,RandomForest
2024-06-17,-0.0005307264862592665,-0.0033401738329291884,-0.0003830990754067898,0.0,-0.0007449281948807458,-0.000530732813853046,-0.0033401738329291884,-0.0033401738329291884,HOLD,LOW,HIGH,Volatile,0.028060230250131064,7.348570687430241,0,0,2,RandomForest
2024-06-18,0.0029665579909138734,-0.002858157087993923,-0.0007569295121356845,0.0,0.00045767095107894897,-0.000756929305097182,-0.002858157087993923,-0.002858157087993923,HOLD,LOW,HIGH,Volatile,0.028048095939685633,7.409285409109929,0,0,2,RandomForest
2024-06-20,-0.0005429104356480765,0.002895263593433895,-0.0013298552948981524,0.0,-0.0005914372125630507,-0.0005429094588149797,0.002895263593433895,0.002895263593433895,HOLD,LOW,MEDIUM,Volatile,0.024309557442524495,7.2850003923688575,0,0,1,RandomForest
2024-06-21,0.00037832967660164456,0.01022381259172466,-0.0015463598538190126,0.0,0.00040784476782243837,0.0003783300940778566,0.01022381259172466,0.01022381259172466,HOLD,LOW,MEDIUM,Volatile,0.023012570817675743,7.053571428571424,0,0,1,RandomForest
2024-06-24,0.0013033423751780183,0.007051563117353808,-0.0019446494989097118,0.0,0.0002320721155862804,0.0013033425089647352,0.007051563117353808,0.007051563117353808,HOLD,LOW,MEDIUM,Volatile,0.02134992646861052,6.917857578822541,0,0,1,RandomForest
2024-06-25,0.0005489136413512651,0.005943914845732232,-0.0019295199308544397,0.0,-0.00016446745826953176,0.0005489138592185236,0.005943914845732232,0.005943914845732232,HOLD,LOW,MEDIUM,Volatile,0.02100078556029521,7.075001307896197,0,0,1,RandomForest
2024-06-26,0.0017088888841835142,0.0036299594531621687,-0.002194476779550314,0.0,-9.304535934859313e-05,0.00170888862023973,0.0036299594531621687,0.0036299594531621687,HOLD,LOW,MEDIUM,Volatile,0.022871360510108664,7.6021445138113775,0,0,1,RandomForest
2024-06-27,0.002007457238075787,-0.002428551585856086,-0.00238635647110641,0.0,-0.0007016412489289888,-0.0023863340715450237,-0.002428551585856086,-0.002428551585856086,HOLD,LOW,MEDIUM,Volatile,0.0227851466756908,7.435715811593186,0,0,1,RandomForest
2024-06-28,0.00023245177401406156,0.000283791633355494,-0.0025410351809114218,0.0,-0.0011834178623484188,0.0002324333864810132,0.000283791633355494,0.000283791633355494,HOLD,LOW,MEDIUM,Volatile,0.022696525066242697,7.733572823660704,0,0,1,RandomForest
2024-07-01,0.0007823850603838999,0.000615030707384624,-0.0022248250897973776,0.0,-0.0007758094519178106,0.0006150251544769849,0.000615030707384624,0.000615030707384624,HOLD,LOW,HIGH,Volatile,0.025539581344498317,8.444285801478783,0,0,2,RandomForest
2024-07-02,0.002783596666452357,0.005391473807274052,-0.0019745766185224056,0.0,0.0006145063577194403,0.00278359649336893,0.005391473807274052,0.005391473807274052,HOLD,LOW,HIGH,Volatile,0.03194142600588052,9.45142909458704,0,0,2,RandomForest
2024-07-03,0.0032542394861894575,-0.023548013362836396,-0.0020453420002013445,0.0,-0.0022264861876977867,-0.002045342142322783,-0.023548013362836396,-0.023548013362836396,HOLD,LOW,HIGH,Volatile,0.03333364863662571,9.904287065778439,0,0,2,RandomForest
2024-07-05,0.001506742441150797,-0.023776250795896313,-0.0018905261531472206,0.0,-0.0028424760451686523,-0.0018905264016404457,-0.023776250795896313,-0.023776250795896313,HOLD,LOW,HIGH,Volatile,0.03312913378813508,9.627142769949756,0,0,2,RandomForest
2024-07-08,0.0005445364801587345,-0.007541671426306716,-0.0016467003151774406,0.0,-0.0014125236343630132,-0.0016467006015460006,-0.007541671426306716,-0.007541671426306716,HOLD,LOW,HIGH,Volatile,0.033246616878160044,10.040713718959243,0,0,2,RandomForest
2024-07-09,0.0006610067396673317,-0.007203872310637306,-0.0010162810795009136,0.0,-0.0010098658027133836,-0.0010162815134299318,-0.007203872310637306,-0.007203872310637306,HOLD,LOW,HIGH,Volatile,0.03314572042653567,10.290712629045743,0,0,2,RandomForest
2024-07-10,0.002229180522980123,-0.01467573491424147,-0.0005721480119973421,0.0,-0.0009503141674296728,-0.0005721482978222574,-0.01467573491424147,-0.01467573491424147,HOLD,LOW,HIGH,Volatile,0.03199987385961414,10.623570033482126,0,0,2,RandomForest
2024-07-11,0.000517160600511694,-0.00432937523895411,-0.0003450460499152541,0.0,-0.00042465582596290356,-0.00034504695618880766,-0.00432937523895411,-0.00432937523895411,HOLD,LOW,HIGH,Volatile,0.03945157558388411,12.466427394321968,0,0,2,RandomForest
2024-07-12,-0.0025324324895192036,-0.01886814530803098,0.002853037789463997,0.0,-0.0014581941685271676,-0.002532432613927,-0.01886814530803098,-0.01886814530803098,HOLD,LOW,HIGH,Volatile,0.039257403811430586,13.5728563581194,0,0,2,RandomForest
2024-07-15,0.003290739124254945,0.006476364933965553,0.0038629313930869102,0.0,0.0039125945672447765,0.0038629327523189414,0.006476364933965553,0.006476364933965553,HOLD,LOW,HIGH,Volatile,0.03915743366328073,14.3671428135463,0,0,2,RandomForest
2024-07-16,0.0011107470778618776,-0.021802925264569527,0.004218311049044132,0.0,0.0003391192100972661,0.0011107467999116349,-0.021802925264569527,-0.021802925264569527,HOLD,LOW,HIGH,Volatile,0.03795477806911782,14.85714176722934,0,0,2,RandomForest
2024-07-17,0.0012674552891493642,-0.005260716283588496,0.0035856780596077442,0.0,0.0017818345745265595,0.001267455011291581,-0.005260716283588496,-0.005260716283588496,HOLD,LOW,HIGH,Volatile,0.038682017389662655,14.92071424211773,0,0,2,RandomForest
2024-07-18,-0.0005446529684367717,-0.0066608034344677,0.0032005258835852146,0.0,0.0007434226473914848,-0.0005446530718561202,-0.0066608034344677,-0.0066608034344677,HOLD,LOW,HIGH,Volatile,0.038222705596688215,15.297144208635588,0,0,2,RandomForest
2024-07-19,0.0014747080829866253,-0.008363426133962062,0.002613863442093134,0.0,0.0010434344899315337,0.0014747073083063152,-0.008363426133962062,-0.008363426133962062,HOLD,LOW,HIGH,Volatile,0.03959486688830758,15.6307155064174,0,0,2,RandomForest
2024-07-22,-0.0007444514677282938,-0.010123887580538561,0.0024039160925894976,0.0,-9.885844497361542e-05,-0.0007444516785580914,-0.010123887580538561,-0.010123887580538561,HOLD,LOW,HIGH,Volatile,0.04038515335286946,15.535002572195863,0,0,2,RandomForest
2024-07-23,0.00342519328904345,0.00634384439945013,0.0015908604254946113,0.0,0.0027863743420926002,0.0034251934912176625,0.00634384439945013,0.00634384439945013,HOLD,LOW,HIGH,Volatile,0.04102062636469456,14.727144513811382,0,0,2,RandomForest
2024-07-24,-0.000633321678509849,-0.014567286716532027,0.0011856183409690857,0.0,-0.0011388283488179105,-0.000633322155919994,-0.014567286716532027,-0.014567286716532027,HOLD,LOW,HIGH,Volatile,0.052372491031581904,15.768572126116075,0,0,2,RandomForest
2024-07-25,-0.003849328510763164,-0.010367189513098927,0.001719703315757215,0.0,-0.001668133897302184,-0.0038493285368856236,-0.010367189513098927,-0.010367189513098927,HOLD,LOW,HIGH,Volatile,0.05162534608761253,15.775715419224332,0,0,2,RandomForest
2024-07-26,0.003513625529650099,0.005010144887065744,0.0021251270081847906,0.0,0.0029565373681848866,0.003513625581491277,0.005010144887065744,0.005010144887065744,HOLD,LOW,HIGH,Volatile,0.05165474715984203,15.210001264299667,0,0,2,RandomForest
2024-07-29,0.0004736551229389243,0.01228843678618127,0.002050393959507346,0.0,0.002500512446182568,0.002050394495268527,0.01228843678618127,0.01228843678618127,HOLD,LOW,HIGH,Volatile,0.05279548534627677,15.150002615792411,0,0,2,RandomForest
2024-07-30,0.00305249603181183,0.005604973533363974,0.001680564135313034,0.0,0.002612838869300195,0.003052496368180552,0.005604973533363974,0.005604973533363974,HOLD,LOW,HIGH,Volatile,0.05248650362691443,15.341430664062496,0,0,2,RandomForest
2024-07-31,-0.0014886227872390424,-0.007124167313502893,0.0018736026249825954,0.0,-0.00034719327661551693,-0.0014886229071021005,-0.007124167313502893,-0.007124167313502893,HOLD,LOW,HIGH,Volatile,0.048566248211731694,13.963572910853793,0,0,2,RandomForest
2024-08-01,0.003126947770011572,0.012360356744034651,0.0015748959267511964,0.0,0.003284259644262868,0.0031269483052118775,0.012360356744034651,0.012360356744034651,HOLD,LOW,HIGH,Volatile,0.04843855932221578,13.891430446079797,0,0,2,RandomForest
2024-08-02,-0.0023349609528824076,-0.003724797047016995,0.0024130321107804775,0.0,-4.542311437803542e-05,-0.00233496044493355,-0.003724797047016995,-0.003724797047016995,HOLD,LOW,HIGH,Volatile,0.04867177149484611,13.44214412144252,0,0,2,RandomForest
2024-08-05,0.00022477689138224362,0.004130181435993021,0.003166163107380271,0.0,0.002134893107416777,0.0031661624119477256,0.004130181435993021,0.004130181435993021,HOLD,LOW,HIGH,Volatile,0.04909325412927312,14.360001700265064,0,0,2,RandomForest
2024-08-06,-0.00019122272182203368,0.015321855407201964,0.004209121689200401,0.0,0.0036640315559941785,0.004209121826381434,0.015321855407201964,0.015321855407201964,HOLD,LOW,HIGH,Volatile,0.04803450093535655,14.212857927594866,0,0,2,RandomForest
2024-08-07,0.0017097583477536618,0.009274014803001855,0.0044692642986774445,0.0,0.003904156879430189,0.0044692644527579576,0.009274014803001855,0.009274014803001855,HOLD,LOW,HIGH,Volatile,0.048367031500045184,14.360714503696991,0,0,2,RandomForest
2024-08-08,-0.00096725464651409,0.012034060961149158,0.005008408799767494,0.0,0.0034360752018832686,0.005008408824761906,0.012034060961149158,0.012034060961149158,HOLD,LOW,HIGH,Volatile,0.046537774522198934,14.09857177734375,0,0,2,RandomForest
2024-08-09,0.0027433186760464144,0.007086606650313948,0.004687958396971226,0.0,0.004187866596619884,0.004687958494122834,0.007086606650313948,0.007086606650313948,HOLD,LOW,HIGH,Volatile,0.045788210668661095,13.509999956403458,0,0,2,RandomForest
2024-08-12,0.00046444938458068156,0.015570782482666664,0.0037877464201301336,0.0,0.003725848866630429,0.0037877466360017858,0.015570782482666664,0.015570782482666664,HOLD,LOW,HIGH,Volatile,0.04529728482960968,13.167143685477114,0,0,2,RandomForest
2024-08-13,0.00028336362179240545,0.008548444555043992,0.0026302076876163483,0.0,0.0023386128133144938,0.0026302079444455377,0.008548444555043992,0.008548444555043992,HOLD,LOW,HIGH,Volatile,0.047109284448474086,11.721430097307477,0,0,2,RandomForest
2024-08-14,0.002798609918616523,-0.0021192742792327034,0.001411845674738288,0.0,0.0015806432710748788,0.0014118452377095375,-0.0021192742792327034,-0.0021192742792327034,HOLD,LOW,HIGH,Volatile,0.04709997607994707,11.69857352120536,0,0,2,RandomForest
2024-08-15,-0.0010643043047147286,-0.003022937182631995,0.0006560069741681218,0.0,-0.00038486726325196027,-0.0010643043752904954,-0.003022937182631995,-0.003022937182631995,HOLD,LOW,HIGH,Volatile,0.049722627311807356,12.237859453473774,0,0,2,RandomForest
2024-08-16,0.003467145061336825,-0.002462245940328201,-0.0002252162666991353,0.0,0.0009634081252871576,-0.0002252160907598557,-0.002462245940328201,-0.002462245940328201,HOLD,LOW,HIGH,Volatile,0.04920873319020333,11.84714508056641,0,0,2,RandomForest
2024-08-19,0.00023066599454052265,-0.004955522919578745,-0.0009719766676425934,0.0,-0.0009206353672192184,-0.0009719772468577665,-0.004955522919578745,-0.004955522919578745,HOLD,LOW,HIGH,Volatile,0.04821602971514596,11.595716203962057,0,0,2,RandomForest
2024-08-20,0.0017746849196548361,0.003192219112299967,-0.001764786196872592,0.0,0.0001072650790209372,0.001774684497566847,0.003192219112299967,0.003192219112299967,HOLD,LOW,HIGH,Volatile,0.04809664809433783,11.352859497070321,0,0,2,RandomForest
2024-08-21,0.0001043744833683464,-0.000771744667946443,-0.0019077640026807785,0.0,-0.0010170564768173362,-0.0007717449280246312,-0.000771744667946443,-0.000771744667946443,HOLD,LOW,HIGH,Volatile,0.03787031432659049,10.50000217982701,0,0,2,RandomForest
2024-08-22,0.0012622064258991043,0.005354829640214784,-0.00212520407512784,0.0,-5.130975158364908e-05,0.0012622064767129483,0.005354829640214784,0.005354829640214784,HOLD,LOW,HIGH,Volatile,0.03987036645686389,10.74285888671875,0,0,2,RandomForest
2024-08-23,-0.001430718722029883,0.003690251315290542,-0.001283895457163453,0.0,-0.0008271598103755878,-0.0012838889387338209,0.003690251315290542,0.003690251315290542,HOLD,LOW,HIGH,Volatile,0.04123624885127119,9.682144165039064,0,0,2,RandomForest
2024-08-26,0.0032299146695196684,-0.0012776162279505834,-0.0009805380832403898,0.0,0.0006073935698815568,-0.0009805349770215693,-0.0012776162279505834,-0.0012776162279505834,HOLD,LOW,HIGH,Volatile,0.039775240952127706,9.616431100027897,0,0,2,RandomForest
2024-08-27,-0.0010454689827875813,-0.008354342105948556,-0.0005674920976161957,0.0,-0.0015545967987904146,-0.0010454709294392308,-0.008354342105948556,-0.008354342105948556,HOLD,LOW,HIGH,Volatile,0.038964410113245446,9.381430489676328,0,0,2,RandomForest
2024-08-28,0.0006114806473694028,0.000734856605951404,0.0001325185876339674,0.0,0.00037878359663344593,0.0006114747504268881,0.000734856605951404,0.000734856605951404,HOLD,LOW,HIGH,Volatile,0.03760217798986639,9.403573172433028,0,0,2,RandomForest
2024-08-29,0.0004454433716574921,-0.0007201583103660172,0.000842877256218344,0.0,0.0005288391441365362,0.00044544172456718146,-0.0007201583103660172,-0.0007201583103660172,HOLD,LOW,HIGH,Volatile,0.03469834406527063,9.644287109374995,0,0,2,RandomForest
2024-08-30,0.0011178510055366657,0.002662996783617756,0.0014926790026947856,0.0,0.0014693281779912313,0.0014926808034184643,0.002662996783617756,0.002662996783617756,HOLD,LOW,HIGH,Volatile,0.034387046331341875,9.855716160365507,0,0,2,RandomForest
2024-09-03,0.0020846064942617436,0.0017202726004141016,0.0011875570053234696,0.0,0.001587360177936958,0.001720271740812616,0.0017202726004141016,0.0017202726004141016,HOLD,LOW,HIGH,Volatile,0.03304891741013498,9.77214377267019,0,0,2,RandomForest
2024-09-04,-0.0003224734710121826,-0.004115666551546272,0.001445622998289764,0.0,0.00019217963381501512,-0.0003224737724619827,-0.004115666551546272,-0.004115666551546272,HOLD,LOW,HIGH,Volatile,0.034119210460478236,9.912143162318628,0,0,2,RandomForest
2024-09-05,0.0023352460843391694,-0.006901621560484145,0.0012282057432457805,0.0,0.0008150282517876473,0.001228204964538829,-0.006901621560484145,-0.006901621560484145,HOLD,LOW,HIGH,Volatile,0.03332019155820404,9.990000043596535,0,0,2,RandomForest
2024-09-06,0.0019162498810316431,-0.011141323678528563,0.0008727607782930136,0.0,3.441828702027412e-05,0.0008727599050246067,-0.011141323678528563,-0.011141323678528563,HOLD,LOW,HIGH,Volatile,0.03911142573134157,10.996429443359363,0,0,2,RandomForest
2024-09-09,-0.0025274906768839502,-0.012941196125352472,0.0029842043295502663,0.0,-0.0007776062052002868,-0.002527490762241671,-0.012941196125352472,-0.012941196125352472,HOLD,LOW,HIGH,Volatile,0.0394479932971278,11.014286586216512,0,0,2,RandomForest
2024-09-10,0.0026257547365398483,0.0001579429234434423,0.0031087694223970175,0.0,0.0026186554611356137,0.002625753079634374,0.0001579429234434423,0.0001579429234434423,HOLD,LOW,HIGH,Volatile,0.04026041493861442,11.119285583496088,0,0,2,RandomForest
2024-09-11,0.001952914452184238,0.0030064536551683307,0.0021645179949700832,0.0,0.0021700350303608664,0.0021645214916353192,0.0030064536551683307,0.0030064536551683307,HOLD,LOW,HIGH,Volatile,0.0389009185332443,11.538570949009486,0,0,2,RandomForest
2024-09-12,0.0006313699377456875,-0.001171072284370147,0.0012109186500310898,0.0,0.0007423812658967388,0.0006313687723860424,-0.001171072284370147,-0.001171072284370147,HOLD,LOW,HIGH,Volatile,0.03795740856878943,11.048570905412946,0,0,2,RandomForest
2024-09-13,0.0009788152860602832,0.004242361975879541,0.0002030861796811223,0.0,0.0009180194730062935,0.0009788162656279775,0.004242361975879541,0.004242361975879541,HOLD,LOW,HIGH,Volatile,0.035697644459273155,10.72928510393415,0,0,2,RandomForest
2024-09-16,0.0008101743049307424,0.00542375894694184,-0.0007414659485220909,0.0,0.0004910747506014375,0.0008101747319231716,0.00542375894694184,0.00542375894694184,HOLD,LOW,HIGH,Volatile,0.03591783816945083,10.547140938895092,0,0,2,RandomForest
2024-09-17,0.0003057198319324073,0.006931628190457931,-0.0013908734545111656,0.0,0.00011995397612287725,0.000305720269777734,0.006931628190457931,0.006931628190457931,HOLD,LOW,HIGH,Volatile,0.0353327009824414,10.497141156877797,0,0,2,RandomForest
2024-09-18,0.0011426233009172288,0.0037053646327788385,-0.001715414458885789,0.0,-5.747252912268147e-05,0.001142623260660089,0.0037053646327788385,0.0037053646327788385,HOLD,LOW,HIGH,Volatile,0.035291318861411285,10.464997427804136,0,0,2,RandomForest
2024-09-19,0.0006696266496784462,-0.0001404067793653521,-0.001724354224279523,0.0,-0.0006406467072559692,-0.00014040738030429595,-0.0001404067793653521,-0.0001404067793653521,HOLD,LOW,HIGH,Volatile,0.03856425509513186,11.029283796037955,0,0,2,RandomForest
2024-09-20,0.003147597694235621,-0.004385044011674168,-0.0021438717376440763,0.0,-0.00034094611249460734,-0.002143871480758838,-0.004385044011674168,-0.004385044011674168,HOLD,LOW,HIGH,Volatile,0.03632024913347541,11.01356942313059,0,0,2,RandomForest
2024-09-23,-0.000705280003434246,-0.0011934336891967665,-0.002228116150945425,0.0,-0.0015359608887603087,-0.0011934347647597921,-0.0011934336891967665,-0.0011934336891967665,HOLD,LOW,HIGH,Volatile,0.03651250340534097,11.119998386928021,0,0,2,RandomForest
2024-09-24,0.0026536811731153525,0.0031185784796719028,-0.0024932469241321087,0.0,6.429953345728689e-05,0.0026536792255311176,0.0031185784796719028,0.0031185784796719028,HOLD,LOW,HIGH,Volatile,0.035384019039723574,10.869284493582597,0,0,2,RandomForest
2024-09-25,0.000836031073767107,0.0029021428316206915,-0.002605714602395892,0.0,-0.0007144000845634909,0.0008360308806157063,0.0029021428316206915,0.0029021428316206915,HOLD,LOW,HIGH,Volatile,0.03477633436971377,10.096426827566969,0,0,2,RandomForest
2024-09-26,0.0010041518661106203,0.0049559950175919,-0.002706104889512062,0.0,-0.0004893185389018507,0.0010041518825700604,0.0049559950175919,0.0049559950175919,HOLD,LOW,HIGH,Volatile,0.03456566944903751,9.177140372140077,0,0,2,RandomForest
2024-09-27,0.00035487990732991227,0.0007715469659101651,-0.0023098045494407415,0.0,-0.0009675476732174173,0.00035487789379281105,0.0007715469659101651,0.0007715469659101651,HOLD,LOW,HIGH,Volatile,0.03464123986239407,8.994284493582597,0,0,2,RandomForest
2024-09-30,0.001725340180295398,0.007113915933621622,-0.002150398213416338,0.0,0.00029530126339885024,0.0017253402526687357,0.007113915933621622,0.007113915933621622,HOLD,LOW,HIGH,Volatile,0.034138290471663335,8.919998168945318,0,0,2,RandomForest
2024-10-01,0.0007001938767110412,0.006356249818318611,-0.0018181782215833664,0.0,-6.7194408654255204e-06,0.0007001940967387173,0.006356249818318611,0.006356249818318611,HOLD,LOW,HIGH,Volatile,0.03403535620431741,9.189999171665743,0,0,2,RandomForest
2024-10-02,0.00033402404358511613,0.0009486294033226682,-0.0009097687434405088,0.0,-0.00023990137414303897,0.0003340232245029057,0.0009486294033226682,0.0009486294033226682,HOLD,LOW,HIGH,Volatile,0.034680100365663415,9.825713021414627,0,0,2,RandomForest
2024-10-03,-6.084092038170644e-05,-0.002829859740957883,-0.0001701426226645708,0.0,-0.0004025250660607418,-0.00017015123158485622,-0.002829859740957883,-0.002829859740957883,HOLD,LOW,HIGH,Volatile,0.03435680409127197,10.22785622732981,0,0,2,RandomForest
2024-10-04,0.00022684782912641137,0.0062443257534465215,0.0008460956159979105,0.0,0.001164974207500352,0.0008460970404847237,0.0062443257534465215,0.0062443257534465215,HOLD,LOW,HIGH,Volatile,0.02786153839659406,10.48071398053852,0,0,2,RandomForest
2024-10-07,0.0024252512714225305,-0.0034715697044750975,0.0007793373661115766,0.0,0.0009734975251413983,0.0007793369944169876,-0.0034715697044750975,-0.0034715697044750975,HOLD,LOW,HIGH,Volatile,0.02936447366443665,10.577856881277915,0,0,2,RandomForest
2024-10-08,-0.0007446777796652472,0.001412147964813401,0.0010145287960767746,0.0,0.0003792771164838727,0.0010145268614841277,0.001412147964813401,0.001412147964813401,HOLD,LOW,HIGH,Volatile,0.027988129371105005,10.352858407156827,0,0,2,RandomForest
2024-10-09,0.001781357871030131,0.005565219389067244,0.000672376248985529,0.0,0.001603479996074987,0.00178135850699451,0.005565219389067244,0.005565219389067244,HOLD,LOW,HIGH,Volatile,0.02824961156826017,9.701429094587066,0,0,2,RandomForest
2024-10-10,0.000237850179719016,0.0067177507858449306,0.0005173607496544719,0.0,0.0010495989905937278,0.0005173641406927293,0.0067177507858449306,0.0067177507858449306,HOLD,LOW,HIGH,Volatile,0.028356609039368257,9.871428353445879,0,0,2,RandomForest
2024-10-11,0.0007470125021506967,0.00396419156573845,0.0004137346404604614,0.0,0.000908150049455503,0.0007470151741157139,0.00396419156573845,0.00396419156573845,HOLD,LOW,HIGH,Volatile,0.03527419373770331,10.77428545270648,0,0,2,RandomForest
2024-10-14,-0.0018448328748686968,0.002825553280222859,0.0007415932486765087,0.0,-3.767992033354146e-05,0.0007415931556160727,0.002825553280222859,0.002825553280222859,HOLD,LOW,HIGH,Volatile,0.03519944651594295,10.77642822265625,0,0,2,RandomForest
2024-10-15,0.0021211118051309165,-5.542665725636643e-06,0.0008958562975749373,0.0,0.0012738722577606905,0.0008958565896796015,-5.542665725636643e-06,-5.542665725636643e-06,HOLD,LOW,HIGH,Volatile,0.0351770663731283,10.945714678083151,0,0,2,RandomForest
2024-10-16,0.0008178750999856256,0.00612049114120903,0.000830978387966752,0.0,0.001371654595793159,0.0008310444105593585,0.00612049114120903,0.00612049114120903,HOLD,LOW,HIGH,Volatile,0.03524406607917006,10.493572780064179,0,0,2,RandomForest
2024-10-17,0.0010960214381909707,-0.00033330738056829067,0.00037190329749137163,0.0,0.0005775127283778321,0.00037190333431088126,-0.00033330738056829067,-0.00033330738056829067,HOLD,LOW,HIGH,Volatile,0.030868825620339636,10.322143554687502,0,0,2,RandomForest
2024-10-18,0.000710890247948605,0.00872532691081086,-0.00014178361743688583,0.0,0.0011008112975269906,0.0007108912932420007,0.00872532691081086,0.00872532691081086,HOLD,LOW,HIGH,Volatile,0.030566077748015296,9.890716552734377,0,0,2,RandomForest
2024-10-21,0.0008641566376635955,-0.002086921245847882,-0.0007359110750257969,0.0,-0.00026019583507228873,-0.0007359109601263419,-0.002086921245847882,-0.002086921245847882,HOLD,LOW,HIGH,Volatile,0.028015105977042487,9.142144339425228,0,0,2,RandomForest
2024-10-22,0.0006157155075130629,0.002921081033191891,-0.0011434706393629313,0.0,-4.786942304706382e-05,0.0006157156419175432,0.002921081033191891,0.002921081033191891,HOLD,LOW,HIGH,Volatile,0.027472976240629055,8.21857452392578,0,0,2,RandomForest
2024-10-23,0.0008389950613587435,0.0025245841492415517,-0.0016350720543414354,0.0,-0.0002548446941976175,0.0008389948726636626,0.0025245841492415517,0.0025245841492415517,HOLD,LOW,HIGH,Volatile,0.02724558988325509,7.835003444126666,0,0,2,RandomForest
2024-10-24,0.0002958146847442647,-0.0022361119117390218,-0.0017569304909557104,0.0,-0.0010172514878219038,-0.0017569288994142259,-0.0022361119117390218,-0.0022361119117390218,HOLD,LOW,HIGH,Volatile,0.053773626294033317,10.56143188476561,0,0,2,RandomForest
2024-10-25,0.007162801394985094,-0.0028768218676517403,-0.0020301106851547956,0.0,0.0014164713211506181,-0.002030109615653329,-0.0028768218676517403,-0.0028768218676517403,HOLD,LOW,HIGH,Volatile,0.0540026863315452,10.903573172433022,0,0,2,RandomForest
2024-10-28,-0.0004383559330002866,0.02586095564127101,-0.002527244621887803,0.0,0.0012045455314334099,-0.0004383554927556599,0.02586095564127101,0.02586095564127101,HOLD,LOW,HIGH,Volatile,0.0543258365345188,11.307145254952548,0,0,2,RandomForest
2024-10-29,-0.00021573141527815272,0.042540590261276386,-0.0020107622258365154,0.0,0.0032755982928592284,-0.00021573088219191988,0.042540590261276386,0.042540590261276386,HOLD,LOW,HIGH,Volatile,0.05429534020930922,11.41786084856304,0,0,2,RandomForest
2024-10-30,0.0008033420770633108,-0.013841092780551338,-0.0014063327107578516,0.0,-0.0018397711303712108,-0.001406333082497113,-0.013841092780551338,-0.013841092780551338,HOLD,LOW,HIGH,Volatile,0.05368239811516647,11.209289550781234,0,0,2,RandomForest
2024-10-31,0.0007724266685002926,0.0011506990052295725,-0.0009312585461884737,0.0,-6.153509387105344e-05,0.0007724246250774812,0.0011506990052295725,0.0011506990052295725,HOLD,LOW,HIGH,Volatile,0.05355563448538966,10.217146737234918,0,0,2,RandomForest
2024-11-01,4.472970075025781e-05,-0.010521828931040741,-0.00020310794934630394,0.0,-0.0011724056798337766,-0.00020311185505464947,-0.010521828931040741,-0.010521828931040741,HOLD,LOW,HIGH,Volatile,0.05286681385594333,10.160003662109366,0,0,2,RandomForest
2024-11-04,0.0011435957664730574,-0.0016717310527153487,0.0001949342549778521,0.0,0.00036703654487186947,0.00019493373821975857,-0.0016717310527153487,-0.0016717310527153487,HOLD,LOW,HIGH,Volatile,0.05246733496305724,10.37143162318637,0,0,2,RandomForest
2024-11-05,0.00014758897829727927,0.0012830058723966328,0.0006399964913725853,0.0,0.00051704394387831,0.0006399969636320034,0.0012830058723966328,0.0012830058723966328,HOLD,LOW,HIGH,Volatile,0.0529400383883492,10.98214503696985,0,0,2,RandomForest
2024-11-06,0.002239607317139483,0.001396244878613313,0.0007562998798675835,0.0,0.0013925348864457113,0.001396245253455288,0.001396244878613313,0.001396244878613313,HOLD,LOW,HIGH,Volatile,0.060872389971894286,13.408572605678,0,0,2,RandomForest
2024-11-07,0.004595725005432335,-0.008731387613571631,0.0005594658432528377,0.0,0.001152555879335106,0.0005594657032309508,-0.008731387613571631,-0.008731387613571631,HOLD,LOW,HIGH,Volatile,0.060859863485263864,14.207144601004448,0,0,2,RandomForest
2024-11-08,3.119501181907038e-05,-0.0015144876342464268,0.00020997115643694997,0.0,-3.666447914057123e-05,3.119012622557878e-05,-0.0015144876342464268,-0.0015144876342464268,HOLD,LOW,HIGH,Volatile,0.05755727824193137,16.123572213309135,0,0,2,RandomForest
2024-11-11,0.0029459605194035515,0.001796232155277128,0.0006671411101706326,0.0,0.0016596512461682,0.0017962321711189814,0.001796232155277128,0.001796232155277128,HOLD,LOW,HIGH,Volatile,0.05932037155865775,18.540000915527333,0,0,2,RandomForest
2024-11-12,0.002485607630143638,0.02727237773079481,0.0010372729739174247,0.0,0.004300688993888235,0.0024856082792988473,0.02727237773079481,0.02727237773079481,HOLD,LOW,HIGH,Volatile,0.06229058009609896,19.97428676060267,0,0,2,RandomForest
2024-11-13,-0.002097403460008203,-0.013775474115323684,0.0021310336887836456,0.0,-0.0011355181402256916,-0.0020974036107744756,-0.013775474115323684,-0.013775474115323684,HOLD,LOW,HIGH,Volatile,0.0623208674731173,18.090715680803566,0,0,2,RandomForest
2024-11-14,0.0018520244396970252,0.0344173543675963,0.0033336777705699205,0.0,0.005970970722324324,0.003333678412412678,0.0344173543675963,0.0344173543675963,HOLD,LOW,HIGH,Volatile,0.06466848337583397,18.49785940987723,0,0,2,RandomForest
2024-11-15,-0.001027088848856421,0.009178816884434416,0.004753521177917719,0.0,0.002987893960191546,0.00475352112497849,0.009178816884434416,0.009178816884434416,HOLD,LOW,HIGH,Volatile,0.06458644501427417,18.795000348772316,0,0,2,RandomForest
2024-11-18,0.0025380331065512213,0.014865910380990657,0.005100809969007969,0.0,0.005123083073484681,0.0051008102565209155,0.014865910380990657,0.014865910380990657,HOLD,LOW,HIGH,Volatile,0.06473319878698898,20.106426783970424,0,0,2,RandomForest
2024-11-19,0.002126695362449113,0.0006258767170938811,0.00519940722733736,0.0,0.0035463500767939334,0.0021266957026317445,0.0006258767170938811,0.0006258767170938811,HOLD,LOW,HIGH,Volatile,0.06444768810367313,20.613570077078684,0,0,2,RandomForest
2024-11-20,0.0008456812100433639,0.005423004836282505,0.004627770744264126,0.0,0.003255904557187661,0.004627769754191433,0.005423004836282505,0.005423004836282505,HOLD,LOW,HIGH,Volatile,0.06417643699699722,20.742142813546316,0,0,2,RandomForest
2024-11-21,0.00027383820982186625,0.006509871394297199,0.003866031765937805,0.0,0.0027578839841158314,0.0038660316662124674,0.006509871394297199,0.006509871394297199,HOLD,LOW,HIGH,Volatile,0.049510911183171157,21.123571123395646,0,0,2,RandomForest
2024-11-22,0.0008068679240664913,-0.00017489195400615675,0.0032287267968058586,0.0,0.0019465688873995586,0.0008068685280096878,-0.00017489195400615675,-0.00017489195400615675,HOLD,LOW,HIGH,Volatile,0.049613459553277846,22.104285103934153,0,0,2,RandomForest
2024-11-25,0.0020844819043369434,0.00502939772444411,0.00269177183508873,0.0,0.002699487997167154,0.002691773048925581,0.00502939772444411,0.00502939772444411,HOLD,LOW,HIGH,Volatile,0.05035286117780475,22.910712105887285,0,0,2,RandomForest
2024-11-26,-0.0008228845246569989,0.012652200933169615,0.0028851586394011974,0.0,0.002467369183970448,0.0028851588065756653,0.012652200933169615,0.012652200933169615,HOLD,LOW,HIGH,Volatile,0.05014339213000276,20.99285452706474,0,0,2,RandomForest
2024-11-27,0.0013597238306678747,0.005768745097199395,0.002475669141858816,0.0,0.0023864209275909877,0.0024756697328739744,0.005768745097199395,0.005768745097199395,HOLD,LOW,HIGH,Volatile,0.05035886702121577,21.116424560546882,0,0,2,RandomForest
2024-11-29,0.00043195540804641093,-0.0025399056185251906,0.0019766357727348804,0.0,0.0009168635043991725,0.00043195509776353705,-0.0025399056185251906,-0.0025399056185251906,HOLD,LOW,HIGH,Volatile,0.0495474556282337,19.742139543805813,0,0,2,RandomForest
2024-12-02,0.0022989435178460537,0.01571591164882626,0.0008039577514864504,0.0,0.0029171100207659693,0.0022989441113337285,0.01571591164882626,0.01571591164882626,HOLD,LOW,HIGH,Volatile,0.049473838542302744,18.129281180245545,0,0,2,RandomForest
2024-12-03,0.0016765357977796937,0.0037868724696442525,-0.0005472186021506786,0.0,0.0007547798833023593,0.001676535773656175,0.0037868724696442525,0.0037868724696442525,HOLD,LOW,HIGH,Volatile,0.04910299090026188,16.857851300920764,0,0,2,RandomForest
2024-12-04,9.245480310591831e-05,-0.004405539039179358,-0.0017108118627220392,0.0,-0.0012956127921657057,-0.0017108120458369982,-0.004405539039179358,-0.004405539039179358,HOLD,LOW,HIGH,Volatile,0.048952733688452,15.957850864955361,0,0,2,RandomForest
2024-12-05,0.0017268136375845349,0.0020154237434753326,-0.0024743627291172743,0.0,-0.00039614140198478273,0.0017268104344606572,0.0020154237434753326,0.0020154237434753326,HOLD,LOW,HIGH,Volatile,0.04025300276975062,15.788565499441972,0,0,2,RandomForest
2024-12-06,0.0017892377621740922,0.0009237185049615497,-0.0027563159819692373,0.0,-0.0006292504603345997,0.0009237176238380928,0.0009237185049615497,0.0009237185049615497,HOLD,LOW,HIGH,Volatile,0.04108170330470329,16.11285182407925,0,0,2,RandomForest
2024-12-09,0.0023216191375314784,0.0012732146889814372,-0.003061114577576518,0.0,-0.0005447177097452193,0.0012732139675768262,0.0012732146889814372,0.0012732146889814372,HOLD,LOW,HIGH,Volatile,0.03816025965717184,16.038565499441976,0,0,2,RandomForest
2024-12-10,0.0004690600151592009,0.007717012277470615,-0.0020046078134328127,0.0,-5.071208564269992e-05,0.0004690602811586844,0.007717012277470615,0.007717012277470615,HOLD,LOW,HIGH,Volatile,0.03406996567033447,16.41785103934153,0,0,2,RandomForest
2024-12-11,0.0018754747533906986,0.00178151256906814,-0.0008161356672644615,0.0,0.000486568929694444,0.00178150253292379,0.00178151256906814,0.00178151256906814,HOLD,LOW,HIGH,Volatile,0.03159940790031982,17.24570792061943,0,0,2,RandomForest
2024-12-12,0.0025298854726905936,-0.008385700317826879,-9.409617632627487e-05,0.0,5.91780766699794e-05,-9.409643656141858e-05,-0.008385700317826879,-0.008385700317826879,HOLD,LOW,HIGH,Volatile,0.03221249211822205,17.359279087611622,0,0,2,RandomForest
2024-12-13,-0.0001514514414372568,-0.004757145170534999,0.0006352601922117174,0.0,-0.00022349592987009492,-0.00015145249229974806,-0.004757145170534999,-0.004757145170534999,HOLD,LOW,HIGH,Volatile,0.028153872491633303,17.1278512137277,0,0,2,RandomForest
2024-12-16,0.0025168009093399233,-0.0003193697171542873,0.0009724270785227418,0.0,0.001432841474934069,0.0009724272047675467,-0.0003193697171542873,-0.0003193697171542873,HOLD,LOW,HIGH,Volatile,0.029615131804961316,17.36428179059712,0,0,2,RandomForest
2024-12-17,0.0024413827247325177,-0.007097857741942627,0.0010422657942399383,0.0,0.0007403060396637346,0.0010422652033416629,-0.007097857741942627,-0.007097857741942627,HOLD,LOW,HIGH,Volatile,0.028681223249729635,18.44856698172435,0,0,2,RandomForest
2024-12-18,0.0015099376176926208,-0.004443400305729276,0.0012561611365526915,0.0,0.0007657001555231763,0.0012561574022770736,-0.004443400305729276,-0.004443400305729276,HOLD,LOW,HIGH,Volatile,0.03686263512582441,21.703567504882834,0,0,2,RandomForest
2024-12-19,-0.0022113332862604383,-0.007043336380074103,0.004448631312698126,0.0,0.0007027958651594423,-0.0022113332294984222,-0.007043336380074103,-0.007043336380074103,HOLD,LOW,HIGH,Volatile,0.036782579343887414,23.40213884626118,0,0,2,RandomForest
2024-12-20,0.0015690464195368104,0.016983363903611173,0.006112107075750828,0.0,0.005487241097350293,0.006112107203801131,0.016983363903611173,0.016983363903611173,HOLD,LOW,HIGH,Volatile,0.03807672823262765,24.444994245256716,0,0,2,RandomForest
2024-12-23,-0.00012901703544913716,0.006989875004562495,0.006971411406993866,0.0,0.004243771867987929,0.006971362680192732,0.006989875004562495,0.006989875004562495,HOLD,LOW,HIGH,Volatile,0.03767218740029551,25.17428152901788,0,0,2,RandomForest
2024-12-24,0.0020519562448576044,-0.0008610037243863855,0.0061483317986130714,0.0,0.0038504587872058875,0.0020519563439163843,-0.0008610037243863855,-0.0008610037243863855,HOLD,LOW,HIGH,Volatile,0.038058848979576405,26.794281005859396,0,0,2,RandomForest
2024-12-26,0.0030177151812003896,0.008597523160293403,0.004735999740660191,0.0,0.004473846583611819,0.004736000063128321,0.008597523160293403,0.008597523160293403,HOLD,LOW,HIGH,Volatile,0.03862304500398754,26.566423688616087,0,0,2,RandomForest
2024-12-27,-0.0003545547229468793,-0.0027942166044544908,0.0034427063073962927,0.0,0.0013395077868780638,-0.00035455457659882677,-0.0027942166044544908,-0.0027942166044544908,HOLD,LOW,HIGH,Volatile,0.04080153849778018,27.11142403738841,0,0,2,RandomForest
2024-12-30,-0.00042583380521970865,-0.0024679716090879053,0.003109523793682456,0.0,0.0011750385360395767,-0.0004258335987127632,-0.0024679716090879053,-0.0024679716090879053,HOLD,LOW,HIGH,Volatile,0.04168593088291681,26.334283011300236,0,0,2,RandomForest
2024-12-31,0.0005061646156739729,0.008432830628519067,0.002471099141985178,0.0,0.0023308051028191443,0.0024710994827102863,0.008432830628519067,0.008432830628519067,HOLD,LOW,HIGH,Volatile,0.04230443499243759,26.723567417689747,0,0,2,RandomForest
2025-01-02,0.00031255602068147516,-0.00036036555577488507,0.002804360818117857,0.0,0.0015199605897781802,0.0003125571013420468,-0.00036036555577488507,-0.00036036555577488507,HOLD,LOW,HIGH,Volatile,0.04480958110254633,27.21713692801341,0,0,2,RandomForest
2025-01-03,-0.00068253249891758,-0.0006101109702082681,0.0030864067375659943,0.0,0.0012561865578883992,-0.0006100978035669879,-0.0006101109702082681,-0.0006101109702082681,HOLD,LOW,HIGH,Volatile,0.047794024874144005,28.52428109305247,0,0,2,RandomForest
2025-01-06,0.00443210584619633,0.005472160306658581,0.003027863334864378,0.0,0.003819857290069126,0.0044321055976683146,0.005472160306658581,0.005472160306658581,HOLD,LOW,HIGH,Volatile,0.04744073307038835,28.819994245256705,0,0,2,RandomForest
2025-01-07,0.0001266452372486464,0.0012719847250505399,0.0030397996306419373,0.0,0.0017375421878246785,0.0012719850316014643,0.0012719847250505399,0.0012719847250505399,HOLD,LOW,HIGH,Volatile,0.047202409820940594,28.626421247209827,0,0,2,RandomForest
2025-01-08,-0.0003338605187353668,0.004708797248046866,0.0033864036668092012,0.0,0.0020926908406042524,0.003386403180400236,0.004708797248046866,0.004708797248046866,HOLD,LOW,HIGH,Volatile,0.047202415500662814,27.81356593540737,0,0,2,RandomForest
2025-01-10,0.0015793727082001022,0.01539479201088493,0.003336173016577959,0.0,0.0039048992251267526,0.0033361735022328773,0.01539479201088493,0.01539479201088493,HOLD,LOW,HIGH,Volatile,0.046750925289733916,24.989279610770094,0,0,2,RandomForest
2025-01-13,0.0009903560938922973,0.012047595018982995,0.0029985795263201,0.0,0.003160156166539407,0.0029985799132924208,0.012047595018982995,0.012047595018982995,HOLD,LOW,HIGH,Volatile,0.04504239726562223,24.08785138811384,0,0,2,RandomForest
2025-01-14,0.0017724755909527235,0.0024390145281624697,0.002274224068969488,0.0,0.0020983433364059898,0.0022742200584926395,0.0024390145281624697,0.0024390145281624697,HOLD,LOW,HIGH,Volatile,0.04506778840636017,23.992139543805802,0,0,2,RandomForest
2025-01-15,0.00020021003184696098,-0.011396344366778187,0.002172590233385563,0.0,1.4476013019632466e-05,0.00020020961157652265,-0.011396344366778187,-0.011396344366778187,HOLD,LOW,HIGH,Volatile,0.047512863623734504,25.01642499651228,0,0,2,RandomForest
2025-01-16,0.003854930419138566,0.0009860700140331279,0.0014493216294795275,0.0,0.0023262918100939584,0.0014493233635057942,0.0009860700140331279,0.0009860700140331279,HOLD,LOW,HIGH,Volatile,0.04582343749086675,24.08142525809152,0,0,2,RandomForest
2025-01-17,-0.0010392824249334303,-0.0066829455732426305,0.0006559077883139253,0.0,-0.0007528983327419811,-0.001039282837015511,-0.0066829455732426305,-0.0066829455732426305,HOLD,LOW,HIGH,Volatile,0.04557633881661491,24.910709926060267,0,0,2,RandomForest
2025-01-21,0.002495126650065641,-0.007945951813302854,-4.088040441274643e-06,0.0,0.00013730567817763807,-4.088314363705454e-06,-0.007945951813302854,-0.007945951813302854,HOLD,LOW,HIGH,Volatile,0.041457698866690824,24.85785348074777,0,0,2,RandomForest
2025-01-22,0.0004695738621969405,0.01218773587733807,-0.0004277297994121909,0.0,0.0012187354763313328,0.0004695748888454391,0.01218773587733807,0.01218773587733807,HOLD,LOW,HIGH,Volatile,0.041660947941744395,24.679282052176344,0,0,2,RandomForest
2025-01-23,0.00040634113880666837,0.005780255439011693,-0.0008251946419477463,0.0,0.00032970916039476385,0.00040634176346963333,0.005780255439011693,0.005780255439011693,HOLD,LOW,HIGH,Volatile,0.040961031214320806,23.70714024135044,0,0,2,RandomForest
2025-01-24,0.0010694021227805105,0.007371748796344727,-0.0012439896818250418,0.0,0.0005342001661918855,0.0010694023960521571,0.007371748796344727,0.007371748796344727,HOLD,LOW,HIGH,Volatile,0.04067455093877713,22.442855834960934,0,0,2,RandomForest
2025-01-27,0.0006359283303681875,-0.0008864298707350016,-0.0015175375156104565,0.0,-0.0006245921703399854,-0.0008864289472376069,-0.0008864298707350016,-0.0008864298707350016,HOLD,LOW,HIGH,Volatile,0.03696129494212654,21.377855573381698,0,0,2,RandomForest
2025-01-28,0.00042044713474477177,0.004692316481552404,-0.0012501995079219341,0.0,5.1129494345748924e-06,0.00042044749861971605,0.004692316481552404,0.004692316481552404,HOLD,LOW,HIGH,Volatile,0.03694342707340946,20.61785670689174,0,0,2,RandomForest
2025-01-29,0.0013952946599732022,0.002778666389966509,-0.0010523926466703415,0.0,0.0002837927777687877,0.0013952943463605516,0.002778666389966509,0.002778666389966509,HOLD,LOW,HIGH,Volatile,0.035693693765453095,19.88785661969866,0,0,2,RandomForest
2025-01-30,0.0002333287100564108,0.002510538211707382,-0.0006774791982024908,0.0,1.5576278751740116e-06,0.00023332936682886213,0.002510538211707382,0.002510538211707382,HOLD,LOW,HIGH,Volatile,0.035786846960762494,20.81571306501116,0,0,2,RandomForest
2025-01-31,0.0021496746175177234,0.007605333858144999,-2.18383502215147e-06,0.0,0.001609892354641292,0.0021496748985720755,0.007605333858144999,0.007605333858144999,HOLD,LOW,HIGH,Volatile,0.03512669497076551,20.652856009347097,0,0,2,RandomForest
2025-02-03,0.0010293078315309575,0.002959167908244794,0.00031361449509859085,0.0,0.0008616800105264976,0.0010293087072485285,0.002959167908244794,0.002959167908244794,HOLD,LOW,HIGH,Volatile,0.0342737260035421,21.118571690150674,0,0,2,RandomForest
2025-02-04,-0.000806246209683408,-0.005151907694500469,0.0004662428400479257,0.0,-0.0006025455671990143,-0.0008062467643029619,-0.005151907694500469,-0.005151907694500469,HOLD,LOW,HIGH,Volatile,0.029444078023895603,20.011428833007816,0,0,2,RandomForest
2025-02-05,0.002269960713708645,0.0022335184160312397,2.5708810426294804e-05,0.0,0.0011162207563202282,0.0022334928552447415,0.0022335184160312397,0.0022335184160312397,HOLD,LOW,HIGH,Volatile,0.030396021149584215,18.814285278320312,0,0,2,RandomForest
2025-02-06,-0.00042354623191777027,-0.0007549916944525872,0.00017634651158005,0.0,-0.00015034922906264427,-0.0004235448943455084,-0.0007549916944525872,-0.0007549916944525872,HOLD,LOW,HIGH,Volatile,0.02915704717565845,18.521429879324774,0,0,2,RandomForest
2025-02-07,0.0010696854439829616,0.007981478326120872,0.0001113570760935545,0.0,0.001291709343997466,0.0010696863406551747,0.007981478326120872,0.007981478326120872,HOLD,LOW,HIGH,Volatile,0.029990676242852413,18.1135733468192,0,0,2,RandomForest
2025-02-10,-1.228056574976836e-05,-0.0008616434113309263,0.0008770636050030589,0.0,0.00035580166412117796,-1.2280513063476284e-05,-0.0008616434113309263,-0.0008616434113309263,HOLD,LOW,HIGH,Volatile,0.030533696952978865,17.063572474888396,0,0,2,RandomForest
2025-02-11,0.0003861281314324278,0.002198362446834263,0.0013259153347462416,0.0,0.0010546520763756798,0.0013259152529773908,0.002198362446834263,0.002198362446834263,HOLD,LOW,HIGH,Volatile,0.03255287809823077,17.93642970493862,0,0,2,RandomForest
2025-02-12,-0.0007829154394454099,-0.000954333495038874,0.0024147084914147854,0.0,0.0008378984766883538,-0.0007829099855600614,-0.000954333495038874,-0.000954333495038874,HOLD,LOW,HIGH,Volatile,0.033385497449915695,18.37357221330916,0,0,2,RandomForest
2025-02-13,0.0024597382870775696,0.009549047208953724,0.0026448401622474194,0.0,0.0032859830108398023,0.0026448453621360324,0.009549047208953724,0.009549047208953724,HOLD,LOW,HIGH,Volatile,0.03076367530018934,19.022142682756705,0,0,2,RandomForest
2025-02-14,0.002515143342865056,0.012790812503984896,0.0020225588232278824,0.0,0.0033228672125111434,0.0025151452674662188,0.012790812503984896,0.012790812503984896,HOLD,LOW,HIGH,Volatile,0.030245785707092705,18.794285365513396,0,0,2,RandomForest
2025-02-18,0.00039927073008560836,0.010429093205711715,0.0012805269798263907,0.0,0.00188560252303635,0.0012805280027179326,0.010429093205711715,0.010429093205711715,HOLD,LOW,HIGH,Volatile,0.028931491104033057,18.43642970493862,0,0,2,RandomForest
2025-02-19,0.0008609157984380096,0.009947022044460104,0.0005082421121187508,0.0,0.0016176056403132593,0.0008609185078979933,0.009947022044460104,0.009947022044460104,HOLD,LOW,HIGH,Volatile,0.02956756063875136,18.40500095912389,0,0,2,RandomForest
2025-02-20,0.0016230095015252386,0.0029836401701112906,-0.0001872096909210086,0.0,0.0008358073728956802,0.0016230093194602206,0.0029836401701112906,0.0029836401701112906,HOLD,LOW,HIGH,Volatile,0.029484627289715334,17.42000034877233,0,0,2,RandomForest
2025-02-21,0.00025062975586536405,0.004447572055768314,-0.0005597549024969339,0.0,0.00026837346924588003,0.0002506307486544159,0.004447572055768314,0.004447572055768314,HOLD,LOW,HIGH,Volatile,0.030809717614253888,17.480715070452018,0,0,2,RandomForest
2025-02-24,-0.0003479289598076684,0.005259858086534782,-9.695859625935555e-05,0.0,0.000359220501580539,-9.695482983270988e-05,0.005259858086534782,0.005259858086534782,HOLD,LOW,HIGH,Volatile,0.03091066258568111,16.58499799455916,0,0,2,RandomForest
2025-02-25,0.0008065604385394693,0.013363455823859111,0.00038582744309678674,0.0,0.0018864535158335373,0.0008065627244744365,0.013363455823859111,0.013363455823859111,HOLD,LOW,HIGH,Volatile,0.035353056741851345,18.062140328543535,0,0,2,RandomForest
2025-02-26,-0.0015898848394695591,0.014845247360533897,0.002175000961869955,0.0,0.0020348805384720952,0.002175001148428633,0.014845247360533897,0.014845247360533897,HOLD,LOW,HIGH,Volatile,0.035632588123162716,18.36785452706474,0,0,2,RandomForest
2025-02-27,0.0006353033879704204,0.023052326517774904,0.003564184997230768,0.0,0.004448835978101251,0.0035641852871170494,0.023052326517774904,0.023052326517774904,HOLD,LOW,HIGH,Volatile,0.03576301778174604,18.464996337890636,0,0,2,RandomForest
2025-02-28,0.000143669545079572,0.02579425318782691,0.00426320917904377,0.0,0.004900911849866647,0.004263209375231297,0.02579425318782691,0.02579425318782691,HOLD,LOW,HIGH,Volatile,0.03648328973105966,18.469996861049115,0,0,2,RandomForest
2025-03-03,0.002451310568691784,0.011878631338582744,0.003925024066120386,0.0,0.004179064749221849,0.003925024618061236,0.011878631338582744,0.011878631338582744,HOLD,LOW,HIGH,Volatile,0.036050336864601754,19.50214059012277,0,0,2,RandomForest
2025-03-04,-0.0004643583031478817,0.013545214132752798,0.004279739689081907,0.0,0.003411924152938925,0.004279739791877047,0.013545214132752798,0.013545214132752798,HOLD,LOW,HIGH,Volatile,0.03568721277558204,19.30071149553572,0,0,2,RandomForest
2025-03-05,-0.0004149087293391921,0.024538409098750755,0.004477567970752716,0.0,0.004666459166550908,0.0044775681252212625,0.024538409098750755,0.024538409098750755,HOLD,LOW,HIGH,Volatile,0.03590569032782977,18.867854527064736,0,0,2,RandomForest
2025-03-06,0.002139423269605756,0.020477175172774906,0.0037346992176026106,0.0,0.0048487470782753676,0.003734699783947341,0.020477175172774906,0.020477175172774906,HOLD,LOW,HIGH,Volatile,0.03681437583617374,18.64642769949777,0,0,2,RandomForest
2025-03-07,-0.0013456448324715826,0.038280110798702395,0.0032596054952591658,0.0,0.0051022847024975535,0.003259605683755299,0.038280110798702395,0.038280110798702395,HOLD,LOW,HIGH,Volatile,0.03693153032056804,18.7192851475307,0,0,2,RandomForest
2025-03-10,0.0012885742328723761,0.03086666749323555,0.002782027469947934,0.0,0.005105376912028729,0.002782028103037427,0.03086666749323555,0.03086666749323555,HOLD,LOW,HIGH,Volatile,0.04984084820505221,21.118570600237174,0,0,2,RandomForest
2025-03-11,-0.004864711545522118,0.03419526326740616,0.005187958478927612,0.0,0.004316166904318221,0.0051879585439121865,0.03419526326740616,0.03419526326740616,HOLD,LOW,HIGH,Volatile,0.05166945093385365,21.57357134137835,0,0,2,RandomForest
2025-03-12,0.003629517433397442,0.028509039427448372,0.0065210843458771706,0.0,0.007677982920055223,0.006521084645996086,0.028509039427448372,0.028509039427448372,HOLD,LOW,HIGH,Volatile,0.05460351057627581,22.070714678083146,0,0,2,RandomForest
2025-03-13,0.0030016973098714755,0.020417342352196097,0.006523216143250465,0.0,0.006602917141223705,0.006523216355095163,0.020417342352196097,0.020417342352196097,HOLD,LOW,HIGH,Volatile,0.05395551058268954,21.722856794084827,0,0,2,RandomForest
2025-03-14,-0.0007969490751399793,0.03443560099427252,0.006306718103587627,0.0,0.006477955403436868,0.006306718208772246,0.03443560099427252,0.03443560099427252,HOLD,LOW,HIGH,Volatile,0.052801386435804544,21.237144470214847,0,0,2,RandomForest
2025-03-17,0.002458335864382231,0.028768178349647445,0.005559795536100864,0.0,0.006761917426485886,0.00555979581523774,0.028768178349647445,0.028768178349647445,HOLD,LOW,HIGH,Volatile,0.053082009584211325,20.08714403424944,0,0,2,RandomForest
2025-03-18,-0.0011579526115128524,0.02272070838928284,0.005070055834949017,0.0,0.004496885772547485,0.005070055938813734,0.02272070838928284,0.02272070838928284,HOLD,LOW,HIGH,Volatile,0.05350128016748677,19.713572910853802,0,0,2,RandomForest
2025-03-19,-0.0005627271720174718,0.02624663724213229,0.0044813696295022964,0.0,0.004787818931106355,0.0044813697817347314,0.02624663724213229,0.02624663724213229,HOLD,LOW,HIGH,Volatile,0.05494882031678103,19.69571576799666,0,0,2,RandomForest
2025-03-20,0.0029080121342897588,0.01791214721983927,0.003928562626242638,0.0,0.004978914392084841,0.003928563532687324,0.01791214721983927,0.01791214721983927,HOLD,LOW,HIGH,Volatile,0.055183607781826384,18.815001351492754,0,0,2,RandomForest
2025-03-21,0.0005108391781502154,0.01854426605757735,0.003046697936952114,0.0,0.0036707314483706514,0.0030466982664671565,0.01854426605757735,0.01854426605757735,HOLD,LOW,HIGH,Volatile,0.056999400673489374,17.981428963797438,0,0,2,RandomForest
2025-03-24,0.002632328986067806,0.020863798047559178,0.00210796226747334,0.0,0.004244558655755815,0.0026323308310399634,0.020863798047559178,0.020863798047559178,HOLD,LOW,HIGH,Volatile,0.06373420557054847,18.49000113351005,0,0,2,RandomForest
2025-03-25,0.004280596752054002,0.012319014083091284,0.0011149266501888633,0.0,0.0034877862374113407,0.004280596943371795,0.012319014083091284,0.012319014083091284,HOLD,LOW,HIGH,Volatile,0.06157419237691057,18.852859497070316,0,0,2,RandomForest
2025-03-26,0.0010704726654504862,0.012631096495962413,8.094357326626778e-05,0.0,0.001756123872311591,0.0010704735875082835,0.012631096495962413,0.012631096495962413,HOLD,LOW,HIGH,Volatile,0.0622388799792837,19.03500148228237,0,0,2,RandomForest
2025-03-27,-0.0013704786499730641,0.019927372551894168,0.00010812259279191494,0.0,0.0015844499869824996,0.00010812321774232837,0.019927372551894168,0.019927372551894168,HOLD,LOW,HIGH,Volatile,0.061913130383723244,19.35714394705636,0,0,2,RandomForest
2025-03-28,0.0015864266973509224,0.02317368938859597,0.0010665870504453778,0.0,0.003547189727336254,0.0015864285673292463,0.02317368938859597,0.02317368938859597,HOLD,LOW,HIGH,Volatile,0.06161163503325969,17.418571472167972,0,0,2,RandomForest
2025-03-31,-0.00037192943517087786,0.00838133886787309,0.0019188955193385482,0.0,0.0017049806939250934,0.0019188958007894013,0.00838133886787309,0.00838133886787309,HOLD,LOW,HIGH,Volatile,0.061427887916628225,17.429285321916854,0,0,2,RandomForest
2025-04-01,0.0006831545949950518,0.003582376149547491,0.002157647628337145,0.0,0.001737811209372477,0.0021576476047134832,0.003582376149547491,0.003582376149547491,HOLD,LOW,HIGH,Volatile,0.061265387978468255,17.21714346749442,0,0,2,RandomForest
2025-04-02,0.00217110914398179,0.018749574859173456,0.002485776785761118,0.0,0.004042730993161757,0.002485779882168039,0.018749574859173456,0.018749574859173456,HOLD,LOW,HIGH,Volatile,0.06213424254484908,18.505000523158483,0,0,2,RandomForest
2025-04-03,0.0021831942037501186,-0.0027861309558684867,0.0028052940033376217,0.0,0.001989285270578174,0.00218319280259544,-0.0027861309558684867,-0.0027861309558684867,HOLD,LOW,HIGH,Volatile,0.0620655555380618,19.244285583496094,0,0,2,RandomForest
2025-04-04,-0.0015097594154579615,0.007605923513800724,0.0031026180367916822,0.0,0.0017941305925884903,0.003102618031545108,0.007605923513800724,0.007605923513800724,HOLD,LOW,HIGH,Volatile,0.06683480431021255,20.251428876604354,0,0,2,RandomForest
2025-04-07,-0.0021397314836102185,0.010095260882055116,0.005202270112931728,0.0,0.002884664851291247,0.005202270044806797,0.010095260882055116,0.010095260882055116,HOLD,LOW,HIGH,Volatile,0.05514747335464897,21.824286324637278,0,0,2,RandomForest
2025-04-08,0.0011286146118338438,0.014973807368279862,0.008076924830675125,0.0,0.0061174016503537714,0.008076924829602584,0.014973807368279862,0.014973807368279862,HOLD,LOW,HIGH,Volatile,0.055708574275925495,23.005714416503906,0,0,2,RandomForest
2025-04-09,-0.0005487757817294926,0.015431688029648023,0.011542442254722118,0.0,0.007295589446338297,0.011542442080425982,0.015431688029648023,0.015431688029648023,HOLD,LOW,HIGH,Volatile,0.07073626496061908,26.21142905099051,0,0,2,RandomForest
2025-04-10,0.008059370642770661,0.008160303514382643,0.013508973643183708,0.0,0.010862222445150442,0.008160313042576951,0.008160303514382643,0.008160303514382643,HOLD,LOW,HIGH,Volatile,0.07260922350665129,27.490001133510045,0,0,2,RandomForest
2025-04-11,-0.003750812883222967,0.042260212725556384,0.01437397301197052,0.0,0.010283442177457712,0.014373973031280091,0.042260212725556384,0.042260212725556384,HOLD,LOW,HIGH,Volatile,0.07212612313302857,26.522142682756698,0,0,2,RandomForest
2025-04-14,0.0017004593829719767,0.030314233793460356,0.014384470880031586,0.0,0.011151943867585425,0.014384470896090875,0.030314233793460356,0.030314233793460356,HOLD,LOW,HIGH,Volatile,0.0711805985453678,26.44714137486049,0,0,2,RandomForest
2025-04-15,0.0008284055184825036,0.009955055579907907,0.01472423691302538,0.0,0.008890374562456765,0.009955055479861427,0.009955055579907907,0.009955055579907907,HOLD,LOW,HIGH,Volatile,0.06987052215040626,25.702855791364396,0,0,2,RandomForest
2025-04-16,0.001086987473008421,0.014209770398650661,0.014736194163560867,0.0,0.009434859959475215,0.014209768582421569,0.014209770398650661,0.014209770398650661,HOLD,LOW,HIGH,Volatile,0.07031000681167372,25.716427394321986,0,0,2,RandomForest
2025-04-17,-0.000872446473999625,0.003653133306647567,0.015221950598061085,0.0,0.007841405175425462,0.003653133441091805,0.003653133306647567,0.003653133306647567,HOLD,LOW,HIGH,Volatile,0.07031120573927857,25.08285631452288,0,0,2,RandomForest
2025-04-21,0.0013610724972484382,0.007098509007171119,0.015204064548015594,0.0,0.009046304524716237,0.0070985090580625125,0.007098509007171119,0.007098509007171119,HOLD,LOW,HIGH,Volatile,0.070494615116075,24.967857360839844,0,0,2,RandomForest
2025-04-22,-0.0010871445662088183,0.003894453314356799,0.015132357366383076,0.0,0.007737859138409394,0.0038944534260463137,0.003894453314356799,0.003894453314356799,HOLD,LOW,HIGH,Volatile,0.0660551056497006,24.753570556640625,0,0,2,RandomForest
2025-04-23,0.0029445416268287106,0.0015680919498301598,0.015286963433027267,0.0,0.009126932340478459,0.00294454227127317,0.0015680919498301598,0.0015680919498301598,HOLD,LOW,HIGH,Volatile,0.06677287509893877,23.87928662981306,0,0,2,RandomForest
2025-04-24,0.00207799479235294,0.0032927989447924496,0.014644363895058632,0.0,0.008642475536467202,0.0032927996785393804,0.0032927989447924496,0.0032927989447924496,HOLD,LOW,HIGH,Volatile,0.06627417389534139,23.100001743861608,0,0,2,RandomForest
2025-04-25,0.0014559124347832194,-0.0060595929148229725,0.012669723480939865,0.0,0.006426630333142299,0.0014559124786462244,-0.0060595929148229725,-0.0060595929148229725,HOLD,LOW,HIGH,Volatile,0.06966277231690954,22.818572998046875,0,0,2,RandomForest
2025-04-28,0.003264282111266595,-0.009000978131230802,0.009572360664606094,0.0,0.005231219659330922,0.003264282034307756,-0.009000978131230802,-0.009000978131230802,HOLD,LOW,HIGH,Volatile,0.06909183032022903,21.724999564034597,0,0,2,RandomForest
2025-04-29,0.00015882296369223504,-0.004008130745373205,0.005718904547393322,0.0,0.0025779719601081406,0.0001588230237717715,-0.004008130745373205,-0.004008130745373205,HOLD,LOW,HIGH,Volatile,0.06901128206265661,20.382857186453684,0,0,2,RandomForest
2025-04-30,0.0014715075813428343,0.012716145653025417,0.0019889078103005886,0.0,0.002896726628613658,0.0019889096423952248,0.012716145653025417,0.012716145653025417,HOLD,LOW,HIGH,Volatile,0.06921241226994704,18.127142769949778,0,0,2,RandomForest
2025-05-01,-0.0003057784056504654,-0.009893419995730277,-0.0004666377790272236,0.0,-0.00137735130278842,-0.00046664381323969725,-0.009893419995730277,-0.009893419995730277,HOLD,LOW,HIGH,Volatile,0.06824037452207375,16.569284711565295,0,0,2,RandomForest
2025-05-02,0.001002792882845624,-0.0018718793882154102,-0.0012324200943112373,0.0,-0.00043913257450305283,-0.0012324189823497995,-0.0018718793882154102,-0.0018718793882154102,HOLD,LOW,HIGH,Volatile,0.06712454405928754,16.46857125418528,0,0,2,RandomForest
2025-05-05,0.0015849731655733057,-0.005458288057670877,-0.0006748675368726254,0.0,-0.0002996406794958514,-0.0006748677700223801,-0.005458288057670877,-0.005458288057670877,HOLD,LOW,HIGH,Volatile,0.06203544838885368,16.25000000000001,0,0,2,RandomForest
2025-05-06,-3.904961834563607e-05,0.004080883670792671,0.0004941885708831251,0.0,0.000659236813136304,0.0004941901605582093,0.004080883670792671,0.004080883670792671,HOLD,LOW,HIGH,Volatile,0.06182438586893783,16.085714067731598,0,0,2,RandomForest
2025-05-07,0.0005781681050367172,0.0122931221046844,0.001715474994853139,0.0,0.0023695563790006834,0.0017154757780587255,0.0122931221046844,0.0122931221046844,HOLD,LOW,HIGH,Volatile,0.06029822077310314,15.135714939662398,0,0,2,RandomForest
2025-05-08,0.0011040186046114757,0.01177349789932512,0.002726608421653509,0.0,0.003036210873059402,0.0027266089266827355,0.01177349789932512,0.01177349789932512,HOLD,LOW,HIGH,Volatile,0.04006831094776716,15.629999433244986,0,0,2,RandomForest
2025-05-09,0.0017166623008450228,0.008639647703255952,0.0034176004119217396,0.0,0.003302479362677728,0.003417600807719722,0.008639647703255952,0.008639647703255952,HOLD,LOW,HIGH,Volatile,0.03673187545933904,15.889999389648446,0,0,2,RandomForest
2025-05-12,0.0019267804555245399,0.008593170269910813,0.004068039357662201,0.0,0.0037117502151861837,0.004068039603350961,0.008593170269910813,0.008593170269910813,HOLD,LOW,HIGH,Volatile,0.038787899766193366,16.50856998988561,0,0,2,RandomForest
2025-05-13,0.002349145492868886,0.006919303627786763,0.004279055632650852,0.0,0.0038095517599097337,0.004279055771807688,0.006919303627786763,0.006919303627786763,HOLD,LOW,HIGH,Volatile,0.03951646346914163,16.459284101213736,0,0,2,RandomForest
2025-05-14,0.001693305474193089,0.004748963517420584,0.004461889620870352,0.0,0.0034272085040404753,0.004461886522478126,0.004748963517420584,0.004748963517420584,HOLD,LOW,HIGH,Volatile,0.03989201375726309,16.858568464006705,0,0,2,RandomForest
2025-05-15,0.001611407345290756,-0.0010299062186002112,0.004290650598704815,0.0,0.0027117806201232453,0.0016114073506424895,-0.0010299062186002112,-0.0010299062186002112,HOLD,LOW,HIGH,Volatile,0.0374515578987823,15.831425258091526,0,0,2,RandomForest
2025-05-16,0.00012759848254245915,0.005093057410338093,0.004083074629306793,0.0,0.0026667106090422967,0.0040830738938338025,0.005093057410338093,0.005093057410338093,HOLD,LOW,HIGH,Volatile,0.03720760379183877,14.892142159598222,0,0,2,RandomForest
2025-05-19,0.0015902420165957566,-0.0018854987055806122,0.0036806645803153515,0.0,0.002302809904593692,0.0015902418262237921,-0.0018854987055806122,-0.0018854987055806122,HOLD,LOW,HIGH,Volatile,0.0339531322504867,15.089285714285722,0,0,2,RandomForest
2025-05-20,2.9693968127148776e-05,0.0015495075167851825,0.0032623307779431343,0.0,0.001842931436888906,0.0015495075907454576,0.0015495075167851825,0.0015495075167851825,HOLD,LOW,HIGH,Volatile,0.0336031743727989,14.52571323939733,0,0,2,RandomForest
2025-05-21,0.0012150926691711474,0.005886436934315431,0.0033249666448682547,0.0,0.0027781537208651595,0.003324966728285181,0.005886436934315431,0.005886436934315431,HOLD,LOW,HIGH,Volatile,0.03407724928422262,14.817855834960941,0,0,2,RandomForest
2025-05-22,3.939073818478298e-05,-0.005466652472041685,0.0036701716016978025,0.0,0.001331791633941004,3.939064446624273e-05,-0.005466652472041685,-0.005466652472041685,HOLD,LOW,HIGH,Volatile,0.03377560727986457,14.88285391671317,0,0,2,RandomForest
2025-05-23,0.0016494988803320417,-0.006902308702930647,0.0033719358034431934,0.0,0.001649814348223361,0.001649498417339576,-0.006902308702930647,-0.006902308702930647,HOLD,LOW,HIGH,Volatile,0.02824752646398065,14.679997035435267,0,0,2,RandomForest
2025-05-27,0.0006377078824273059,0.0018097776926930965,0.002611155854538083,0.0,0.0017698462951984077,0.0018097772996869712,0.0018097776926930965,0.0018097776926930965,HOLD,LOW,HIGH,Volatile,0.03106274923695401,15.78999764578683,0,0,2,RandomForest
2025-05-28,0.002978921779520681,0.007807692909164364,0.0017404071986675262,0.0,0.002842471946969074,0.0029789223786315802,0.007807692909164364,0.007807692909164364,HOLD,LOW,HIGH,Volatile,0.031614262216878575,15.944996425083705,0,0,2,RandomForest
2025-05-29,-2.5518529426064927e-05,-0.011675544786913725,0.0010368822840973735,0.0,-0.0006830529887346239,-2.551938309986256e-05,-0.011675544786913725,-0.011675544786913725,HOLD,LOW,HIGH,Volatile,0.029890753427659608,15.811425345284599,0,0,2,RandomForest
2025-05-30,0.00116993637118647,-0.0024683961353059876,0.0006157464813441038,0.0,0.0005106002869064494,0.0006157450074252395,-0.0024683961353059876,-0.0024683961353059876,HOLD,LOW,HIGH,Volatile,0.03139645247732241,15.537852696010049,0,0,2,RandomForest
2025-06-02,-0.00013846738509832744,-0.001717074743751071,0.0009162728674709797,0.0,0.00023913030556533318,-0.00013846769873666242,-0.001717074743751071,-0.001717074743751071,HOLD,LOW,HIGH,Volatile,0.031591359180319474,14.876425606863844,0,0,2,RandomForest
2025-06-03,0.0008130880059896981,0.0006005133616496511,0.0008950739866122603,0.0,0.0008331674580016673,0.0008130807592213501,0.0006005133616496511,0.0006005133616496511,HOLD,LOW,HIGH,Volatile,0.030631237741212014,14.299281529017861,0,0,2,RandomForest
2025-06-04,0.0011225316284498841,-0.0011411667147528688,0.0007885093800723553,0.0,0.000717831487479763,0.0007885069217602834,-0.0011411667147528688,-0.0011411667147528688,HOLD,LOW,HIGH,Volatile,0.03177531670552581,14.466426304408486,0,0,2,RandomForest
2025-06-05,-0.0002027077801512587,-0.0032272590848159,0.0011357595212757587,0.0,0.00017109839355345036,-0.00020270819575079113,-0.0032272590848159,-0.0032272590848159,HOLD,LOW,HIGH,Volatile,0.048422877622148905,17.743569510323663,0,0,2,RandomForest
2025-06-06,-0.0034819878579346966,0.01945476586149565,0.005281132645905018,0.0,0.0033746952613374214,0.005281132689449995,0.01945476586149565,0.01945476586149565,HOLD,LOW,HIGH,Volatile,0.04860695087028303,18.565710885184156,0,0,2,RandomForest
2025-06-09,0.003008206943279446,-0.003233254451607902,0.006518582813441753,0.0,0.004163038641622386,0.0030082068187394337,-0.003233254451607902,-0.003233254451607902,HOLD,LOW,HIGH,Volatile,0.048532479559463076,19.377851213727684,0,0,2,RandomForest
2025-06-10,0.0019960831564841707,0.00518805975191619,0.006533682346343994,0.0,0.004650513488403031,0.005188059322957906,0.00518805975191619,0.00518805975191619,HOLD,LOW,HIGH,Volatile,0.04788504069493206,19.798566545758934,0,0,2,RandomForest
2025-06-11,0.002300726990309135,-0.007754763078114809,0.005733548663556576,0.0,0.0030223297783403356,0.002300726798601586,-0.007754763078114809,-0.007754763078114809,HOLD,LOW,HIGH,Volatile,0.04659762430598,19.644995553152906,0,0,2,RandomForest
2025-06-12,0.000594991765514396,-0.009272004244597915,0.00503529654815793,0.0,0.0018522871075529472,0.0005949916417334504,-0.009272004244597915,-0.009272004244597915,HOLD,LOW,HIGH,Volatile,0.04578805858908345,19.63214111328125,0,0,2,RandomForest
2025-06-13,0.00023747625400754766,0.004477285026631932,0.004809613339602947,0.0,0.0030177079214603643,0.004477282271306644,0.004477285026631932,0.004477285026631932,HOLD,LOW,HIGH,Volatile,0.04601870198172367,20.326426914760045,0,0,2,RandomForest
2025-06-16,0.0016467793918703857,0.0045855183769199755,0.004683376289904118,0.0,0.0035059527949485554,0.004585508702708693,0.0045855183769199755,0.0045855183769199755,HOLD,LOW,HIGH,Volatile,0.045822601651370864,19.0614253452846,0,0,2,RandomForest
2025-06-17,0.0011398636321238282,0.009009213538155914,0.004076375160366297,0.0,0.0034564380030711523,0.004076375298033771,0.009009213538155914,0.009009213538155914,HOLD,LOW,HIGH,Volatile,0.0463542977386197,19.439998081752236,0,0,2,RandomForest
2025-06-18,-0.0003480806092097873,-0.004963078838021196,0.0037816662807017565,0.0,0.0012919243203885892,-0.00034808063464722417,-0.004963078838021196,-0.004963078838021196,HOLD,LOW,HIGH,Volatile,0.046572617301288546,19.59428405761719,0,0,2,RandomForest
2025-06-20,0.001719008763591583,0.0008317052644396228,0.0034387456253170967,0.0,0.002508679372557006,0.0017190093072585954,0.0008317052644396228,0.0008317052644396228,HOLD,LOW,HIGH,Volatile,0.04623599205914658,19.32214137486049,0,0,2,RandomForest
2025-06-23,0.0008037193960024136,0.0005724046745903519,0.0030086941551417112,0.0,0.0019097090921501312,0.0008037232289570792,0.0005724046745903519,0.0005724046745903519,HOLD,LOW,HIGH,Volatile,0.04950367709161275,20.799998692103795,0,0,2,RandomForest
2025-06-24,0.003306033716916218,-0.004292987825466211,0.002414335496723652,0.0,0.002065134470014414,0.002414334526823872,-0.004292987825466211,-0.004292987825466211,HOLD,LOW,HIGH,Volatile,0.04980405596879915,21.022142682756698,0,0,2,RandomForest
2025-06-25,-0.00036787817395658945,0.0008738661841241444,0.0016976003535091877,0.0,0.0008186059924322065,0.000873865777103994,0.0008738661841241444,0.0008738661841241444,HOLD,LOW,HIGH,Volatile,0.047902689917083484,21.331427437918528,0,0,2,RandomForest
2025-06-26,-4.244788916397198e-05,0.0024487571891625773,0.0013213689671829343,0.0,0.0009134023679954082,0.0013213688139102962,0.0024487571891625773,0.0024487571891625773,HOLD,LOW,HIGH,Volatile,0.04782629420957777,17.659999302455358,0,0,2,RandomForest
2025-06-27,0.0010323343591801906,0.0021841476288542157,0.00022243830608204007,0.0,0.0007361657365177871,0.001032334724173979,0.0021841476288542157,0.0021841476288542157,HOLD,LOW,HIGH,Volatile,0.047782347335851946,17.01999991280692,0,0,2,RandomForest
2025-06-30,0.0007537862832547016,0.008453298698903685,-0.001004592515528202,0.0,0.0006471234085156369,0.0007537867214696644,0.008453298698903685,0.008453298698903685,HOLD,LOW,HIGH,Volatile,0.04741632652244702,15.662857055664062,0,0,2,RandomForest
2025-07-01,0.00041269728792515795,0.001016317593650011,-0.001882623415440321,0.0,-0.0007011763307098802,0.00041269607201437753,0.001016317593650011,0.001016317593650011,HOLD,LOW,HIGH,Volatile,0.04873547460096418,16.034286499023438,0,0,2,RandomForest
2025-07-02,-0.0005790573079671041,-0.002920349083131106,-0.001970008946955204,0.0,-0.001533345341864902,-0.0019700086148099647,-0.002920349083131106,-0.002920349083131106,HOLD,LOW,HIGH,Volatile,0.05022837089188413,16.25714329310826,0,0,2,RandomForest
2025-07-03,0.002758237326930065,-0.005247547105058212,-0.0019124385435134172,0.0,-0.000461018414731262,-0.0019124384578629344,-0.005247547105058212,-0.005247547105058212,HOLD,LOW,HIGH,Volatile,0.04966898602367946,15.54214259556362,0,0,2,RandomForest
2025-07-07,0.0005258489238357728,0.0025428552850262575,-0.0019192122854292393,0.0,-0.000518935909409863,0.0005258488371960632,0.0025428552850262575,0.0025428552850262575,HOLD,LOW,HIGH,Volatile,0.03854509715324233,16.03428649902344,0,0,2,RandomForest
2025-07-08,-0.0011554755389483842,-0.00027951440303159873,-0.0014180818106979132,0.0,-0.00119966601164876,-0.0011554728987396843,-0.00027951440303159873,-0.00027951440303159873,HOLD,LOW,HIGH,Volatile,0.037801286729097335,16.275000435965403,0,0,2,RandomForest
2025-07-09,0.0018191805946154854,0.003558894995647815,-0.0005775984609499574,0.0,0.0007705281722625889,0.0018191804373472484,0.003558894995647815,0.003558894995647815,HOLD,LOW,HIGH,Volatile,0.03636423393594141,15.718571254185267,0,0,2,RandomForest
2025-07-10,0.0006151376095343276,0.0035975049673774746,-2.526876050978899e-05,0.0,0.0005946737375997173,0.0006151388311026526,0.0035975049673774746,0.0035975049673774746,HOLD,LOW,HIGH,Volatile,0.035667391642224655,15.770714896065849,0,0,2,RandomForest
2025-07-11,0.002346088951254234,0.007125106786845612,8.261820767074823e-05,0.0,0.00167930690925109,0.0023460891835031363,0.007125106786845612,0.007125106786845612,HOLD,LOW,HIGH,Volatile,0.03580282594447305,15.332144601004464,0,0,2,RandomForest
2025-07-14,0.0009276722507477546,-0.0027553741786392628,-4.761829040944576e-05,0.0,4.794630746449049e-05,-4.761894460992282e-05,-0.0027553741786392628,-0.0027553741786392628,HOLD,LOW,HIGH,Volatile,0.0355671604187517,13.514286586216517,0,0,2,RandomForest
2025-07-15,0.0011636413535421424,-0.0007149339634244201,0.00014521705452352762,0.0,0.00044797853469969373,0.0001452172344288294,-0.0007149339634244201,-0.0007149339634244201,HOLD,LOW,HIGH,Volatile,0.035499044729489206,13.148572649274554,0,0,2,RandomForest
2025-07-16,0.0002609715826666192,0.00870179276134318,0.0006004343158565462,0.0,0.0013057466418033657,0.0006004371210292097,0.00870179276134318,0.00870179276134318,HOLD,LOW,HIGH,Volatile,0.036325621557105,12.442858014787946,0,0,2,RandomForest
2025-07-17,0.002088150305227596,0.0015592983816125024,0.0004726542392745614,0.0,0.0012057906283540745,0.0015592974164201606,0.0015592983816125024,0.0015592983816125024,HOLD,LOW,HIGH,Volatile,0.03522437772850562,12.431429181780137,0,0,2,RandomForest
2025-07-18,0.0004533205973221158,0.003035074139565434,0.00021468359045684338,0.0,0.0005973970259430788,0.0004533243659311536,0.003035074139565434,0.003035074139565434,HOLD,LOW,HIGH,Volatile,0.035709863961838756,12.406428745814736,0,0,2,RandomForest
2025-07-21,0.0019172902297928721,0.011015299802973862,-0.0002592788077890873,0.0,0.001740623367128833,0.0019172905789197926,0.011015299802973862,0.011015299802973862,HOLD,LOW,HIGH,Volatile,0.03572502755018428,12.559286934988844,0,0,2,RandomForest
2025-07-22,0.0005812247813157363,-0.0036993799076238325,-0.0005874937633052468,0.0,-0.00045926532080487435,-0.0005874942963395426,-0.0036993799076238325,-0.0036993799076238325,HOLD,LOW,HIGH,Volatile,0.030789605748688314,11.802858625139512,0,0,2,RandomForest
2025-07-23,0.0012775654555835215,-0.0060816749636901715,-0.0009298122022300959,0.0,-0.0006127649631642376,-0.0009298124608170388,-0.0060816749636901715,-0.0060816749636901715,HOLD,LOW,HIGH,Volatile,0.03038089546614675,11.189287458147325,0,0,2,RandomForest
2025-07-24,0.0008493848276137435,-0.001139852299425573,-0.0013649417087435722,0.0,-0.0004904887833484877,-0.001139848398065404,-0.001139852299425573,-0.001139852299425573,HOLD,LOW,HIGH,Volatile,0.034894687252442255,13.079286847795759,0,0,2,RandomForest
2025-07-25,-0.0015850736061911955,0.0002062317806538675,-0.0011338377371430397,0.0,-0.0011690481462674055,-0.001133836275901814,0.0002062317806538675,0.0002062317806538675,HOLD,LOW,HIGH,Volatile,0.035914425691510904,12.490001133510045,0,0,2,RandomForest
2025-07-28,0.002594460297783983,-0.0032640428104900713,-0.0007867177482694387,0.0,0.0002574906488998132,-0.0007867176405139196,-0.0032640428104900713,-0.0032640428104900713,HOLD,LOW,HIGH,Volatile,0.036555494553286966,12.825001307896205,0,0,2,RandomForest
2025-07-29,0.0014618685592929848,-0.0046743892677628554,-0.0007519155042245984,0.0,-0.00030557076960620886,-0.0007519157007209029,-0.0046743892677628554,-0.0046743892677628554,HOLD,LOW,HIGH,Volatile,0.03643527935568792,12.925000871930804,0,0,2,RandomForest
2025-07-30,0.0002782558421681086,-0.003556186860224403,-0.0007427339442074299,0.0,-0.0006405063064789666,-0.000742734566551872,-0.003556186860224403,-0.003556186860224403,HOLD,LOW,HIGH,Volatile,0.03409951657135693,12.798573085239955,0,0,2,RandomForest
2025-07-31,0.0008201917292771253,0.00875376949586698,-0.0004908600822091103,0.0,0.0009668925710762276,0.0008201923648469877,0.00875376949586698,0.00875376949586698,HOLD,LOW,HIGH,Volatile,0.033299321874716126,13.286429268973214,0,0,2,RandomForest
2025-08-01,-4.371039045231184e-05,0.002318945599847644,0.0002651192480698228,0.0,0.00035829012474237863,0.00026512197884810944,0.002318945599847644,0.002318945599847644,HOLD,LOW,HIGH,Volatile,0.03352244560574973,13.397857666015621,0,0,2,RandomForest
2025-08-04,0.0006419800699804584,0.01414892638513041,0.0007062548538669944,0.0,0.0020684123968345977,0.0007062698681999319,0.01414892638513041,0.01414892638513041,HOLD,LOW,HIGH,Volatile,0.029765339514653565,13.311427525111602,0,0,2,RandomForest
2025-08-05,0.0016698181559391845,0.0073379270758802805,0.0005334332818165421,0.0,0.0016722943302137391,0.0016698188580133709,0.0073379270758802805,0.0073379270758802805,HOLD,LOW,HIGH,Volatile,0.029673523788156547,12.899285452706469,0,0,2,RandomForest
2025-08-06,0.0006719017181318115,0.001792161698614404,0.00011854234617203474,0.0,0.0005039300945929834,0.0006719026277100021,0.001792161698614404,0.001792161698614404,HOLD,LOW,HIGH,Volatile,0.030534830216759824,13.346429007393965,0,0,2,RandomForest
2025-08-07,0.0019515390833969816,0.0002011679383127187,-0.0004206638550385833,0.0,0.0005554113529941675,0.00020116897065450477,0.0002011679383127187,0.0002011679383127187,HOLD,LOW,HIGH,Volatile,0.028894291410182786,12.971429007393965,0,0,2,RandomForest
2025-08-08,0.0008247787265574123,-0.0021254928395708327,-0.0011021767277270555,0.0,-0.00046699156238047914,-0.0011021762708331448,-0.0021254928395708327,-0.0021254928395708327,HOLD,LOW,HIGH,Volatile,0.029190805875594698,13.189285278320304,0,0,2,RandomForest
2025-08-11,0.0015052499547934329,-0.0006462319565681134,-0.0014711811672896147,0.0,-0.0002418733494875566,-0.0006462312116678309,-0.0006462319565681134,-0.0006462319565681134,HOLD,LOW,HIGH,Volatile,0.02969996249071015,13.412857055664054,0,0,2,RandomForest
2025-08-12,0.00153088112085177,-0.0031424972079278834,-0.0017649426590651274,0.0,-0.0006400839745022129,-0.001764942237423643,-0.0031424972079278834,-0.0031424972079278834,HOLD,LOW,HIGH,Volatile,0.029208268960507797,13.755000523158474,0,0,2,RandomForest
2025-08-13,0.0008331692106047918,0.005073513032360786,-0.001997863408178091,0.0,-0.000180012424100856,0.0008331693278646873,0.005073513032360786,0.005073513032360786,HOLD,LOW,HIGH,Volatile,0.028399582505219793,12.228572300502227,0,0,2,RandomForest
2025-08-14,0.0007388327510588074,-0.002086384542955874,-0.002179706236347556,0.0,-0.0010481345221863836,-0.002086374405831556,-0.002086384542955874,-0.002086384542955874,HOLD,LOW,HIGH,Volatile,0.0284909419136538,11.638571602957585,0,0,2,RandomForest
2025-08-15,0.0006093467344862971,0.006122423677587265,-0.002308913739398122,0.0,-0.00031722493301649735,0.000609346895600381,0.006122423677587265,0.006122423677587265,HOLD,LOW,HIGH,Volatile,0.027886894632100295,11.458572387695309,0,0,2,RandomForest
2025-08-18,0.0005537855567492115,0.004024244897990489,-0.0020397580228745937,0.0,-0.00041713214639457134,0.0005537856540446388,0.004024244897990489,0.004024244897990489,HOLD,LOW,HIGH,Volatile,0.028036289747883514,11.364286150251113,0,0,2,RandomForest
2025-08-19,0.0014201791682686886,0.004977323117024609,-0.0021956346463412046,0.0,-6.561829206941025e-05,0.0014201791637122726,0.004977323117024609,0.004977323117024609,HOLD,LOW,HIGH,Volatile,0.028229508735337926,11.354997907366068,0,0,2,RandomForest
2025-08-20,0.0002758587616198939,-0.0026362714324475243,-0.0018920865841209888,0.0,-0.0011354624888216215,-0.0018920857048110426,-0.0026362714324475243,-0.0026362714324475243,HOLD,LOW,HIGH,Volatile,0.02845359077389848,11.462140764508925,0,0,2,RandomForest
2025-08-21,0.000567444315265784,-0.006328705440278327,-0.0014276271685957909,0.0,-0.001166321432947739,-0.0014276274653755186,-0.006328705440278327,-0.006328705440278327,HOLD,LOW,MEDIUM,Volatile,0.020684449547547515,11.08571297781808,0,0,1,RandomForest
2025-08-22,0.0006872210742585146,-0.0017547297090225343,-0.00134469592012465,0.0,-0.0006058897925505586,-0.001344693984799065,-0.0017547297090225343,-0.0017547297090225343,HOLD,LOW,MEDIUM,Volatile,0.02340953931259426,11.876427786690849,0,0,1,RandomForest
2025-08-25,0.002716220171017333,-0.00367797302590946,-0.00150846759788692,0.0,-0.0001082400432782008,-0.001508467373968758,-0.00367797302590946,-0.00367797302590946,HOLD,LOW,MEDIUM,Volatile,0.022906417137812763,12.415712629045759,0,0,1,RandomForest
2025-08-26,0.0009107268480076171,-0.0074543296023861436,-0.0016996031627058983,0.0,-0.001289849910737257,-0.0016996033717961046,-0.0074543296023861436,-0.0074543296023861436,HOLD,LOW,MEDIUM,Volatile,0.02268875772768828,12.032854352678571,0,0,1,RandomForest
2025-08-27,0.0011511508415845261,0.0015585313203177278,-0.0019064981024712324,0.0,-0.000373594305889685,0.0011511487257023182,0.0015585313203177278,0.0015585313203177278,HOLD,LOW,MEDIUM,Volatile,0.022667452743559434,12.032141549246651,0,0,1,RandomForest
2025-08-28,0.0005926103686702798,0.0017469186460109096,-0.0018696885090321302,0.0,-0.0005500108802688997,0.0005926099096437764,0.0017469186460109096,0.0017469186460109096,HOLD,LOW,MEDIUM,Volatile,0.021081264114166606,11.969284057617188,0,0,1,RandomForest
2025-08-29,0.0006413792379470353,0.003379010135389775,-0.0014333869330585003,0.0,-0.00013931613669024214,0.0006413793544522405,0.003379010135389775,0.003379010135389775,HOLD,LOW,MEDIUM,Volatile,0.02242627584211717,11.973567417689733,0,0,1,RandomForest
2025-09-02,-4.830829007062599e-05,-0.002413927510785009,-0.0003705054987221956,0.0,-0.0004574642138099676,-0.0003705080943717338,-0.002413927510785009,-0.002413927510785009,HOLD,LOW,MEDIUM,Volatile,0.022425837397322883,11.684280395507812,0,0,1,RandomForest
2025-09-03,0.0008029191545789919,-0.0015539142943209083,3.193959128111601e-05,0.0,0.00016470845790926504,3.19389273661804e-05,-0.0015539142943209083,-0.0015539142943209083,HOLD,LOW,MEDIUM,Volatile,0.022527303749921537,11.972850254603795,0,0,1,RandomForest
2025-09-04,0.0014052339611945353,0.004537507179523697,0.0002794467145577073,0.0,0.0011515210252205396,0.0014052345288335267,0.004537507179523697,0.004537507179523697,HOLD,LOW,MEDIUM,Volatile,0.021399122830949968,11.782849993024554,0,0,1,RandomForest
2025-09-05,0.0011391570844157656,0.00021908791092532229,-0.00016181031242012978,0.0,0.00037760401613548664,0.00021908943807238368,0.00021908791092532229,0.00021908791092532229,HOLD,LOW,MEDIUM,Volatile,0.022619889636057443,12.144278390066964,0,0,1,RandomForest
2025-09-08,0.0018005194941531867,0.00027797135366457247,-0.0007688318146392703,0.0,0.00032687494817366155,0.00027797165120045284,0.00027797135366457247,0.00027797135366457247,HOLD,LOW,MEDIUM,Volatile,0.02248860351264438,12.638565063476562,0,0,1,RandomForest
2025-09-09,0.00021265712534311164,-0.006022741499380828,-0.0009288305882364511,0.0,-0.0010155535869075956,-0.0009288312665182834,-0.006022741499380828,-0.006022741499380828,HOLD,LOW,MEDIUM,Volatile,0.021667993399619997,12.227850777762276,0,0,1,RandomForest
2025-09-10,0.0010520525799545407,0.001433786513588014,-0.001379313413053751,0.0,-0.0001544239746209316,0.0010520503849332826,0.001433786513588014,0.001433786513588014,HOLD,LOW,MEDIUM,Volatile,0.021648119493596747,11.762850080217634,0,0,1,RandomForest
2025-09-11,0.0009349835143948288,0.0019956356064031217,-0.001736082835122943,0.0,-0.000324274974043826,0.0009349829474550636,0.0019956356064031217,0.0019956356064031217,HOLD,LOW,HIGH,Volatile,0.025135422319816646,12.846420288085938,0,0,2,RandomForest
2025-09-12,0.00255096859684675,-0.005119734464896829,-0.0022673325147479773,0.0,-0.0007093620139685666,-0.002267332371867803,-0.005119734464896829,-0.005119734464896829,HOLD,LOW,HIGH,Volatile,0.02892223432010598,13.369277954101566,0,0,2,RandomForest
2025-09-15,0.0024141075432640973,-0.007623720075631576,-0.002696053124964237,0.0,-0.0012399889367016056,-0.0026960531177227815,-0.007623720075631576,-0.007623720075631576,HOLD,LOW,HIGH,Volatile,0.028962130847497825,14.45927865164621,0,0,2,RandomForest
2025-09-16,0.0012878437748867746,-0.017588633332881732,-0.0023915378842502832,0.0,-0.0025449792476640153,-0.002391538090094042,-0.017588633332881732,-0.017588633332881732,HOLD,LOW,HIGH,Volatile,0.029208663352063242,14.818564278738844,0,0,2,RandomForest
2025-09-17,0.0013963143626572027,-0.008242110598579636,-0.0024655607994645834,0.0,-0.0015769404572413715,-0.002465560885218321,-0.008242110598579636,-0.008242110598579636,HOLD,LOW,HIGH,Volatile,0.028403079535462984,15.704990931919648,0,0,2,RandomForest
2025-09-18,0.0009370241507861998,-0.009049653403165832,-0.0024875993840396404,0.0,-0.0018481068008407752,-0.0024875995235272372,-0.009049653403165832,-0.009049653403165832,HOLD,LOW,HIGH,Volatile,0.028684863495745574,15.874278477260049,0,0,2,RandomForest
2025-09-19,0.00022829117527770645,0.006810322664317477,-0.0019499578047543764,0.0,-0.000208807275209848,0.00022829148205831255,0.006810322664317477,0.006810322664317477,HOLD,LOW,HIGH,Volatile,0.02816135786941466,15.55785042898996,0,0,2,RandomForest
2025-09-22,0.0018107291109361258,-0.0035294838246842804,-0.0019122811499983072,0.0,-0.0006479278170254568,-0.0019122808008659729,-0.0035294838246842804,-0.0035294838246842804,HOLD,LOW,HIGH,Volatile,0.02604319923865803,16.31785147530692,0,0,2,RandomForest
2025-09-23,0.0013710195476540556,-0.006549090211551886,-0.0018002858851104975,0.0,-0.0010711027347587807,-0.0018002859897486526,-0.006549090211551886,-0.006549090211551886,HOLD,LOW,HIGH,Volatile,0.026917437727076023,16.491424560546875,0,0,2,RandomForest
2025-09-24,0.00021838004884477762,-0.0011650648156799812,-0.0012373875360935926,0.0,-0.0006703003736029565,-0.0011650520825103343,-0.0011650648156799812,-0.0011650648156799812,HOLD,LOW,HIGH,Volatile,0.02766624208690341,17.273566109793528,0,0,2,RandomForest
2025-09-25,0.002327734380680251,-0.003082966039018497,-0.001162974163889885,0.0,-1.9160619439228914e-05,-0.0011629739299070367,-0.003082966039018497,-0.003082966039018497,HOLD,LOW,HIGH,Volatile,0.03020624141443885,17.728567940848215,0,0,2,RandomForest
2025-09-26,-0.0007359973562408877,-0.00977035686785422,-0.0006956391735002398,0.0,-0.0016473825652288513,-0.0007360208538276242,-0.00977035686785422,-0.00977035686785422,HOLD,LOW,HIGH,Volatile,0.03052304925824706,18.14642551967076,0,0,2,RandomForest
2025-09-29,0.0025458897588353227,-0.004496720627529392,-0.000582405598834157,0.0,0.00021633700006251644,-0.0005824056629507613,-0.004496720627529392,-0.004496720627529392,HOLD,LOW,HIGH,Volatile,0.028443020886612044,18.469999040876115,0,0,2,RandomForest
2025-09-30,0.0008374321434945516,-0.0032438626651689457,-0.0006760252872481942,0.0,-0.0003591435045340899,-0.0006760255579853524,-0.0032438626651689457,-0.0032438626651689457,HOLD,LOW,HIGH,Volatile,0.02781670195869968,18.58571515764509,0,0,2,RandomForest
2025-10-01,0.0010293512867868113,-0.00025486420755475755,-0.0009372676722705364,0.0,-0.00011085781209138916,-0.00025486352390223353,-0.00025486420755475755,-0.00025486420755475755,HOLD,LOW,HIGH,Volatile,0.0280916691624156,18.596431187220983,0,0,2,RandomForest
2025-10-02,0.0019457470635410134,-0.003149494641675692,-0.001108711352571845,0.0,-0.00014506286250700554,-0.0011087111902196847,-0.003149494641675692,-0.003149494641675692,HOLD,LOW,HIGH,Volatile,0.03198814371984854,19.117858886718743,0,0,2,RandomForest
2025-10-03,-0.0009150362142703744,-0.005178180552645732,0.0004175942740403116,0.0,-0.0006720052077691439,-0.0009150367290828705,-0.005178180552645732,-0.005178180552645732,HOLD,LOW,HIGH,Volatile,0.032043157266125354,19.148572649274545,0,0,2,RandomForest
2025-10-06,0.0009437612055546865,0.005633228643588118,0.0016069089761003852,0.0,0.0017673730151821286,0.0016069102312837099,0.005633228643588118,0.005633228643588118,HOLD,LOW,HIGH,Volatile,0.03293429937391647,19.89928763253348,0,0,2,RandomForest
2025-10-07,0.002704219080848836,0.003938392768384733,0.0012633149744942784,0.0,0.0020932117786354883,0.002704218964947708,0.003938392768384733,0.003938392768384733,HOLD,LOW,HIGH,Volatile,0.03541660962950825,20.05357360839843,0,0,2,RandomForest
2025-10-08,-0.0008648375325581274,-0.01494996008628267,0.0013552719028666615,0.0,-0.0011803751826326104,-0.0008648379115941623,-0.01494996008628267,-0.01494996008628267,HOLD,LOW,HIGH,Volatile,0.03535822127573685,20.085000174386153,0,0,2,RandomForest
2025-10-09,0.0017331186467906003,-0.005925373587999824,0.0008970769122242928,0.0,0.0005146028895451271,0.0008970758654980589,-0.005925373587999824,-0.005925373587999824,HOLD,LOW,HIGH,Volatile,0.033775558836195534,20.077144077845976,0,0,2,RandomForest
2025-10-10,0.0006265405565801148,0.005194767539441365,6.451457738876343e-05,0.0,0.0008098511301445945,0.0006265421107411829,0.005194767539441365,0.005194767539441365,HOLD,LOW,HIGH,Volatile,0.032947033162863903,20.989286150251107,0,0,2,RandomForest
2025-10-13,-0.000582676216717223,-0.008717527804475395,0.0008474586647935212,0.0,-0.0006891227414070682,-0.0005826767920778675,-0.008717527804475395,-0.008717527804475395,HOLD,LOW,HIGH,Volatile,0.03409962501503548,21.42857360839843,0,0,2,RandomForest
2025-10-14,0.003004597075974131,-0.004978429639031649,0.0005269754328764975,0.0,0.0009114351956998664,0.0005269752111628632,-0.004978429639031649,-0.004978429639031649,HOLD,LOW,HIGH,Volatile,0.03381476673032702,21.405718122209812,0,0,2,RandomForest
2025-10-15,5.8371046502133945e-05,0.002733983765296237,4.9496651627123356e-05,0.0,0.0003298638060375917,5.846263532056245e-05,0.002733983765296237,0.002733983765296237,HOLD,LOW,HIGH,Volatile,0.03387667863929663,20.725003923688607,0,0,2,RandomForest
2025-10-16,0.001522332685103264,0.003971640853986987,-0.0005479861283674836,0.0,0.0007141702398135383,0.001522332759709068,0.003971640853986987,0.003971640853986987,HOLD,LOW,HIGH,Volatile,0.03367873264062779,20.62428937639508,0,0,2,RandomForest
2025-10-17,0.00045184749698822045,0.002419385786175086,-0.0007820007158443332,0.0,2.25984347090824e-05,0.00045184779841599094,0.002419385786175086,0.002419385786175086,HOLD,LOW,HIGH,Volatile,0.03376160630375327,21.08000183105468,0,0,2,RandomForest
2025-10-20,0.0017545505985873673,-0.0014733238752923771,-0.0012463750317692757,0.0,-0.00011617423945217025,-0.0012463709969840365,-0.0014733238752923771,-0.0014733238752923771,HOLD,LOW,HIGH,Volatile,0.033745341410492735,20.980715070452003,0,0,2,RandomForest
2025-10-21,0.001279732615074657,0.00015395787043128253,-0.0020006566774100065,0.0,-0.0005173212081785819,0.0001539574474189384,0.00015395787043128253,0.00015395787043128253,HOLD,LOW,HIGH,Volatile,0.03351874311326991,19.960000174386156,0,0,2,RandomForest
2025-10-22,0.0005351257689396245,-0.003548634110211179,-0.002546499716117978,0.0,-0.0014652513753171692,-0.0025464990445287295,-0.003548634110211179,-0.003548634110211179,HOLD,LOW,HIGH,Volatile,0.03241461894868859,18.628572736467635,0,0,2,RandomForest
2025-10-23,0.0008300756511510133,0.004494852338389266,-0.002779842121526599,0.0,-0.0006415962556925354,0.0008300756552931548,0.004494852338389266,0.004494852338389266,HOLD,LOW,HIGH,Volatile,0.03103154262072503,19.007858276367188,0,0,2,RandomForest
2025-10-24,0.0016485080119788033,0.000993388495262557,-0.0028658218216151,0.0,-0.0007322740069798232,0.000993387232455029,0.000993388495262557,0.000993388495262557,HOLD,LOW,HIGH,Volatile,0.030865471285734632,18.849999564034597,0,0,2,RandomForest
2025-10-27,-0.0001553836908054528,-0.0018662516719204316,-0.002270987257361412,0.0,-0.001415951480411432,-0.0018662497971341676,-0.0018662516719204316,-0.0018662516719204316,HOLD,LOW,HIGH,Volatile,0.032308368401609396,19.25285775320871,0,0,2,RandomForest
2025-10-28,0.0023994920475188452,0.00183805326405319,-0.0021152044646441936,0.0,2.818707926978631e-05,0.00183805174206483,0.00183805326405319,0.00183805326405319,HOLD,LOW,HIGH,Volatile,0.032524006067599864,19.202859061104913,0,0,2,RandomForest
2025-10-29,0.0011232169100700547,0.00242534579238375,-0.0022683239076286554,0.0,-0.00048030800239114786,0.0011232164379520327,0.00242534579238375,0.00242534579238375,HOLD,LOW,HIGH,Volatile,0.03170564070056612,19.24143110002791,0,0,2,RandomForest
2025-10-30,0.0008982543121686199,0.004333881400097412,-0.0024791574105620384,0.0,-0.00047791996459459164,0.0008982543171797743,0.004333881400097412,0.004333881400097412,HOLD,LOW,HIGH,Volatile,0.03129315051814378,18.542861938476573,0,0,2,RandomForest
2025-10-31,-0.0003479249709609138,-0.008733112109291707,-0.0021126081701368093,0.0,-0.002117259530346985,-0.002112608585168996,-0.008733112109291707,-0.008733112109291707,HOLD,LOW,HIGH,Volatile,0.03209643727542761,18.150002615792424,0,0,2,RandomForest
2025-11-03,0.002343749630827947,0.0006487496874805427,-0.002010664204135537,0.0,-6.237295913691853e-05,0.0006487494739454135,0.0006487496874805427,0.0006487496874805427,HOLD,LOW,HIGH,Volatile,0.03038270528310192,18.30928911481586,0,0,2,RandomForest
2025-11-04,0.001375715193734581,-0.001269095712538104,-0.00201847474090755,0.0,-0.0006363687101388015,-0.0012690947594645608,-0.001269095712538104,-0.001269095712538104,HOLD,LOW,HIGH,Volatile,0.031020673589791766,19.06571524483818,0,0,2,RandomForest
2025-11-05,-0.0006692680973447872,-0.01102012222741524,-0.001306760124862194,0.0,-0.002063812817763625,-0.0013067615856738103,-0.01102012222741524,-0.01102012222741524,HOLD,LOW,HIGH,Volatile,0.03208616537188729,19.60714285714287,0,0,2,RandomForest
2025-11-06,0.002460274110652798,-0.0016558340574669395,-0.0008249669335782528,0.0,0.00035222469568320066,-0.0008249660371126798,-0.0016558340574669395,-0.0016558340574669395,HOLD,LOW,HIGH,Volatile,0.03315308346639519,20.642859322684167,0,0,2,RandomForest
2025-11-07,-0.0003233786957729471,0.004742567314987876,0.00028685724828392267,0.0,0.0005119613825401631,0.0002868586573112333,0.004742567314987876,0.004742567314987876,HOLD,LOW,HIGH,Volatile,0.03207067012064151,21.610002790178584,0,0,2,RandomForest
2025-11-10,0.00022688500118848336,-0.006526167900475229,0.0010280535789206624,0.0,-5.9292331970292416e-05,0.00022688390415698275,-0.006526167900475229,-0.006526167900475229,HOLD,LOW,HIGH,Volatile,0.030861917427263085,22.53143310546876,0,0,2,RandomForest
2025-11-11,0.002235549244242692,0.007261194593344444,0.0009434201056137681,0.0,0.002091938003956788,0.0022355498180629246,0.007261194593344444,0.007261194593344444,HOLD,LOW,HIGH,Volatile,0.03079158514408656,22.26929146902903,0,0,2,RandomForest
2025-11-12,0.0003366809099464215,0.0037148612663430885,0.00044229021295905113,0.0,0.0007393195718560037,0.0004422992004778898,0.0037148612663430885,0.0037148612663430885,HOLD,LOW,HIGH,Volatile,0.031017923299965135,20.860004970005594,0,0,2,RandomForest
2025-11-13,0.0005069661570501756,-0.005003457072876956,0.00038126856088638306,0.0,-0.00012594719033336176,0.0003812609155158262,-0.005003457072876956,-0.005003457072876956,HOLD,LOW,HIGH,Volatile,0.034477552762744265,21.770721435546882,0,0,2,RandomForest
2025-11-14,-0.0006733180471093742,-0.002393240602214986,0.00123183848336339,0.0,0.00012546329577483748,-0.0006733179907039559,-0.002393240602214986,-0.002393240602214986,HOLD,LOW,HIGH,Volatile,0.033943785038630714,21.982864379882823,0,0,2,RandomForest
2025-11-17,0.0016438461605974373,-0.0055684701918169745,0.0017081014811992645,0.0,0.0009326843599769064,0.0016438312060519445,-0.0055684701918169745,-0.0055684701918169745,HOLD,LOW,HIGH,Volatile,0.03373357429969467,22.68429347446988,0,0,2,RandomForest
2025-11-18,0.0011721204169369143,0.006246987196908681,0.0019807200878858566,0.0,0.0021100246751267447,0.0019807210872536114,0.006246987196908681,0.006246987196908681,HOLD,LOW,HIGH,Volatile,0.03386183876588024,22.83857945033483,0,0,2,RandomForest
2025-11-19,0.0003649988084099186,0.0025468761349988355,0.0017216482665389776,0.0,0.0012852633959791618,0.0017216477937068218,0.0025468761349988355,0.0025468761349988355,HOLD,LOW,HIGH,Volatile,0.033950864210502675,22.222863333565858,0,0,2,RandomForest
2025-11-20,0.0012726248157537666,0.00810730134713186,0.0011875679483637214,0.0,0.0019341669706422105,0.0012726361562475036,0.00810730134713186,0.00810730134713186,HOLD,LOW,HIGH,Volatile,0.03356424251463179,23.38715035574778,0,0,2,RandomForest
2025-11-21,0.00031574065686420236,-0.008034920623691353,0.0019923110958188772,0.0,0.0003133056644759393,0.000315740180841458,-0.008034920623691353,-0.008034920623691353,HOLD,LOW,HIGH,Volatile,0.032925358438646087,23.29929024832591,0,0,2,RandomForest
2025-11-24,0.0008482880412724289,0.006954652113998547,0.002132846973836422,0.0,0.002136497719547171,0.0021328475437984453,0.006954652113998547,0.006954652113998547,HOLD,LOW,HIGH,Volatile,0.035087790692445095,23.717862810407382,0,0,2,RandomForest
2025-11-25,0.002729854453681476,-0.00012423775910909657,0.0015054992400109768,0.0,0.0018080272538728397,0.0015054990374303058,-0.00012423775910909657,-0.00012423775910909657,HOLD,LOW,HIGH,Volatile,0.03476909966892233,22.92572021484376,0,0,2,RandomForest
2025-11-26,0.0005084424532529467,-0.0030726838954599563,0.00046197371557354927,0.0,0.00011517037000187234,0.0004619533663520187,-0.0030726838954599563,-0.0030726838954599563,HOLD,LOW,HIGH,Volatile,0.03507962470419584,21.332146780831486,0,0,2,RandomForest
2025-11-28,0.0013636267839893742,-0.0003091705767311787,-0.0007872709538787603,0.0,8.890156404846718e-05,-0.00030916909091873135,-0.0003091705767311787,-0.0003091705767311787,HOLD,LOW,HIGH,Volatile,0.03362213645613104,20.096431187220993,0,0,2,RandomForest
2025-12-01,0.0010204206647370072,0.003716534748672583,-0.002086224500089884,0.0,-0.00029330450799370947,0.0010204206157912973,0.003716534748672583,0.003716534748672583,HOLD,LOW,HIGH,Volatile,0.03242698190823362,19.255000523158493,0,0,2,RandomForest
2025-12-02,0.0008759705111533914,-0.0003531146917013981,-0.003100733971223235,0.0,-0.0012885415780896988,-0.00035311514030627944,-0.0003531146917013981,-0.0003531146917013981,HOLD,LOW,HIGH,Volatile,0.031729075824497105,19.384283883231042,0,0,2,RandomForest
2025-12-03,0.0008894301981946457,-0.0015540959590941688,-0.003586630104109645,0.0,-0.0016562500759522139,-0.0015540958764911016,-0.0015540959590941688,-0.0015540959590941688,HOLD,LOW,HIGH,Volatile,0.03104397427060185,19.592143467494434,0,0,2,RandomForest
2025-12-04,0.0019922510762625527,-0.0022233318081186894,-0.004032551310956478,0.0,-0.0015298434833432104,-0.0022233314931070836,-0.0022233318081186894,-0.0022233318081186894,HOLD,LOW,HIGH,Volatile,0.029958485105319736,17.804999215262292,0,0,2,RandomForest
2025-12-05,0.001066555636473406,0.0009661576875285173,-0.0045707980170845985,0.0,-0.0018324465522668487,0.0009661481022304566,0.0009661576875285173,0.0009661576875285173,HOLD,LOW,HIGH,Volatile,0.028818523214871928,16.219284057617198,0,0,2,RandomForest
2025-12-08,0.0008375154247998555,0.00322552673760086,-0.004634461365640163,0.0,-0.001720019254829062,0.0008375151890743191,0.00322552673760086,0.00322552673760086,HOLD,LOW,HIGH,Volatile,0.02861679393440653,15.828569684709834,0,0,2,RandomForest
2025-12-09,4.387429659643302e-05,-0.007274862220904854,-0.0037357367109507322,0.0,-0.002647907659189144,-0.0037357366929922035,-0.007274862220904854,-0.007274862220904854,HOLD,LOW,HIGH,Volatile,0.0275829224314151,15.93428257533483,0,0,2,RandomForest
2025-12-10,0.0015464290860768043,-0.0032888297008563834,-0.0026681330054998398,0.0,-0.0011120090211890923,-0.0026681316367410802,-0.0032888297008563834,-0.0032888297008563834,HOLD,LOW,HIGH,Volatile,0.027583103469816118,15.93356977190291,0,0,2,RandomForest
2025-12-11,0.001195377438833507,0.001314237717906786,-0.0018097271677106619,0.0,-0.00033220971165478824,0.0011953694973404843,0.001314237717906786,0.001314237717906786,HOLD,LOW,HIGH,Volatile,0.0272370919871121,14.284999302455365,0,0,2,RandomForest
2025-12-12,0.0005701143481246502,0.013624129285407693,-0.0011650423984974623,0.0,0.0010277690118958476,0.0005701148471849146,0.013624129285407693,0.013624129285407693,HOLD,LOW,MEDIUM,Volatile,0.022087548537871374,14.449286324637281,0,0,1,RandomForest
2025-12-15,0.0017505439355529895,0.001483385980081668,-0.0006242407253012061,0.0,0.0005061148185066613,0.001483382738802952,0.001483385980081668,0.001483385980081668,HOLD,LOW,MEDIUM,Volatile,0.022977708595456076,13.89071437290737,0,0,1,RandomForest
2025-12-16,0.0016456663648828076,-0.004576212796857783,-0.0002974697854369879,0.0,8.076648800780335e-06,-0.00029747006593554585,-0.004576212796857783,-0.004576212796857783,HOLD,LOW,MEDIUM,Volatile,0.02349962811632824,14.686429704938623,0,0,1,RandomForest
2025-12-17,0.001460447471628053,-0.004424041415505477,-9.306997526437044e-05,0.0,5.73110117346651e-05,-9.307038734881902e-05,-0.004424041415505477,-0.004424041415505477,HOLD,LOW,HIGH,Volatile,0.025996507776547117,16.04571533203125,0,0,2,RandomForest
2025-12-18,-0.0004769266939518536,-0.00497696055876101,0.001212256378494203,0.0,-7.563371995796648e-05,-0.0004769270631321117,-0.00497696055876101,-0.00497696055876101,HOLD,LOW,HIGH,Volatile,0.026649689981344562,17.250714983258927,0,0,2,RandomForest
2025-12-19,0.0022541500276381608,-0.0010894002961804442,0.0015479018911719322,0.0,0.0015473099276429045,0.0015479008581248766,-0.0010894002961804442,-0.0010894002961804442,HOLD,LOW,HIGH,Volatile,0.025859789597432434,17.779285975864955,0,0,2,RandomForest
2025-12-22,0.0005665349612255906,-0.0011335746039822315,0.0014091558987274766,0.0,0.0008229050455122022,0.0005665343647683489,-0.0011335746039822315,-0.0011335746039822315,HOLD,LOW,HIGH,Volatile,0.02543232107844014,17.989998953683028,0,0,2,RandomForest
2025-12-23,0.0014249052154502299,-0.004045698078010081,0.0010765966726467013,0.0,0.0006820316629760988,0.0010765940131676668,-0.004045698078010081,-0.004045698078010081,HOLD,LOW,MEDIUM,Volatile,0.022155794111530975,17.307854788643965,0,0,1,RandomForest
2025-12-24,0.0006803896192561113,0.0032790292470647768,0.0005242644110694528,0.0,0.000868488152971787,0.0006803955588521121,0.0032790292470647768,0.0032790292470647768,HOLD,LOW,MEDIUM,Volatile,0.022212011444384047,17.654998779296864,0,0,1,RandomForest
2025-12-26,0.0010314807891986736,-0.0032552045214760492,4.2034429498016834e-05,0.0,8.222446588554877e-05,4.203372397056914e-05,-0.0032552045214760492,-0.0032552045214760492,HOLD,LOW,MEDIUM,Volatile,0.022968585036430546,18.230712890624982,0,0,1,RandomForest
2025-12-29,0.0004388474903075243,-0.00915941240200967,-8.283450733870268e-05,0.0,-0.0008187105093218869,-8.283630674547874e-05,-0.00915941240200967,-0.00915941240200967,HOLD,LOW,MEDIUM,Volatile,0.024519632985275444,17.976427350725434,0,0,1,RandomForest
2025-12-30,0.0003122672755694613,-0.007730431632733883,-0.00026428629644215107,0.0,-0.0008129219820748859,-0.00026428789098887327,-0.007730431632733883,-0.007730431632733883,HOLD,LOW,MEDIUM,Volatile,0.024731869887129648,17.447856358119413,0,0,1,RandomForest
2025-12-31,0.000968385851264772,-0.0057477659670664505,-0.0005083596333861351,0.0,-0.00048121355500488155,-0.0005083601188466027,-0.0057477659670664505,-0.0057477659670664505,HOLD,LOW,MEDIUM,Volatile,0.024887184147543692,17.017854963030125,0,0,1,RandomForest
2019-11-21,0.0003597683329144719,-0.006379520726348842,-0.0032906776759773493,0.0,-0.0022060470318495994,-0.0032906776262301464,-0.006379520726348842,-0.0032906776759773493,HOLD,LOW,HIGH,Volatile,0.025272701612446206,9.754283357617194,0,0,2,LSTM
2019-11-22,0.001535618110943701,-0.010807104342069157,-0.0026230677030980587,0.0,-0.0018687253465390302,-0.0026230678212838163,-0.010807104342069157,-0.0026230677030980587,HOLD,LOW,MEDIUM,Volatile,0.022174212803747057,10.62214006696429,0,0,1,LSTM
2019-11-25,0.0007045908047423289,0.0013356756359879482,-0.0014571319334208965,0.0,-0.0003379922087059389,0.0007045896873407911,0.0013356756359879482,-0.0014571319334208965,HOLD,LOW,MEDIUM,Volatile,0.02226047122186008,10.917853216713175,0,0,1,LSTM
2019-11-26,0.0028881976076958644,-0.00630314834079471,-0.0004108601715415716,0.0,0.00024946149035118834,-0.00041086030481900915,-0.00630314834079471,-0.0004108601715415716,HOLD,LOW,MEDIUM,Volatile,0.021269087042114415,10.70499528911831,0,0,1,LSTM
2019-11-27,0.0013207157934935964,-0.0009034224355450751,0.00028702692361548543,0.0,0.0005615798788360021,0.0002870267966844834,-0.0009034224355450751,0.00028702692361548543,HOLD,LOW,MEDIUM,Volatile,0.021253512741042452,10.022136140820319,0,0,1,LSTM
2019-11-29,0.0018870848046272292,-0.012035033421686523,0.0004926866386085749,0.0,-0.00026375073937480887,0.0004926860022906566,-0.012035033421686523,0.0004926866386085749,HOLD,LOW,MEDIUM,Volatile,0.021296813480458792,9.938565932952015,0,0,1,LSTM
2019-12-02,0.001174561294137914,0.0076208496617749776,0.00031169457361102104,0.0,0.0013974752273314785,0.0011745622953056997,0.0076208496617749776,0.00031169457361102104,HOLD,LOW,MEDIUM,Volatile,0.02139642820709404,9.627138407840407,0,0,1,LSTM
2019-12-03,0.0013728587606216692,0.005383945712466832,4.6890461817383766e-05,0.0,0.0011072370451278629,0.001372859264467055,0.005383945712466832,4.6890461817383766e-05,HOLD,LOW,MEDIUM,Volatile,0.021271689133919754,9.583568025585944,0,0,1,LSTM
2019-12-04,0.0008373343349116401,0.0034970796949560083,-0.00026905606500804424,0.0,0.0005448103707802332,0.0008373348614276658,0.0034970796949560083,-0.00026905606500804424,HOLD,LOW,MEDIUM,Volatile,0.02143823243093393,9.14499555069755,0,0,1,LSTM
2019-12-05,0.0008903002391961621,0.007394161572681967,-0.00044303538743406534,0.0,0.0008780802860058796,0.0008903008343640804,0.007394161572681967,-0.00044303538743406534,HOLD,LOW,MEDIUM,Volatile,0.020599796505629698,8.876425604408487,0,0,1,LSTM
2019-12-06,0.0013053993427534429,-0.004102751222978481,-0.0005247424123808742,0.0,-0.00019033924952019648,-0.0005247426788612884,-0.004102751222978481,-0.0005247424123808742,HOLD,LOW,MEDIUM,Volatile,0.020014838468663,9.165710446763399,0,0,1,LSTM
2019-12-09,0.0015473755198938234,0.005399493047112081,-0.0010117345955222845,0.0,0.000633477182689765,0.0015473756508867522,0.005399493047112081,-0.0010117345955222845,HOLD,LOW,MEDIUM,Volatile,0.02013426959749266,9.331427435463175,0,0,1,LSTM
2019-12-10,0.0008846226134567115,-0.0004707345795881113,-0.0015205193776637316,0.0,-0.0004876302961628902,-0.00047073436554887925,-0.0004707345795881113,-0.0015205193776637316,HOLD,LOW,MEDIUM,Volatile,0.020374891937947948,9.276428222656259,0,0,1,LSTM
2019-12-11,0.0009295962548847439,0.002185538157039641,-0.002056381432339549,0.0,-0.00047087855015429396,0.0009295957946098696,0.002185538157039641,-0.002056381432339549,HOLD,LOW,MEDIUM,Volatile,0.02028408023801504,9.04214259556362,0,0,1,LSTM
2019-12-12,0.0003878485868922116,-0.002208769554321637,-0.0026221571024507284,0.0,-0.001422402936594979,-0.002208767531749263,-0.002208769554321637,-0.0026221571024507284,HOLD,LOW,MEDIUM,Volatile,0.020532572731655718,9.143569943833711,0,0,1,LSTM
2019-12-13,0.0007210974383261111,0.002161900787950448,-0.0031296650413423777,0.0,-0.0011034309893768151,0.0007210970047849086,0.002161900787950448,-0.0031296650413423777,HOLD,LOW,MEDIUM,Volatile,0.020490757007319577,8.12499781771764,0,0,1,LSTM
2019-12-16,0.0004491645103754901,-0.00876660045264135,-0.0034983272198587656,0.0,-0.0025243558348166965,-0.003498327283312423,-0.00876660045264135,-0.0034983272198587656,HOLD,LOW,MEDIUM,Volatile,0.024634648406115955,9.102852955133935,0,0,1,LSTM
2019-12-17,0.001419158654862712,0.0038372615684349578,-0.003840850433334708,0.0,-0.0010266568408929043,0.001419158431698607,0.0038372615684349578,-0.003840850433334708,HOLD,LOW,MEDIUM,Volatile,0.02464334321313837,9.128568374358265,0,0,1,LSTM
2019-12-18,-0.0005680813239683571,-0.003955626995873569,-0.003915744833648205,0.0,-0.0026329517084500557,-0.003915721255504369,-0.003955626995873569,-0.003915744833648205,HOLD,LOW,HIGH,Volatile,0.025214259370882043,9.904998779296879,0,0,2,LSTM
2019-12-19,0.0010108483254169269,-0.011218772344726872,-0.0037957902532070875,0.0,-0.00271384492102894,-0.003795790326485699,-0.011218772344726872,-0.0037957902532070875,HOLD,LOW,MEDIUM,Volatile,0.02498731848902416,10.612856183733262,0,0,1,LSTM
2019-12-20,0.0004934918975289741,-0.009785625044548912,-0.003603694261983037,0.0,-0.002666438464338541,-0.0036036943442244603,-0.009785625044548912,-0.003603694261983037,HOLD,LOW,MEDIUM,Volatile,0.02499606185934456,10.978570120675224,0,0,1,LSTM
2019-12-23,0.0002781183499895026,-0.01031361325297508,-0.0029785919468849897,0.0,-0.0024833947241026974,-0.0029785921174597723,-0.0029785919468849897,-0.0029785919468849897,SELL,MEDIUM,LOW,Bullish,0.019457108770568173,11.742856709347096,-1,1,0,LSTM
2019-12-24,0.0010308388021671173,-0.00854889057773637,-0.002408522181212902,0.0,-0.0017198593784329777,-0.002408522308991967,-0.002408522181212902,-0.002408522181212902,SELL,MEDIUM,LOW,Bullish,0.019462531355148426,12.297858104436378,-1,1,0,LSTM
2019-12-26,0.00045994102298878704,-0.013703362841527934,-0.0019817149732261896,0.0,-0.0022524042290248568,-0.0019817152971514204,-0.0019817149732261896,-0.0019817149732261896,HOLD,LOW,LOW,Bullish,0.017737359435623115,12.373572215764503,0,0,0,LSTM
2019-12-27,0.0006607426649674522,-0.01718163080910192,-0.0016274689696729183,0.0,-0.002352541621977189,-0.0016274693420305897,-0.0016274689696729183,-0.0016274689696729183,HOLD,LOW,LOW,Bullish,0.017996054229220012,12.424288070954235,0,0,0,LSTM
2019-12-30,0.0007196951821244666,-0.015856611866479287,-0.001201235456392169,0.0,-0.0019747714198002806,-0.0012012359082067096,-0.015856611866479287,-0.001201235456392169,HOLD,LOW,MEDIUM,Volatile,0.020930677167576257,13.263571602957585,0,0,1,LSTM
2019-12-31,0.0008796276015211521,-0.003704429232798533,-0.0001469026319682598,0.0,-0.00011931042305423495,-0.00014690332329337613,-0.003704429232798533,-0.0001469026319682598,HOLD,LOW,MEDIUM,Volatile,0.020923077392380276,13.820000784737715,0,0,1,LSTM
2020-01-02,0.002143504405580644,-0.008121165467254509,0.00042004819260910153,0.0,0.000201390801464455,0.00042004773010417265,-0.008121165467254509,0.00042004819260910153,HOLD,LOW,MEDIUM,Volatile,0.02118341614189424,14.107145036969863,0,0,1,LSTM
2020-01-03,0.0015398083011587637,0.0013753468941512515,0.0002993425587192178,0.0,0.0008872122144668308,0.0013753418143645378,0.0013753468941512515,0.0002993425587192178,HOLD,LOW,MEDIUM,Volatile,0.02085056568739398,15.085717337472094,0,0,1,LSTM
2020-01-06,0.0007116278575618376,0.0010105272900388152,0.0002947120228782296,0.0,0.0005288325683946355,0.0007116269212992473,0.0010105272900388152,0.0002947120228782296,HOLD,LOW,MEDIUM,Volatile,0.020196181324262808,15.156433105468746,0,0,1,LSTM
2020-01-07,0.00036209049749452433,-0.007922437566636287,-0.00010762317106127739,0.0,-0.0007333020315514296,-0.00010762516306255601,-0.007922437566636287,-0.00010762317106127739,HOLD,LOW,MEDIUM,Volatile,0.020811897854391918,14.790006365094863,0,0,1,LSTM
2020-01-08,0.000681086614704917,-0.006303017768788433,-0.0004690673667937517,0.0,-0.0006288079637814419,-0.00046906806338170207,-0.006303017768788433,-0.0004690673667937517,HOLD,LOW,MEDIUM,Volatile,0.02189332710441548,16.265718730106023,0,0,1,LSTM
2020-01-09,0.0004014661690836987,0.00061427184658596,-0.0006506845820695162,0.0,-0.00011571292922313238,0.0004014624623278182,0.00061427184658596,-0.0006506845820695162,HOLD,LOW,MEDIUM,Volatile,0.02359106188268189,16.95857456261161,0,0,1,LSTM
2020-01-10,-0.0004230009857377657,-0.017081702798520303,-0.00022321240976452827,0.0,-0.0020392874799330975,-0.00042300588139967255,-0.017081702798520303,-0.00022321240976452827,HOLD,LOW,MEDIUM,Volatile,0.02411610527616291,16.782858707421877,0,0,1,LSTM
2020-01-13,0.0012020610593776679,-0.000664881530382377,-0.0002405731938779354,0.0,0.0002702283628745907,-0.00024057154037196047,-0.000664881530382377,-0.0002405731938779354,HOLD,LOW,HIGH,Volatile,0.029773471359226273,19.25928823797434,0,0,2,LSTM
2020-01-14,0.0020983395864962702,-0.004208901311860908,-0.0005609412910416722,0.0,8.498247397280929e-05,-0.0005609413928249884,-0.004208901311860908,-0.0005609412910416722,HOLD,LOW,HIGH,Volatile,0.029316420729452945,19.69714354732144,0,0,2,LSTM
2020-01-15,-0.0007088081176663951,-0.006045928979306238,-0.000793938641436398,0.0,-0.001303055015108643,-0.0007939499281637136,-0.006045928979306238,-0.000793938641436398,HOLD,LOW,HIGH,Volatile,0.030187922325712102,20.293572554715414,0,0,2,LSTM
2020-01-16,-0.0004440724825743082,0.009436901529777114,-0.00043870240915566683,0.0,0.0005780887178000601,-0.0004385668246736822,0.009436901529777114,-0.00043870240915566683,HOLD,LOW,HIGH,Volatile,0.030314574778703328,21.58642795371095,0,0,2,LSTM
2020-01-17,0.001646337091914614,-3.5072577704730095e-05,-0.0004855116130784154,0.0,0.00038048429075747707,-3.5070961492541714e-05,-3.5072577704730095e-05,-0.0004855116130784154,HOLD,LOW,HIGH,Volatile,0.030218616858771228,21.82285417092635,0,0,2,LSTM
2020-01-21,0.0017317546976331288,0.003736157409059945,-0.0007601301185786724,0.0,0.0006616766096585718,0.0017317546002095076,0.003736157409059945,-0.0007601301185786724,HOLD,LOW,HIGH,Volatile,0.03263430269485362,23.034284314285724,0,0,2,LSTM
2020-01-22,0.0022345348949677412,0.007600626124962275,-0.0012797836679965258,0.0,0.0009873719128809999,0.002234534993070132,0.007600626124962275,-0.0012797836679965258,HOLD,LOW,HIGH,Volatile,0.032975349660345044,25.040710444308047,0,0,2,LSTM
2020-01-23,-4.62719628704165e-05,0.009428207835121372,-0.001073173712939024,0.0,0.0004050038211914897,-4.627109648464674e-05,0.009428207835121372,-0.001073173712939024,HOLD,LOW,HIGH,Volatile,0.03285837478389604,26.04285321425782,0,0,2,LSTM
2020-01-24,-0.00048160605800384704,-0.0023581859782835627,-0.001023793825879693,0.0,-0.0009530339894715792,-0.0010237949151988633,-0.0023581859782835627,-0.001023793825879693,HOLD,LOW,HIGH,Volatile,0.03347372058225441,25.747137882226564,0,0,2,LSTM
2020-01-27,0.0007419466722314784,0.001865796866555247,-0.0010594013147056103,0.0,-6.513813773469297e-05,0.0007419463385378211,0.001865796866555247,-0.0010594013147056103,HOLD,LOW,HIGH,Volatile,0.03398770657126004,26.745707915485493,0,0,2,LSTM
2020-01-28,0.0018230105065256523,0.00136384628460563,-0.001119991997256875,0.0,0.00026761101190968966,0.0013638445184579334,0.00136384628460563,-0.001119991997256875,HOLD,LOW,HIGH,Volatile,0.03382577898869187,26.652849466964287,0,0,2,LSTM
2020-01-29,0.002116123392469034,0.000712075795340431,-0.001261809840798378,0.0,0.00024037783025269055,0.0007120755902290464,0.000712075795340431,-0.001261809840798378,HOLD,LOW,HIGH,Volatile,0.031685778089005606,26.127134050195313,0,0,2,LSTM
2020-01-30,0.0012905566643938084,-0.0037619709049464788,-0.0014986887108534575,0.0,-0.0006599483061963058,-0.0014986886276703608,-0.0037619709049464788,-0.0014986887108534575,HOLD,LOW,HIGH,Volatile,0.03641476578650345,29.267135622126116,0,0,2,LSTM
2020-01-31,0.0011854132167942275,-0.00302799115796385,-0.0018144410569220781,0.0,-0.0007864387109898909,-0.0018144405673765785,-0.00302799115796385,-0.0018144410569220781,HOLD,LOW,HIGH,Volatile,0.0364031213022002,29.927134926813615,0,0,2,LSTM
2020-02-03,-0.0011216764796032825,-0.0036508288361440876,-0.0023862600792199373,0.0,-0.0020305934655055163,-0.002386260079210685,-0.0036508288361440876,-0.0023862600792199373,HOLD,LOW,HIGH,Volatile,0.05119342370537795,36.21927752237723,0,0,2,LSTM
2020-02-04,0.00130108121726136,-0.008391205010073434,-0.0018373483326286077,0.0,-0.0013070286377182968,-0.0018373484985210263,-0.008391205010073434,-0.0018373483326286077,HOLD,LOW,HIGH,Volatile,0.05580817047420591,48.107849122879465,0,0,2,LSTM
2020-02-05,-0.0017148327139744804,0.014237171522371441,0.0010765858460217714,0.0,0.0013612731636234675,0.0010765861280331687,0.014237171522371441,0.0010765858460217714,HOLD,LOW,HIGH,Volatile,0.07468212693068597,59.666421074609374,0,0,2,LSTM
2020-02-06,-0.004601015393845287,0.007060787431683253,0.007884024642407894,0.0,0.0029995970820400324,0.007060786305645675,0.007060787431683253,0.007884024642407894,HOLD,LOW,HIGH,Volatile,0.07443989205569707,65.55928039729352,0,0,2,LSTM
2020-02-07,0.004681647545414321,0.03551513725789108,0.012147722765803337,0.0,0.011688407684684736,0.012147722856915675,0.03551513725789108,0.012147722765803337,HOLD,LOW,HIGH,Volatile,0.07394514180669588,67.50499616529018,0,0,2,LSTM
2020-02-10,0.003832569053553875,0.004983779433006791,0.013458075933158398,0.0,0.008883557587108428,0.004983780182175282,0.004983779433006791,0.013458075933158398,HOLD,LOW,HIGH,Volatile,0.07365265357187542,69.92213657857143,0,0,2,LSTM
2020-02-11,0.0016933204625073702,0.012216072981737104,0.015135400928556919,0.0,0.009666816757397943,0.012216072734441127,0.012216072981737104,0.015135400928556919,HOLD,LOW,HIGH,Volatile,0.07191551646221553,68.36570957907365,0,0,2,LSTM
2020-02-12,3.6100253956549214e-05,-0.0007812370343002873,0.015206241980195045,0.0,0.007725129898270288,3.6101408544953136e-05,-0.0007812370343002873,0.015206241980195045,HOLD,LOW,HIGH,Volatile,0.07218474780270732,68.3642796125558,0,0,2,LSTM
2020-02-13,0.0005219425474080033,0.006357381032197388,0.015375332906842232,0.0,0.00873502493880486,0.006357381092640068,0.006357381032197388,0.015375332906842232,HOLD,LOW,HIGH,Volatile,0.0712740700820589,72.8928527874442,0,0,2,LSTM
2020-02-14,0.001926102686414892,0.007006877306563302,0.016236525028944016,0.0,0.009783104216562179,0.007006877394983216,0.007006877306563302,0.016236525028944016,HOLD,LOW,HIGH,Volatile,0.07117073048764869,73.03070940714285,0,0,2,LSTM
2020-02-18,0.0005596458896390654,-0.0009198794570945721,0.016597768291831017,0.0,0.008625121488147676,0.0005596465022754418,-0.0009198794570945721,0.016597768291831017,HOLD,LOW,HIGH,Volatile,0.07163241560345435,75.97213745295758,0,0,2,LSTM
2020-02-19,0.0014887941657797728,0.010921565745208726,0.01665450818836689,0.0,0.010233047765820713,0.010921565676829965,0.010921565745208726,0.01665450818836689,HOLD,LOW,HIGH,Volatile,0.07154187887349839,80.50642613203125,0,0,2,LSTM
2020-02-20,0.00017089818771194522,0.004286643890757002,0.016740910708904266,0.0,0.00908617846891827,0.0042866440533274545,0.004286643890757002,0.016740910708904266,HOLD,LOW,HIGH,Volatile,0.072165934720106,79.61999511674107,0,0,2,LSTM
2020-02-21,-0.0006804913815903824,-0.009325018824180742,0.016466638073325157,0.0,0.007214046468153157,-0.0006804913242490142,-0.009325018824180742,0.016466638073325157,HOLD,LOW,HIGH,Volatile,0.07220673139654743,80.48642403470981,0,0,2,LSTM
2020-02-24,0.0016721129667956745,-0.001999558544544376,0.01574539951980114,0.0,0.008504622916716484,0.0016721131679564123,-0.001999558544544376,0.01574539951980114,HOLD,LOW,HIGH,Volatile,0.07526300384896294,76.43142263962054,0,0,2,LSTM
2020-02-25,0.0006241727735355502,-0.0010728443770222837,0.01489377859979868,0.0,0.007761001932780124,0.0006241732920419489,-0.0010728443770222837,0.01489377859979868,HOLD,LOW,HIGH,Volatile,0.07619252411238117,67.90356445290179,0,0,2,LSTM
2020-02-26,0.00320980489205121,0.008929549254550624,0.013997683301568031,0.0,0.009327736602188325,0.008929549232089056,0.008929549254550624,0.013997683301568031,HOLD,LOW,HIGH,Volatile,0.07684842258951669,57.4928501671875,0,0,2,LSTM
2020-02-27,0.002647095558879627,-0.007407407155191931,0.012649915181100368,0.0,0.006735342013812965,0.0026470955583659476,-0.007407407155191931,0.012649915181100368,HOLD,LOW,HIGH,Volatile,0.08405456104276303,57.56213378883928,0,0,2,LSTM
2020-02-28,0.001316441421955036,0.0002992728659606958,0.011353936977684498,0.0,0.00635482831301614,0.0013164423035404908,0.0002992728659606958,0.011353936977684498,HOLD,LOW,HIGH,Volatile,0.0814443117339016,60.365705217410714,0,0,2,LSTM
2020-03-02,0.005302181283311721,0.006952248019262872,0.009976266883313656,0.0,0.007867471616862553,0.006952248294098145,0.006952248019262872,0.009976266883313656,HOLD,LOW,HIGH,Volatile,0.08475930377061903,60.63570731495536,0,0,2,LSTM
2020-03-03,0.003552690392728393,0.010521626906618764,0.00766716618090868,0.0,0.006379972385311761,0.007667166073751334,0.010521626906618764,0.00766716618090868,HOLD,LOW,HIGH,Volatile,0.07411728684082039,65.3042776969866,0,0,2,LSTM
2020-03-04,-0.0008705960970091396,0.006861031832770283,0.0064751384779810905,0.0,0.003691105769532737,0.006475136036048422,0.006861031832770283,0.0064751384779810905,HOLD,LOW,HIGH,Volatile,0.06748970339182093,66.40499441964286,0,0,2,LSTM
2020-03-05,0.0012996248026469457,-0.0029431534805233494,0.005551723763346672,0.0,0.003040725860720566,0.0012996248031631064,-0.0029431534805233494,0.005551723763346672,HOLD,LOW,HIGH,Volatile,0.05310662750590125,62.721422467912944,0,0,2,LSTM
2020-03-06,0.0008569574990225008,-0.004165242028058401,0.004995450377464294,0.0,0.002459433450660635,0.0008569574565420396,-0.004165242028058401,0.004995450377464294,HOLD,LOW,HIGH,Volatile,0.05326201340288666,63.63570731272322,0,0,2,LSTM
2020-03-09,0.0020979588225461974,0.012779001966104382,0.004568020347505808,0.0,0.0044655982794876295,0.004568020630268037,0.012779001966104382,0.004568020347505808,HOLD,LOW,HIGH,Volatile,0.06207896582303111,66.38642229843751,0,0,2,LSTM
2020-03-10,0.0010524778155922472,0.01922780037144005,0.006607323884963989,0.0,0.005773972804862468,0.006607323985698431,0.01922780037144005,0.006607323884963989,HOLD,LOW,HIGH,Volatile,0.06341132087012667,64.50213623515626,0,0,2,LSTM
2020-03-11,0.006170654612614012,0.024665977287055392,0.008671384304761887,0.0,0.009360199643666786,0.008671384641812309,0.024665977287055392,0.008671384304761887,HOLD,LOW,HIGH,Volatile,0.06336202962860434,63.294995993805806,0,0,2,LSTM
2020-03-12,0.00036999225684254526,0.015912016585122563,0.009791730903089046,0.0,0.0068012524991289385,0.009791730845866351,0.015912016585122563,0.009791730903089046,HOLD,LOW,HIGH,Volatile,0.06825304006147194,67.24999564726564,0,0,2,LSTM
2020-03-13,0.001052213331778255,0.029555868731891723,0.01134051289409399,0.0,0.009264746865666841,0.011340512936380184,0.029555868731891723,0.01134051289409399,HOLD,LOW,HIGH,Volatile,0.0666666881537337,69.16213989949777,0,0,2,LSTM
2020-03-16,0.004624586505706142,0.032958816391492875,0.015037810429930687,0.0,0.012883653256947384,0.015037810470149772,0.032958816391492875,0.015037810429930687,HOLD,LOW,HIGH,Volatile,0.07844171392196227,71.65142604974889,0,0,2,LSTM
2020-03-17,0.0007782583559919874,0.03232630250507555,0.018081290647387505,0.0,0.012899307189708971,0.018081290634984006,0.03232630250507555,0.018081290647387505,HOLD,LOW,HIGH,Volatile,0.07484624254282848,74.41213989949777,0,0,2,LSTM
2020-03-18,0.007132726530652764,0.03471574478229439,0.02079136110842228,0.0,0.01697727697621186,0.02079136110981917,0.03471574478229439,0.02079136110842228,HOLD,LOW,HIGH,Volatile,0.07711266067812345,72.2614266576451,0,0,2,LSTM
2020-03-19,-0.0023161741759517075,0.037759014379611294,0.023314183577895164,0.0,0.014951627462027712,0.02331418354768902,0.037759014379611294,0.023314183577895164,HOLD,LOW,HIGH,Volatile,0.09086758969579206,73.29999869656808,0,0,2,LSTM
2020-03-20,0.002792992600854799,0.017536510997033402,0.026001423597335815,0.0,0.016206330076081174,0.017536510946743813,0.017536510997033402,0.026001423597335815,HOLD,LOW,HIGH,Volatile,0.0908230653071757,71.55071149754465,0,0,2,LSTM
2020-03-23,0.00022533220466048253,0.030091872744459364,0.028306642547249794,0.0,0.0176958145835945,0.028306642023333106,0.030091872744459364,0.028306642547249794,HOLD,LOW,HIGH,Volatile,0.0910402693735743,67.30999755837054,0,0,2,LSTM
2020-03-24,0.0024519750395303962,0.033734044953324174,0.02888518199324608,0.0,0.019223989115290295,0.02888518182492553,0.033734044953324174,0.02888518199324608,HOLD,LOW,HIGH,Volatile,0.09979121592593099,69.99642290811943,0,0,2,LSTM
2020-03-25,0.002327677448415258,0.023715985328309572,0.029997622594237328,0.0,0.018712681424195552,0.023715985215916224,0.023715985328309572,0.029997622594237328,HOLD,LOW,HIGH,Volatile,0.10172717932394715,71.46570914556362,0,0,2,LSTM
2020-03-26,0.003349770131987525,0.023215306682355042,0.030581366270780563,0.0,0.019353056394056063,0.023215306596967463,0.023215306682355042,0.030581366270780563,HOLD,LOW,HIGH,Volatile,0.0978307406947598,71.99999782218192,0,0,2,LSTM
2020-03-27,0.0008841915803594453,0.02766989772896125,0.031058067455887794,0.0,0.01910908199264665,0.027669897471321325,0.02766989772896125,0.031058067455887794,HOLD,LOW,HIGH,Volatile,0.09787757492397722,67.4035688125558,0,0,2,LSTM
2020-03-30,0.0016350969812074924,0.03805420412313393,0.031464770436286926,0.0,0.020677481821844663,0.03146477031809628,0.03805420412313393,0.031464770436286926,HOLD,LOW,HIGH,Volatile,0.09369633697217096,64.9335697716797,0,0,2,LSTM
2020-03-31,0.00017242014464361388,0.02649977298863866,0.031340256333351135,0.0,0.01885933932595538,0.026499772820113468,0.02649977298863866,0.031340256333351135,HOLD,LOW,HIGH,Volatile,0.09462006328002658,65.31785583473773,0,0,2,LSTM
2020-04-01,0.0021293840510127385,0.028226931455974245,0.030861200764775276,0.0,0.0195443503180189,0.028226931114965163,0.028226931455974245,0.030861200764775276,HOLD,LOW,HIGH,Volatile,0.09559840194188678,62.5264282202009,0,0,2,LSTM
2024-01-02,-0.000625079965357675,0.02557865937509781,0.02992796152830124,0.0,0.01773405833684763,0.025578659183441127,0.02557865937509781,0.02992796152830124,HOLD,LOW,HIGH,Volatile,0.17215583328558837,71.92499868964845,0,0,2,LSTM
2024-01-03,-0.007708275813428344,0.047140929097273646,0.028533950448036194,0.0,0.016521387606622688,0.028533950421889297,0.047140929097273646,0.028533950448036194,HOLD,LOW,HIGH,Volatile,0.17209071076303903,65.32857077216798,0,0,2,LSTM
2024-01-04,-0.0019851397306769867,0.030688154608800616,0.02762657217681408,0.0,0.016559107631879764,0.027626571884166975,0.030688154608800616,0.02762657217681408,HOLD,LOW,HIGH,Volatile,0.17105396603580628,60.26571328053852,0,0,2,LSTM
2024-01-05,-0.001868649744277823,0.02913038031770579,0.0275683905929327,0.0,0.016413361861993294,0.027568389987510798,0.02913038031770579,0.0275683905929327,HOLD,LOW,HIGH,Volatile,0.1695861405542964,54.946427481515066,0,0,2,LSTM
2024-01-08,0.0009887984866656443,0.02227893634857615,0.02686300314962864,0.0,0.016443516484041326,0.022278936177490063,0.02227893634857615,0.02686300314962864,HOLD,LOW,HIGH,Volatile,0.17001710556305402,48.68999808175223,0,0,2,LSTM
2024-01-09,-4.821428309632588e-05,0.029864444307165203,0.025319034233689308,0.0,0.016036309844248624,0.025319034053201715,0.029864444307165203,0.025319034233689308,HOLD,LOW,HIGH,Volatile,0.16916620067700297,45.63285609654018,0,0,2,LSTM
2024-01-10,0.0013286941275643927,0.027003316280228243,0.024802103638648987,0.0,0.016005559887992186,0.02480210322736409,0.027003316280228243,0.024802103638648987,HOLD,LOW,HIGH,Volatile,0.16934869901096866,43.683570861816406,0,0,2,LSTM
2024-01-11,0.00019810345867026218,0.024458429724368208,0.024494431912899017,0.0,0.015150730868293456,0.024458403451281918,0.024458429724368208,0.024494431912899017,HOLD,LOW,HIGH,Volatile,0.164944037888883,38.62428610665457,0,0,2,LSTM
2024-01-12,0.0011410148367560036,0.02643494585529528,0.02455179952085018,0.0,0.015746515425467882,0.024551799033099078,0.02643494585529528,0.02455179952085018,HOLD,LOW,HIGH,Volatile,0.16494615023465797,35.62928662981306,0,0,2,LSTM
2024-01-16,-0.00012210280682994424,0.021599796741211427,0.025701157748699188,0.0,0.015351055240535998,0.021599796543541015,0.021599796741211427,0.025701157748699188,HOLD,LOW,HIGH,Volatile,0.16172263559087535,33.026430402483264,0,0,2,LSTM
2024-01-17,0.0014646050740449528,0.019080836530075626,0.026547424495220184,0.0,0.016134775265254257,0.019080836452940893,0.019080836530075626,0.026547424495220184,HOLD,LOW,HIGH,Volatile,0.15520550434207583,31.152861458914618,0,0,2,LSTM
2024-01-18,8.003009552169627e-05,0.021672438677997678,0.026762627065181732,0.0,0.01598016246778595,0.021672438527926736,0.021672438677997678,0.026762627065181732,HOLD,LOW,HIGH,Volatile,0.15505650791028622,29.959288460867736,0,0,2,LSTM
2024-01-19,0.0004881086110168611,0.028011933601867326,0.02668231911957264,0.0,0.01674992407895935,0.026682318406777976,0.028011933601867326,0.02668231911957264,HOLD,LOW,HIGH,Volatile,0.15484374452465618,27.078572954450333,0,0,2,LSTM
2024-01-22,0.0011174295282061343,0.014562359135363771,0.02647458016872406,0.0,0.015497821414386987,0.014562359125796882,0.014562359135363771,0.02647458016872406,HOLD,LOW,HIGH,Volatile,0.14862684308540758,24.40928758893694,0,0,2,LSTM
2024-01-23,0.0002668604924157482,0.017310312465669584,0.025992833077907562,0.0,0.015207496646407533,0.017310312409188854,0.017310312465669584,0.025992833077907562,HOLD,LOW,HIGH,Volatile,0.1468168932316501,8.03428758893694,0,0,2,LSTM
2024-01-24,0.0011213754408720157,0.023781326445282875,0.024709144607186317,0.0,0.015545819995704705,0.02378132541393055,0.023781326445282875,0.024709144607186317,HOLD,LOW,HIGH,Volatile,0.146990699811508,7.595716203962051,0,0,2,LSTM
2024-01-25,0.0006198473974116328,0.02996504913148075,0.02276935800909996,0.0,0.014997022045205028,0.02276935791531017,0.02996504913148075,0.02276935800909996,HOLD,LOW,HIGH,Volatile,0.14804182467165236,9.224287850516179,0,0,2,LSTM
2024-01-26,-0.0037379603914115154,0.03750200497280439,0.021449241787195206,0.0,0.01342293205756383,0.021449241764607944,0.03750200497280439,0.021449241787195206,HOLD,LOW,HIGH,Volatile,0.1484390104089425,9.185715811593193,0,0,2,LSTM
2024-01-29,0.002496917181532437,0.025044797778197025,0.019313065335154533,0.0,0.013439943794743586,0.019313065220207648,0.025044797778197025,0.019313065335154533,HOLD,LOW,HIGH,Volatile,0.14838739629824035,9.348572867257252,0,0,2,LSTM
2024-01-30,0.0022699669573301327,0.01918683222010525,0.017016606405377388,0.0,0.011571607906091089,0.017016606012822944,0.01918683222010525,0.017016606405377388,HOLD,LOW,HIGH,Volatile,0.1486296788058551,9.158572605678012,0,0,2,LSTM
2024-01-31,0.0005314484276444146,0.020084329642316403,0.014476217329502106,0.0,0.009694156717150959,0.014476217222953747,0.020084329642316403,0.014476217329502106,HOLD,LOW,HIGH,Volatile,0.032927442627202826,9.437857491629464,0,0,2,LSTM
2024-02-01,2.630274264428696e-05,0.02842095223260217,0.012778075411915779,0.0,0.009489901940389409,0.012778075426405263,0.02842095223260217,0.012778075411915779,HOLD,LOW,HIGH,Volatile,0.03265707368462988,9.225714547293526,0,0,2,LSTM
2024-02-02,0.0014385456100573448,0.02570055887466283,0.010946692898869514,0.0,0.008813714551111447,0.0109466929362507,0.02570055887466283,0.010946692898869514,HOLD,LOW,HIGH,Volatile,0.032619646168239314,8.996428353445875,0,0,2,LSTM
2024-02-05,0.000584004245156038,0.02294474668489984,0.008867721073329449,0.0,0.007135608991816826,0.008867721122991425,0.02294474668489984,0.008867721073329449,HOLD,LOW,HIGH,Volatile,0.03300506623068582,9.109999520438055,0,0,2,LSTM
2024-02-06,-0.0004093060012437023,0.035602232038600364,0.007955094799399376,0.0,0.007591980104226184,0.007955094882757594,0.035602232038600364,0.007955094799399376,HOLD,LOW,HIGH,Volatile,0.033473378619286745,9.215713500976571,0,0,2,LSTM
2024-02-07,0.0021025674824419246,0.03002894019783991,0.007491241209208965,0.0,0.007744919278852152,0.00749124135034837,0.03002894019783991,0.007491241209208965,HOLD,LOW,HIGH,Volatile,0.03388736303141724,9.10142844063896,0,0,2,LSTM
2024-02-08,0.0010843671565188037,0.026466088734620547,0.007173648104071617,0.0,0.006823189140666862,0.007173648216412299,0.026466088734620547,0.007173648104071617,HOLD,LOW,HIGH,Volatile,0.034207929519471506,9.130713326590408,0,0,2,LSTM
2024-02-09,0.0011108252359290556,0.02560688594982341,0.006934184581041336,0.0,0.006622013277811709,0.006934184699156187,0.02560688594982341,0.006934184581041336,HOLD,LOW,HIGH,Volatile,0.03460321638587427,8.63857051304409,0,0,2,LSTM
2024-02-12,0.0015138565994275298,0.022165624333537602,0.006626901216804981,0.0,0.0062644596897297004,0.006626901347959627,0.022165624333537602,0.006626901216804981,HOLD,LOW,HIGH,Volatile,0.034263464438653864,8.60642787388393,0,0,2,LSTM
2024-02-13,-0.00040021050110298855,0.02330048911927828,0.00707204919308424,0.0,0.005873836313192447,0.0070720492652641305,0.02330048911927828,0.00707204919308424,HOLD,LOW,HIGH,Volatile,0.034283156672203385,8.610714503696986,0,0,2,LSTM
2024-02-14,0.0003876323324944006,0.026649284540899508,0.0074625881388783455,0.0,0.006722306845704232,0.007462588228068026,0.026649284540899508,0.0074625881388783455,HOLD,LOW,HIGH,Volatile,0.034993845156339416,7.022856576102122,0,0,2,LSTM
2024-02-15,0.0019948544629545526,0.017351811307085924,0.0059197451919317245,0.0,0.005590373991262486,0.0059197453591281765,0.017351811307085924,0.0059197451919317245,HOLD,LOW,HIGH,Volatile,0.037936840813090206,7.557856968470982,0,0,2,LSTM
2024-02-16,0.002645120250900088,0.015163412264587277,0.004109576810151339,0.0,0.004687023265898958,0.004109577401617274,0.015163412264587277,0.004109576810151339,HOLD,LOW,HIGH,Volatile,0.037923907530221415,7.382143293108259,0,0,2,LSTM
2024-02-20,-9.282779542372924e-05,0.025020286595471678,0.0025235721841454506,0.0,0.003838738497344243,0.0025235725216110937,0.025020286595471678,0.0025235721841454506,HOLD,LOW,HIGH,Volatile,0.03835625942006805,7.744285583496094,0,0,2,LSTM
2024-02-21,-0.0002859547234727337,0.030351846267737424,0.0017240603920072317,0.0,0.0039048690599120216,0.0017240608540927405,0.030351846267737424,0.0017240603920072317,HOLD,LOW,HIGH,Volatile,0.03839085699595866,7.699286324637275,0,0,2,LSTM
2024-02-22,0.0014036801371988738,0.023779754428948145,0.0011529311304911971,0.0,0.003583709125620406,0.0014036840490072504,0.023779754428948145,0.0011529311304911971,HOLD,LOW,HIGH,Volatile,0.038570613190955214,7.79642922537667,0,0,2,LSTM
2024-02-23,0.00120253292671189,0.017065229285302217,0.00040575856110081077,0.0,0.002430794069924552,0.0012025341155969386,0.017065229285302217,0.00040575856110081077,HOLD,LOW,HIGH,Volatile,0.025492241445184933,7.740001133510039,0,0,2,LSTM
2024-02-26,-0.0003945815274499424,0.027011713087638136,0.00022656586952507496,0.0,0.0027511795590218096,0.00022656743695059618,0.027011713087638136,0.00022656586952507496,HOLD,LOW,HIGH,Volatile,0.02670053013147165,7.519286019461494,0,0,2,LSTM
2024-02-27,0.0025607542946213158,0.011587927012357913,-2.8592068701982498e-05,0.0,0.0021652674648148804,0.002560754569768993,0.011587927012357913,-2.8592068701982498e-05,HOLD,LOW,HIGH,Volatile,0.02525428343682786,7.373572213309141,0,0,2,LSTM
2024-02-28,0.00033127107842618786,0.01613402142326542,-1.5812693163752556e-06,0.0,0.0017910665830886234,0.0003312740015455117,0.01613402142326542,-1.5812693163752556e-06,HOLD,LOW,HIGH,Volatile,0.02533836003478608,7.355715070451999,0,0,2,LSTM
2024-02-29,0.0012142012431522599,0.014515619139415277,6.225320976227522e-05,0.0,0.001996222994710514,0.001214202034573809,0.014515619139415277,6.225320976227522e-05,HOLD,LOW,MEDIUM,Volatile,0.024648729131742885,7.412144252232133,0,0,1,LSTM
2024-03-01,0.0006107800646325114,0.0055405002431378105,0.0005856365896761417,0.0,0.001106490216297939,0.0006108167034039052,0.0055405002431378105,0.0005856365896761417,HOLD,LOW,MEDIUM,Volatile,0.02462503078881016,7.510716029575879,0,0,1,LSTM
2024-03-04,0.000950378853865164,0.005312998458988936,0.0008241835748776793,0.0,0.0013358017506310584,0.0009503864253629275,0.005312998458988936,0.0008241835748776793,HOLD,LOW,HIGH,Volatile,0.030136702534344636,8.115716116768962,0,0,2,LSTM
2024-03-05,-0.0019542235838405503,0.011129099163919303,0.002195504028350115,0.0,0.001521936528719606,0.0021955041573017402,0.011129099163919303,0.002195504028350115,HOLD,LOW,HIGH,Volatile,0.030337825173895404,8.44071524483816,0,0,2,LSTM
2024-03-06,0.0003411562198321433,0.012118778572694562,0.002856096252799034,0.0,0.0028449248389792532,0.0028560965421701007,0.012118778572694562,0.002856096252799034,HOLD,LOW,HIGH,Volatile,0.030297804572999187,8.607858930315277,0,0,2,LSTM
2024-03-07,0.00044773068832553467,0.018467981254513443,0.0031748744659125805,0.0,0.0037042801953926876,0.003174874766947488,0.018467981254513443,0.0031748744659125805,HOLD,LOW,HIGH,Volatile,0.030260574564535948,8.191430228097087,0,0,2,LSTM
2024-03-08,0.00153443200073695,0.007665738994919881,0.0028593437746167183,0.0,0.0028458922691625673,0.002859344320276818,0.007665738994919881,0.0028593437746167183,HOLD,LOW,HIGH,Volatile,0.030307866171526414,8.352858407156797,0,0,2,LSTM
2024-03-11,-5.036467039654189e-05,0.011848820005889554,0.0028221106622368097,0.0,0.002649150564588214,0.002822110899368592,0.011848820005889554,0.0028221106622368097,HOLD,LOW,HIGH,Volatile,0.0300398929001061,8.156429835728224,0,0,2,LSTM
2024-03-12,0.0015578521722582111,0.0065395948175954975,0.0024294559843838215,0.0,0.002518432952905666,0.0024294568858852714,0.0065395948175954975,0.0024294559843838215,HOLD,LOW,HIGH,Volatile,0.029495111069151137,8.122857230050212,0,0,2,LSTM
2024-03-13,0.0005548175070480084,0.01046692746509001,0.001649998826906085,0.0,0.002138622668770981,0.0016499996249400902,0.01046692746509001,0.001649998826906085,HOLD,LOW,HIGH,Volatile,0.03080419831451512,8.224999564034588,0,0,2,LSTM
2024-03-14,-0.0017130352482419035,0.018733340549382593,0.0013766895281150937,0.0,0.0019796056370920325,0.0013766897939509908,0.018733340549382593,0.0013766895281150937,HOLD,LOW,HIGH,Volatile,0.031106953510112407,8.55285644531249,0,0,2,LSTM
2024-03-15,-0.0014879325707512102,0.005851246715289988,0.0017440487863495946,0.0,0.000925346771421236,0.001744048852209483,0.005851246715289988,0.0017440487863495946,HOLD,LOW,HIGH,Volatile,0.026986100032222623,8.16785648890903,0,0,2,LSTM
2024-03-18,-0.00010156070845961909,0.0013663368158360748,0.001379077904857695,0.0,0.0008085768028127123,0.0013662696554629006,0.0013663368158360748,0.001379077904857695,HOLD,LOW,HIGH,Volatile,0.03128426615653646,8.439998081752227,0,0,2,LSTM
2024-03-19,0.0013876677585009248,0.01278058470980347,0.0006874884711578488,0.0,0.002204282962757229,0.0013876690948803705,0.01278058470980347,0.0006874884711578488,HOLD,LOW,HIGH,Volatile,0.030811641286369876,8.405712672642295,0,0,2,LSTM
2024-03-20,-0.0015059400122097591,0.01047872095815269,-8.975458331406116e-05,0.0,0.00045617418201838057,-8.975397279073378e-05,0.01047872095815269,-8.975458331406116e-05,HOLD,LOW,HIGH,Volatile,0.031506815932762874,8.305712018694193,0,0,2,LSTM
2024-03-21,0.001455074125192398,0.006511168748132521,-0.0008967171888798475,0.0,0.0007716213322180301,0.0014550743523360115,0.006511168748132521,-0.0008967171888798475,HOLD,LOW,HIGH,Volatile,0.03128281306783705,8.331425258091516,0,0,2,LSTM
2024-03-22,-0.0013603576042310545,0.010390088864508117,-0.0012395407538861036,0.0,-8.616868755641758e-05,-0.0012395326976477202,0.010390088864508117,-0.0012395407538861036,HOLD,LOW,HIGH,Volatile,0.030908388483720805,7.659997122628346,0,0,2,LSTM
2024-03-25,0.00021586732625636644,0.00429683567074734,-0.0017304650973528624,0.0,-0.00036042644625668423,0.00021586759459598439,0.00429683567074734,-0.0017304650973528624,HOLD,LOW,HIGH,Volatile,0.029433746722656418,7.369998386928011,0,0,2,LSTM
2024-03-26,0.00014581500564880324,0.0014481802824535758,-0.002138975076377392,0.0,-0.0008905738318115936,0.0001458146762864659,0.0014481802824535758,-0.002138975076377392,HOLD,LOW,HIGH,Volatile,0.030470172918819635,7.637140546526226,0,0,2,LSTM
2024-03-27,0.0010469037330276482,0.00424586242426835,-0.0023582952562719584,0.0,-0.00036792588090035295,0.0010469037141174536,0.00424586242426835,-0.0023582952562719584,HOLD,LOW,HIGH,Volatile,0.030487976920329028,7.606426783970418,0,0,2,LSTM
2024-03-28,0.00028489460754711423,0.0015582568616556685,-0.002639194717630744,0.0,-0.0010820706566038066,0.0002848941652091134,0.0015582568616556685,-0.002639194717630744,HOLD,LOW,HIGH,Volatile,0.03069120403329666,7.35642678397042,0,0,2,LSTM
2024-04-01,-0.00046045560581946504,-0.0033936133297584607,-0.0026656119152903557,0.0,-0.0018930135657814124,-0.0026656109985011,-0.0033936133297584607,-0.0026656119152903557,HOLD,LOW,HIGH,Volatile,0.030602789899883028,7.247141156877786,0,0,2,LSTM
2024-04-02,0.00046635177110839886,0.0067065294690390135,-0.002561710076406598,0.0,-0.0004414691645522867,0.0004663519409341728,0.0067065294690390135,-0.002561710076406598,HOLD,LOW,HIGH,Volatile,0.02821758309299167,7.5878568376813575,0,0,2,LSTM
2024-04-03,-0.0018006473824441404,0.0031487036580967963,-0.0022931748535484076,0.0,-0.0015424048203964871,-0.0018006455622761196,0.0031487036580967963,-0.0022931748535484076,HOLD,LOW,HIGH,Volatile,0.027254682650127923,7.384286063058032,0,0,2,LSTM
2024-04-04,0.0012270829095675662,-0.001734137859001584,-0.0021056849509477615,0.0,-0.0007861712905769119,-0.0017341355194314646,-0.001734137859001584,-0.0021056849509477615,HOLD,LOW,HIGH,Volatile,0.027165649157916208,7.278572082519527,0,0,2,LSTM
2024-04-05,-1.168588797447335e-05,0.0150705213296866,-0.001650027697905898,0.0,0.0007048242792517121,-1.1685344639914767e-05,0.0150705213296866,-0.001650027697905898,HOLD,LOW,HIGH,Volatile,0.028074142529035177,7.720001220703121,0,0,2,LSTM
2024-04-08,-0.0011283424567642966,0.010297162467597236,-0.0007190564647316933,0.0,0.00026013746334977773,-0.0007190541240917972,0.010297162467597236,-0.0007190564647316933,HOLD,LOW,HIGH,Volatile,0.030109564046826732,7.609287806919639,0,0,2,LSTM
2024-04-09,0.0023330965884903127,-0.0002592638153892493,-0.00044641271233558655,0.0,0.0006413933067835429,-0.0002592589139904776,-0.0002592638153892493,-0.00044641271233558655,HOLD,LOW,HIGH,Volatile,0.03038412698368463,7.675001961844304,0,0,2,LSTM
2024-04-10,6.651754628447207e-05,0.0024356566862942593,-0.0005803251406177878,0.0,-2.0510466654580407e-05,6.651866575260668e-05,0.0024356566862942593,-0.0005803251406177878,HOLD,LOW,HIGH,Volatile,0.03107572884460913,7.777860369001112,0,0,2,LSTM
2024-04-11,-0.0004080324404942972,-0.003118343433370583,-0.0005234517157077789,0.0,-0.0007467944764912144,-0.0005234598471479977,-0.003118343433370583,-0.0005234517157077789,HOLD,LOW,HIGH,Volatile,0.02944139649886771,7.848576136997764,0,0,2,LSTM
2024-04-12,0.0018142408031991413,-0.006613866683984644,-0.0005793484160676599,0.0,-0.0002817804126129847,-0.0005793486678431075,-0.006613866683984644,-0.0005793484160676599,HOLD,LOW,HIGH,Volatile,0.028130449230302744,7.685719081333701,0,0,2,LSTM
2024-04-15,-0.00024687454798579813,-0.0019849312847536587,-0.0006914264522492886,0.0,-0.0006539814619637354,-0.0006914279197333004,-0.0019849312847536587,-0.0006914264522492886,HOLD,LOW,HIGH,Volatile,0.03114490017937344,7.911432538713724,0,0,2,LSTM
2024-04-16,-0.0009989570096757636,0.00013229138154507652,0.0002906706649810076,0.0,-0.0002214274103611724,0.00013228602871542355,0.00013229138154507652,0.0002906706649810076,HOLD,LOW,HIGH,Volatile,0.028098761353153714,7.633575439453121,0,0,2,LSTM
2024-04-17,0.0006325319082257912,-0.0036658123541603114,0.0005280009936541319,0.0,0.00013551349947999597,0.0005279918450199374,-0.0036658123541603114,0.0005280009936541319,HOLD,LOW,HIGH,Volatile,0.028045730247317203,7.536432538713727,0,0,2,LSTM
2024-04-18,0.0007694677873490356,0.006185775283109453,0.0005549922352656722,0.0,0.0012183627183317753,0.0007694722222526285,0.006185775283109453,0.0005549922352656722,HOLD,LOW,HIGH,Volatile,0.027951377079149794,7.695004054478237,0,0,2,LSTM
2024-04-19,-0.0003926593080413721,0.0019755940037541973,0.0003756120568141341,0.0,0.00024534185192397434,0.0003756127308316897,0.0019755940037541973,0.0003756120568141341,HOLD,LOW,HIGH,Volatile,0.028008749349539654,7.565004621233259,0,0,2,LSTM
2024-04-22,0.0006091943314003237,0.003257617656443713,0.00032817921601235867,0.0,0.0007384339845273463,0.0006091974874864945,0.003257617656443713,0.00032817921601235867,HOLD,LOW,HIGH,Volatile,0.028626286266906213,7.312146868024554,0,0,2,LSTM
2024-04-23,-0.00021286849595667878,0.002778301603501518,0.00018916756380349398,0.0,0.0003017351793672435,0.00018916965290069636,0.002778301603501518,0.00018916756380349398,HOLD,LOW,HIGH,Volatile,0.02896321194443375,7.355717250279018,0,0,2,LSTM
2024-04-24,0.0019521103186712655,0.004529798938970656,-8.96095298230648e-06,0.0,0.0012131724322631782,0.001952110440433461,0.004529798938970656,-8.96095298230648e-06,HOLD,LOW,HIGH,Volatile,0.03921508637444563,8.363574436732701,0,0,2,LSTM
2024-04-25,0.0046046923342664,0.016120441916149742,-5.764595698565245e-05,0.0,0.0034037246341288145,0.004604692461836569,0.016120441916149742,-5.764595698565245e-05,HOLD,LOW,HIGH,Volatile,0.04083830734381366,8.500717163085938,0,0,2,LSTM
2024-04-26,0.0008080185610682571,-0.012891048191985555,-0.00048610661178827286,0.0,-0.0012684239770317813,-0.0004861073027186956,-0.012891048191985555,-0.00048610661178827286,HOLD,LOW,HIGH,Volatile,0.040622181068338016,8.225716727120536,0,0,2,LSTM
2024-04-29,-0.00031698211453267853,0.0020044491378634084,-0.000769277336075902,0.0,-0.00030924376140092355,-0.0003169803437171354,0.0020044491378634084,-0.000769277336075902,HOLD,LOW,HIGH,Volatile,0.051911940983291036,9.888573782784599,0,0,2,LSTM
2024-04-30,0.006118936144065408,0.011044242361120228,-0.0007534470641985536,0.0,0.003105587260466992,0.0061189360865823526,0.011044242361120228,-0.0007534470641985536,HOLD,LOW,HIGH,Volatile,0.052316521927248234,10.198573521205356,0,0,2,LSTM
2024-05-01,-0.0034831574687552457,-0.01419160511270792,-0.00044505030382424593,0.0,-0.0030311758260903304,-0.0034831577043242467,-0.01419160511270792,-0.00044505030382424593,HOLD,LOW,HIGH,Volatile,0.052542481029144,10.161430358886719,0,0,2,LSTM
2024-05-02,0.0010550964741722724,0.014998438538103311,7.494678720831871e-05,0.0,0.0019913762851267764,0.0010550974206385477,0.014998438538103311,7.494678720831871e-05,HOLD,LOW,HIGH,Volatile,0.05245981852978304,10.471430097307476,0,0,2,LSTM
2024-05-03,0.0009977784710873624,-0.010314017459199814,0.0005096790264360607,0.0,-0.0004193551248693826,0.0005096770784062726,-0.010314017459199814,0.0005096790264360607,HOLD,LOW,HIGH,Volatile,0.051631041212345394,10.235001700265064,0,0,2,LSTM
2024-05-06,0.0009998215100525888,0.008203823549964991,0.0005452361074276268,0.0,0.0015101159507982821,0.0009998235614507708,0.008203823549964991,0.0005452361074276268,HOLD,LOW,HIGH,Volatile,0.050767059583171584,10.137858799525663,0,0,2,LSTM
2024-05-07,0.0013770201179095082,0.004471687519147206,0.0002481810515746474,0.0,0.0011178636428510749,0.0013770206792809933,0.004471687519147206,0.0002481810515746474,HOLD,LOW,HIGH,Volatile,0.05137952708773015,10.338572910853793,0,0,2,LSTM
2024-05-08,-0.0009187472988335129,-0.0015786102094184635,0.00023331050761044025,0.0,-0.00039649710339721353,-0.0009187466544534923,-0.0015786102094184635,0.00023331050761044025,HOLD,LOW,HIGH,Volatile,0.05108742213073676,10.403573172433033,0,0,2,LSTM
2024-05-09,0.0007226063434372623,0.011406609154720365,1.5895231626927853e-05,0.0,0.0014627366533196363,0.00072260766086924,0.011406609154720365,1.5895231626927853e-05,HOLD,LOW,HIGH,Volatile,0.05108011791417281,10.370001656668524,0,0,2,LSTM
2024-05-10,0.00041202085280715576,-0.005011049873527827,-0.00016355805564671755,0.0,-0.0004424047402940164,-0.00016355958080524997,-0.005011049873527827,-0.00016355805564671755,HOLD,LOW,HIGH,Volatile,0.051080538052672105,10.160001482282365,0,0,2,LSTM
2024-05-13,0.0002347053950737635,-0.001710110624726207,-0.0001758240396156907,0.0,-0.00017629915181106105,-0.00017582581276772013,-0.001710110624726207,-0.0001758240396156907,HOLD,LOW,HIGH,Volatile,0.04946059460080764,10.21571568080357,0,0,2,LSTM
2024-05-14,0.0017764623380147181,0.0036975604193623017,-0.0003568726824596524,0.0,0.0008815148008924491,0.0017764622863310152,0.0036975604193623017,-0.0003568726824596524,HOLD,LOW,HIGH,Volatile,0.049324267333068654,9.095001220703123,0,0,2,LSTM
2024-05-15,0.0016260336103286225,-0.0008286653319600009,-0.0008350210264325142,0.0,0.00011171251237650681,-0.0008285460543383181,-0.0008286653319600009,-0.0008350210264325142,HOLD,LOW,HIGH,Volatile,0.049542839852701595,8.692858014787944,0,0,2,LSTM
2024-05-16,-0.00044199618728926813,-0.0009106025063172783,-0.000849805073812604,0.0,-0.0006993077194080654,-0.0008497915892325289,-0.0009106025063172783,-0.000849805073812604,HOLD,LOW,HIGH,Volatile,0.04856109940037309,8.59357234409877,0,0,2,LSTM
2024-05-17,0.0012407332666363722,0.002923620509446618,-0.001214183634147048,0.0,0.0001564275529218923,0.001240733080138973,0.002923620509446618,-0.001214183634147048,HOLD,LOW,HIGH,Volatile,0.048158187684713555,6.900715419224328,0,0,2,LSTM
2024-05-20,0.0012077349633477482,-0.00039358138801482106,-0.001330869970843196,0.0,-0.0002582812219980048,-0.00039358094708622616,-0.00039358138801482106,-0.001330869970843196,HOLD,LOW,HIGH,Volatile,0.0473886610845111,6.402143205915179,0,0,2,LSTM
2024-05-21,2.4354582608576377e-05,-0.0017151534429226893,-0.001377950655296445,0.0,-0.0008736657793483029,-0.0013779484192986697,-0.0017151534429226893,-0.001377950655296445,HOLD,LOW,HIGH,Volatile,0.04889317211272752,6.7821426391601545,0,0,2,LSTM
2024-05-22,0.0033072558177042097,0.002831597458081302,-0.0015607685782015324,0.0,0.000763751490796273,0.0028315955920979966,0.002831597458081302,-0.0015607685782015324,HOLD,LOW,HIGH,Volatile,0.04376380374079133,6.7750004359654,0,0,2,LSTM
2024-05-23,-0.001481799945499566,-0.005304507020578049,-0.0014847118873149157,0.0,-0.0018776766552801346,-0.001484915221962768,-0.005304507020578049,-0.0014847118873149157,HOLD,LOW,HIGH,Volatile,0.04344997632932791,6.937857491629464,0,0,2,LSTM
2024-05-24,-1.612770765099976e-07,-0.00901194710491291,-0.0005301616620272398,0.0,-0.0012014758115855807,-0.0005301634238536075,-0.00901194710491291,-0.0005301616620272398,HOLD,LOW,HIGH,Volatile,0.04385348580197809,6.93642970493862,0,0,2,LSTM
2024-05-28,0.002384399026998044,0.008393638692195863,-0.0002944252919405699,0.0,0.001631705750254858,0.0023843992336626137,0.008393638692195863,-0.0002944252919405699,HOLD,LOW,HIGH,Volatile,0.029210956862388032,6.845001220703125,0,0,2,LSTM
2024-05-29,-0.00022381075060436345,0.006649096425852538,-0.00041360314935445786,0.0,0.00038800793947403383,-0.00022380568208605543,0.006649096425852538,-0.00041360314935445786,HOLD,LOW,HIGH,Volatile,0.02647744604868174,6.599286760602679,0,0,2,LSTM
2024-05-30,0.0008628226862112799,0.0016032783900607867,-0.0005224855849519372,0.0,0.00022936696739983705,0.0008628220601492986,0.0016032783900607867,-0.0005224855849519372,HOLD,LOW,HIGH,Volatile,0.026439721139207513,6.816429138183594,0,0,2,LSTM
2024-05-31,0.0013202577807013619,0.0032358084777109443,-0.0004988695727661252,0.0,0.0005857415142914761,0.0013202578083131885,0.0032358084777109443,-0.0004988695727661252,HOLD,LOW,HIGH,Volatile,0.02645190857703826,6.901429312569754,0,0,2,LSTM
2024-06-03,0.0003951934378582091,0.0016272509125080583,-0.0005255630239844322,0.0,5.0497387440620535e-05,0.0003951937112329806,0.0016272509125080583,-0.0005255630239844322,HOLD,LOW,HIGH,Volatile,0.026479351425536497,6.988572256905692,0,0,2,LSTM
2024-06-04,0.00045301610266852265,0.002662081136394,-9.102281183004379e-05,0.0,0.00040215123975377446,0.0004530174817702396,0.002662081136394,-9.102281183004379e-05,HOLD,LOW,HIGH,Volatile,0.026055954226351038,6.714285714285714,0,0,2,LSTM
2024-06-05,0.000583242876665893,0.0005622978497240037,4.684086889028549e-05,0.0,0.0003062235005126137,0.000562256196314906,0.0005622978497240037,4.684086889028549e-05,HOLD,LOW,MEDIUM,Volatile,0.024679804105449073,6.509284973144531,0,0,1,LSTM
2024-06-06,0.0009229922460425422,0.004900504678539924,-0.00017291877884417772,0.0,0.0007717906515741815,0.0009229929055762478,0.004900504678539924,-0.00017291877884417772,HOLD,LOW,MEDIUM,Volatile,0.02464379383910038,6.697856358119419,0,0,1,LSTM
2024-06-07,0.0013352084928481857,0.0006307039703377782,-0.0005606827326118946,0.0,0.00029104925100138833,0.0006307033928693377,0.0006307039703377782,-0.0005606827326118946,HOLD,LOW,MEDIUM,Volatile,0.024345075171381642,6.475713457380023,0,0,1,LSTM
2024-06-10,0.0004138316621604906,-0.0009334154256651731,-0.0009753941558301449,0.0,-0.00043701751489622114,-0.0009333934281840252,-0.0009334154256651731,-0.0009753941558301449,HOLD,LOW,MEDIUM,Volatile,0.024366710136487404,6.559285845075335,0,0,1,LSTM
2024-06-11,7.388473336457206e-05,-0.002249030193394357,-0.000929276691749692,0.0,-0.0006797992569758962,-0.0009292769300442285,-0.002249030193394357,-0.000929276691749692,HOLD,LOW,MEDIUM,Volatile,0.024336631604961616,6.214285714285714,0,0,1,LSTM
2024-06-12,0.00044722817662451545,-0.0015104784177322056,-0.0006312731420621276,0.0,-0.0003073826807644039,-0.0006312729327488674,-0.0015104784177322056,-0.0006312731420621276,HOLD,LOW,MEDIUM,Volatile,0.024771236263455895,6.37642778669085,0,0,1,LSTM
2024-06-13,0.002369508572539023,0.0033502955521236503,-0.0006695883348584175,0.0,0.0009134274350110045,0.0023695078838530136,0.0033502955521236503,-0.0006695883348584175,HOLD,LOW,HIGH,Volatile,0.025094229955999723,6.744285583496094,0,0,2,LSTM
2024-06-14,0.0011722925497357278,0.0029702970736266566,-0.0006856423569843173,0.0,0.0004057637380206643,0.0011722925318347877,0.0029702970736266566,-0.0006856423569843173,HOLD,LOW,HIGH,Volatile,0.025803297645432006,6.9392852783203125,0,0,2,LSTM
2024-06-17,-0.0005307264862592665,-0.0033401738329291884,-0.0003830990754067898,0.0,-0.0007449281948807458,-0.000530732813853046,-0.0033401738329291884,-0.0003830990754067898,HOLD,LOW,HIGH,Volatile,0.028060230250131064,7.348570687430241,0,0,2,LSTM
2024-06-18,0.0029665579909138734,-0.002858157087993923,-0.0007569295121356845,0.0,0.00045767095107894897,-0.000756929305097182,-0.002858157087993923,-0.0007569295121356845,HOLD,LOW,HIGH,Volatile,0.028048095939685633,7.409285409109929,0,0,2,LSTM
2024-06-20,-0.0005429104356480765,0.002895263593433895,-0.0013298552948981524,0.0,-0.0005914372125630507,-0.0005429094588149797,0.002895263593433895,-0.0013298552948981524,HOLD,LOW,MEDIUM,Volatile,0.024309557442524495,7.2850003923688575,0,0,1,LSTM
2024-06-21,0.00037832967660164456,0.01022381259172466,-0.0015463598538190126,0.0,0.00040784476782243837,0.0003783300940778566,0.01022381259172466,-0.0015463598538190126,HOLD,LOW,MEDIUM,Volatile,0.023012570817675743,7.053571428571424,0,0,1,LSTM
2024-06-24,0.0013033423751780183,0.007051563117353808,-0.0019446494989097118,0.0,0.0002320721155862804,0.0013033425089647352,0.007051563117353808,-0.0019446494989097118,HOLD,LOW,MEDIUM,Volatile,0.02134992646861052,6.917857578822541,0,0,1,LSTM
2024-06-25,0.0005489136413512651,0.005943914845732232,-0.0019295199308544397,0.0,-0.00016446745826953176,0.0005489138592185236,0.005943914845732232,-0.0019295199308544397,HOLD,LOW,MEDIUM,Volatile,0.02100078556029521,7.075001307896197,0,0,1,LSTM
2024-06-26,0.0017088888841835142,0.0036299594531621687,-0.002194476779550314,0.0,-9.304535934859313e-05,0.00170888862023973,0.0036299594531621687,-0.002194476779550314,HOLD,LOW,MEDIUM,Volatile,0.022871360510108664,7.6021445138113775,0,0,1,LSTM
2024-06-27,0.002007457238075787,-0.002428551585856086,-0.00238635647110641,0.0,-0.0007016412489289888,-0.0023863340715450237,-0.002428551585856086,-0.00238635647110641,HOLD,LOW,MEDIUM,Volatile,0.0227851466756908,7.435715811593186,0,0,1,LSTM
2024-06-28,0.00023245177401406156,0.000283791633355494,-0.0025410351809114218,0.0,-0.0011834178623484188,0.0002324333864810132,0.000283791633355494,-0.0025410351809114218,HOLD,LOW,MEDIUM,Volatile,0.022696525066242697,7.733572823660704,0,0,1,LSTM
2024-07-01,0.0007823850603838999,0.000615030707384624,-0.0022248250897973776,0.0,-0.0007758094519178106,0.0006150251544769849,0.000615030707384624,-0.0022248250897973776,HOLD,LOW,HIGH,Volatile,0.025539581344498317,8.444285801478783,0,0,2,LSTM
2024-07-02,0.002783596666452357,0.005391473807274052,-0.0019745766185224056,0.0,0.0006145063577194403,0.00278359649336893,0.005391473807274052,-0.0019745766185224056,HOLD,LOW,HIGH,Volatile,0.03194142600588052,9.45142909458704,0,0,2,LSTM
2024-07-03,0.0032542394861894575,-0.023548013362836396,-0.0020453420002013445,0.0,-0.0022264861876977867,-0.002045342142322783,-0.023548013362836396,-0.0020453420002013445,HOLD,LOW,HIGH,Volatile,0.03333364863662571,9.904287065778439,0,0,2,LSTM
2024-07-05,0.001506742441150797,-0.023776250795896313,-0.0018905261531472206,0.0,-0.0028424760451686523,-0.0018905264016404457,-0.023776250795896313,-0.0018905261531472206,HOLD,LOW,HIGH,Volatile,0.03312913378813508,9.627142769949756,0,0,2,LSTM
2024-07-08,0.0005445364801587345,-0.007541671426306716,-0.0016467003151774406,0.0,-0.0014125236343630132,-0.0016467006015460006,-0.007541671426306716,-0.0016467003151774406,HOLD,LOW,HIGH,Volatile,0.033246616878160044,10.040713718959243,0,0,2,LSTM
2024-07-09,0.0006610067396673317,-0.007203872310637306,-0.0010162810795009136,0.0,-0.0010098658027133836,-0.0010162815134299318,-0.007203872310637306,-0.0010162810795009136,HOLD,LOW,HIGH,Volatile,0.03314572042653567,10.290712629045743,0,0,2,LSTM
2024-07-10,0.002229180522980123,-0.01467573491424147,-0.0005721480119973421,0.0,-0.0009503141674296728,-0.0005721482978222574,-0.01467573491424147,-0.0005721480119973421,HOLD,LOW,HIGH,Volatile,0.03199987385961414,10.623570033482126,0,0,2,LSTM
2024-07-11,0.000517160600511694,-0.00432937523895411,-0.0003450460499152541,0.0,-0.00042465582596290356,-0.00034504695618880766,-0.00432937523895411,-0.0003450460499152541,HOLD,LOW,HIGH,Volatile,0.03945157558388411,12.466427394321968,0,0,2,LSTM
2024-07-12,-0.0025324324895192036,-0.01886814530803098,0.002853037789463997,0.0,-0.0014581941685271676,-0.002532432613927,-0.01886814530803098,0.002853037789463997,HOLD,LOW,HIGH,Volatile,0.039257403811430586,13.5728563581194,0,0,2,LSTM
2024-07-15,0.003290739124254945,0.006476364933965553,0.0038629313930869102,0.0,0.0039125945672447765,0.0038629327523189414,0.006476364933965553,0.0038629313930869102,HOLD,LOW,HIGH,Volatile,0.03915743366328073,14.3671428135463,0,0,2,LSTM
2024-07-16,0.0011107470778618776,-0.021802925264569527,0.004218311049044132,0.0,0.0003391192100972661,0.0011107467999116349,-0.021802925264569527,0.004218311049044132,HOLD,LOW,HIGH,Volatile,0.03795477806911782,14.85714176722934,0,0,2,LSTM
2024-07-17,0.0012674552891493642,-0.005260716283588496,0.0035856780596077442,0.0,0.0017818345745265595,0.001267455011291581,-0.005260716283588496,0.0035856780596077442,HOLD,LOW,HIGH,Volatile,0.038682017389662655,14.92071424211773,0,0,2,LSTM
2024-07-18,-0.0005446529684367717,-0.0066608034344677,0.0032005258835852146,0.0,0.0007434226473914848,-0.0005446530718561202,-0.0066608034344677,0.0032005258835852146,HOLD,LOW,HIGH,Volatile,0.038222705596688215,15.297144208635588,0,0,2,LSTM
2024-07-19,0.0014747080829866253,-0.008363426133962062,0.002613863442093134,0.0,0.0010434344899315337,0.0014747073083063152,-0.008363426133962062,0.002613863442093134,HOLD,LOW,HIGH,Volatile,0.03959486688830758,15.6307155064174,0,0,2,LSTM
2024-07-22,-0.0007444514677282938,-0.010123887580538561,0.0024039160925894976,0.0,-9.885844497361542e-05,-0.0007444516785580914,-0.010123887580538561,0.0024039160925894976,HOLD,LOW,HIGH,Volatile,0.04038515335286946,15.535002572195863,0,0,2,LSTM
2024-07-23,0.00342519328904345,0.00634384439945013,0.0015908604254946113,0.0,0.0027863743420926002,0.0034251934912176625,0.00634384439945013,0.0015908604254946113,HOLD,LOW,HIGH,Volatile,0.04102062636469456,14.727144513811382,0,0,2,LSTM
2024-07-24,-0.000633321678509849,-0.014567286716532027,0.0011856183409690857,0.0,-0.0011388283488179105,-0.000633322155919994,-0.014567286716532027,0.0011856183409690857,HOLD,LOW,HIGH,Volatile,0.052372491031581904,15.768572126116075,0,0,2,LSTM
2024-07-25,-0.003849328510763164,-0.010367189513098927,0.001719703315757215,0.0,-0.001668133897302184,-0.0038493285368856236,-0.010367189513098927,0.001719703315757215,HOLD,LOW,HIGH,Volatile,0.05162534608761253,15.775715419224332,0,0,2,LSTM
2024-07-26,0.003513625529650099,0.005010144887065744,0.0021251270081847906,0.0,0.0029565373681848866,0.003513625581491277,0.005010144887065744,0.0021251270081847906,HOLD,LOW,HIGH,Volatile,0.05165474715984203,15.210001264299667,0,0,2,LSTM
2024-07-29,0.0004736551229389243,0.01228843678618127,0.002050393959507346,0.0,0.002500512446182568,0.002050394495268527,0.01228843678618127,0.002050393959507346,HOLD,LOW,HIGH,Volatile,0.05279548534627677,15.150002615792411,0,0,2,LSTM
2024-07-30,0.00305249603181183,0.005604973533363974,0.001680564135313034,0.0,0.002612838869300195,0.003052496368180552,0.005604973533363974,0.001680564135313034,HOLD,LOW,HIGH,Volatile,0.05248650362691443,15.341430664062496,0,0,2,LSTM
2024-07-31,-0.0014886227872390424,-0.007124167313502893,0.0018736026249825954,0.0,-0.00034719327661551693,-0.0014886229071021005,-0.007124167313502893,0.0018736026249825954,HOLD,LOW,HIGH,Volatile,0.048566248211731694,13.963572910853793,0,0,2,LSTM
2024-08-01,0.003126947770011572,0.012360356744034651,0.0015748959267511964,0.0,0.003284259644262868,0.0031269483052118775,0.012360356744034651,0.0015748959267511964,HOLD,LOW,HIGH,Volatile,0.04843855932221578,13.891430446079797,0,0,2,LSTM
2024-08-02,-0.0023349609528824076,-0.003724797047016995,0.0024130321107804775,0.0,-4.542311437803542e-05,-0.00233496044493355,-0.003724797047016995,0.0024130321107804775,HOLD,LOW,HIGH,Volatile,0.04867177149484611,13.44214412144252,0,0,2,LSTM
2024-08-05,0.00022477689138224362,0.004130181435993021,0.003166163107380271,0.0,0.002134893107416777,0.0031661624119477256,0.004130181435993021,0.003166163107380271,HOLD,LOW,HIGH,Volatile,0.04909325412927312,14.360001700265064,0,0,2,LSTM
2024-08-06,-0.00019122272182203368,0.015321855407201964,0.004209121689200401,0.0,0.0036640315559941785,0.004209121826381434,0.015321855407201964,0.004209121689200401,HOLD,LOW,HIGH,Volatile,0.04803450093535655,14.212857927594866,0,0,2,LSTM
2024-08-07,0.0017097583477536618,0.009274014803001855,0.0044692642986774445,0.0,0.003904156879430189,0.0044692644527579576,0.009274014803001855,0.0044692642986774445,HOLD,LOW,HIGH,Volatile,0.048367031500045184,14.360714503696991,0,0,2,LSTM
2024-08-08,-0.00096725464651409,0.012034060961149158,0.005008408799767494,0.0,0.0034360752018832686,0.005008408824761906,0.012034060961149158,0.005008408799767494,HOLD,LOW,HIGH,Volatile,0.046537774522198934,14.09857177734375,0,0,2,LSTM
2024-08-09,0.0027433186760464144,0.007086606650313948,0.004687958396971226,0.0,0.004187866596619884,0.004687958494122834,0.007086606650313948,0.004687958396971226,HOLD,LOW,HIGH,Volatile,0.045788210668661095,13.509999956403458,0,0,2,LSTM
2024-08-12,0.00046444938458068156,0.015570782482666664,0.0037877464201301336,0.0,0.003725848866630429,0.0037877466360017858,0.015570782482666664,0.0037877464201301336,HOLD,LOW,HIGH,Volatile,0.04529728482960968,13.167143685477114,0,0,2,LSTM
2024-08-13,0.00028336362179240545,0.008548444555043992,0.0026302076876163483,0.0,0.0023386128133144938,0.0026302079444455377,0.008548444555043992,0.0026302076876163483,HOLD,LOW,HIGH,Volatile,0.047109284448474086,11.721430097307477,0,0,2,LSTM
2024-08-14,0.002798609918616523,-0.0021192742792327034,0.001411845674738288,0.0,0.0015806432710748788,0.0014118452377095375,-0.0021192742792327034,0.001411845674738288,HOLD,LOW,HIGH,Volatile,0.04709997607994707,11.69857352120536,0,0,2,LSTM
2024-08-15,-0.0010643043047147286,-0.003022937182631995,0.0006560069741681218,0.0,-0.00038486726325196027,-0.0010643043752904954,-0.003022937182631995,0.0006560069741681218,HOLD,LOW,HIGH,Volatile,0.049722627311807356,12.237859453473774,0,0,2,LSTM
2024-08-16,0.003467145061336825,-0.002462245940328201,-0.0002252162666991353,0.0,0.0009634081252871576,-0.0002252160907598557,-0.002462245940328201,-0.0002252162666991353,HOLD,LOW,HIGH,Volatile,0.04920873319020333,11.84714508056641,0,0,2,LSTM
2024-08-19,0.00023066599454052265,-0.004955522919578745,-0.0009719766676425934,0.0,-0.0009206353672192184,-0.0009719772468577665,-0.004955522919578745,-0.0009719766676425934,HOLD,LOW,HIGH,Volatile,0.04821602971514596,11.595716203962057,0,0,2,LSTM
2024-08-20,0.0017746849196548361,0.003192219112299967,-0.001764786196872592,0.0,0.0001072650790209372,0.001774684497566847,0.003192219112299967,-0.001764786196872592,HOLD,LOW,HIGH,Volatile,0.04809664809433783,11.352859497070321,0,0,2,LSTM
2024-08-21,0.0001043744833683464,-0.000771744667946443,-0.0019077640026807785,0.0,-0.0010170564768173362,-0.0007717449280246312,-0.000771744667946443,-0.0019077640026807785,HOLD,LOW,HIGH,Volatile,0.03787031432659049,10.50000217982701,0,0,2,LSTM
2024-08-22,0.0012622064258991043,0.005354829640214784,-0.00212520407512784,0.0,-5.130975158364908e-05,0.0012622064767129483,0.005354829640214784,-0.00212520407512784,HOLD,LOW,HIGH,Volatile,0.03987036645686389,10.74285888671875,0,0,2,LSTM
2024-08-23,-0.001430718722029883,0.003690251315290542,-0.001283895457163453,0.0,-0.0008271598103755878,-0.0012838889387338209,0.003690251315290542,-0.001283895457163453,HOLD,LOW,HIGH,Volatile,0.04123624885127119,9.682144165039064,0,0,2,LSTM
2024-08-26,0.0032299146695196684,-0.0012776162279505834,-0.0009805380832403898,0.0,0.0006073935698815568,-0.0009805349770215693,-0.0012776162279505834,-0.0009805380832403898,HOLD,LOW,HIGH,Volatile,0.039775240952127706,9.616431100027897,0,0,2,LSTM
2024-08-27,-0.0010454689827875813,-0.008354342105948556,-0.0005674920976161957,0.0,-0.0015545967987904146,-0.0010454709294392308,-0.008354342105948556,-0.0005674920976161957,HOLD,LOW,HIGH,Volatile,0.038964410113245446,9.381430489676328,0,0,2,LSTM
2024-08-28,0.0006114806473694028,0.000734856605951404,0.0001325185876339674,0.0,0.00037878359663344593,0.0006114747504268881,0.000734856605951404,0.0001325185876339674,HOLD,LOW,HIGH,Volatile,0.03760217798986639,9.403573172433028,0,0,2,LSTM
2024-08-29,0.0004454433716574921,-0.0007201583103660172,0.000842877256218344,0.0,0.0005288391441365362,0.00044544172456718146,-0.0007201583103660172,0.000842877256218344,HOLD,LOW,HIGH,Volatile,0.03469834406527063,9.644287109374995,0,0,2,LSTM
2024-08-30,0.0011178510055366657,0.002662996783617756,0.0014926790026947856,0.0,0.0014693281779912313,0.0014926808034184643,0.002662996783617756,0.0014926790026947856,HOLD,LOW,HIGH,Volatile,0.034387046331341875,9.855716160365507,0,0,2,LSTM
2024-09-03,0.0020846064942617436,0.0017202726004141016,0.0011875570053234696,0.0,0.001587360177936958,0.001720271740812616,0.0017202726004141016,0.0011875570053234696,HOLD,LOW,HIGH,Volatile,0.03304891741013498,9.77214377267019,0,0,2,LSTM
2024-09-04,-0.0003224734710121826,-0.004115666551546272,0.001445622998289764,0.0,0.00019217963381501512,-0.0003224737724619827,-0.004115666551546272,0.001445622998289764,HOLD,LOW,HIGH,Volatile,0.034119210460478236,9.912143162318628,0,0,2,LSTM
2024-09-05,0.0023352460843391694,-0.006901621560484145,0.0012282057432457805,0.0,0.0008150282517876473,0.001228204964538829,-0.006901621560484145,0.0012282057432457805,HOLD,LOW,HIGH,Volatile,0.03332019155820404,9.990000043596535,0,0,2,LSTM
2024-09-06,0.0019162498810316431,-0.011141323678528563,0.0008727607782930136,0.0,3.441828702027412e-05,0.0008727599050246067,-0.011141323678528563,0.0008727607782930136,HOLD,LOW,HIGH,Volatile,0.03911142573134157,10.996429443359363,0,0,2,LSTM
2024-09-09,-0.0025274906768839502,-0.012941196125352472,0.0029842043295502663,0.0,-0.0007776062052002868,-0.002527490762241671,-0.012941196125352472,0.0029842043295502663,HOLD,LOW,HIGH,Volatile,0.0394479932971278,11.014286586216512,0,0,2,LSTM
2024-09-10,0.0026257547365398483,0.0001579429234434423,0.0031087694223970175,0.0,0.0026186554611356137,0.002625753079634374,0.0001579429234434423,0.0031087694223970175,HOLD,LOW,HIGH,Volatile,0.04026041493861442,11.119285583496088,0,0,2,LSTM
2024-09-11,0.001952914452184238,0.0030064536551683307,0.0021645179949700832,0.0,0.0021700350303608664,0.0021645214916353192,0.0030064536551683307,0.0021645179949700832,HOLD,LOW,HIGH,Volatile,0.0389009185332443,11.538570949009486,0,0,2,LSTM
2024-09-12,0.0006313699377456875,-0.001171072284370147,0.0012109186500310898,0.0,0.0007423812658967388,0.0006313687723860424,-0.001171072284370147,0.0012109186500310898,HOLD,LOW,HIGH,Volatile,0.03795740856878943,11.048570905412946,0,0,2,LSTM
2024-09-13,0.0009788152860602832,0.004242361975879541,0.0002030861796811223,0.0,0.0009180194730062935,0.0009788162656279775,0.004242361975879541,0.0002030861796811223,HOLD,LOW,HIGH,Volatile,0.035697644459273155,10.72928510393415,0,0,2,LSTM
2024-09-16,0.0008101743049307424,0.00542375894694184,-0.0007414659485220909,0.0,0.0004910747506014375,0.0008101747319231716,0.00542375894694184,-0.0007414659485220909,HOLD,LOW,HIGH,Volatile,0.03591783816945083,10.547140938895092,0,0,2,LSTM
2024-09-17,0.0003057198319324073,0.006931628190457931,-0.0013908734545111656,0.0,0.00011995397612287725,0.000305720269777734,0.006931628190457931,-0.0013908734545111656,HOLD,LOW,HIGH,Volatile,0.0353327009824414,10.497141156877797,0,0,2,LSTM
2024-09-18,0.0011426233009172288,0.0037053646327788385,-0.001715414458885789,0.0,-5.747252912268147e-05,0.001142623260660089,0.0037053646327788385,-0.001715414458885789,HOLD,LOW,HIGH,Volatile,0.035291318861411285,10.464997427804136,0,0,2,LSTM
2024-09-19,0.0006696266496784462,-0.0001404067793653521,-0.001724354224279523,0.0,-0.0006406467072559692,-0.00014040738030429595,-0.0001404067793653521,-0.001724354224279523,HOLD,LOW,HIGH,Volatile,0.03856425509513186,11.029283796037955,0,0,2,LSTM
2024-09-20,0.003147597694235621,-0.004385044011674168,-0.0021438717376440763,0.0,-0.00034094611249460734,-0.002143871480758838,-0.004385044011674168,-0.0021438717376440763,HOLD,LOW,HIGH,Volatile,0.03632024913347541,11.01356942313059,0,0,2,LSTM
2024-09-23,-0.000705280003434246,-0.0011934336891967665,-0.002228116150945425,0.0,-0.0015359608887603087,-0.0011934347647597921,-0.0011934336891967665,-0.002228116150945425,HOLD,LOW,HIGH,Volatile,0.03651250340534097,11.119998386928021,0,0,2,LSTM
2024-09-24,0.0026536811731153525,0.0031185784796719028,-0.0024932469241321087,0.0,6.429953345728689e-05,0.0026536792255311176,0.0031185784796719028,-0.0024932469241321087,HOLD,LOW,HIGH,Volatile,0.035384019039723574,10.869284493582597,0,0,2,LSTM
2024-09-25,0.000836031073767107,0.0029021428316206915,-0.002605714602395892,0.0,-0.0007144000845634909,0.0008360308806157063,0.0029021428316206915,-0.002605714602395892,HOLD,LOW,HIGH,Volatile,0.03477633436971377,10.096426827566969,0,0,2,LSTM
2024-09-26,0.0010041518661106203,0.0049559950175919,-0.002706104889512062,0.0,-0.0004893185389018507,0.0010041518825700604,0.0049559950175919,-0.002706104889512062,HOLD,LOW,HIGH,Volatile,0.03456566944903751,9.177140372140077,0,0,2,LSTM
2024-09-27,0.00035487990732991227,0.0007715469659101651,-0.0023098045494407415,0.0,-0.0009675476732174173,0.00035487789379281105,0.0007715469659101651,-0.0023098045494407415,HOLD,LOW,HIGH,Volatile,0.03464123986239407,8.994284493582597,0,0,2,LSTM
2024-09-30,0.001725340180295398,0.007113915933621622,-0.002150398213416338,0.0,0.00029530126339885024,0.0017253402526687357,0.007113915933621622,-0.002150398213416338,HOLD,LOW,HIGH,Volatile,0.034138290471663335,8.919998168945318,0,0,2,LSTM
2024-10-01,0.0007001938767110412,0.006356249818318611,-0.0018181782215833664,0.0,-6.7194408654255204e-06,0.0007001940967387173,0.006356249818318611,-0.0018181782215833664,HOLD,LOW,HIGH,Volatile,0.03403535620431741,9.189999171665743,0,0,2,LSTM
2024-10-02,0.00033402404358511613,0.0009486294033226682,-0.0009097687434405088,0.0,-0.00023990137414303897,0.0003340232245029057,0.0009486294033226682,-0.0009097687434405088,HOLD,LOW,HIGH,Volatile,0.034680100365663415,9.825713021414627,0,0,2,LSTM
2024-10-03,-6.084092038170644e-05,-0.002829859740957883,-0.0001701426226645708,0.0,-0.0004025250660607418,-0.00017015123158485622,-0.002829859740957883,-0.0001701426226645708,HOLD,LOW,HIGH,Volatile,0.03435680409127197,10.22785622732981,0,0,2,LSTM
2024-10-04,0.00022684782912641137,0.0062443257534465215,0.0008460956159979105,0.0,0.001164974207500352,0.0008460970404847237,0.0062443257534465215,0.0008460956159979105,HOLD,LOW,HIGH,Volatile,0.02786153839659406,10.48071398053852,0,0,2,LSTM
2024-10-07,0.0024252512714225305,-0.0034715697044750975,0.0007793373661115766,0.0,0.0009734975251413983,0.0007793369944169876,-0.0034715697044750975,0.0007793373661115766,HOLD,LOW,HIGH,Volatile,0.02936447366443665,10.577856881277915,0,0,2,LSTM
2024-10-08,-0.0007446777796652472,0.001412147964813401,0.0010145287960767746,0.0,0.0003792771164838727,0.0010145268614841277,0.001412147964813401,0.0010145287960767746,HOLD,LOW,HIGH,Volatile,0.027988129371105005,10.352858407156827,0,0,2,LSTM
2024-10-09,0.001781357871030131,0.005565219389067244,0.000672376248985529,0.0,0.001603479996074987,0.00178135850699451,0.005565219389067244,0.000672376248985529,HOLD,LOW,HIGH,Volatile,0.02824961156826017,9.701429094587066,0,0,2,LSTM
2024-10-10,0.000237850179719016,0.0067177507858449306,0.0005173607496544719,0.0,0.0010495989905937278,0.0005173641406927293,0.0067177507858449306,0.0005173607496544719,HOLD,LOW,HIGH,Volatile,0.028356609039368257,9.871428353445879,0,0,2,LSTM
2024-10-11,0.0007470125021506967,0.00396419156573845,0.0004137346404604614,0.0,0.000908150049455503,0.0007470151741157139,0.00396419156573845,0.0004137346404604614,HOLD,LOW,HIGH,Volatile,0.03527419373770331,10.77428545270648,0,0,2,LSTM
2024-10-14,-0.0018448328748686968,0.002825553280222859,0.0007415932486765087,0.0,-3.767992033354146e-05,0.0007415931556160727,0.002825553280222859,0.0007415932486765087,HOLD,LOW,HIGH,Volatile,0.03519944651594295,10.77642822265625,0,0,2,LSTM
2024-10-15,0.0021211118051309165,-5.542665725636643e-06,0.0008958562975749373,0.0,0.0012738722577606905,0.0008958565896796015,-5.542665725636643e-06,0.0008958562975749373,HOLD,LOW,HIGH,Volatile,0.0351770663731283,10.945714678083151,0,0,2,LSTM
2024-10-16,0.0008178750999856256,0.00612049114120903,0.000830978387966752,0.0,0.001371654595793159,0.0008310444105593585,0.00612049114120903,0.000830978387966752,HOLD,LOW,HIGH,Volatile,0.03524406607917006,10.493572780064179,0,0,2,LSTM
2024-10-17,0.0010960214381909707,-0.00033330738056829067,0.00037190329749137163,0.0,0.0005775127283778321,0.00037190333431088126,-0.00033330738056829067,0.00037190329749137163,HOLD,LOW,HIGH,Volatile,0.030868825620339636,10.322143554687502,0,0,2,LSTM
2024-10-18,0.000710890247948605,0.00872532691081086,-0.00014178361743688583,0.0,0.0011008112975269906,0.0007108912932420007,0.00872532691081086,-0.00014178361743688583,HOLD,LOW,HIGH,Volatile,0.030566077748015296,9.890716552734377,0,0,2,LSTM
2024-10-21,0.0008641566376635955,-0.002086921245847882,-0.0007359110750257969,0.0,-0.00026019583507228873,-0.0007359109601263419,-0.002086921245847882,-0.0007359110750257969,HOLD,LOW,HIGH,Volatile,0.028015105977042487,9.142144339425228,0,0,2,LSTM
2024-10-22,0.0006157155075130629,0.002921081033191891,-0.0011434706393629313,0.0,-4.786942304706382e-05,0.0006157156419175432,0.002921081033191891,-0.0011434706393629313,HOLD,LOW,HIGH,Volatile,0.027472976240629055,8.21857452392578,0,0,2,LSTM
2024-10-23,0.0008389950613587435,0.0025245841492415517,-0.0016350720543414354,0.0,-0.0002548446941976175,0.0008389948726636626,0.0025245841492415517,-0.0016350720543414354,HOLD,LOW,HIGH,Volatile,0.02724558988325509,7.835003444126666,0,0,2,LSTM
2024-10-24,0.0002958146847442647,-0.0022361119117390218,-0.0017569304909557104,0.0,-0.0010172514878219038,-0.0017569288994142259,-0.0022361119117390218,-0.0017569304909557104,HOLD,LOW,HIGH,Volatile,0.053773626294033317,10.56143188476561,0,0,2,LSTM
2024-10-25,0.007162801394985094,-0.0028768218676517403,-0.0020301106851547956,0.0,0.0014164713211506181,-0.002030109615653329,-0.0028768218676517403,-0.0020301106851547956,HOLD,LOW,HIGH,Volatile,0.0540026863315452,10.903573172433022,0,0,2,LSTM
2024-10-28,-0.0004383559330002866,0.02586095564127101,-0.002527244621887803,0.0,0.0012045455314334099,-0.0004383554927556599,0.02586095564127101,-0.002527244621887803,HOLD,LOW,HIGH,Volatile,0.0543258365345188,11.307145254952548,0,0,2,LSTM
2024-10-29,-0.00021573141527815272,0.042540590261276386,-0.0020107622258365154,0.0,0.0032755982928592284,-0.00021573088219191988,0.042540590261276386,-0.0020107622258365154,HOLD,LOW,HIGH,Volatile,0.05429534020930922,11.41786084856304,0,0,2,LSTM
2024-10-30,0.0008033420770633108,-0.013841092780551338,-0.0014063327107578516,0.0,-0.0018397711303712108,-0.001406333082497113,-0.013841092780551338,-0.0014063327107578516,HOLD,LOW,HIGH,Volatile,0.05368239811516647,11.209289550781234,0,0,2,LSTM
2024-10-31,0.0007724266685002926,0.0011506990052295725,-0.0009312585461884737,0.0,-6.153509387105344e-05,0.0007724246250774812,0.0011506990052295725,-0.0009312585461884737,HOLD,LOW,HIGH,Volatile,0.05355563448538966,10.217146737234918,0,0,2,LSTM
2024-11-01,4.472970075025781e-05,-0.010521828931040741,-0.00020310794934630394,0.0,-0.0011724056798337766,-0.00020311185505464947,-0.010521828931040741,-0.00020310794934630394,HOLD,LOW,HIGH,Volatile,0.05286681385594333,10.160003662109366,0,0,2,LSTM
2024-11-04,0.0011435957664730574,-0.0016717310527153487,0.0001949342549778521,0.0,0.00036703654487186947,0.00019493373821975857,-0.0016717310527153487,0.0001949342549778521,HOLD,LOW,HIGH,Volatile,0.05246733496305724,10.37143162318637,0,0,2,LSTM
2024-11-05,0.00014758897829727927,0.0012830058723966328,0.0006399964913725853,0.0,0.00051704394387831,0.0006399969636320034,0.0012830058723966328,0.0006399964913725853,HOLD,LOW,HIGH,Volatile,0.0529400383883492,10.98214503696985,0,0,2,LSTM
2024-11-06,0.002239607317139483,0.001396244878613313,0.0007562998798675835,0.0,0.0013925348864457113,0.001396245253455288,0.001396244878613313,0.0007562998798675835,HOLD,LOW,HIGH,Volatile,0.060872389971894286,13.408572605678,0,0,2,LSTM
2024-11-07,0.004595725005432335,-0.008731387613571631,0.0005594658432528377,0.0,0.001152555879335106,0.0005594657032309508,-0.008731387613571631,0.0005594658432528377,HOLD,LOW,HIGH,Volatile,0.060859863485263864,14.207144601004448,0,0,2,LSTM
2024-11-08,3.119501181907038e-05,-0.0015144876342464268,0.00020997115643694997,0.0,-3.666447914057123e-05,3.119012622557878e-05,-0.0015144876342464268,0.00020997115643694997,HOLD,LOW,HIGH,Volatile,0.05755727824193137,16.123572213309135,0,0,2,LSTM
2024-11-11,0.0029459605194035515,0.001796232155277128,0.0006671411101706326,0.0,0.0016596512461682,0.0017962321711189814,0.001796232155277128,0.0006671411101706326,HOLD,LOW,HIGH,Volatile,0.05932037155865775,18.540000915527333,0,0,2,LSTM
2024-11-12,0.002485607630143638,0.02727237773079481,0.0010372729739174247,0.0,0.004300688993888235,0.0024856082792988473,0.02727237773079481,0.0010372729739174247,HOLD,LOW,HIGH,Volatile,0.06229058009609896,19.97428676060267,0,0,2,LSTM
2024-11-13,-0.002097403460008203,-0.013775474115323684,0.0021310336887836456,0.0,-0.0011355181402256916,-0.0020974036107744756,-0.013775474115323684,0.0021310336887836456,HOLD,LOW,HIGH,Volatile,0.0623208674731173,18.090715680803566,0,0,2,LSTM
2024-11-14,0.0018520244396970252,0.0344173543675963,0.0033336777705699205,0.0,0.005970970722324324,0.003333678412412678,0.0344173543675963,0.0033336777705699205,HOLD,LOW,HIGH,Volatile,0.06466848337583397,18.49785940987723,0,0,2,LSTM
2024-11-15,-0.001027088848856421,0.009178816884434416,0.004753521177917719,0.0,0.002987893960191546,0.00475352112497849,0.009178816884434416,0.004753521177917719,HOLD,LOW,HIGH,Volatile,0.06458644501427417,18.795000348772316,0,0,2,LSTM
2024-11-18,0.0025380331065512213,0.014865910380990657,0.005100809969007969,0.0,0.005123083073484681,0.0051008102565209155,0.014865910380990657,0.005100809969007969,HOLD,LOW,HIGH,Volatile,0.06473319878698898,20.106426783970424,0,0,2,LSTM
2024-11-19,0.002126695362449113,0.0006258767170938811,0.00519940722733736,0.0,0.0035463500767939334,0.0021266957026317445,0.0006258767170938811,0.00519940722733736,HOLD,LOW,HIGH,Volatile,0.06444768810367313,20.613570077078684,0,0,2,LSTM
2024-11-20,0.0008456812100433639,0.005423004836282505,0.004627770744264126,0.0,0.003255904557187661,0.004627769754191433,0.005423004836282505,0.004627770744264126,HOLD,LOW,HIGH,Volatile,0.06417643699699722,20.742142813546316,0,0,2,LSTM
2024-11-21,0.00027383820982186625,0.006509871394297199,0.003866031765937805,0.0,0.0027578839841158314,0.0038660316662124674,0.006509871394297199,0.003866031765937805,HOLD,LOW,HIGH,Volatile,0.049510911183171157,21.123571123395646,0,0,2,LSTM
2024-11-22,0.0008068679240664913,-0.00017489195400615675,0.0032287267968058586,0.0,0.0019465688873995586,0.0008068685280096878,-0.00017489195400615675,0.0032287267968058586,HOLD,LOW,HIGH,Volatile,0.049613459553277846,22.104285103934153,0,0,2,LSTM
2024-11-25,0.0020844819043369434,0.00502939772444411,0.00269177183508873,0.0,0.002699487997167154,0.002691773048925581,0.00502939772444411,0.00269177183508873,HOLD,LOW,HIGH,Volatile,0.05035286117780475,22.910712105887285,0,0,2,LSTM
2024-11-26,-0.0008228845246569989,0.012652200933169615,0.0028851586394011974,0.0,0.002467369183970448,0.0028851588065756653,0.012652200933169615,0.0028851586394011974,HOLD,LOW,HIGH,Volatile,0.05014339213000276,20.99285452706474,0,0,2,LSTM
2024-11-27,0.0013597238306678747,0.005768745097199395,0.002475669141858816,0.0,0.0023864209275909877,0.0024756697328739744,0.005768745097199395,0.002475669141858816,HOLD,LOW,HIGH,Volatile,0.05035886702121577,21.116424560546882,0,0,2,LSTM
2024-11-29,0.00043195540804641093,-0.0025399056185251906,0.0019766357727348804,0.0,0.0009168635043991725,0.00043195509776353705,-0.0025399056185251906,0.0019766357727348804,HOLD,LOW,HIGH,Volatile,0.0495474556282337,19.742139543805813,0,0,2,LSTM
2024-12-02,0.0022989435178460537,0.01571591164882626,0.0008039577514864504,0.0,0.0029171100207659693,0.0022989441113337285,0.01571591164882626,0.0008039577514864504,HOLD,LOW,HIGH,Volatile,0.049473838542302744,18.129281180245545,0,0,2,LSTM
2024-12-03,0.0016765357977796937,0.0037868724696442525,-0.0005472186021506786,0.0,0.0007547798833023593,0.001676535773656175,0.0037868724696442525,-0.0005472186021506786,HOLD,LOW,HIGH,Volatile,0.04910299090026188,16.857851300920764,0,0,2,LSTM
2024-12-04,9.245480310591831e-05,-0.004405539039179358,-0.0017108118627220392,0.0,-0.0012956127921657057,-0.0017108120458369982,-0.004405539039179358,-0.0017108118627220392,HOLD,LOW,HIGH,Volatile,0.048952733688452,15.957850864955361,0,0,2,LSTM
2024-12-05,0.0017268136375845349,0.0020154237434753326,-0.0024743627291172743,0.0,-0.00039614140198478273,0.0017268104344606572,0.0020154237434753326,-0.0024743627291172743,HOLD,LOW,HIGH,Volatile,0.04025300276975062,15.788565499441972,0,0,2,LSTM
2024-12-06,0.0017892377621740922,0.0009237185049615497,-0.0027563159819692373,0.0,-0.0006292504603345997,0.0009237176238380928,0.0009237185049615497,-0.0027563159819692373,HOLD,LOW,HIGH,Volatile,0.04108170330470329,16.11285182407925,0,0,2,LSTM
2024-12-09,0.0023216191375314784,0.0012732146889814372,-0.003061114577576518,0.0,-0.0005447177097452193,0.0012732139675768262,0.0012732146889814372,-0.003061114577576518,HOLD,LOW,HIGH,Volatile,0.03816025965717184,16.038565499441976,0,0,2,LSTM
2024-12-10,0.0004690600151592009,0.007717012277470615,-0.0020046078134328127,0.0,-5.071208564269992e-05,0.0004690602811586844,0.007717012277470615,-0.0020046078134328127,HOLD,LOW,HIGH,Volatile,0.03406996567033447,16.41785103934153,0,0,2,LSTM
2024-12-11,0.0018754747533906986,0.00178151256906814,-0.0008161356672644615,0.0,0.000486568929694444,0.00178150253292379,0.00178151256906814,-0.0008161356672644615,HOLD,LOW,HIGH,Volatile,0.03159940790031982,17.24570792061943,0,0,2,LSTM
2024-12-12,0.0025298854726905936,-0.008385700317826879,-9.409617632627487e-05,0.0,5.91780766699794e-05,-9.409643656141858e-05,-0.008385700317826879,-9.409617632627487e-05,HOLD,LOW,HIGH,Volatile,0.03221249211822205,17.359279087611622,0,0,2,LSTM
2024-12-13,-0.0001514514414372568,-0.004757145170534999,0.0006352601922117174,0.0,-0.00022349592987009492,-0.00015145249229974806,-0.004757145170534999,0.0006352601922117174,HOLD,LOW,HIGH,Volatile,0.028153872491633303,17.1278512137277,0,0,2,LSTM
2024-12-16,0.0025168009093399233,-0.0003193697171542873,0.0009724270785227418,0.0,0.001432841474934069,0.0009724272047675467,-0.0003193697171542873,0.0009724270785227418,HOLD,LOW,HIGH,Volatile,0.029615131804961316,17.36428179059712,0,0,2,LSTM
2024-12-17,0.0024413827247325177,-0.007097857741942627,0.0010422657942399383,0.0,0.0007403060396637346,0.0010422652033416629,-0.007097857741942627,0.0010422657942399383,HOLD,LOW,HIGH,Volatile,0.028681223249729635,18.44856698172435,0,0,2,LSTM
2024-12-18,0.0015099376176926208,-0.004443400305729276,0.0012561611365526915,0.0,0.0007657001555231763,0.0012561574022770736,-0.004443400305729276,0.0012561611365526915,HOLD,LOW,HIGH,Volatile,0.03686263512582441,21.703567504882834,0,0,2,LSTM
2024-12-19,-0.0022113332862604383,-0.007043336380074103,0.004448631312698126,0.0,0.0007027958651594423,-0.0022113332294984222,-0.007043336380074103,0.004448631312698126,HOLD,LOW,HIGH,Volatile,0.036782579343887414,23.40213884626118,0,0,2,LSTM
2024-12-20,0.0015690464195368104,0.016983363903611173,0.006112107075750828,0.0,0.005487241097350293,0.006112107203801131,0.016983363903611173,0.006112107075750828,HOLD,LOW,HIGH,Volatile,0.03807672823262765,24.444994245256716,0,0,2,LSTM
2024-12-23,-0.00012901703544913716,0.006989875004562495,0.006971411406993866,0.0,0.004243771867987929,0.006971362680192732,0.006989875004562495,0.006971411406993866,HOLD,LOW,HIGH,Volatile,0.03767218740029551,25.17428152901788,0,0,2,LSTM
2024-12-24,0.0020519562448576044,-0.0008610037243863855,0.0061483317986130714,0.0,0.0038504587872058875,0.0020519563439163843,-0.0008610037243863855,0.0061483317986130714,HOLD,LOW,HIGH,Volatile,0.038058848979576405,26.794281005859396,0,0,2,LSTM
2024-12-26,0.0030177151812003896,0.008597523160293403,0.004735999740660191,0.0,0.004473846583611819,0.004736000063128321,0.008597523160293403,0.004735999740660191,HOLD,LOW,HIGH,Volatile,0.03862304500398754,26.566423688616087,0,0,2,LSTM
2024-12-27,-0.0003545547229468793,-0.0027942166044544908,0.0034427063073962927,0.0,0.0013395077868780638,-0.00035455457659882677,-0.0027942166044544908,0.0034427063073962927,HOLD,LOW,HIGH,Volatile,0.04080153849778018,27.11142403738841,0,0,2,LSTM
2024-12-30,-0.00042583380521970865,-0.0024679716090879053,0.003109523793682456,0.0,0.0011750385360395767,-0.0004258335987127632,-0.0024679716090879053,0.003109523793682456,HOLD,LOW,HIGH,Volatile,0.04168593088291681,26.334283011300236,0,0,2,LSTM
2024-12-31,0.0005061646156739729,0.008432830628519067,0.002471099141985178,0.0,0.0023308051028191443,0.0024710994827102863,0.008432830628519067,0.002471099141985178,HOLD,LOW,HIGH,Volatile,0.04230443499243759,26.723567417689747,0,0,2,LSTM
2025-01-02,0.00031255602068147516,-0.00036036555577488507,0.002804360818117857,0.0,0.0015199605897781802,0.0003125571013420468,-0.00036036555577488507,0.002804360818117857,HOLD,LOW,HIGH,Volatile,0.04480958110254633,27.21713692801341,0,0,2,LSTM
2025-01-03,-0.00068253249891758,-0.0006101109702082681,0.0030864067375659943,0.0,0.0012561865578883992,-0.0006100978035669879,-0.0006101109702082681,0.0030864067375659943,HOLD,LOW,HIGH,Volatile,0.047794024874144005,28.52428109305247,0,0,2,LSTM
2025-01-06,0.00443210584619633,0.005472160306658581,0.003027863334864378,0.0,0.003819857290069126,0.0044321055976683146,0.005472160306658581,0.003027863334864378,HOLD,LOW,HIGH,Volatile,0.04744073307038835,28.819994245256705,0,0,2,LSTM
2025-01-07,0.0001266452372486464,0.0012719847250505399,0.0030397996306419373,0.0,0.0017375421878246785,0.0012719850316014643,0.0012719847250505399,0.0030397996306419373,HOLD,LOW,HIGH,Volatile,0.047202409820940594,28.626421247209827,0,0,2,LSTM
2025-01-08,-0.0003338605187353668,0.004708797248046866,0.0033864036668092012,0.0,0.0020926908406042524,0.003386403180400236,0.004708797248046866,0.0033864036668092012,HOLD,LOW,HIGH,Volatile,0.047202415500662814,27.81356593540737,0,0,2,LSTM
2025-01-10,0.0015793727082001022,0.01539479201088493,0.003336173016577959,0.0,0.0039048992251267526,0.0033361735022328773,0.01539479201088493,0.003336173016577959,HOLD,LOW,HIGH,Volatile,0.046750925289733916,24.989279610770094,0,0,2,LSTM
2025-01-13,0.0009903560938922973,0.012047595018982995,0.0029985795263201,0.0,0.003160156166539407,0.0029985799132924208,0.012047595018982995,0.0029985795263201,HOLD,LOW,HIGH,Volatile,0.04504239726562223,24.08785138811384,0,0,2,LSTM
2025-01-14,0.0017724755909527235,0.0024390145281624697,0.002274224068969488,0.0,0.0020983433364059898,0.0022742200584926395,0.0024390145281624697,0.002274224068969488,HOLD,LOW,HIGH,Volatile,0.04506778840636017,23.992139543805802,0,0,2,LSTM
2025-01-15,0.00020021003184696098,-0.011396344366778187,0.002172590233385563,0.0,1.4476013019632466e-05,0.00020020961157652265,-0.011396344366778187,0.002172590233385563,HOLD,LOW,HIGH,Volatile,0.047512863623734504,25.01642499651228,0,0,2,LSTM
2025-01-16,0.003854930419138566,0.0009860700140331279,0.0014493216294795275,0.0,0.0023262918100939584,0.0014493233635057942,0.0009860700140331279,0.0014493216294795275,HOLD,LOW,HIGH,Volatile,0.04582343749086675,24.08142525809152,0,0,2,LSTM
2025-01-17,-0.0010392824249334303,-0.0066829455732426305,0.0006559077883139253,0.0,-0.0007528983327419811,-0.001039282837015511,-0.0066829455732426305,0.0006559077883139253,HOLD,LOW,HIGH,Volatile,0.04557633881661491,24.910709926060267,0,0,2,LSTM
2025-01-21,0.002495126650065641,-0.007945951813302854,-4.088040441274643e-06,0.0,0.00013730567817763807,-4.088314363705454e-06,-0.007945951813302854,-4.088040441274643e-06,HOLD,LOW,HIGH,Volatile,0.041457698866690824,24.85785348074777,0,0,2,LSTM
2025-01-22,0.0004695738621969405,0.01218773587733807,-0.0004277297994121909,0.0,0.0012187354763313328,0.0004695748888454391,0.01218773587733807,-0.0004277297994121909,HOLD,LOW,HIGH,Volatile,0.041660947941744395,24.679282052176344,0,0,2,LSTM
2025-01-23,0.00040634113880666837,0.005780255439011693,-0.0008251946419477463,0.0,0.00032970916039476385,0.00040634176346963333,0.005780255439011693,-0.0008251946419477463,HOLD,LOW,HIGH,Volatile,0.040961031214320806,23.70714024135044,0,0,2,LSTM
2025-01-24,0.0010694021227805105,0.007371748796344727,-0.0012439896818250418,0.0,0.0005342001661918855,0.0010694023960521571,0.007371748796344727,-0.0012439896818250418,HOLD,LOW,HIGH,Volatile,0.04067455093877713,22.442855834960934,0,0,2,LSTM
2025-01-27,0.0006359283303681875,-0.0008864298707350016,-0.0015175375156104565,0.0,-0.0006245921703399854,-0.0008864289472376069,-0.0008864298707350016,-0.0015175375156104565,HOLD,LOW,HIGH,Volatile,0.03696129494212654,21.377855573381698,0,0,2,LSTM
2025-01-28,0.00042044713474477177,0.004692316481552404,-0.0012501995079219341,0.0,5.1129494345748924e-06,0.00042044749861971605,0.004692316481552404,-0.0012501995079219341,HOLD,LOW,HIGH,Volatile,0.03694342707340946,20.61785670689174,0,0,2,LSTM
2025-01-29,0.0013952946599732022,0.002778666389966509,-0.0010523926466703415,0.0,0.0002837927777687877,0.0013952943463605516,0.002778666389966509,-0.0010523926466703415,HOLD,LOW,HIGH,Volatile,0.035693693765453095,19.88785661969866,0,0,2,LSTM
2025-01-30,0.0002333287100564108,0.002510538211707382,-0.0006774791982024908,0.0,1.5576278751740116e-06,0.00023332936682886213,0.002510538211707382,-0.0006774791982024908,HOLD,LOW,HIGH,Volatile,0.035786846960762494,20.81571306501116,0,0,2,LSTM
2025-01-31,0.0021496746175177234,0.007605333858144999,-2.18383502215147e-06,0.0,0.001609892354641292,0.0021496748985720755,0.007605333858144999,-2.18383502215147e-06,HOLD,LOW,HIGH,Volatile,0.03512669497076551,20.652856009347097,0,0,2,LSTM
2025-02-03,0.0010293078315309575,0.002959167908244794,0.00031361449509859085,0.0,0.0008616800105264976,0.0010293087072485285,0.002959167908244794,0.00031361449509859085,HOLD,LOW,HIGH,Volatile,0.0342737260035421,21.118571690150674,0,0,2,LSTM
2025-02-04,-0.000806246209683408,-0.005151907694500469,0.0004662428400479257,0.0,-0.0006025455671990143,-0.0008062467643029619,-0.005151907694500469,0.0004662428400479257,HOLD,LOW,HIGH,Volatile,0.029444078023895603,20.011428833007816,0,0,2,LSTM
2025-02-05,0.002269960713708645,0.0022335184160312397,2.5708810426294804e-05,0.0,0.0011162207563202282,0.0022334928552447415,0.0022335184160312397,2.5708810426294804e-05,HOLD,LOW,HIGH,Volatile,0.030396021149584215,18.814285278320312,0,0,2,LSTM
2025-02-06,-0.00042354623191777027,-0.0007549916944525872,0.00017634651158005,0.0,-0.00015034922906264427,-0.0004235448943455084,-0.0007549916944525872,0.00017634651158005,HOLD,LOW,HIGH,Volatile,0.02915704717565845,18.521429879324774,0,0,2,LSTM
2025-02-07,0.0010696854439829616,0.007981478326120872,0.0001113570760935545,0.0,0.001291709343997466,0.0010696863406551747,0.007981478326120872,0.0001113570760935545,HOLD,LOW,HIGH,Volatile,0.029990676242852413,18.1135733468192,0,0,2,LSTM
2025-02-10,-1.228056574976836e-05,-0.0008616434113309263,0.0008770636050030589,0.0,0.00035580166412117796,-1.2280513063476284e-05,-0.0008616434113309263,0.0008770636050030589,HOLD,LOW,HIGH,Volatile,0.030533696952978865,17.063572474888396,0,0,2,LSTM
2025-02-11,0.0003861281314324278,0.002198362446834263,0.0013259153347462416,0.0,0.0010546520763756798,0.0013259152529773908,0.002198362446834263,0.0013259153347462416,HOLD,LOW,HIGH,Volatile,0.03255287809823077,17.93642970493862,0,0,2,LSTM
2025-02-12,-0.0007829154394454099,-0.000954333495038874,0.0024147084914147854,0.0,0.0008378984766883538,-0.0007829099855600614,-0.000954333495038874,0.0024147084914147854,HOLD,LOW,HIGH,Volatile,0.033385497449915695,18.37357221330916,0,0,2,LSTM
2025-02-13,0.0024597382870775696,0.009549047208953724,0.0026448401622474194,0.0,0.0032859830108398023,0.0026448453621360324,0.009549047208953724,0.0026448401622474194,HOLD,LOW,HIGH,Volatile,0.03076367530018934,19.022142682756705,0,0,2,LSTM
2025-02-14,0.002515143342865056,0.012790812503984896,0.0020225588232278824,0.0,0.0033228672125111434,0.0025151452674662188,0.012790812503984896,0.0020225588232278824,HOLD,LOW,HIGH,Volatile,0.030245785707092705,18.794285365513396,0,0,2,LSTM
2025-02-18,0.00039927073008560836,0.010429093205711715,0.0012805269798263907,0.0,0.00188560252303635,0.0012805280027179326,0.010429093205711715,0.0012805269798263907,HOLD,LOW,HIGH,Volatile,0.028931491104033057,18.43642970493862,0,0,2,LSTM
2025-02-19,0.0008609157984380096,0.009947022044460104,0.0005082421121187508,0.0,0.0016176056403132593,0.0008609185078979933,0.009947022044460104,0.0005082421121187508,HOLD,LOW,HIGH,Volatile,0.02956756063875136,18.40500095912389,0,0,2,LSTM
2025-02-20,0.0016230095015252386,0.0029836401701112906,-0.0001872096909210086,0.0,0.0008358073728956802,0.0016230093194602206,0.0029836401701112906,-0.0001872096909210086,HOLD,LOW,HIGH,Volatile,0.029484627289715334,17.42000034877233,0,0,2,LSTM
2025-02-21,0.00025062975586536405,0.004447572055768314,-0.0005597549024969339,0.0,0.00026837346924588003,0.0002506307486544159,0.004447572055768314,-0.0005597549024969339,HOLD,LOW,HIGH,Volatile,0.030809717614253888,17.480715070452018,0,0,2,LSTM
2025-02-24,-0.0003479289598076684,0.005259858086534782,-9.695859625935555e-05,0.0,0.000359220501580539,-9.695482983270988e-05,0.005259858086534782,-9.695859625935555e-05,HOLD,LOW,HIGH,Volatile,0.03091066258568111,16.58499799455916,0,0,2,LSTM
2025-02-25,0.0008065604385394693,0.013363455823859111,0.00038582744309678674,0.0,0.0018864535158335373,0.0008065627244744365,0.013363455823859111,0.00038582744309678674,HOLD,LOW,HIGH,Volatile,0.035353056741851345,18.062140328543535,0,0,2,LSTM
2025-02-26,-0.0015898848394695591,0.014845247360533897,0.002175000961869955,0.0,0.0020348805384720952,0.002175001148428633,0.014845247360533897,0.002175000961869955,HOLD,LOW,HIGH,Volatile,0.035632588123162716,18.36785452706474,0,0,2,LSTM
2025-02-27,0.0006353033879704204,0.023052326517774904,0.003564184997230768,0.0,0.004448835978101251,0.0035641852871170494,0.023052326517774904,0.003564184997230768,HOLD,LOW,HIGH,Volatile,0.03576301778174604,18.464996337890636,0,0,2,LSTM
2025-02-28,0.000143669545079572,0.02579425318782691,0.00426320917904377,0.0,0.004900911849866647,0.004263209375231297,0.02579425318782691,0.00426320917904377,HOLD,LOW,HIGH,Volatile,0.03648328973105966,18.469996861049115,0,0,2,LSTM
2025-03-03,0.002451310568691784,0.011878631338582744,0.003925024066120386,0.0,0.004179064749221849,0.003925024618061236,0.011878631338582744,0.003925024066120386,HOLD,LOW,HIGH,Volatile,0.036050336864601754,19.50214059012277,0,0,2,LSTM
2025-03-04,-0.0004643583031478817,0.013545214132752798,0.004279739689081907,0.0,0.003411924152938925,0.004279739791877047,0.013545214132752798,0.004279739689081907,HOLD,LOW,HIGH,Volatile,0.03568721277558204,19.30071149553572,0,0,2,LSTM
2025-03-05,-0.0004149087293391921,0.024538409098750755,0.004477567970752716,0.0,0.004666459166550908,0.0044775681252212625,0.024538409098750755,0.004477567970752716,HOLD,LOW,HIGH,Volatile,0.03590569032782977,18.867854527064736,0,0,2,LSTM
2025-03-06,0.002139423269605756,0.020477175172774906,0.0037346992176026106,0.0,0.0048487470782753676,0.003734699783947341,0.020477175172774906,0.0037346992176026106,HOLD,LOW,HIGH,Volatile,0.03681437583617374,18.64642769949777,0,0,2,LSTM
2025-03-07,-0.0013456448324715826,0.038280110798702395,0.0032596054952591658,0.0,0.0051022847024975535,0.003259605683755299,0.038280110798702395,0.0032596054952591658,HOLD,LOW,HIGH,Volatile,0.03693153032056804,18.7192851475307,0,0,2,LSTM
2025-03-10,0.0012885742328723761,0.03086666749323555,0.002782027469947934,0.0,0.005105376912028729,0.002782028103037427,0.03086666749323555,0.002782027469947934,HOLD,LOW,HIGH,Volatile,0.04984084820505221,21.118570600237174,0,0,2,LSTM
2025-03-11,-0.004864711545522118,0.03419526326740616,0.005187958478927612,0.0,0.004316166904318221,0.0051879585439121865,0.03419526326740616,0.005187958478927612,HOLD,LOW,HIGH,Volatile,0.05166945093385365,21.57357134137835,0,0,2,LSTM
2025-03-12,0.003629517433397442,0.028509039427448372,0.0065210843458771706,0.0,0.007677982920055223,0.006521084645996086,0.028509039427448372,0.0065210843458771706,HOLD,LOW,HIGH,Volatile,0.05460351057627581,22.070714678083146,0,0,2,LSTM
2025-03-13,0.0030016973098714755,0.020417342352196097,0.006523216143250465,0.0,0.006602917141223705,0.006523216355095163,0.020417342352196097,0.006523216143250465,HOLD,LOW,HIGH,Volatile,0.05395551058268954,21.722856794084827,0,0,2,LSTM
2025-03-14,-0.0007969490751399793,0.03443560099427252,0.006306718103587627,0.0,0.006477955403436868,0.006306718208772246,0.03443560099427252,0.006306718103587627,HOLD,LOW,HIGH,Volatile,0.052801386435804544,21.237144470214847,0,0,2,LSTM
2025-03-17,0.002458335864382231,0.028768178349647445,0.005559795536100864,0.0,0.006761917426485886,0.00555979581523774,0.028768178349647445,0.005559795536100864,HOLD,LOW,HIGH,Volatile,0.053082009584211325,20.08714403424944,0,0,2,LSTM
2025-03-18,-0.0011579526115128524,0.02272070838928284,0.005070055834949017,0.0,0.004496885772547485,0.005070055938813734,0.02272070838928284,0.005070055834949017,HOLD,LOW,HIGH,Volatile,0.05350128016748677,19.713572910853802,0,0,2,LSTM
2025-03-19,-0.0005627271720174718,0.02624663724213229,0.0044813696295022964,0.0,0.004787818931106355,0.0044813697817347314,0.02624663724213229,0.0044813696295022964,HOLD,LOW,HIGH,Volatile,0.05494882031678103,19.69571576799666,0,0,2,LSTM
2025-03-20,0.0029080121342897588,0.01791214721983927,0.003928562626242638,0.0,0.004978914392084841,0.003928563532687324,0.01791214721983927,0.003928562626242638,HOLD,LOW,HIGH,Volatile,0.055183607781826384,18.815001351492754,0,0,2,LSTM
2025-03-21,0.0005108391781502154,0.01854426605757735,0.003046697936952114,0.0,0.0036707314483706514,0.0030466982664671565,0.01854426605757735,0.003046697936952114,HOLD,LOW,HIGH,Volatile,0.056999400673489374,17.981428963797438,0,0,2,LSTM
2025-03-24,0.002632328986067806,0.020863798047559178,0.00210796226747334,0.0,0.004244558655755815,0.0026323308310399634,0.020863798047559178,0.00210796226747334,HOLD,LOW,HIGH,Volatile,0.06373420557054847,18.49000113351005,0,0,2,LSTM
2025-03-25,0.004280596752054002,0.012319014083091284,0.0011149266501888633,0.0,0.0034877862374113407,0.004280596943371795,0.012319014083091284,0.0011149266501888633,HOLD,LOW,HIGH,Volatile,0.06157419237691057,18.852859497070316,0,0,2,LSTM
2025-03-26,0.0010704726654504862,0.012631096495962413,8.094357326626778e-05,0.0,0.001756123872311591,0.0010704735875082835,0.012631096495962413,8.094357326626778e-05,HOLD,LOW,HIGH,Volatile,0.0622388799792837,19.03500148228237,0,0,2,LSTM
2025-03-27,-0.0013704786499730641,0.019927372551894168,0.00010812259279191494,0.0,0.0015844499869824996,0.00010812321774232837,0.019927372551894168,0.00010812259279191494,HOLD,LOW,HIGH,Volatile,0.061913130383723244,19.35714394705636,0,0,2,LSTM
2025-03-28,0.0015864266973509224,0.02317368938859597,0.0010665870504453778,0.0,0.003547189727336254,0.0015864285673292463,0.02317368938859597,0.0010665870504453778,HOLD,LOW,HIGH,Volatile,0.06161163503325969,17.418571472167972,0,0,2,LSTM
2025-03-31,-0.00037192943517087786,0.00838133886787309,0.0019188955193385482,0.0,0.0017049806939250934,0.0019188958007894013,0.00838133886787309,0.0019188955193385482,HOLD,LOW,HIGH,Volatile,0.061427887916628225,17.429285321916854,0,0,2,LSTM
2025-04-01,0.0006831545949950518,0.003582376149547491,0.002157647628337145,0.0,0.001737811209372477,0.0021576476047134832,0.003582376149547491,0.002157647628337145,HOLD,LOW,HIGH,Volatile,0.061265387978468255,17.21714346749442,0,0,2,LSTM
2025-04-02,0.00217110914398179,0.018749574859173456,0.002485776785761118,0.0,0.004042730993161757,0.002485779882168039,0.018749574859173456,0.002485776785761118,HOLD,LOW,HIGH,Volatile,0.06213424254484908,18.505000523158483,0,0,2,LSTM
2025-04-03,0.0021831942037501186,-0.0027861309558684867,0.0028052940033376217,0.0,0.001989285270578174,0.00218319280259544,-0.0027861309558684867,0.0028052940033376217,HOLD,LOW,HIGH,Volatile,0.0620655555380618,19.244285583496094,0,0,2,LSTM
2025-04-04,-0.0015097594154579615,0.007605923513800724,0.0031026180367916822,0.0,0.0017941305925884903,0.003102618031545108,0.007605923513800724,0.0031026180367916822,HOLD,LOW,HIGH,Volatile,0.06683480431021255,20.251428876604354,0,0,2,LSTM
2025-04-07,-0.0021397314836102185,0.010095260882055116,0.005202270112931728,0.0,0.002884664851291247,0.005202270044806797,0.010095260882055116,0.005202270112931728,HOLD,LOW,HIGH,Volatile,0.05514747335464897,21.824286324637278,0,0,2,LSTM
2025-04-08,0.0011286146118338438,0.014973807368279862,0.008076924830675125,0.0,0.0061174016503537714,0.008076924829602584,0.014973807368279862,0.008076924830675125,HOLD,LOW,HIGH,Volatile,0.055708574275925495,23.005714416503906,0,0,2,LSTM
2025-04-09,-0.0005487757817294926,0.015431688029648023,0.011542442254722118,0.0,0.007295589446338297,0.011542442080425982,0.015431688029648023,0.011542442254722118,HOLD,LOW,HIGH,Volatile,0.07073626496061908,26.21142905099051,0,0,2,LSTM
2025-04-10,0.008059370642770661,0.008160303514382643,0.013508973643183708,0.0,0.010862222445150442,0.008160313042576951,0.008160303514382643,0.013508973643183708,HOLD,LOW,HIGH,Volatile,0.07260922350665129,27.490001133510045,0,0,2,LSTM
2025-04-11,-0.003750812883222967,0.042260212725556384,0.01437397301197052,0.0,0.010283442177457712,0.014373973031280091,0.042260212725556384,0.01437397301197052,HOLD,LOW,HIGH,Volatile,0.07212612313302857,26.522142682756698,0,0,2,LSTM
2025-04-14,0.0017004593829719767,0.030314233793460356,0.014384470880031586,0.0,0.011151943867585425,0.014384470896090875,0.030314233793460356,0.014384470880031586,HOLD,LOW,HIGH,Volatile,0.0711805985453678,26.44714137486049,0,0,2,LSTM
2025-04-15,0.0008284055184825036,0.009955055579907907,0.01472423691302538,0.0,0.008890374562456765,0.009955055479861427,0.009955055579907907,0.01472423691302538,HOLD,LOW,HIGH,Volatile,0.06987052215040626,25.702855791364396,0,0,2,LSTM
2025-04-16,0.001086987473008421,0.014209770398650661,0.014736194163560867,0.0,0.009434859959475215,0.014209768582421569,0.014209770398650661,0.014736194163560867,HOLD,LOW,HIGH,Volatile,0.07031000681167372,25.716427394321986,0,0,2,LSTM
2025-04-17,-0.000872446473999625,0.003653133306647567,0.015221950598061085,0.0,0.007841405175425462,0.003653133441091805,0.003653133306647567,0.015221950598061085,HOLD,LOW,HIGH,Volatile,0.07031120573927857,25.08285631452288,0,0,2,LSTM
2025-04-21,0.0013610724972484382,0.007098509007171119,0.015204064548015594,0.0,0.009046304524716237,0.0070985090580625125,0.007098509007171119,0.015204064548015594,HOLD,LOW,HIGH,Volatile,0.070494615116075,24.967857360839844,0,0,2,LSTM
2025-04-22,-0.0010871445662088183,0.003894453314356799,0.015132357366383076,0.0,0.007737859138409394,0.0038944534260463137,0.003894453314356799,0.015132357366383076,HOLD,LOW,HIGH,Volatile,0.0660551056497006,24.753570556640625,0,0,2,LSTM
2025-04-23,0.0029445416268287106,0.0015680919498301598,0.015286963433027267,0.0,0.009126932340478459,0.00294454227127317,0.0015680919498301598,0.015286963433027267,HOLD,LOW,HIGH,Volatile,0.06677287509893877,23.87928662981306,0,0,2,LSTM
2025-04-24,0.00207799479235294,0.0032927989447924496,0.014644363895058632,0.0,0.008642475536467202,0.0032927996785393804,0.0032927989447924496,0.014644363895058632,HOLD,LOW,HIGH,Volatile,0.06627417389534139,23.100001743861608,0,0,2,LSTM
2025-04-25,0.0014559124347832194,-0.0060595929148229725,0.012669723480939865,0.0,0.006426630333142299,0.0014559124786462244,-0.0060595929148229725,0.012669723480939865,HOLD,LOW,HIGH,Volatile,0.06966277231690954,22.818572998046875,0,0,2,LSTM
2025-04-28,0.003264282111266595,-0.009000978131230802,0.009572360664606094,0.0,0.005231219659330922,0.003264282034307756,-0.009000978131230802,0.009572360664606094,HOLD,LOW,HIGH,Volatile,0.06909183032022903,21.724999564034597,0,0,2,LSTM
2025-04-29,0.00015882296369223504,-0.004008130745373205,0.005718904547393322,0.0,0.0025779719601081406,0.0001588230237717715,-0.004008130745373205,0.005718904547393322,HOLD,LOW,HIGH,Volatile,0.06901128206265661,20.382857186453684,0,0,2,LSTM
2025-04-30,0.0014715075813428343,0.012716145653025417,0.0019889078103005886,0.0,0.002896726628613658,0.0019889096423952248,0.012716145653025417,0.0019889078103005886,HOLD,LOW,HIGH,Volatile,0.06921241226994704,18.127142769949778,0,0,2,LSTM
2025-05-01,-0.0003057784056504654,-0.009893419995730277,-0.0004666377790272236,0.0,-0.00137735130278842,-0.00046664381323969725,-0.009893419995730277,-0.0004666377790272236,HOLD,LOW,HIGH,Volatile,0.06824037452207375,16.569284711565295,0,0,2,LSTM
2025-05-02,0.001002792882845624,-0.0018718793882154102,-0.0012324200943112373,0.0,-0.00043913257450305283,-0.0012324189823497995,-0.0018718793882154102,-0.0012324200943112373,HOLD,LOW,HIGH,Volatile,0.06712454405928754,16.46857125418528,0,0,2,LSTM
2025-05-05,0.0015849731655733057,-0.005458288057670877,-0.0006748675368726254,0.0,-0.0002996406794958514,-0.0006748677700223801,-0.005458288057670877,-0.0006748675368726254,HOLD,LOW,HIGH,Volatile,0.06203544838885368,16.25000000000001,0,0,2,LSTM
2025-05-06,-3.904961834563607e-05,0.004080883670792671,0.0004941885708831251,0.0,0.000659236813136304,0.0004941901605582093,0.004080883670792671,0.0004941885708831251,HOLD,LOW,HIGH,Volatile,0.06182438586893783,16.085714067731598,0,0,2,LSTM
2025-05-07,0.0005781681050367172,0.0122931221046844,0.001715474994853139,0.0,0.0023695563790006834,0.0017154757780587255,0.0122931221046844,0.001715474994853139,HOLD,LOW,HIGH,Volatile,0.06029822077310314,15.135714939662398,0,0,2,LSTM
2025-05-08,0.0011040186046114757,0.01177349789932512,0.002726608421653509,0.0,0.003036210873059402,0.0027266089266827355,0.01177349789932512,0.002726608421653509,HOLD,LOW,HIGH,Volatile,0.04006831094776716,15.629999433244986,0,0,2,LSTM
2025-05-09,0.0017166623008450228,0.008639647703255952,0.0034176004119217396,0.0,0.003302479362677728,0.003417600807719722,0.008639647703255952,0.0034176004119217396,HOLD,LOW,HIGH,Volatile,0.03673187545933904,15.889999389648446,0,0,2,LSTM
2025-05-12,0.0019267804555245399,0.008593170269910813,0.004068039357662201,0.0,0.0037117502151861837,0.004068039603350961,0.008593170269910813,0.004068039357662201,HOLD,LOW,HIGH,Volatile,0.038787899766193366,16.50856998988561,0,0,2,LSTM
2025-05-13,0.002349145492868886,0.006919303627786763,0.004279055632650852,0.0,0.0038095517599097337,0.004279055771807688,0.006919303627786763,0.004279055632650852,HOLD,LOW,HIGH,Volatile,0.03951646346914163,16.459284101213736,0,0,2,LSTM
2025-05-14,0.001693305474193089,0.004748963517420584,0.004461889620870352,0.0,0.0034272085040404753,0.004461886522478126,0.004748963517420584,0.004461889620870352,HOLD,LOW,HIGH,Volatile,0.03989201375726309,16.858568464006705,0,0,2,LSTM
2025-05-15,0.001611407345290756,-0.0010299062186002112,0.004290650598704815,0.0,0.0027117806201232453,0.0016114073506424895,-0.0010299062186002112,0.004290650598704815,HOLD,LOW,HIGH,Volatile,0.0374515578987823,15.831425258091526,0,0,2,LSTM
2025-05-16,0.00012759848254245915,0.005093057410338093,0.004083074629306793,0.0,0.0026667106090422967,0.0040830738938338025,0.005093057410338093,0.004083074629306793,HOLD,LOW,HIGH,Volatile,0.03720760379183877,14.892142159598222,0,0,2,LSTM
2025-05-19,0.0015902420165957566,-0.0018854987055806122,0.0036806645803153515,0.0,0.002302809904593692,0.0015902418262237921,-0.0018854987055806122,0.0036806645803153515,HOLD,LOW,HIGH,Volatile,0.0339531322504867,15.089285714285722,0,0,2,LSTM
2025-05-20,2.9693968127148776e-05,0.0015495075167851825,0.0032623307779431343,0.0,0.001842931436888906,0.0015495075907454576,0.0015495075167851825,0.0032623307779431343,HOLD,LOW,HIGH,Volatile,0.0336031743727989,14.52571323939733,0,0,2,LSTM
2025-05-21,0.0012150926691711474,0.005886436934315431,0.0033249666448682547,0.0,0.0027781537208651595,0.003324966728285181,0.005886436934315431,0.0033249666448682547,HOLD,LOW,HIGH,Volatile,0.03407724928422262,14.817855834960941,0,0,2,LSTM
2025-05-22,3.939073818478298e-05,-0.005466652472041685,0.0036701716016978025,0.0,0.001331791633941004,3.939064446624273e-05,-0.005466652472041685,0.0036701716016978025,HOLD,LOW,HIGH,Volatile,0.03377560727986457,14.88285391671317,0,0,2,LSTM
2025-05-23,0.0016494988803320417,-0.006902308702930647,0.0033719358034431934,0.0,0.001649814348223361,0.001649498417339576,-0.006902308702930647,0.0033719358034431934,HOLD,LOW,HIGH,Volatile,0.02824752646398065,14.679997035435267,0,0,2,LSTM
2025-05-27,0.0006377078824273059,0.0018097776926930965,0.002611155854538083,0.0,0.0017698462951984077,0.0018097772996869712,0.0018097776926930965,0.002611155854538083,HOLD,LOW,HIGH,Volatile,0.03106274923695401,15.78999764578683,0,0,2,LSTM
2025-05-28,0.002978921779520681,0.007807692909164364,0.0017404071986675262,0.0,0.002842471946969074,0.0029789223786315802,0.007807692909164364,0.0017404071986675262,HOLD,LOW,HIGH,Volatile,0.031614262216878575,15.944996425083705,0,0,2,LSTM
2025-05-29,-2.5518529426064927e-05,-0.011675544786913725,0.0010368822840973735,0.0,-0.0006830529887346239,-2.551938309986256e-05,-0.011675544786913725,0.0010368822840973735,HOLD,LOW,HIGH,Volatile,0.029890753427659608,15.811425345284599,0,0,2,LSTM
2025-05-30,0.00116993637118647,-0.0024683961353059876,0.0006157464813441038,0.0,0.0005106002869064494,0.0006157450074252395,-0.0024683961353059876,0.0006157464813441038,HOLD,LOW,HIGH,Volatile,0.03139645247732241,15.537852696010049,0,0,2,LSTM
2025-06-02,-0.00013846738509832744,-0.001717074743751071,0.0009162728674709797,0.0,0.00023913030556533318,-0.00013846769873666242,-0.001717074743751071,0.0009162728674709797,HOLD,LOW,HIGH,Volatile,0.031591359180319474,14.876425606863844,0,0,2,LSTM
2025-06-03,0.0008130880059896981,0.0006005133616496511,0.0008950739866122603,0.0,0.0008331674580016673,0.0008130807592213501,0.0006005133616496511,0.0008950739866122603,HOLD,LOW,HIGH,Volatile,0.030631237741212014,14.299281529017861,0,0,2,LSTM
2025-06-04,0.0011225316284498841,-0.0011411667147528688,0.0007885093800723553,0.0,0.000717831487479763,0.0007885069217602834,-0.0011411667147528688,0.0007885093800723553,HOLD,LOW,HIGH,Volatile,0.03177531670552581,14.466426304408486,0,0,2,LSTM
2025-06-05,-0.0002027077801512587,-0.0032272590848159,0.0011357595212757587,0.0,0.00017109839355345036,-0.00020270819575079113,-0.0032272590848159,0.0011357595212757587,HOLD,LOW,HIGH,Volatile,0.048422877622148905,17.743569510323663,0,0,2,LSTM
2025-06-06,-0.0034819878579346966,0.01945476586149565,0.005281132645905018,0.0,0.0033746952613374214,0.005281132689449995,0.01945476586149565,0.005281132645905018,HOLD,LOW,HIGH,Volatile,0.04860695087028303,18.565710885184156,0,0,2,LSTM
2025-06-09,0.003008206943279446,-0.003233254451607902,0.006518582813441753,0.0,0.004163038641622386,0.0030082068187394337,-0.003233254451607902,0.006518582813441753,HOLD,LOW,HIGH,Volatile,0.048532479559463076,19.377851213727684,0,0,2,LSTM
2025-06-10,0.0019960831564841707,0.00518805975191619,0.006533682346343994,0.0,0.004650513488403031,0.005188059322957906,0.00518805975191619,0.006533682346343994,HOLD,LOW,HIGH,Volatile,0.04788504069493206,19.798566545758934,0,0,2,LSTM
2025-06-11,0.002300726990309135,-0.007754763078114809,0.005733548663556576,0.0,0.0030223297783403356,0.002300726798601586,-0.007754763078114809,0.005733548663556576,HOLD,LOW,HIGH,Volatile,0.04659762430598,19.644995553152906,0,0,2,LSTM
2025-06-12,0.000594991765514396,-0.009272004244597915,0.00503529654815793,0.0,0.0018522871075529472,0.0005949916417334504,-0.009272004244597915,0.00503529654815793,HOLD,LOW,HIGH,Volatile,0.04578805858908345,19.63214111328125,0,0,2,LSTM
2025-06-13,0.00023747625400754766,0.004477285026631932,0.004809613339602947,0.0,0.0030177079214603643,0.004477282271306644,0.004477285026631932,0.004809613339602947,HOLD,LOW,HIGH,Volatile,0.04601870198172367,20.326426914760045,0,0,2,LSTM
2025-06-16,0.0016467793918703857,0.0045855183769199755,0.004683376289904118,0.0,0.0035059527949485554,0.004585508702708693,0.0045855183769199755,0.004683376289904118,HOLD,LOW,HIGH,Volatile,0.045822601651370864,19.0614253452846,0,0,2,LSTM
2025-06-17,0.0011398636321238282,0.009009213538155914,0.004076375160366297,0.0,0.0034564380030711523,0.004076375298033771,0.009009213538155914,0.004076375160366297,HOLD,LOW,HIGH,Volatile,0.0463542977386197,19.439998081752236,0,0,2,LSTM
2025-06-18,-0.0003480806092097873,-0.004963078838021196,0.0037816662807017565,0.0,0.0012919243203885892,-0.00034808063464722417,-0.004963078838021196,0.0037816662807017565,HOLD,LOW,HIGH,Volatile,0.046572617301288546,19.59428405761719,0,0,2,LSTM
2025-06-20,0.001719008763591583,0.0008317052644396228,0.0034387456253170967,0.0,0.002508679372557006,0.0017190093072585954,0.0008317052644396228,0.0034387456253170967,HOLD,LOW,HIGH,Volatile,0.04623599205914658,19.32214137486049,0,0,2,LSTM
2025-06-23,0.0008037193960024136,0.0005724046745903519,0.0030086941551417112,0.0,0.0019097090921501312,0.0008037232289570792,0.0005724046745903519,0.0030086941551417112,HOLD,LOW,HIGH,Volatile,0.04950367709161275,20.799998692103795,0,0,2,LSTM
2025-06-24,0.003306033716916218,-0.004292987825466211,0.002414335496723652,0.0,0.002065134470014414,0.002414334526823872,-0.004292987825466211,0.002414335496723652,HOLD,LOW,HIGH,Volatile,0.04980405596879915,21.022142682756698,0,0,2,LSTM
2025-06-25,-0.00036787817395658945,0.0008738661841241444,0.0016976003535091877,0.0,0.0008186059924322065,0.000873865777103994,0.0008738661841241444,0.0016976003535091877,HOLD,LOW,HIGH,Volatile,0.047902689917083484,21.331427437918528,0,0,2,LSTM
2025-06-26,-4.244788916397198e-05,0.0024487571891625773,0.0013213689671829343,0.0,0.0009134023679954082,0.0013213688139102962,0.0024487571891625773,0.0013213689671829343,HOLD,LOW,HIGH,Volatile,0.04782629420957777,17.659999302455358,0,0,2,LSTM
2025-06-27,0.0010323343591801906,0.0021841476288542157,0.00022243830608204007,0.0,0.0007361657365177871,0.001032334724173979,0.0021841476288542157,0.00022243830608204007,HOLD,LOW,HIGH,Volatile,0.047782347335851946,17.01999991280692,0,0,2,LSTM
2025-06-30,0.0007537862832547016,0.008453298698903685,-0.001004592515528202,0.0,0.0006471234085156369,0.0007537867214696644,0.008453298698903685,-0.001004592515528202,HOLD,LOW,HIGH,Volatile,0.04741632652244702,15.662857055664062,0,0,2,LSTM
2025-07-01,0.00041269728792515795,0.001016317593650011,-0.001882623415440321,0.0,-0.0007011763307098802,0.00041269607201437753,0.001016317593650011,-0.001882623415440321,HOLD,LOW,HIGH,Volatile,0.04873547460096418,16.034286499023438,0,0,2,LSTM
2025-07-02,-0.0005790573079671041,-0.002920349083131106,-0.001970008946955204,0.0,-0.001533345341864902,-0.0019700086148099647,-0.002920349083131106,-0.001970008946955204,HOLD,LOW,HIGH,Volatile,0.05022837089188413,16.25714329310826,0,0,2,LSTM
2025-07-03,0.002758237326930065,-0.005247547105058212,-0.0019124385435134172,0.0,-0.000461018414731262,-0.0019124384578629344,-0.005247547105058212,-0.0019124385435134172,HOLD,LOW,HIGH,Volatile,0.04966898602367946,15.54214259556362,0,0,2,LSTM
2025-07-07,0.0005258489238357728,0.0025428552850262575,-0.0019192122854292393,0.0,-0.000518935909409863,0.0005258488371960632,0.0025428552850262575,-0.0019192122854292393,HOLD,LOW,HIGH,Volatile,0.03854509715324233,16.03428649902344,0,0,2,LSTM
2025-07-08,-0.0011554755389483842,-0.00027951440303159873,-0.0014180818106979132,0.0,-0.00119966601164876,-0.0011554728987396843,-0.00027951440303159873,-0.0014180818106979132,HOLD,LOW,HIGH,Volatile,0.037801286729097335,16.275000435965403,0,0,2,LSTM
2025-07-09,0.0018191805946154854,0.003558894995647815,-0.0005775984609499574,0.0,0.0007705281722625889,0.0018191804373472484,0.003558894995647815,-0.0005775984609499574,HOLD,LOW,HIGH,Volatile,0.03636423393594141,15.718571254185267,0,0,2,LSTM
2025-07-10,0.0006151376095343276,0.0035975049673774746,-2.526876050978899e-05,0.0,0.0005946737375997173,0.0006151388311026526,0.0035975049673774746,-2.526876050978899e-05,HOLD,LOW,HIGH,Volatile,0.035667391642224655,15.770714896065849,0,0,2,LSTM
2025-07-11,0.002346088951254234,0.007125106786845612,8.261820767074823e-05,0.0,0.00167930690925109,0.0023460891835031363,0.007125106786845612,8.261820767074823e-05,HOLD,LOW,HIGH,Volatile,0.03580282594447305,15.332144601004464,0,0,2,LSTM
2025-07-14,0.0009276722507477546,-0.0027553741786392628,-4.761829040944576e-05,0.0,4.794630746449049e-05,-4.761894460992282e-05,-0.0027553741786392628,-4.761829040944576e-05,HOLD,LOW,HIGH,Volatile,0.0355671604187517,13.514286586216517,0,0,2,LSTM
2025-07-15,0.0011636413535421424,-0.0007149339634244201,0.00014521705452352762,0.0,0.00044797853469969373,0.0001452172344288294,-0.0007149339634244201,0.00014521705452352762,HOLD,LOW,HIGH,Volatile,0.035499044729489206,13.148572649274554,0,0,2,LSTM
2025-07-16,0.0002609715826666192,0.00870179276134318,0.0006004343158565462,0.0,0.0013057466418033657,0.0006004371210292097,0.00870179276134318,0.0006004343158565462,HOLD,LOW,HIGH,Volatile,0.036325621557105,12.442858014787946,0,0,2,LSTM
2025-07-17,0.002088150305227596,0.0015592983816125024,0.0004726542392745614,0.0,0.0012057906283540745,0.0015592974164201606,0.0015592983816125024,0.0004726542392745614,HOLD,LOW,HIGH,Volatile,0.03522437772850562,12.431429181780137,0,0,2,LSTM
2025-07-18,0.0004533205973221158,0.003035074139565434,0.00021468359045684338,0.0,0.0005973970259430788,0.0004533243659311536,0.003035074139565434,0.00021468359045684338,HOLD,LOW,HIGH,Volatile,0.035709863961838756,12.406428745814736,0,0,2,LSTM
2025-07-21,0.0019172902297928721,0.011015299802973862,-0.0002592788077890873,0.0,0.001740623367128833,0.0019172905789197926,0.011015299802973862,-0.0002592788077890873,HOLD,LOW,HIGH,Volatile,0.03572502755018428,12.559286934988844,0,0,2,LSTM
2025-07-22,0.0005812247813157363,-0.0036993799076238325,-0.0005874937633052468,0.0,-0.00045926532080487435,-0.0005874942963395426,-0.0036993799076238325,-0.0005874937633052468,HOLD,LOW,HIGH,Volatile,0.030789605748688314,11.802858625139512,0,0,2,LSTM
2025-07-23,0.0012775654555835215,-0.0060816749636901715,-0.0009298122022300959,0.0,-0.0006127649631642376,-0.0009298124608170388,-0.0060816749636901715,-0.0009298122022300959,HOLD,LOW,HIGH,Volatile,0.03038089546614675,11.189287458147325,0,0,2,LSTM
2025-07-24,0.0008493848276137435,-0.001139852299425573,-0.0013649417087435722,0.0,-0.0004904887833484877,-0.001139848398065404,-0.001139852299425573,-0.0013649417087435722,HOLD,LOW,HIGH,Volatile,0.034894687252442255,13.079286847795759,0,0,2,LSTM
2025-07-25,-0.0015850736061911955,0.0002062317806538675,-0.0011338377371430397,0.0,-0.0011690481462674055,-0.001133836275901814,0.0002062317806538675,-0.0011338377371430397,HOLD,LOW,HIGH,Volatile,0.035914425691510904,12.490001133510045,0,0,2,LSTM
2025-07-28,0.002594460297783983,-0.0032640428104900713,-0.0007867177482694387,0.0,0.0002574906488998132,-0.0007867176405139196,-0.0032640428104900713,-0.0007867177482694387,HOLD,LOW,HIGH,Volatile,0.036555494553286966,12.825001307896205,0,0,2,LSTM
2025-07-29,0.0014618685592929848,-0.0046743892677628554,-0.0007519155042245984,0.0,-0.00030557076960620886,-0.0007519157007209029,-0.0046743892677628554,-0.0007519155042245984,HOLD,LOW,HIGH,Volatile,0.03643527935568792,12.925000871930804,0,0,2,LSTM
2025-07-30,0.0002782558421681086,-0.003556186860224403,-0.0007427339442074299,0.0,-0.0006405063064789666,-0.000742734566551872,-0.003556186860224403,-0.0007427339442074299,HOLD,LOW,HIGH,Volatile,0.03409951657135693,12.798573085239955,0,0,2,LSTM
2025-07-31,0.0008201917292771253,0.00875376949586698,-0.0004908600822091103,0.0,0.0009668925710762276,0.0008201923648469877,0.00875376949586698,-0.0004908600822091103,HOLD,LOW,HIGH,Volatile,0.033299321874716126,13.286429268973214,0,0,2,LSTM
2025-08-01,-4.371039045231184e-05,0.002318945599847644,0.0002651192480698228,0.0,0.00035829012474237863,0.00026512197884810944,0.002318945599847644,0.0002651192480698228,HOLD,LOW,HIGH,Volatile,0.03352244560574973,13.397857666015621,0,0,2,LSTM
2025-08-04,0.0006419800699804584,0.01414892638513041,0.0007062548538669944,0.0,0.0020684123968345977,0.0007062698681999319,0.01414892638513041,0.0007062548538669944,HOLD,LOW,HIGH,Volatile,0.029765339514653565,13.311427525111602,0,0,2,LSTM
2025-08-05,0.0016698181559391845,0.0073379270758802805,0.0005334332818165421,0.0,0.0016722943302137391,0.0016698188580133709,0.0073379270758802805,0.0005334332818165421,HOLD,LOW,HIGH,Volatile,0.029673523788156547,12.899285452706469,0,0,2,LSTM
2025-08-06,0.0006719017181318115,0.001792161698614404,0.00011854234617203474,0.0,0.0005039300945929834,0.0006719026277100021,0.001792161698614404,0.00011854234617203474,HOLD,LOW,HIGH,Volatile,0.030534830216759824,13.346429007393965,0,0,2,LSTM
2025-08-07,0.0019515390833969816,0.0002011679383127187,-0.0004206638550385833,0.0,0.0005554113529941675,0.00020116897065450477,0.0002011679383127187,-0.0004206638550385833,HOLD,LOW,HIGH,Volatile,0.028894291410182786,12.971429007393965,0,0,2,LSTM
2025-08-08,0.0008247787265574123,-0.0021254928395708327,-0.0011021767277270555,0.0,-0.00046699156238047914,-0.0011021762708331448,-0.0021254928395708327,-0.0011021767277270555,HOLD,LOW,HIGH,Volatile,0.029190805875594698,13.189285278320304,0,0,2,LSTM
2025-08-11,0.0015052499547934329,-0.0006462319565681134,-0.0014711811672896147,0.0,-0.0002418733494875566,-0.0006462312116678309,-0.0006462319565681134,-0.0014711811672896147,HOLD,LOW,HIGH,Volatile,0.02969996249071015,13.412857055664054,0,0,2,LSTM
2025-08-12,0.00153088112085177,-0.0031424972079278834,-0.0017649426590651274,0.0,-0.0006400839745022129,-0.001764942237423643,-0.0031424972079278834,-0.0017649426590651274,HOLD,LOW,HIGH,Volatile,0.029208268960507797,13.755000523158474,0,0,2,LSTM
2025-08-13,0.0008331692106047918,0.005073513032360786,-0.001997863408178091,0.0,-0.000180012424100856,0.0008331693278646873,0.005073513032360786,-0.001997863408178091,HOLD,LOW,HIGH,Volatile,0.028399582505219793,12.228572300502227,0,0,2,LSTM
2025-08-14,0.0007388327510588074,-0.002086384542955874,-0.002179706236347556,0.0,-0.0010481345221863836,-0.002086374405831556,-0.002086384542955874,-0.002179706236347556,HOLD,LOW,HIGH,Volatile,0.0284909419136538,11.638571602957585,0,0,2,LSTM
2025-08-15,0.0006093467344862971,0.006122423677587265,-0.002308913739398122,0.0,-0.00031722493301649735,0.000609346895600381,0.006122423677587265,-0.002308913739398122,HOLD,LOW,HIGH,Volatile,0.027886894632100295,11.458572387695309,0,0,2,LSTM
2025-08-18,0.0005537855567492115,0.004024244897990489,-0.0020397580228745937,0.0,-0.00041713214639457134,0.0005537856540446388,0.004024244897990489,-0.0020397580228745937,HOLD,LOW,HIGH,Volatile,0.028036289747883514,11.364286150251113,0,0,2,LSTM
2025-08-19,0.0014201791682686886,0.004977323117024609,-0.0021956346463412046,0.0,-6.561829206941025e-05,0.0014201791637122726,0.004977323117024609,-0.0021956346463412046,HOLD,LOW,HIGH,Volatile,0.028229508735337926,11.354997907366068,0,0,2,LSTM
2025-08-20,0.0002758587616198939,-0.0026362714324475243,-0.0018920865841209888,0.0,-0.0011354624888216215,-0.0018920857048110426,-0.0026362714324475243,-0.0018920865841209888,HOLD,LOW,HIGH,Volatile,0.02845359077389848,11.462140764508925,0,0,2,LSTM
2025-08-21,0.000567444315265784,-0.006328705440278327,-0.0014276271685957909,0.0,-0.001166321432947739,-0.0014276274653755186,-0.006328705440278327,-0.0014276271685957909,HOLD,LOW,MEDIUM,Volatile,0.020684449547547515,11.08571297781808,0,0,1,LSTM
2025-08-22,0.0006872210742585146,-0.0017547297090225343,-0.00134469592012465,0.0,-0.0006058897925505586,-0.001344693984799065,-0.0017547297090225343,-0.00134469592012465,HOLD,LOW,MEDIUM,Volatile,0.02340953931259426,11.876427786690849,0,0,1,LSTM
2025-08-25,0.002716220171017333,-0.00367797302590946,-0.00150846759788692,0.0,-0.0001082400432782008,-0.001508467373968758,-0.00367797302590946,-0.00150846759788692,HOLD,LOW,MEDIUM,Volatile,0.022906417137812763,12.415712629045759,0,0,1,LSTM
2025-08-26,0.0009107268480076171,-0.0074543296023861436,-0.0016996031627058983,0.0,-0.001289849910737257,-0.0016996033717961046,-0.0074543296023861436,-0.0016996031627058983,HOLD,LOW,MEDIUM,Volatile,0.02268875772768828,12.032854352678571,0,0,1,LSTM
2025-08-27,0.0011511508415845261,0.0015585313203177278,-0.0019064981024712324,0.0,-0.000373594305889685,0.0011511487257023182,0.0015585313203177278,-0.0019064981024712324,HOLD,LOW,MEDIUM,Volatile,0.022667452743559434,12.032141549246651,0,0,1,LSTM
2025-08-28,0.0005926103686702798,0.0017469186460109096,-0.0018696885090321302,0.0,-0.0005500108802688997,0.0005926099096437764,0.0017469186460109096,-0.0018696885090321302,HOLD,LOW,MEDIUM,Volatile,0.021081264114166606,11.969284057617188,0,0,1,LSTM
2025-08-29,0.0006413792379470353,0.003379010135389775,-0.0014333869330585003,0.0,-0.00013931613669024214,0.0006413793544522405,0.003379010135389775,-0.0014333869330585003,HOLD,LOW,MEDIUM,Volatile,0.02242627584211717,11.973567417689733,0,0,1,LSTM
2025-09-02,-4.830829007062599e-05,-0.002413927510785009,-0.0003705054987221956,0.0,-0.0004574642138099676,-0.0003705080943717338,-0.002413927510785009,-0.0003705054987221956,HOLD,LOW,MEDIUM,Volatile,0.022425837397322883,11.684280395507812,0,0,1,LSTM
2025-09-03,0.0008029191545789919,-0.0015539142943209083,3.193959128111601e-05,0.0,0.00016470845790926504,3.19389273661804e-05,-0.0015539142943209083,3.193959128111601e-05,HOLD,LOW,MEDIUM,Volatile,0.022527303749921537,11.972850254603795,0,0,1,LSTM
2025-09-04,0.0014052339611945353,0.004537507179523697,0.0002794467145577073,0.0,0.0011515210252205396,0.0014052345288335267,0.004537507179523697,0.0002794467145577073,HOLD,LOW,MEDIUM,Volatile,0.021399122830949968,11.782849993024554,0,0,1,LSTM
2025-09-05,0.0011391570844157656,0.00021908791092532229,-0.00016181031242012978,0.0,0.00037760401613548664,0.00021908943807238368,0.00021908791092532229,-0.00016181031242012978,HOLD,LOW,MEDIUM,Volatile,0.022619889636057443,12.144278390066964,0,0,1,LSTM
2025-09-08,0.0018005194941531867,0.00027797135366457247,-0.0007688318146392703,0.0,0.00032687494817366155,0.00027797165120045284,0.00027797135366457247,-0.0007688318146392703,HOLD,LOW,MEDIUM,Volatile,0.02248860351264438,12.638565063476562,0,0,1,LSTM
2025-09-09,0.00021265712534311164,-0.006022741499380828,-0.0009288305882364511,0.0,-0.0010155535869075956,-0.0009288312665182834,-0.006022741499380828,-0.0009288305882364511,HOLD,LOW,MEDIUM,Volatile,0.021667993399619997,12.227850777762276,0,0,1,LSTM
2025-09-10,0.0010520525799545407,0.001433786513588014,-0.001379313413053751,0.0,-0.0001544239746209316,0.0010520503849332826,0.001433786513588014,-0.001379313413053751,HOLD,LOW,MEDIUM,Volatile,0.021648119493596747,11.762850080217634,0,0,1,LSTM
2025-09-11,0.0009349835143948288,0.0019956356064031217,-0.001736082835122943,0.0,-0.000324274974043826,0.0009349829474550636,0.0019956356064031217,-0.001736082835122943,HOLD,LOW,HIGH,Volatile,0.025135422319816646,12.846420288085938,0,0,2,LSTM
2025-09-12,0.00255096859684675,-0.005119734464896829,-0.0022673325147479773,0.0,-0.0007093620139685666,-0.002267332371867803,-0.005119734464896829,-0.0022673325147479773,HOLD,LOW,HIGH,Volatile,0.02892223432010598,13.369277954101566,0,0,2,LSTM
2025-09-15,0.0024141075432640973,-0.007623720075631576,-0.002696053124964237,0.0,-0.0012399889367016056,-0.0026960531177227815,-0.007623720075631576,-0.002696053124964237,HOLD,LOW,HIGH,Volatile,0.028962130847497825,14.45927865164621,0,0,2,LSTM
2025-09-16,0.0012878437748867746,-0.017588633332881732,-0.0023915378842502832,0.0,-0.0025449792476640153,-0.002391538090094042,-0.017588633332881732,-0.0023915378842502832,HOLD,LOW,HIGH,Volatile,0.029208663352063242,14.818564278738844,0,0,2,LSTM
2025-09-17,0.0013963143626572027,-0.008242110598579636,-0.0024655607994645834,0.0,-0.0015769404572413715,-0.002465560885218321,-0.008242110598579636,-0.0024655607994645834,HOLD,LOW,HIGH,Volatile,0.028403079535462984,15.704990931919648,0,0,2,LSTM
2025-09-18,0.0009370241507861998,-0.009049653403165832,-0.0024875993840396404,0.0,-0.0018481068008407752,-0.0024875995235272372,-0.009049653403165832,-0.0024875993840396404,HOLD,LOW,HIGH,Volatile,0.028684863495745574,15.874278477260049,0,0,2,LSTM
2025-09-19,0.00022829117527770645,0.006810322664317477,-0.0019499578047543764,0.0,-0.000208807275209848,0.00022829148205831255,0.006810322664317477,-0.0019499578047543764,HOLD,LOW,HIGH,Volatile,0.02816135786941466,15.55785042898996,0,0,2,LSTM
2025-09-22,0.0018107291109361258,-0.0035294838246842804,-0.0019122811499983072,0.0,-0.0006479278170254568,-0.0019122808008659729,-0.0035294838246842804,-0.0019122811499983072,HOLD,LOW,HIGH,Volatile,0.02604319923865803,16.31785147530692,0,0,2,LSTM
2025-09-23,0.0013710195476540556,-0.006549090211551886,-0.0018002858851104975,0.0,-0.0010711027347587807,-0.0018002859897486526,-0.006549090211551886,-0.0018002858851104975,HOLD,LOW,HIGH,Volatile,0.026917437727076023,16.491424560546875,0,0,2,LSTM
2025-09-24,0.00021838004884477762,-0.0011650648156799812,-0.0012373875360935926,0.0,-0.0006703003736029565,-0.0011650520825103343,-0.0011650648156799812,-0.0012373875360935926,HOLD,LOW,HIGH,Volatile,0.02766624208690341,17.273566109793528,0,0,2,LSTM
2025-09-25,0.002327734380680251,-0.003082966039018497,-0.001162974163889885,0.0,-1.9160619439228914e-05,-0.0011629739299070367,-0.003082966039018497,-0.001162974163889885,HOLD,LOW,HIGH,Volatile,0.03020624141443885,17.728567940848215,0,0,2,LSTM
2025-09-26,-0.0007359973562408877,-0.00977035686785422,-0.0006956391735002398,0.0,-0.0016473825652288513,-0.0007360208538276242,-0.00977035686785422,-0.0006956391735002398,HOLD,LOW,HIGH,Volatile,0.03052304925824706,18.14642551967076,0,0,2,LSTM
2025-09-29,0.0025458897588353227,-0.004496720627529392,-0.000582405598834157,0.0,0.00021633700006251644,-0.0005824056629507613,-0.004496720627529392,-0.000582405598834157,HOLD,LOW,HIGH,Volatile,0.028443020886612044,18.469999040876115,0,0,2,LSTM
2025-09-30,0.0008374321434945516,-0.0032438626651689457,-0.0006760252872481942,0.0,-0.0003591435045340899,-0.0006760255579853524,-0.0032438626651689457,-0.0006760252872481942,HOLD,LOW,HIGH,Volatile,0.02781670195869968,18.58571515764509,0,0,2,LSTM
2025-10-01,0.0010293512867868113,-0.00025486420755475755,-0.0009372676722705364,0.0,-0.00011085781209138916,-0.00025486352390223353,-0.00025486420755475755,-0.0009372676722705364,HOLD,LOW,HIGH,Volatile,0.0280916691624156,18.596431187220983,0,0,2,LSTM
2025-10-02,0.0019457470635410134,-0.003149494641675692,-0.001108711352571845,0.0,-0.00014506286250700554,-0.0011087111902196847,-0.003149494641675692,-0.001108711352571845,HOLD,LOW,HIGH,Volatile,0.03198814371984854,19.117858886718743,0,0,2,LSTM
2025-10-03,-0.0009150362142703744,-0.005178180552645732,0.0004175942740403116,0.0,-0.0006720052077691439,-0.0009150367290828705,-0.005178180552645732,0.0004175942740403116,HOLD,LOW,HIGH,Volatile,0.032043157266125354,19.148572649274545,0,0,2,LSTM
2025-10-06,0.0009437612055546865,0.005633228643588118,0.0016069089761003852,0.0,0.0017673730151821286,0.0016069102312837099,0.005633228643588118,0.0016069089761003852,HOLD,LOW,HIGH,Volatile,0.03293429937391647,19.89928763253348,0,0,2,LSTM
2025-10-07,0.002704219080848836,0.003938392768384733,0.0012633149744942784,0.0,0.0020932117786354883,0.002704218964947708,0.003938392768384733,0.0012633149744942784,HOLD,LOW,HIGH,Volatile,0.03541660962950825,20.05357360839843,0,0,2,LSTM
2025-10-08,-0.0008648375325581274,-0.01494996008628267,0.0013552719028666615,0.0,-0.0011803751826326104,-0.0008648379115941623,-0.01494996008628267,0.0013552719028666615,HOLD,LOW,HIGH,Volatile,0.03535822127573685,20.085000174386153,0,0,2,LSTM
2025-10-09,0.0017331186467906003,-0.005925373587999824,0.0008970769122242928,0.0,0.0005146028895451271,0.0008970758654980589,-0.005925373587999824,0.0008970769122242928,HOLD,LOW,HIGH,Volatile,0.033775558836195534,20.077144077845976,0,0,2,LSTM
2025-10-10,0.0006265405565801148,0.005194767539441365,6.451457738876343e-05,0.0,0.0008098511301445945,0.0006265421107411829,0.005194767539441365,6.451457738876343e-05,HOLD,LOW,HIGH,Volatile,0.032947033162863903,20.989286150251107,0,0,2,LSTM
2025-10-13,-0.000582676216717223,-0.008717527804475395,0.0008474586647935212,0.0,-0.0006891227414070682,-0.0005826767920778675,-0.008717527804475395,0.0008474586647935212,HOLD,LOW,HIGH,Volatile,0.03409962501503548,21.42857360839843,0,0,2,LSTM
2025-10-14,0.003004597075974131,-0.004978429639031649,0.0005269754328764975,0.0,0.0009114351956998664,0.0005269752111628632,-0.004978429639031649,0.0005269754328764975,HOLD,LOW,HIGH,Volatile,0.03381476673032702,21.405718122209812,0,0,2,LSTM
2025-10-15,5.8371046502133945e-05,0.002733983765296237,4.9496651627123356e-05,0.0,0.0003298638060375917,5.846263532056245e-05,0.002733983765296237,4.9496651627123356e-05,HOLD,LOW,HIGH,Volatile,0.03387667863929663,20.725003923688607,0,0,2,LSTM
2025-10-16,0.001522332685103264,0.003971640853986987,-0.0005479861283674836,0.0,0.0007141702398135383,0.001522332759709068,0.003971640853986987,-0.0005479861283674836,HOLD,LOW,HIGH,Volatile,0.03367873264062779,20.62428937639508,0,0,2,LSTM
2025-10-17,0.00045184749698822045,0.002419385786175086,-0.0007820007158443332,0.0,2.25984347090824e-05,0.00045184779841599094,0.002419385786175086,-0.0007820007158443332,HOLD,LOW,HIGH,Volatile,0.03376160630375327,21.08000183105468,0,0,2,LSTM
2025-10-20,0.0017545505985873673,-0.0014733238752923771,-0.0012463750317692757,0.0,-0.00011617423945217025,-0.0012463709969840365,-0.0014733238752923771,-0.0012463750317692757,HOLD,LOW,HIGH,Volatile,0.033745341410492735,20.980715070452003,0,0,2,LSTM
2025-10-21,0.001279732615074657,0.00015395787043128253,-0.0020006566774100065,0.0,-0.0005173212081785819,0.0001539574474189384,0.00015395787043128253,-0.0020006566774100065,HOLD,LOW,HIGH,Volatile,0.03351874311326991,19.960000174386156,0,0,2,LSTM
2025-10-22,0.0005351257689396245,-0.003548634110211179,-0.002546499716117978,0.0,-0.0014652513753171692,-0.0025464990445287295,-0.003548634110211179,-0.002546499716117978,HOLD,LOW,HIGH,Volatile,0.03241461894868859,18.628572736467635,0,0,2,LSTM
2025-10-23,0.0008300756511510133,0.004494852338389266,-0.002779842121526599,0.0,-0.0006415962556925354,0.0008300756552931548,0.004494852338389266,-0.002779842121526599,HOLD,LOW,HIGH,Volatile,0.03103154262072503,19.007858276367188,0,0,2,LSTM
2025-10-24,0.0016485080119788033,0.000993388495262557,-0.0028658218216151,0.0,-0.0007322740069798232,0.000993387232455029,0.000993388495262557,-0.0028658218216151,HOLD,LOW,HIGH,Volatile,0.030865471285734632,18.849999564034597,0,0,2,LSTM
2025-10-27,-0.0001553836908054528,-0.0018662516719204316,-0.002270987257361412,0.0,-0.001415951480411432,-0.0018662497971341676,-0.0018662516719204316,-0.002270987257361412,HOLD,LOW,HIGH,Volatile,0.032308368401609396,19.25285775320871,0,0,2,LSTM
2025-10-28,0.0023994920475188452,0.00183805326405319,-0.0021152044646441936,0.0,2.818707926978631e-05,0.00183805174206483,0.00183805326405319,-0.0021152044646441936,HOLD,LOW,HIGH,Volatile,0.032524006067599864,19.202859061104913,0,0,2,LSTM
2025-10-29,0.0011232169100700547,0.00242534579238375,-0.0022683239076286554,0.0,-0.00048030800239114786,0.0011232164379520327,0.00242534579238375,-0.0022683239076286554,HOLD,LOW,HIGH,Volatile,0.03170564070056612,19.24143110002791,0,0,2,LSTM
2025-10-30,0.0008982543121686199,0.004333881400097412,-0.0024791574105620384,0.0,-0.00047791996459459164,0.0008982543171797743,0.004333881400097412,-0.0024791574105620384,HOLD,LOW,HIGH,Volatile,0.03129315051814378,18.542861938476573,0,0,2,LSTM
2025-10-31,-0.0003479249709609138,-0.008733112109291707,-0.0021126081701368093,0.0,-0.002117259530346985,-0.002112608585168996,-0.008733112109291707,-0.0021126081701368093,HOLD,LOW,HIGH,Volatile,0.03209643727542761,18.150002615792424,0,0,2,LSTM
2025-11-03,0.002343749630827947,0.0006487496874805427,-0.002010664204135537,0.0,-6.237295913691853e-05,0.0006487494739454135,0.0006487496874805427,-0.002010664204135537,HOLD,LOW,HIGH,Volatile,0.03038270528310192,18.30928911481586,0,0,2,LSTM
2025-11-04,0.001375715193734581,-0.001269095712538104,-0.00201847474090755,0.0,-0.0006363687101388015,-0.0012690947594645608,-0.001269095712538104,-0.00201847474090755,HOLD,LOW,HIGH,Volatile,0.031020673589791766,19.06571524483818,0,0,2,LSTM
2025-11-05,-0.0006692680973447872,-0.01102012222741524,-0.001306760124862194,0.0,-0.002063812817763625,-0.0013067615856738103,-0.01102012222741524,-0.001306760124862194,HOLD,LOW,HIGH,Volatile,0.03208616537188729,19.60714285714287,0,0,2,LSTM
2025-11-06,0.002460274110652798,-0.0016558340574669395,-0.0008249669335782528,0.0,0.00035222469568320066,-0.0008249660371126798,-0.0016558340574669395,-0.0008249669335782528,HOLD,LOW,HIGH,Volatile,0.03315308346639519,20.642859322684167,0,0,2,LSTM
2025-11-07,-0.0003233786957729471,0.004742567314987876,0.00028685724828392267,0.0,0.0005119613825401631,0.0002868586573112333,0.004742567314987876,0.00028685724828392267,HOLD,LOW,HIGH,Volatile,0.03207067012064151,21.610002790178584,0,0,2,LSTM
2025-11-10,0.00022688500118848336,-0.006526167900475229,0.0010280535789206624,0.0,-5.9292331970292416e-05,0.00022688390415698275,-0.006526167900475229,0.0010280535789206624,HOLD,LOW,HIGH,Volatile,0.030861917427263085,22.53143310546876,0,0,2,LSTM
2025-11-11,0.002235549244242692,0.007261194593344444,0.0009434201056137681,0.0,0.002091938003956788,0.0022355498180629246,0.007261194593344444,0.0009434201056137681,HOLD,LOW,HIGH,Volatile,0.03079158514408656,22.26929146902903,0,0,2,LSTM
2025-11-12,0.0003366809099464215,0.0037148612663430885,0.00044229021295905113,0.0,0.0007393195718560037,0.0004422992004778898,0.0037148612663430885,0.00044229021295905113,HOLD,LOW,HIGH,Volatile,0.031017923299965135,20.860004970005594,0,0,2,LSTM
2025-11-13,0.0005069661570501756,-0.005003457072876956,0.00038126856088638306,0.0,-0.00012594719033336176,0.0003812609155158262,-0.005003457072876956,0.00038126856088638306,HOLD,LOW,HIGH,Volatile,0.034477552762744265,21.770721435546882,0,0,2,LSTM
2025-11-14,-0.0006733180471093742,-0.002393240602214986,0.00123183848336339,0.0,0.00012546329577483748,-0.0006733179907039559,-0.002393240602214986,0.00123183848336339,HOLD,LOW,HIGH,Volatile,0.033943785038630714,21.982864379882823,0,0,2,LSTM
2025-11-17,0.0016438461605974373,-0.0055684701918169745,0.0017081014811992645,0.0,0.0009326843599769064,0.0016438312060519445,-0.0055684701918169745,0.0017081014811992645,HOLD,LOW,HIGH,Volatile,0.03373357429969467,22.68429347446988,0,0,2,LSTM
2025-11-18,0.0011721204169369143,0.006246987196908681,0.0019807200878858566,0.0,0.0021100246751267447,0.0019807210872536114,0.006246987196908681,0.0019807200878858566,HOLD,LOW,HIGH,Volatile,0.03386183876588024,22.83857945033483,0,0,2,LSTM
2025-11-19,0.0003649988084099186,0.0025468761349988355,0.0017216482665389776,0.0,0.0012852633959791618,0.0017216477937068218,0.0025468761349988355,0.0017216482665389776,HOLD,LOW,HIGH,Volatile,0.033950864210502675,22.222863333565858,0,0,2,LSTM
2025-11-20,0.0012726248157537666,0.00810730134713186,0.0011875679483637214,0.0,0.0019341669706422105,0.0012726361562475036,0.00810730134713186,0.0011875679483637214,HOLD,LOW,HIGH,Volatile,0.03356424251463179,23.38715035574778,0,0,2,LSTM
2025-11-21,0.00031574065686420236,-0.008034920623691353,0.0019923110958188772,0.0,0.0003133056644759393,0.000315740180841458,-0.008034920623691353,0.0019923110958188772,HOLD,LOW,HIGH,Volatile,0.032925358438646087,23.29929024832591,0,0,2,LSTM
2025-11-24,0.0008482880412724289,0.006954652113998547,0.002132846973836422,0.0,0.002136497719547171,0.0021328475437984453,0.006954652113998547,0.002132846973836422,HOLD,LOW,HIGH,Volatile,0.035087790692445095,23.717862810407382,0,0,2,LSTM
2025-11-25,0.002729854453681476,-0.00012423775910909657,0.0015054992400109768,0.0,0.0018080272538728397,0.0015054990374303058,-0.00012423775910909657,0.0015054992400109768,HOLD,LOW,HIGH,Volatile,0.03476909966892233,22.92572021484376,0,0,2,LSTM
2025-11-26,0.0005084424532529467,-0.0030726838954599563,0.00046197371557354927,0.0,0.00011517037000187234,0.0004619533663520187,-0.0030726838954599563,0.00046197371557354927,HOLD,LOW,HIGH,Volatile,0.03507962470419584,21.332146780831486,0,0,2,LSTM
2025-11-28,0.0013636267839893742,-0.0003091705767311787,-0.0007872709538787603,0.0,8.890156404846718e-05,-0.00030916909091873135,-0.0003091705767311787,-0.0007872709538787603,HOLD,LOW,HIGH,Volatile,0.03362213645613104,20.096431187220993,0,0,2,LSTM
2025-12-01,0.0010204206647370072,0.003716534748672583,-0.002086224500089884,0.0,-0.00029330450799370947,0.0010204206157912973,0.003716534748672583,-0.002086224500089884,HOLD,LOW,HIGH,Volatile,0.03242698190823362,19.255000523158493,0,0,2,LSTM
2025-12-02,0.0008759705111533914,-0.0003531146917013981,-0.003100733971223235,0.0,-0.0012885415780896988,-0.00035311514030627944,-0.0003531146917013981,-0.003100733971223235,HOLD,LOW,HIGH,Volatile,0.031729075824497105,19.384283883231042,0,0,2,LSTM
2025-12-03,0.0008894301981946457,-0.0015540959590941688,-0.003586630104109645,0.0,-0.0016562500759522139,-0.0015540958764911016,-0.0015540959590941688,-0.003586630104109645,HOLD,LOW,HIGH,Volatile,0.03104397427060185,19.592143467494434,0,0,2,LSTM
2025-12-04,0.0019922510762625527,-0.0022233318081186894,-0.004032551310956478,0.0,-0.0015298434833432104,-0.0022233314931070836,-0.0022233318081186894,-0.004032551310956478,HOLD,LOW,HIGH,Volatile,0.029958485105319736,17.804999215262292,0,0,2,LSTM
2025-12-05,0.001066555636473406,0.0009661576875285173,-0.0045707980170845985,0.0,-0.0018324465522668487,0.0009661481022304566,0.0009661576875285173,-0.0045707980170845985,HOLD,LOW,HIGH,Volatile,0.028818523214871928,16.219284057617198,0,0,2,LSTM
2025-12-08,0.0008375154247998555,0.00322552673760086,-0.004634461365640163,0.0,-0.001720019254829062,0.0008375151890743191,0.00322552673760086,-0.004634461365640163,HOLD,LOW,HIGH,Volatile,0.02861679393440653,15.828569684709834,0,0,2,LSTM
2025-12-09,4.387429659643302e-05,-0.007274862220904854,-0.0037357367109507322,0.0,-0.002647907659189144,-0.0037357366929922035,-0.007274862220904854,-0.0037357367109507322,HOLD,LOW,HIGH,Volatile,0.0275829224314151,15.93428257533483,0,0,2,LSTM
2025-12-10,0.0015464290860768043,-0.0032888297008563834,-0.0026681330054998398,0.0,-0.0011120090211890923,-0.0026681316367410802,-0.0032888297008563834,-0.0026681330054998398,HOLD,LOW,HIGH,Volatile,0.027583103469816118,15.93356977190291,0,0,2,LSTM
2025-12-11,0.001195377438833507,0.001314237717906786,-0.0018097271677106619,0.0,-0.00033220971165478824,0.0011953694973404843,0.001314237717906786,-0.0018097271677106619,HOLD,LOW,HIGH,Volatile,0.0272370919871121,14.284999302455365,0,0,2,LSTM
2025-12-12,0.0005701143481246502,0.013624129285407693,-0.0011650423984974623,0.0,0.0010277690118958476,0.0005701148471849146,0.013624129285407693,-0.0011650423984974623,HOLD,LOW,MEDIUM,Volatile,0.022087548537871374,14.449286324637281,0,0,1,LSTM
2025-12-15,0.0017505439355529895,0.001483385980081668,-0.0006242407253012061,0.0,0.0005061148185066613,0.001483382738802952,0.001483385980081668,-0.0006242407253012061,HOLD,LOW,MEDIUM,Volatile,0.022977708595456076,13.89071437290737,0,0,1,LSTM
2025-12-16,0.0016456663648828076,-0.004576212796857783,-0.0002974697854369879,0.0,8.076648800780335e-06,-0.00029747006593554585,-0.004576212796857783,-0.0002974697854369879,HOLD,LOW,MEDIUM,Volatile,0.02349962811632824,14.686429704938623,0,0,1,LSTM
2025-12-17,0.001460447471628053,-0.004424041415505477,-9.306997526437044e-05,0.0,5.73110117346651e-05,-9.307038734881902e-05,-0.004424041415505477,-9.306997526437044e-05,HOLD,LOW,HIGH,Volatile,0.025996507776547117,16.04571533203125,0,0,2,LSTM
2025-12-18,-0.0004769266939518536,-0.00497696055876101,0.001212256378494203,0.0,-7.563371995796648e-05,-0.0004769270631321117,-0.00497696055876101,0.001212256378494203,HOLD,LOW,HIGH,Volatile,0.026649689981344562,17.250714983258927,0,0,2,LSTM
2025-12-19,0.0022541500276381608,-0.0010894002961804442,0.0015479018911719322,0.0,0.0015473099276429045,0.0015479008581248766,-0.0010894002961804442,0.0015479018911719322,HOLD,LOW,HIGH,Volatile,0.025859789597432434,17.779285975864955,0,0,2,LSTM
2025-12-22,0.0005665349612255906,-0.0011335746039822315,0.0014091558987274766,0.0,0.0008229050455122022,0.0005665343647683489,-0.0011335746039822315,0.0014091558987274766,HOLD,LOW,HIGH,Volatile,0.02543232107844014,17.989998953683028,0,0,2,LSTM
2025-12-23,0.0014249052154502299,-0.004045698078010081,0.0010765966726467013,0.0,0.0006820316629760988,0.0010765940131676668,-0.004045698078010081,0.0010765966726467013,HOLD,LOW,MEDIUM,Volatile,0.022155794111530975,17.307854788643965,0,0,1,LSTM
2025-12-24,0.0006803896192561113,0.0032790292470647768,0.0005242644110694528,0.0,0.000868488152971787,0.0006803955588521121,0.0032790292470647768,0.0005242644110694528,HOLD,LOW,MEDIUM,Volatile,0.022212011444384047,17.654998779296864,0,0,1,LSTM
2025-12-26,0.0010314807891986736,-0.0032552045214760492,4.2034429498016834e-05,0.0,8.222446588554877e-05,4.203372397056914e-05,-0.0032552045214760492,4.2034429498016834e-05,HOLD,LOW,MEDIUM,Volatile,0.022968585036430546,18.230712890624982,0,0,1,LSTM
2025-12-29,0.0004388474903075243,-0.00915941240200967,-8.283450733870268e-05,0.0,-0.0008187105093218869,-8.283630674547874e-05,-0.00915941240200967,-8.283450733870268e-05,HOLD,LOW,MEDIUM,Volatile,0.024519632985275444,17.976427350725434,0,0,1,LSTM
2025-12-30,0.0003122672755694613,-0.007730431632733883,-0.00026428629644215107,0.0,-0.0008129219820748859,-0.00026428789098887327,-0.007730431632733883,-0.00026428629644215107,HOLD,LOW,MEDIUM,Volatile,0.024731869887129648,17.447856358119413,0,0,1,LSTM
2025-12-31,0.000968385851264772,-0.0057477659670664505,-0.0005083596333861351,0.0,-0.00048121355500488155,-0.0005083601188466027,-0.0057477659670664505,-0.0005083596333861351,HOLD,LOW,MEDIUM,Volatile,0.024887184147543692,17.017854963030125,0,0,1,LSTM
2019-11-21,0.0003597683329144719,-0.006379520726348842,-0.0032906776759773493,0.0,-0.0022060470318495994,-0.0032906776262301464,-0.006379520726348842,-0.0022060470318495994,HOLD,LOW,HIGH,Volatile,0.025272701612446206,9.754283357617194,0,0,2,ResidualHybrid
2019-11-22,0.001535618110943701,-0.010807104342069157,-0.0026230677030980587,0.0,-0.0018687253465390302,-0.0026230678212838163,-0.010807104342069157,-0.0018687253465390302,HOLD,LOW,MEDIUM,Volatile,0.022174212803747057,10.62214006696429,0,0,1,ResidualHybrid
2019-11-25,0.0007045908047423289,0.0013356756359879482,-0.0014571319334208965,0.0,-0.0003379922087059389,0.0007045896873407911,0.0013356756359879482,-0.0003379922087059389,HOLD,LOW,MEDIUM,Volatile,0.02226047122186008,10.917853216713175,0,0,1,ResidualHybrid
2019-11-26,0.0028881976076958644,-0.00630314834079471,-0.0004108601715415716,0.0,0.00024946149035118834,-0.00041086030481900915,-0.00630314834079471,0.00024946149035118834,HOLD,LOW,MEDIUM,Volatile,0.021269087042114415,10.70499528911831,0,0,1,ResidualHybrid
2019-11-27,0.0013207157934935964,-0.0009034224355450751,0.00028702692361548543,0.0,0.0005615798788360021,0.0002870267966844834,-0.0009034224355450751,0.0005615798788360021,HOLD,LOW,MEDIUM,Volatile,0.021253512741042452,10.022136140820319,0,0,1,ResidualHybrid
2019-11-29,0.0018870848046272292,-0.012035033421686523,0.0004926866386085749,0.0,-0.00026375073937480887,0.0004926860022906566,-0.012035033421686523,-0.00026375073937480887,HOLD,LOW,MEDIUM,Volatile,0.021296813480458792,9.938565932952015,0,0,1,ResidualHybrid
2019-12-02,0.001174561294137914,0.0076208496617749776,0.00031169457361102104,0.0,0.0013974752273314785,0.0011745622953056997,0.0076208496617749776,0.0013974752273314785,HOLD,LOW,MEDIUM,Volatile,0.02139642820709404,9.627138407840407,0,0,1,ResidualHybrid
2019-12-03,0.0013728587606216692,0.005383945712466832,4.6890461817383766e-05,0.0,0.0011072370451278629,0.001372859264467055,0.005383945712466832,0.0011072370451278629,HOLD,LOW,MEDIUM,Volatile,0.021271689133919754,9.583568025585944,0,0,1,ResidualHybrid
2019-12-04,0.0008373343349116401,0.0034970796949560083,-0.00026905606500804424,0.0,0.0005448103707802332,0.0008373348614276658,0.0034970796949560083,0.0005448103707802332,HOLD,LOW,MEDIUM,Volatile,0.02143823243093393,9.14499555069755,0,0,1,ResidualHybrid
2019-12-05,0.0008903002391961621,0.007394161572681967,-0.00044303538743406534,0.0,0.0008780802860058796,0.0008903008343640804,0.007394161572681967,0.0008780802860058796,HOLD,LOW,MEDIUM,Volatile,0.020599796505629698,8.876425604408487,0,0,1,ResidualHybrid
2019-12-06,0.0013053993427534429,-0.004102751222978481,-0.0005247424123808742,0.0,-0.00019033924952019648,-0.0005247426788612884,-0.004102751222978481,-0.00019033924952019648,HOLD,LOW,MEDIUM,Volatile,0.020014838468663,9.165710446763399,0,0,1,ResidualHybrid
2019-12-09,0.0015473755198938234,0.005399493047112081,-0.0010117345955222845,0.0,0.000633477182689765,0.0015473756508867522,0.005399493047112081,0.000633477182689765,HOLD,LOW,MEDIUM,Volatile,0.02013426959749266,9.331427435463175,0,0,1,ResidualHybrid
2019-12-10,0.0008846226134567115,-0.0004707345795881113,-0.0015205193776637316,0.0,-0.0004876302961628902,-0.00047073436554887925,-0.0004707345795881113,-0.0004876302961628902,HOLD,LOW,MEDIUM,Volatile,0.020374891937947948,9.276428222656259,0,0,1,ResidualHybrid
2019-12-11,0.0009295962548847439,0.002185538157039641,-0.002056381432339549,0.0,-0.00047087855015429396,0.0009295957946098696,0.002185538157039641,-0.00047087855015429396,HOLD,LOW,MEDIUM,Volatile,0.02028408023801504,9.04214259556362,0,0,1,ResidualHybrid
2019-12-12,0.0003878485868922116,-0.002208769554321637,-0.0026221571024507284,0.0,-0.001422402936594979,-0.002208767531749263,-0.002208769554321637,-0.001422402936594979,HOLD,LOW,MEDIUM,Volatile,0.020532572731655718,9.143569943833711,0,0,1,ResidualHybrid
2019-12-13,0.0007210974383261111,0.002161900787950448,-0.0031296650413423777,0.0,-0.0011034309893768151,0.0007210970047849086,0.002161900787950448,-0.0011034309893768151,HOLD,LOW,MEDIUM,Volatile,0.020490757007319577,8.12499781771764,0,0,1,ResidualHybrid
2019-12-16,0.0004491645103754901,-0.00876660045264135,-0.0034983272198587656,0.0,-0.0025243558348166965,-0.003498327283312423,-0.00876660045264135,-0.0025243558348166965,HOLD,LOW,MEDIUM,Volatile,0.024634648406115955,9.102852955133935,0,0,1,ResidualHybrid
2019-12-17,0.001419158654862712,0.0038372615684349578,-0.003840850433334708,0.0,-0.0010266568408929043,0.001419158431698607,0.0038372615684349578,-0.0010266568408929043,HOLD,LOW,MEDIUM,Volatile,0.02464334321313837,9.128568374358265,0,0,1,ResidualHybrid
2019-12-18,-0.0005680813239683571,-0.003955626995873569,-0.003915744833648205,0.0,-0.0026329517084500557,-0.003915721255504369,-0.003955626995873569,-0.0026329517084500557,HOLD,LOW,HIGH,Volatile,0.025214259370882043,9.904998779296879,0,0,2,ResidualHybrid
2019-12-19,0.0010108483254169269,-0.011218772344726872,-0.0037957902532070875,0.0,-0.00271384492102894,-0.003795790326485699,-0.011218772344726872,-0.00271384492102894,HOLD,LOW,MEDIUM,Volatile,0.02498731848902416,10.612856183733262,0,0,1,ResidualHybrid
2019-12-20,0.0004934918975289741,-0.009785625044548912,-0.003603694261983037,0.0,-0.002666438464338541,-0.0036036943442244603,-0.009785625044548912,-0.002666438464338541,HOLD,LOW,MEDIUM,Volatile,0.02499606185934456,10.978570120675224,0,0,1,ResidualHybrid
2019-12-23,0.0002781183499895026,-0.01031361325297508,-0.0029785919468849897,0.0,-0.0024833947241026974,-0.0029785921174597723,-0.0029785919468849897,-0.0024833947241026974,SELL,MEDIUM,LOW,Bullish,0.019457108770568173,11.742856709347096,-1,1,0,ResidualHybrid
2019-12-24,0.0010308388021671173,-0.00854889057773637,-0.002408522181212902,0.0,-0.0017198593784329777,-0.002408522308991967,-0.002408522181212902,-0.0017198593784329777,SELL,MEDIUM,LOW,Bullish,0.019462531355148426,12.297858104436378,-1,1,0,ResidualHybrid
2019-12-26,0.00045994102298878704,-0.013703362841527934,-0.0019817149732261896,0.0,-0.0022524042290248568,-0.0019817152971514204,-0.0019817149732261896,-0.0022524042290248568,HOLD,LOW,LOW,Bullish,0.017737359435623115,12.373572215764503,0,0,0,ResidualHybrid
2019-12-27,0.0006607426649674522,-0.01718163080910192,-0.0016274689696729183,0.0,-0.002352541621977189,-0.0016274693420305897,-0.0016274689696729183,-0.002352541621977189,HOLD,LOW,LOW,Bullish,0.017996054229220012,12.424288070954235,0,0,0,ResidualHybrid
2019-12-30,0.0007196951821244666,-0.015856611866479287,-0.001201235456392169,0.0,-0.0019747714198002806,-0.0012012359082067096,-0.015856611866479287,-0.0019747714198002806,HOLD,LOW,MEDIUM,Volatile,0.020930677167576257,13.263571602957585,0,0,1,ResidualHybrid
2019-12-31,0.0008796276015211521,-0.003704429232798533,-0.0001469026319682598,0.0,-0.00011931042305423495,-0.00014690332329337613,-0.003704429232798533,-0.00011931042305423495,HOLD,LOW,MEDIUM,Volatile,0.020923077392380276,13.820000784737715,0,0,1,ResidualHybrid
2020-01-02,0.002143504405580644,-0.008121165467254509,0.00042004819260910153,0.0,0.000201390801464455,0.00042004773010417265,-0.008121165467254509,0.000201390801464455,HOLD,LOW,MEDIUM,Volatile,0.02118341614189424,14.107145036969863,0,0,1,ResidualHybrid
2020-01-03,0.0015398083011587637,0.0013753468941512515,0.0002993425587192178,0.0,0.0008872122144668308,0.0013753418143645378,0.0013753468941512515,0.0008872122144668308,HOLD,LOW,MEDIUM,Volatile,0.02085056568739398,15.085717337472094,0,0,1,ResidualHybrid
2020-01-06,0.0007116278575618376,0.0010105272900388152,0.0002947120228782296,0.0,0.0005288325683946355,0.0007116269212992473,0.0010105272900388152,0.0005288325683946355,HOLD,LOW,MEDIUM,Volatile,0.020196181324262808,15.156433105468746,0,0,1,ResidualHybrid
2020-01-07,0.00036209049749452433,-0.007922437566636287,-0.00010762317106127739,0.0,-0.0007333020315514296,-0.00010762516306255601,-0.007922437566636287,-0.0007333020315514296,HOLD,LOW,MEDIUM,Volatile,0.020811897854391918,14.790006365094863,0,0,1,ResidualHybrid
2020-01-08,0.000681086614704917,-0.006303017768788433,-0.0004690673667937517,0.0,-0.0006288079637814419,-0.00046906806338170207,-0.006303017768788433,-0.0006288079637814419,HOLD,LOW,MEDIUM,Volatile,0.02189332710441548,16.265718730106023,0,0,1,ResidualHybrid
2020-01-09,0.0004014661690836987,0.00061427184658596,-0.0006506845820695162,0.0,-0.00011571292922313238,0.0004014624623278182,0.00061427184658596,-0.00011571292922313238,HOLD,LOW,MEDIUM,Volatile,0.02359106188268189,16.95857456261161,0,0,1,ResidualHybrid
2020-01-10,-0.0004230009857377657,-0.017081702798520303,-0.00022321240976452827,0.0,-0.0020392874799330975,-0.00042300588139967255,-0.017081702798520303,-0.0020392874799330975,HOLD,LOW,MEDIUM,Volatile,0.02411610527616291,16.782858707421877,0,0,1,ResidualHybrid
2020-01-13,0.0012020610593776679,-0.000664881530382377,-0.0002405731938779354,0.0,0.0002702283628745907,-0.00024057154037196047,-0.000664881530382377,0.0002702283628745907,HOLD,LOW,HIGH,Volatile,0.029773471359226273,19.25928823797434,0,0,2,ResidualHybrid
2020-01-14,0.0020983395864962702,-0.004208901311860908,-0.0005609412910416722,0.0,8.498247397280929e-05,-0.0005609413928249884,-0.004208901311860908,8.498247397280929e-05,HOLD,LOW,HIGH,Volatile,0.029316420729452945,19.69714354732144,0,0,2,ResidualHybrid
2020-01-15,-0.0007088081176663951,-0.006045928979306238,-0.000793938641436398,0.0,-0.001303055015108643,-0.0007939499281637136,-0.006045928979306238,-0.001303055015108643,HOLD,LOW,HIGH,Volatile,0.030187922325712102,20.293572554715414,0,0,2,ResidualHybrid
2020-01-16,-0.0004440724825743082,0.009436901529777114,-0.00043870240915566683,0.0,0.0005780887178000601,-0.0004385668246736822,0.009436901529777114,0.0005780887178000601,HOLD,LOW,HIGH,Volatile,0.030314574778703328,21.58642795371095,0,0,2,ResidualHybrid
2020-01-17,0.001646337091914614,-3.5072577704730095e-05,-0.0004855116130784154,0.0,0.00038048429075747707,-3.5070961492541714e-05,-3.5072577704730095e-05,0.00038048429075747707,HOLD,LOW,HIGH,Volatile,0.030218616858771228,21.82285417092635,0,0,2,ResidualHybrid
2020-01-21,0.0017317546976331288,0.003736157409059945,-0.0007601301185786724,0.0,0.0006616766096585718,0.0017317546002095076,0.003736157409059945,0.0006616766096585718,HOLD,LOW,HIGH,Volatile,0.03263430269485362,23.034284314285724,0,0,2,ResidualHybrid
2020-01-22,0.0022345348949677412,0.007600626124962275,-0.0012797836679965258,0.0,0.0009873719128809999,0.002234534993070132,0.007600626124962275,0.0009873719128809999,HOLD,LOW,HIGH,Volatile,0.032975349660345044,25.040710444308047,0,0,2,ResidualHybrid
2020-01-23,-4.62719628704165e-05,0.009428207835121372,-0.001073173712939024,0.0,0.0004050038211914897,-4.627109648464674e-05,0.009428207835121372,0.0004050038211914897,HOLD,LOW,HIGH,Volatile,0.03285837478389604,26.04285321425782,0,0,2,ResidualHybrid
2020-01-24,-0.00048160605800384704,-0.0023581859782835627,-0.001023793825879693,0.0,-0.0009530339894715792,-0.0010237949151988633,-0.0023581859782835627,-0.0009530339894715792,HOLD,LOW,HIGH,Volatile,0.03347372058225441,25.747137882226564,0,0,2,ResidualHybrid
2020-01-27,0.0007419466722314784,0.001865796866555247,-0.0010594013147056103,0.0,-6.513813773469297e-05,0.0007419463385378211,0.001865796866555247,-6.513813773469297e-05,HOLD,LOW,HIGH,Volatile,0.03398770657126004,26.745707915485493,0,0,2,ResidualHybrid
2020-01-28,0.0018230105065256523,0.00136384628460563,-0.001119991997256875,0.0,0.00026761101190968966,0.0013638445184579334,0.00136384628460563,0.00026761101190968966,HOLD,LOW,HIGH,Volatile,0.03382577898869187,26.652849466964287,0,0,2,ResidualHybrid
2020-01-29,0.002116123392469034,0.000712075795340431,-0.001261809840798378,0.0,0.00024037783025269055,0.0007120755902290464,0.000712075795340431,0.00024037783025269055,HOLD,LOW,HIGH,Volatile,0.031685778089005606,26.127134050195313,0,0,2,ResidualHybrid
2020-01-30,0.0012905566643938084,-0.0037619709049464788,-0.0014986887108534575,0.0,-0.0006599483061963058,-0.0014986886276703608,-0.0037619709049464788,-0.0006599483061963058,HOLD,LOW,HIGH,Volatile,0.03641476578650345,29.267135622126116,0,0,2,ResidualHybrid
2020-01-31,0.0011854132167942275,-0.00302799115796385,-0.0018144410569220781,0.0,-0.0007864387109898909,-0.0018144405673765785,-0.00302799115796385,-0.0007864387109898909,HOLD,LOW,HIGH,Volatile,0.0364031213022002,29.927134926813615,0,0,2,ResidualHybrid
2020-02-03,-0.0011216764796032825,-0.0036508288361440876,-0.0023862600792199373,0.0,-0.0020305934655055163,-0.002386260079210685,-0.0036508288361440876,-0.0020305934655055163,HOLD,LOW,HIGH,Volatile,0.05119342370537795,36.21927752237723,0,0,2,ResidualHybrid
2020-02-04,0.00130108121726136,-0.008391205010073434,-0.0018373483326286077,0.0,-0.0013070286377182968,-0.0018373484985210263,-0.008391205010073434,-0.0013070286377182968,HOLD,LOW,HIGH,Volatile,0.05580817047420591,48.107849122879465,0,0,2,ResidualHybrid
2020-02-05,-0.0017148327139744804,0.014237171522371441,0.0010765858460217714,0.0,0.0013612731636234675,0.0010765861280331687,0.014237171522371441,0.0013612731636234675,HOLD,LOW,HIGH,Volatile,0.07468212693068597,59.666421074609374,0,0,2,ResidualHybrid
2020-02-06,-0.004601015393845287,0.007060787431683253,0.007884024642407894,0.0,0.0029995970820400324,0.007060786305645675,0.007060787431683253,0.0029995970820400324,HOLD,LOW,HIGH,Volatile,0.07443989205569707,65.55928039729352,0,0,2,ResidualHybrid
2020-02-07,0.004681647545414321,0.03551513725789108,0.012147722765803337,0.0,0.011688407684684736,0.012147722856915675,0.03551513725789108,0.011688407684684736,HOLD,LOW,HIGH,Volatile,0.07394514180669588,67.50499616529018,0,0,2,ResidualHybrid
2020-02-10,0.003832569053553875,0.004983779433006791,0.013458075933158398,0.0,0.008883557587108428,0.004983780182175282,0.004983779433006791,0.008883557587108428,HOLD,LOW,HIGH,Volatile,0.07365265357187542,69.92213657857143,0,0,2,ResidualHybrid
2020-02-11,0.0016933204625073702,0.012216072981737104,0.015135400928556919,0.0,0.009666816757397943,0.012216072734441127,0.012216072981737104,0.009666816757397943,HOLD,LOW,HIGH,Volatile,0.07191551646221553,68.36570957907365,0,0,2,ResidualHybrid
2020-02-12,3.6100253956549214e-05,-0.0007812370343002873,0.015206241980195045,0.0,0.007725129898270288,3.6101408544953136e-05,-0.0007812370343002873,0.007725129898270288,HOLD,LOW,HIGH,Volatile,0.07218474780270732,68.3642796125558,0,0,2,ResidualHybrid
2020-02-13,0.0005219425474080033,0.006357381032197388,0.015375332906842232,0.0,0.00873502493880486,0.006357381092640068,0.006357381032197388,0.00873502493880486,HOLD,LOW,HIGH,Volatile,0.0712740700820589,72.8928527874442,0,0,2,ResidualHybrid
2020-02-14,0.001926102686414892,0.007006877306563302,0.016236525028944016,0.0,0.009783104216562179,0.007006877394983216,0.007006877306563302,0.009783104216562179,HOLD,LOW,HIGH,Volatile,0.07117073048764869,73.03070940714285,0,0,2,ResidualHybrid
2020-02-18,0.0005596458896390654,-0.0009198794570945721,0.016597768291831017,0.0,0.008625121488147676,0.0005596465022754418,-0.0009198794570945721,0.008625121488147676,HOLD,LOW,HIGH,Volatile,0.07163241560345435,75.97213745295758,0,0,2,ResidualHybrid
2020-02-19,0.0014887941657797728,0.010921565745208726,0.01665450818836689,0.0,0.010233047765820713,0.010921565676829965,0.010921565745208726,0.010233047765820713,HOLD,LOW,HIGH,Volatile,0.07154187887349839,80.50642613203125,0,0,2,ResidualHybrid
2020-02-20,0.00017089818771194522,0.004286643890757002,0.016740910708904266,0.0,0.00908617846891827,0.0042866440533274545,0.004286643890757002,0.00908617846891827,HOLD,LOW,HIGH,Volatile,0.072165934720106,79.61999511674107,0,0,2,ResidualHybrid
2020-02-21,-0.0006804913815903824,-0.009325018824180742,0.016466638073325157,0.0,0.007214046468153157,-0.0006804913242490142,-0.009325018824180742,0.007214046468153157,HOLD,LOW,HIGH,Volatile,0.07220673139654743,80.48642403470981,0,0,2,ResidualHybrid
2020-02-24,0.0016721129667956745,-0.001999558544544376,0.01574539951980114,0.0,0.008504622916716484,0.0016721131679564123,-0.001999558544544376,0.008504622916716484,HOLD,LOW,HIGH,Volatile,0.07526300384896294,76.43142263962054,0,0,2,ResidualHybrid
2020-02-25,0.0006241727735355502,-0.0010728443770222837,0.01489377859979868,0.0,0.007761001932780124,0.0006241732920419489,-0.0010728443770222837,0.007761001932780124,HOLD,LOW,HIGH,Volatile,0.07619252411238117,67.90356445290179,0,0,2,ResidualHybrid
2020-02-26,0.00320980489205121,0.008929549254550624,0.013997683301568031,0.0,0.009327736602188325,0.008929549232089056,0.008929549254550624,0.009327736602188325,HOLD,LOW,HIGH,Volatile,0.07684842258951669,57.4928501671875,0,0,2,ResidualHybrid
2020-02-27,0.002647095558879627,-0.007407407155191931,0.012649915181100368,0.0,0.006735342013812965,0.0026470955583659476,-0.007407407155191931,0.006735342013812965,HOLD,LOW,HIGH,Volatile,0.08405456104276303,57.56213378883928,0,0,2,ResidualHybrid
2020-02-28,0.001316441421955036,0.0002992728659606958,0.011353936977684498,0.0,0.00635482831301614,0.0013164423035404908,0.0002992728659606958,0.00635482831301614,HOLD,LOW,HIGH,Volatile,0.0814443117339016,60.365705217410714,0,0,2,ResidualHybrid
2020-03-02,0.005302181283311721,0.006952248019262872,0.009976266883313656,0.0,0.007867471616862553,0.006952248294098145,0.006952248019262872,0.007867471616862553,HOLD,LOW,HIGH,Volatile,0.08475930377061903,60.63570731495536,0,0,2,ResidualHybrid
2020-03-03,0.003552690392728393,0.010521626906618764,0.00766716618090868,0.0,0.006379972385311761,0.007667166073751334,0.010521626906618764,0.006379972385311761,HOLD,LOW,HIGH,Volatile,0.07411728684082039,65.3042776969866,0,0,2,ResidualHybrid
2020-03-04,-0.0008705960970091396,0.006861031832770283,0.0064751384779810905,0.0,0.003691105769532737,0.006475136036048422,0.006861031832770283,0.003691105769532737,HOLD,LOW,HIGH,Volatile,0.06748970339182093,66.40499441964286,0,0,2,ResidualHybrid
2020-03-05,0.0012996248026469457,-0.0029431534805233494,0.005551723763346672,0.0,0.003040725860720566,0.0012996248031631064,-0.0029431534805233494,0.003040725860720566,HOLD,LOW,HIGH,Volatile,0.05310662750590125,62.721422467912944,0,0,2,ResidualHybrid
2020-03-06,0.0008569574990225008,-0.004165242028058401,0.004995450377464294,0.0,0.002459433450660635,0.0008569574565420396,-0.004165242028058401,0.002459433450660635,HOLD,LOW,HIGH,Volatile,0.05326201340288666,63.63570731272322,0,0,2,ResidualHybrid
2020-03-09,0.0020979588225461974,0.012779001966104382,0.004568020347505808,0.0,0.0044655982794876295,0.004568020630268037,0.012779001966104382,0.0044655982794876295,HOLD,LOW,HIGH,Volatile,0.06207896582303111,66.38642229843751,0,0,2,ResidualHybrid
2020-03-10,0.0010524778155922472,0.01922780037144005,0.006607323884963989,0.0,0.005773972804862468,0.006607323985698431,0.01922780037144005,0.005773972804862468,HOLD,LOW,HIGH,Volatile,0.06341132087012667,64.50213623515626,0,0,2,ResidualHybrid
2020-03-11,0.006170654612614012,0.024665977287055392,0.008671384304761887,0.0,0.009360199643666786,0.008671384641812309,0.024665977287055392,0.009360199643666786,HOLD,LOW,HIGH,Volatile,0.06336202962860434,63.294995993805806,0,0,2,ResidualHybrid
2020-03-12,0.00036999225684254526,0.015912016585122563,0.009791730903089046,0.0,0.0068012524991289385,0.009791730845866351,0.015912016585122563,0.0068012524991289385,HOLD,LOW,HIGH,Volatile,0.06825304006147194,67.24999564726564,0,0,2,ResidualHybrid
2020-03-13,0.001052213331778255,0.029555868731891723,0.01134051289409399,0.0,0.009264746865666841,0.011340512936380184,0.029555868731891723,0.009264746865666841,HOLD,LOW,HIGH,Volatile,0.0666666881537337,69.16213989949777,0,0,2,ResidualHybrid
2020-03-16,0.004624586505706142,0.032958816391492875,0.015037810429930687,0.0,0.012883653256947384,0.015037810470149772,0.032958816391492875,0.012883653256947384,HOLD,LOW,HIGH,Volatile,0.07844171392196227,71.65142604974889,0,0,2,ResidualHybrid
2020-03-17,0.0007782583559919874,0.03232630250507555,0.018081290647387505,0.0,0.012899307189708971,0.018081290634984006,0.03232630250507555,0.012899307189708971,HOLD,LOW,HIGH,Volatile,0.07484624254282848,74.41213989949777,0,0,2,ResidualHybrid
2020-03-18,0.007132726530652764,0.03471574478229439,0.02079136110842228,0.0,0.01697727697621186,0.02079136110981917,0.03471574478229439,0.01697727697621186,HOLD,LOW,HIGH,Volatile,0.07711266067812345,72.2614266576451,0,0,2,ResidualHybrid
2020-03-19,-0.0023161741759517075,0.037759014379611294,0.023314183577895164,0.0,0.014951627462027712,0.02331418354768902,0.037759014379611294,0.014951627462027712,HOLD,LOW,HIGH,Volatile,0.09086758969579206,73.29999869656808,0,0,2,ResidualHybrid
2020-03-20,0.002792992600854799,0.017536510997033402,0.026001423597335815,0.0,0.016206330076081174,0.017536510946743813,0.017536510997033402,0.016206330076081174,HOLD,LOW,HIGH,Volatile,0.0908230653071757,71.55071149754465,0,0,2,ResidualHybrid
2020-03-23,0.00022533220466048253,0.030091872744459364,0.028306642547249794,0.0,0.0176958145835945,0.028306642023333106,0.030091872744459364,0.0176958145835945,HOLD,LOW,HIGH,Volatile,0.0910402693735743,67.30999755837054,0,0,2,ResidualHybrid
2020-03-24,0.0024519750395303962,0.033734044953324174,0.02888518199324608,0.0,0.019223989115290295,0.02888518182492553,0.033734044953324174,0.019223989115290295,HOLD,LOW,HIGH,Volatile,0.09979121592593099,69.99642290811943,0,0,2,ResidualHybrid
2020-03-25,0.002327677448415258,0.023715985328309572,0.029997622594237328,0.0,0.018712681424195552,0.023715985215916224,0.023715985328309572,0.018712681424195552,HOLD,LOW,HIGH,Volatile,0.10172717932394715,71.46570914556362,0,0,2,ResidualHybrid
2020-03-26,0.003349770131987525,0.023215306682355042,0.030581366270780563,0.0,0.019353056394056063,0.023215306596967463,0.023215306682355042,0.019353056394056063,HOLD,LOW,HIGH,Volatile,0.0978307406947598,71.99999782218192,0,0,2,ResidualHybrid
2020-03-27,0.0008841915803594453,0.02766989772896125,0.031058067455887794,0.0,0.01910908199264665,0.027669897471321325,0.02766989772896125,0.01910908199264665,HOLD,LOW,HIGH,Volatile,0.09787757492397722,67.4035688125558,0,0,2,ResidualHybrid
2020-03-30,0.0016350969812074924,0.03805420412313393,0.031464770436286926,0.0,0.020677481821844663,0.03146477031809628,0.03805420412313393,0.020677481821844663,HOLD,LOW,HIGH,Volatile,0.09369633697217096,64.9335697716797,0,0,2,ResidualHybrid
2020-03-31,0.00017242014464361388,0.02649977298863866,0.031340256333351135,0.0,0.01885933932595538,0.026499772820113468,0.02649977298863866,0.01885933932595538,HOLD,LOW,HIGH,Volatile,0.09462006328002658,65.31785583473773,0,0,2,ResidualHybrid
2020-04-01,0.0021293840510127385,0.028226931455974245,0.030861200764775276,0.0,0.0195443503180189,0.028226931114965163,0.028226931455974245,0.0195443503180189,HOLD,LOW,HIGH,Volatile,0.09559840194188678,62.5264282202009,0,0,2,ResidualHybrid
2024-01-02,-0.000625079965357675,0.02557865937509781,0.02992796152830124,0.0,0.01773405833684763,0.025578659183441127,0.02557865937509781,0.01773405833684763,HOLD,LOW,HIGH,Volatile,0.17215583328558837,71.92499868964845,0,0,2,ResidualHybrid
2024-01-03,-0.007708275813428344,0.047140929097273646,0.028533950448036194,0.0,0.016521387606622688,0.028533950421889297,0.047140929097273646,0.016521387606622688,HOLD,LOW,HIGH,Volatile,0.17209071076303903,65.32857077216798,0,0,2,ResidualHybrid
2024-01-04,-0.0019851397306769867,0.030688154608800616,0.02762657217681408,0.0,0.016559107631879764,0.027626571884166975,0.030688154608800616,0.016559107631879764,HOLD,LOW,HIGH,Volatile,0.17105396603580628,60.26571328053852,0,0,2,ResidualHybrid
2024-01-05,-0.001868649744277823,0.02913038031770579,0.0275683905929327,0.0,0.016413361861993294,0.027568389987510798,0.02913038031770579,0.016413361861993294,HOLD,LOW,HIGH,Volatile,0.1695861405542964,54.946427481515066,0,0,2,ResidualHybrid
2024-01-08,0.0009887984866656443,0.02227893634857615,0.02686300314962864,0.0,0.016443516484041326,0.022278936177490063,0.02227893634857615,0.016443516484041326,HOLD,LOW,HIGH,Volatile,0.17001710556305402,48.68999808175223,0,0,2,ResidualHybrid
2024-01-09,-4.821428309632588e-05,0.029864444307165203,0.025319034233689308,0.0,0.016036309844248624,0.025319034053201715,0.029864444307165203,0.016036309844248624,HOLD,LOW,HIGH,Volatile,0.16916620067700297,45.63285609654018,0,0,2,ResidualHybrid
2024-01-10,0.0013286941275643927,0.027003316280228243,0.024802103638648987,0.0,0.016005559887992186,0.02480210322736409,0.027003316280228243,0.016005559887992186,HOLD,LOW,HIGH,Volatile,0.16934869901096866,43.683570861816406,0,0,2,ResidualHybrid
2024-01-11,0.00019810345867026218,0.024458429724368208,0.024494431912899017,0.0,0.015150730868293456,0.024458403451281918,0.024458429724368208,0.015150730868293456,HOLD,LOW,HIGH,Volatile,0.164944037888883,38.62428610665457,0,0,2,ResidualHybrid
2024-01-12,0.0011410148367560036,0.02643494585529528,0.02455179952085018,0.0,0.015746515425467882,0.024551799033099078,0.02643494585529528,0.015746515425467882,HOLD,LOW,HIGH,Volatile,0.16494615023465797,35.62928662981306,0,0,2,ResidualHybrid
2024-01-16,-0.00012210280682994424,0.021599796741211427,0.025701157748699188,0.0,0.015351055240535998,0.021599796543541015,0.021599796741211427,0.015351055240535998,HOLD,LOW,HIGH,Volatile,0.16172263559087535,33.026430402483264,0,0,2,ResidualHybrid
2024-01-17,0.0014646050740449528,0.019080836530075626,0.026547424495220184,0.0,0.016134775265254257,0.019080836452940893,0.019080836530075626,0.016134775265254257,HOLD,LOW,HIGH,Volatile,0.15520550434207583,31.152861458914618,0,0,2,ResidualHybrid
2024-01-18,8.003009552169627e-05,0.021672438677997678,0.026762627065181732,0.0,0.01598016246778595,0.021672438527926736,0.021672438677997678,0.01598016246778595,HOLD,LOW,HIGH,Volatile,0.15505650791028622,29.959288460867736,0,0,2,ResidualHybrid
2024-01-19,0.0004881086110168611,0.028011933601867326,0.02668231911957264,0.0,0.01674992407895935,0.026682318406777976,0.028011933601867326,0.01674992407895935,HOLD,LOW,HIGH,Volatile,0.15484374452465618,27.078572954450333,0,0,2,ResidualHybrid
2024-01-22,0.0011174295282061343,0.014562359135363771,0.02647458016872406,0.0,0.015497821414386987,0.014562359125796882,0.014562359135363771,0.015497821414386987,HOLD,LOW,HIGH,Volatile,0.14862684308540758,24.40928758893694,0,0,2,ResidualHybrid
2024-01-23,0.0002668604924157482,0.017310312465669584,0.025992833077907562,0.0,0.015207496646407533,0.017310312409188854,0.017310312465669584,0.015207496646407533,HOLD,LOW,HIGH,Volatile,0.1468168932316501,8.03428758893694,0,0,2,ResidualHybrid
2024-01-24,0.0011213754408720157,0.023781326445282875,0.024709144607186317,0.0,0.015545819995704705,0.02378132541393055,0.023781326445282875,0.015545819995704705,HOLD,LOW,HIGH,Volatile,0.146990699811508,7.595716203962051,0,0,2,ResidualHybrid
2024-01-25,0.0006198473974116328,0.02996504913148075,0.02276935800909996,0.0,0.014997022045205028,0.02276935791531017,0.02996504913148075,0.014997022045205028,HOLD,LOW,HIGH,Volatile,0.14804182467165236,9.224287850516179,0,0,2,ResidualHybrid
2024-01-26,-0.0037379603914115154,0.03750200497280439,0.021449241787195206,0.0,0.01342293205756383,0.021449241764607944,0.03750200497280439,0.01342293205756383,HOLD,LOW,HIGH,Volatile,0.1484390104089425,9.185715811593193,0,0,2,ResidualHybrid
2024-01-29,0.002496917181532437,0.025044797778197025,0.019313065335154533,0.0,0.013439943794743586,0.019313065220207648,0.025044797778197025,0.013439943794743586,HOLD,LOW,HIGH,Volatile,0.14838739629824035,9.348572867257252,0,0,2,ResidualHybrid
2024-01-30,0.0022699669573301327,0.01918683222010525,0.017016606405377388,0.0,0.011571607906091089,0.017016606012822944,0.01918683222010525,0.011571607906091089,HOLD,LOW,HIGH,Volatile,0.1486296788058551,9.158572605678012,0,0,2,ResidualHybrid
2024-01-31,0.0005314484276444146,0.020084329642316403,0.014476217329502106,0.0,0.009694156717150959,0.014476217222953747,0.020084329642316403,0.009694156717150959,HOLD,LOW,HIGH,Volatile,0.032927442627202826,9.437857491629464,0,0,2,ResidualHybrid
2024-02-01,2.630274264428696e-05,0.02842095223260217,0.012778075411915779,0.0,0.009489901940389409,0.012778075426405263,0.02842095223260217,0.009489901940389409,HOLD,LOW,HIGH,Volatile,0.03265707368462988,9.225714547293526,0,0,2,ResidualHybrid
2024-02-02,0.0014385456100573448,0.02570055887466283,0.010946692898869514,0.0,0.008813714551111447,0.0109466929362507,0.02570055887466283,0.008813714551111447,HOLD,LOW,HIGH,Volatile,0.032619646168239314,8.996428353445875,0,0,2,ResidualHybrid
2024-02-05,0.000584004245156038,0.02294474668489984,0.008867721073329449,0.0,0.007135608991816826,0.008867721122991425,0.02294474668489984,0.007135608991816826,HOLD,LOW,HIGH,Volatile,0.03300506623068582,9.109999520438055,0,0,2,ResidualHybrid
2024-02-06,-0.0004093060012437023,0.035602232038600364,0.007955094799399376,0.0,0.007591980104226184,0.007955094882757594,0.035602232038600364,0.007591980104226184,HOLD,LOW,HIGH,Volatile,0.033473378619286745,9.215713500976571,0,0,2,ResidualHybrid
2024-02-07,0.0021025674824419246,0.03002894019783991,0.007491241209208965,0.0,0.007744919278852152,0.00749124135034837,0.03002894019783991,0.007744919278852152,HOLD,LOW,HIGH,Volatile,0.03388736303141724,9.10142844063896,0,0,2,ResidualHybrid
2024-02-08,0.0010843671565188037,0.026466088734620547,0.007173648104071617,0.0,0.006823189140666862,0.007173648216412299,0.026466088734620547,0.006823189140666862,HOLD,LOW,HIGH,Volatile,0.034207929519471506,9.130713326590408,0,0,2,ResidualHybrid
2024-02-09,0.0011108252359290556,0.02560688594982341,0.006934184581041336,0.0,0.006622013277811709,0.006934184699156187,0.02560688594982341,0.006622013277811709,HOLD,LOW,HIGH,Volatile,0.03460321638587427,8.63857051304409,0,0,2,ResidualHybrid
2024-02-12,0.0015138565994275298,0.022165624333537602,0.006626901216804981,0.0,0.0062644596897297004,0.006626901347959627,0.022165624333537602,0.0062644596897297004,HOLD,LOW,HIGH,Volatile,0.034263464438653864,8.60642787388393,0,0,2,ResidualHybrid
2024-02-13,-0.00040021050110298855,0.02330048911927828,0.00707204919308424,0.0,0.005873836313192447,0.0070720492652641305,0.02330048911927828,0.005873836313192447,HOLD,LOW,HIGH,Volatile,0.034283156672203385,8.610714503696986,0,0,2,ResidualHybrid
2024-02-14,0.0003876323324944006,0.026649284540899508,0.0074625881388783455,0.0,0.006722306845704232,0.007462588228068026,0.026649284540899508,0.006722306845704232,HOLD,LOW,HIGH,Volatile,0.034993845156339416,7.022856576102122,0,0,2,ResidualHybrid
2024-02-15,0.0019948544629545526,0.017351811307085924,0.0059197451919317245,0.0,0.005590373991262486,0.0059197453591281765,0.017351811307085924,0.005590373991262486,HOLD,LOW,HIGH,Volatile,0.037936840813090206,7.557856968470982,0,0,2,ResidualHybrid
2024-02-16,0.002645120250900088,0.015163412264587277,0.004109576810151339,0.0,0.004687023265898958,0.004109577401617274,0.015163412264587277,0.004687023265898958,HOLD,LOW,HIGH,Volatile,0.037923907530221415,7.382143293108259,0,0,2,ResidualHybrid
2024-02-20,-9.282779542372924e-05,0.025020286595471678,0.0025235721841454506,0.0,0.003838738497344243,0.0025235725216110937,0.025020286595471678,0.003838738497344243,HOLD,LOW,HIGH,Volatile,0.03835625942006805,7.744285583496094,0,0,2,ResidualHybrid
2024-02-21,-0.0002859547234727337,0.030351846267737424,0.0017240603920072317,0.0,0.0039048690599120216,0.0017240608540927405,0.030351846267737424,0.0039048690599120216,HOLD,LOW,HIGH,Volatile,0.03839085699595866,7.699286324637275,0,0,2,ResidualHybrid
2024-02-22,0.0014036801371988738,0.023779754428948145,0.0011529311304911971,0.0,0.003583709125620406,0.0014036840490072504,0.023779754428948145,0.003583709125620406,HOLD,LOW,HIGH,Volatile,0.038570613190955214,7.79642922537667,0,0,2,ResidualHybrid
2024-02-23,0.00120253292671189,0.017065229285302217,0.00040575856110081077,0.0,0.002430794069924552,0.0012025341155969386,0.017065229285302217,0.002430794069924552,HOLD,LOW,HIGH,Volatile,0.025492241445184933,7.740001133510039,0,0,2,ResidualHybrid
2024-02-26,-0.0003945815274499424,0.027011713087638136,0.00022656586952507496,0.0,0.0027511795590218096,0.00022656743695059618,0.027011713087638136,0.0027511795590218096,HOLD,LOW,HIGH,Volatile,0.02670053013147165,7.519286019461494,0,0,2,ResidualHybrid
2024-02-27,0.0025607542946213158,0.011587927012357913,-2.8592068701982498e-05,0.0,0.0021652674648148804,0.002560754569768993,0.011587927012357913,0.0021652674648148804,HOLD,LOW,HIGH,Volatile,0.02525428343682786,7.373572213309141,0,0,2,ResidualHybrid
2024-02-28,0.00033127107842618786,0.01613402142326542,-1.5812693163752556e-06,0.0,0.0017910665830886234,0.0003312740015455117,0.01613402142326542,0.0017910665830886234,HOLD,LOW,HIGH,Volatile,0.02533836003478608,7.355715070451999,0,0,2,ResidualHybrid
2024-02-29,0.0012142012431522599,0.014515619139415277,6.225320976227522e-05,0.0,0.001996222994710514,0.001214202034573809,0.014515619139415277,0.001996222994710514,HOLD,LOW,MEDIUM,Volatile,0.024648729131742885,7.412144252232133,0,0,1,ResidualHybrid
2024-03-01,0.0006107800646325114,0.0055405002431378105,0.0005856365896761417,0.0,0.001106490216297939,0.0006108167034039052,0.0055405002431378105,0.001106490216297939,HOLD,LOW,MEDIUM,Volatile,0.02462503078881016,7.510716029575879,0,0,1,ResidualHybrid
2024-03-04,0.000950378853865164,0.005312998458988936,0.0008241835748776793,0.0,0.0013358017506310584,0.0009503864253629275,0.005312998458988936,0.0013358017506310584,HOLD,LOW,HIGH,Volatile,0.030136702534344636,8.115716116768962,0,0,2,ResidualHybrid
2024-03-05,-0.0019542235838405503,0.011129099163919303,0.002195504028350115,0.0,0.001521936528719606,0.0021955041573017402,0.011129099163919303,0.001521936528719606,HOLD,LOW,HIGH,Volatile,0.030337825173895404,8.44071524483816,0,0,2,ResidualHybrid
2024-03-06,0.0003411562198321433,0.012118778572694562,0.002856096252799034,0.0,0.0028449248389792532,0.0028560965421701007,0.012118778572694562,0.0028449248389792532,HOLD,LOW,HIGH,Volatile,0.030297804572999187,8.607858930315277,0,0,2,ResidualHybrid
2024-03-07,0.00044773068832553467,0.018467981254513443,0.0031748744659125805,0.0,0.0037042801953926876,0.003174874766947488,0.018467981254513443,0.0037042801953926876,HOLD,LOW,HIGH,Volatile,0.030260574564535948,8.191430228097087,0,0,2,ResidualHybrid
2024-03-08,0.00153443200073695,0.007665738994919881,0.0028593437746167183,0.0,0.0028458922691625673,0.002859344320276818,0.007665738994919881,0.0028458922691625673,HOLD,LOW,HIGH,Volatile,0.030307866171526414,8.352858407156797,0,0,2,ResidualHybrid
2024-03-11,-5.036467039654189e-05,0.011848820005889554,0.0028221106622368097,0.0,0.002649150564588214,0.002822110899368592,0.011848820005889554,0.002649150564588214,HOLD,LOW,HIGH,Volatile,0.0300398929001061,8.156429835728224,0,0,2,ResidualHybrid
2024-03-12,0.0015578521722582111,0.0065395948175954975,0.0024294559843838215,0.0,0.002518432952905666,0.0024294568858852714,0.0065395948175954975,0.002518432952905666,HOLD,LOW,HIGH,Volatile,0.029495111069151137,8.122857230050212,0,0,2,ResidualHybrid
2024-03-13,0.0005548175070480084,0.01046692746509001,0.001649998826906085,0.0,0.002138622668770981,0.0016499996249400902,0.01046692746509001,0.002138622668770981,HOLD,LOW,HIGH,Volatile,0.03080419831451512,8.224999564034588,0,0,2,ResidualHybrid
2024-03-14,-0.0017130352482419035,0.018733340549382593,0.0013766895281150937,0.0,0.0019796056370920325,0.0013766897939509908,0.018733340549382593,0.0019796056370920325,HOLD,LOW,HIGH,Volatile,0.031106953510112407,8.55285644531249,0,0,2,ResidualHybrid
2024-03-15,-0.0014879325707512102,0.005851246715289988,0.0017440487863495946,0.0,0.000925346771421236,0.001744048852209483,0.005851246715289988,0.000925346771421236,HOLD,LOW,HIGH,Volatile,0.026986100032222623,8.16785648890903,0,0,2,ResidualHybrid
2024-03-18,-0.00010156070845961909,0.0013663368158360748,0.001379077904857695,0.0,0.0008085768028127123,0.0013662696554629006,0.0013663368158360748,0.0008085768028127123,HOLD,LOW,HIGH,Volatile,0.03128426615653646,8.439998081752227,0,0,2,ResidualHybrid
2024-03-19,0.0013876677585009248,0.01278058470980347,0.0006874884711578488,0.0,0.002204282962757229,0.0013876690948803705,0.01278058470980347,0.002204282962757229,HOLD,LOW,HIGH,Volatile,0.030811641286369876,8.405712672642295,0,0,2,ResidualHybrid
2024-03-20,-0.0015059400122097591,0.01047872095815269,-8.975458331406116e-05,0.0,0.00045617418201838057,-8.975397279073378e-05,0.01047872095815269,0.00045617418201838057,HOLD,LOW,HIGH,Volatile,0.031506815932762874,8.305712018694193,0,0,2,ResidualHybrid
2024-03-21,0.001455074125192398,0.006511168748132521,-0.0008967171888798475,0.0,0.0007716213322180301,0.0014550743523360115,0.006511168748132521,0.0007716213322180301,HOLD,LOW,HIGH,Volatile,0.03128281306783705,8.331425258091516,0,0,2,ResidualHybrid
2024-03-22,-0.0013603576042310545,0.010390088864508117,-0.0012395407538861036,0.0,-8.616868755641758e-05,-0.0012395326976477202,0.010390088864508117,-8.616868755641758e-05,HOLD,LOW,HIGH,Volatile,0.030908388483720805,7.659997122628346,0,0,2,ResidualHybrid
2024-03-25,0.00021586732625636644,0.00429683567074734,-0.0017304650973528624,0.0,-0.00036042644625668423,0.00021586759459598439,0.00429683567074734,-0.00036042644625668423,HOLD,LOW,HIGH,Volatile,0.029433746722656418,7.369998386928011,0,0,2,ResidualHybrid
2024-03-26,0.00014581500564880324,0.0014481802824535758,-0.002138975076377392,0.0,-0.0008905738318115936,0.0001458146762864659,0.0014481802824535758,-0.0008905738318115936,HOLD,LOW,HIGH,Volatile,0.030470172918819635,7.637140546526226,0,0,2,ResidualHybrid
2024-03-27,0.0010469037330276482,0.00424586242426835,-0.0023582952562719584,0.0,-0.00036792588090035295,0.0010469037141174536,0.00424586242426835,-0.00036792588090035295,HOLD,LOW,HIGH,Volatile,0.030487976920329028,7.606426783970418,0,0,2,ResidualHybrid
2024-03-28,0.00028489460754711423,0.0015582568616556685,-0.002639194717630744,0.0,-0.0010820706566038066,0.0002848941652091134,0.0015582568616556685,-0.0010820706566038066,HOLD,LOW,HIGH,Volatile,0.03069120403329666,7.35642678397042,0,0,2,ResidualHybrid
2024-04-01,-0.00046045560581946504,-0.0033936133297584607,-0.0026656119152903557,0.0,-0.0018930135657814124,-0.0026656109985011,-0.0033936133297584607,-0.0018930135657814124,HOLD,LOW,HIGH,Volatile,0.030602789899883028,7.247141156877786,0,0,2,ResidualHybrid
2024-04-02,0.00046635177110839886,0.0067065294690390135,-0.002561710076406598,0.0,-0.0004414691645522867,0.0004663519409341728,0.0067065294690390135,-0.0004414691645522867,HOLD,LOW,HIGH,Volatile,0.02821758309299167,7.5878568376813575,0,0,2,ResidualHybrid
2024-04-03,-0.0018006473824441404,0.0031487036580967963,-0.0022931748535484076,0.0,-0.0015424048203964871,-0.0018006455622761196,0.0031487036580967963,-0.0015424048203964871,HOLD,LOW,HIGH,Volatile,0.027254682650127923,7.384286063058032,0,0,2,ResidualHybrid
2024-04-04,0.0012270829095675662,-0.001734137859001584,-0.0021056849509477615,0.0,-0.0007861712905769119,-0.0017341355194314646,-0.001734137859001584,-0.0007861712905769119,HOLD,LOW,HIGH,Volatile,0.027165649157916208,7.278572082519527,0,0,2,ResidualHybrid
2024-04-05,-1.168588797447335e-05,0.0150705213296866,-0.001650027697905898,0.0,0.0007048242792517121,-1.1685344639914767e-05,0.0150705213296866,0.0007048242792517121,HOLD,LOW,HIGH,Volatile,0.028074142529035177,7.720001220703121,0,0,2,ResidualHybrid
2024-04-08,-0.0011283424567642966,0.010297162467597236,-0.0007190564647316933,0.0,0.00026013746334977773,-0.0007190541240917972,0.010297162467597236,0.00026013746334977773,HOLD,LOW,HIGH,Volatile,0.030109564046826732,7.609287806919639,0,0,2,ResidualHybrid
2024-04-09,0.0023330965884903127,-0.0002592638153892493,-0.00044641271233558655,0.0,0.0006413933067835429,-0.0002592589139904776,-0.0002592638153892493,0.0006413933067835429,HOLD,LOW,HIGH,Volatile,0.03038412698368463,7.675001961844304,0,0,2,ResidualHybrid
2024-04-10,6.651754628447207e-05,0.0024356566862942593,-0.0005803251406177878,0.0,-2.0510466654580407e-05,6.651866575260668e-05,0.0024356566862942593,-2.0510466654580407e-05,HOLD,LOW,HIGH,Volatile,0.03107572884460913,7.777860369001112,0,0,2,ResidualHybrid
2024-04-11,-0.0004080324404942972,-0.003118343433370583,-0.0005234517157077789,0.0,-0.0007467944764912144,-0.0005234598471479977,-0.003118343433370583,-0.0007467944764912144,HOLD,LOW,HIGH,Volatile,0.02944139649886771,7.848576136997764,0,0,2,ResidualHybrid
2024-04-12,0.0018142408031991413,-0.006613866683984644,-0.0005793484160676599,0.0,-0.0002817804126129847,-0.0005793486678431075,-0.006613866683984644,-0.0002817804126129847,HOLD,LOW,HIGH,Volatile,0.028130449230302744,7.685719081333701,0,0,2,ResidualHybrid
2024-04-15,-0.00024687454798579813,-0.0019849312847536587,-0.0006914264522492886,0.0,-0.0006539814619637354,-0.0006914279197333004,-0.0019849312847536587,-0.0006539814619637354,HOLD,LOW,HIGH,Volatile,0.03114490017937344,7.911432538713724,0,0,2,ResidualHybrid
2024-04-16,-0.0009989570096757636,0.00013229138154507652,0.0002906706649810076,0.0,-0.0002214274103611724,0.00013228602871542355,0.00013229138154507652,-0.0002214274103611724,HOLD,LOW,HIGH,Volatile,0.028098761353153714,7.633575439453121,0,0,2,ResidualHybrid
2024-04-17,0.0006325319082257912,-0.0036658123541603114,0.0005280009936541319,0.0,0.00013551349947999597,0.0005279918450199374,-0.0036658123541603114,0.00013551349947999597,HOLD,LOW,HIGH,Volatile,0.028045730247317203,7.536432538713727,0,0,2,ResidualHybrid
2024-04-18,0.0007694677873490356,0.006185775283109453,0.0005549922352656722,0.0,0.0012183627183317753,0.0007694722222526285,0.006185775283109453,0.0012183627183317753,HOLD,LOW,HIGH,Volatile,0.027951377079149794,7.695004054478237,0,0,2,ResidualHybrid
2024-04-19,-0.0003926593080413721,0.0019755940037541973,0.0003756120568141341,0.0,0.00024534185192397434,0.0003756127308316897,0.0019755940037541973,0.00024534185192397434,HOLD,LOW,HIGH,Volatile,0.028008749349539654,7.565004621233259,0,0,2,ResidualHybrid
2024-04-22,0.0006091943314003237,0.003257617656443713,0.00032817921601235867,0.0,0.0007384339845273463,0.0006091974874864945,0.003257617656443713,0.0007384339845273463,HOLD,LOW,HIGH,Volatile,0.028626286266906213,7.312146868024554,0,0,2,ResidualHybrid
2024-04-23,-0.00021286849595667878,0.002778301603501518,0.00018916756380349398,0.0,0.0003017351793672435,0.00018916965290069636,0.002778301603501518,0.0003017351793672435,HOLD,LOW,HIGH,Volatile,0.02896321194443375,7.355717250279018,0,0,2,ResidualHybrid
2024-04-24,0.0019521103186712655,0.004529798938970656,-8.96095298230648e-06,0.0,0.0012131724322631782,0.001952110440433461,0.004529798938970656,0.0012131724322631782,HOLD,LOW,HIGH,Volatile,0.03921508637444563,8.363574436732701,0,0,2,ResidualHybrid
2024-04-25,0.0046046923342664,0.016120441916149742,-5.764595698565245e-05,0.0,0.0034037246341288145,0.004604692461836569,0.016120441916149742,0.0034037246341288145,HOLD,LOW,HIGH,Volatile,0.04083830734381366,8.500717163085938,0,0,2,ResidualHybrid
2024-04-26,0.0008080185610682571,-0.012891048191985555,-0.00048610661178827286,0.0,-0.0012684239770317813,-0.0004861073027186956,-0.012891048191985555,-0.0012684239770317813,HOLD,LOW,HIGH,Volatile,0.040622181068338016,8.225716727120536,0,0,2,ResidualHybrid
2024-04-29,-0.00031698211453267853,0.0020044491378634084,-0.000769277336075902,0.0,-0.00030924376140092355,-0.0003169803437171354,0.0020044491378634084,-0.00030924376140092355,HOLD,LOW,HIGH,Volatile,0.051911940983291036,9.888573782784599,0,0,2,ResidualHybrid
2024-04-30,0.006118936144065408,0.011044242361120228,-0.0007534470641985536,0.0,0.003105587260466992,0.0061189360865823526,0.011044242361120228,0.003105587260466992,HOLD,LOW,HIGH,Volatile,0.052316521927248234,10.198573521205356,0,0,2,ResidualHybrid
2024-05-01,-0.0034831574687552457,-0.01419160511270792,-0.00044505030382424593,0.0,-0.0030311758260903304,-0.0034831577043242467,-0.01419160511270792,-0.0030311758260903304,HOLD,LOW,HIGH,Volatile,0.052542481029144,10.161430358886719,0,0,2,ResidualHybrid
2024-05-02,0.0010550964741722724,0.014998438538103311,7.494678720831871e-05,0.0,0.0019913762851267764,0.0010550974206385477,0.014998438538103311,0.0019913762851267764,HOLD,LOW,HIGH,Volatile,0.05245981852978304,10.471430097307476,0,0,2,ResidualHybrid
2024-05-03,0.0009977784710873624,-0.010314017459199814,0.0005096790264360607,0.0,-0.0004193551248693826,0.0005096770784062726,-0.010314017459199814,-0.0004193551248693826,HOLD,LOW,HIGH,Volatile,0.051631041212345394,10.235001700265064,0,0,2,ResidualHybrid
2024-05-06,0.0009998215100525888,0.008203823549964991,0.0005452361074276268,0.0,0.0015101159507982821,0.0009998235614507708,0.008203823549964991,0.0015101159507982821,HOLD,LOW,HIGH,Volatile,0.050767059583171584,10.137858799525663,0,0,2,ResidualHybrid
2024-05-07,0.0013770201179095082,0.004471687519147206,0.0002481810515746474,0.0,0.0011178636428510749,0.0013770206792809933,0.004471687519147206,0.0011178636428510749,HOLD,LOW,HIGH,Volatile,0.05137952708773015,10.338572910853793,0,0,2,ResidualHybrid
2024-05-08,-0.0009187472988335129,-0.0015786102094184635,0.00023331050761044025,0.0,-0.00039649710339721353,-0.0009187466544534923,-0.0015786102094184635,-0.00039649710339721353,HOLD,LOW,HIGH,Volatile,0.05108742213073676,10.403573172433033,0,0,2,ResidualHybrid
2024-05-09,0.0007226063434372623,0.011406609154720365,1.5895231626927853e-05,0.0,0.0014627366533196363,0.00072260766086924,0.011406609154720365,0.0014627366533196363,HOLD,LOW,HIGH,Volatile,0.05108011791417281,10.370001656668524,0,0,2,ResidualHybrid
2024-05-10,0.00041202085280715576,-0.005011049873527827,-0.00016355805564671755,0.0,-0.0004424047402940164,-0.00016355958080524997,-0.005011049873527827,-0.0004424047402940164,HOLD,LOW,HIGH,Volatile,0.051080538052672105,10.160001482282365,0,0,2,ResidualHybrid
2024-05-13,0.0002347053950737635,-0.001710110624726207,-0.0001758240396156907,0.0,-0.00017629915181106105,-0.00017582581276772013,-0.001710110624726207,-0.00017629915181106105,HOLD,LOW,HIGH,Volatile,0.04946059460080764,10.21571568080357,0,0,2,ResidualHybrid
2024-05-14,0.0017764623380147181,0.0036975604193623017,-0.0003568726824596524,0.0,0.0008815148008924491,0.0017764622863310152,0.0036975604193623017,0.0008815148008924491,HOLD,LOW,HIGH,Volatile,0.049324267333068654,9.095001220703123,0,0,2,ResidualHybrid
2024-05-15,0.0016260336103286225,-0.0008286653319600009,-0.0008350210264325142,0.0,0.00011171251237650681,-0.0008285460543383181,-0.0008286653319600009,0.00011171251237650681,HOLD,LOW,HIGH,Volatile,0.049542839852701595,8.692858014787944,0,0,2,ResidualHybrid
2024-05-16,-0.00044199618728926813,-0.0009106025063172783,-0.000849805073812604,0.0,-0.0006993077194080654,-0.0008497915892325289,-0.0009106025063172783,-0.0006993077194080654,HOLD,LOW,HIGH,Volatile,0.04856109940037309,8.59357234409877,0,0,2,ResidualHybrid
2024-05-17,0.0012407332666363722,0.002923620509446618,-0.001214183634147048,0.0,0.0001564275529218923,0.001240733080138973,0.002923620509446618,0.0001564275529218923,HOLD,LOW,HIGH,Volatile,0.048158187684713555,6.900715419224328,0,0,2,ResidualHybrid
2024-05-20,0.0012077349633477482,-0.00039358138801482106,-0.001330869970843196,0.0,-0.0002582812219980048,-0.00039358094708622616,-0.00039358138801482106,-0.0002582812219980048,HOLD,LOW,HIGH,Volatile,0.0473886610845111,6.402143205915179,0,0,2,ResidualHybrid
2024-05-21,2.4354582608576377e-05,-0.0017151534429226893,-0.001377950655296445,0.0,-0.0008736657793483029,-0.0013779484192986697,-0.0017151534429226893,-0.0008736657793483029,HOLD,LOW,HIGH,Volatile,0.04889317211272752,6.7821426391601545,0,0,2,ResidualHybrid
2024-05-22,0.0033072558177042097,0.002831597458081302,-0.0015607685782015324,0.0,0.000763751490796273,0.0028315955920979966,0.002831597458081302,0.000763751490796273,HOLD,LOW,HIGH,Volatile,0.04376380374079133,6.7750004359654,0,0,2,ResidualHybrid
2024-05-23,-0.001481799945499566,-0.005304507020578049,-0.0014847118873149157,0.0,-0.0018776766552801346,-0.001484915221962768,-0.005304507020578049,-0.0018776766552801346,HOLD,LOW,HIGH,Volatile,0.04344997632932791,6.937857491629464,0,0,2,ResidualHybrid
2024-05-24,-1.612770765099976e-07,-0.00901194710491291,-0.0005301616620272398,0.0,-0.0012014758115855807,-0.0005301634238536075,-0.00901194710491291,-0.0012014758115855807,HOLD,LOW,HIGH,Volatile,0.04385348580197809,6.93642970493862,0,0,2,ResidualHybrid
2024-05-28,0.002384399026998044,0.008393638692195863,-0.0002944252919405699,0.0,0.001631705750254858,0.0023843992336626137,0.008393638692195863,0.001631705750254858,HOLD,LOW,HIGH,Volatile,0.029210956862388032,6.845001220703125,0,0,2,ResidualHybrid
2024-05-29,-0.00022381075060436345,0.006649096425852538,-0.00041360314935445786,0.0,0.00038800793947403383,-0.00022380568208605543,0.006649096425852538,0.00038800793947403383,HOLD,LOW,HIGH,Volatile,0.02647744604868174,6.599286760602679,0,0,2,ResidualHybrid
2024-05-30,0.0008628226862112799,0.0016032783900607867,-0.0005224855849519372,0.0,0.00022936696739983705,0.0008628220601492986,0.0016032783900607867,0.00022936696739983705,HOLD,LOW,HIGH,Volatile,0.026439721139207513,6.816429138183594,0,0,2,ResidualHybrid
2024-05-31,0.0013202577807013619,0.0032358084777109443,-0.0004988695727661252,0.0,0.0005857415142914761,0.0013202578083131885,0.0032358084777109443,0.0005857415142914761,HOLD,LOW,HIGH,Volatile,0.02645190857703826,6.901429312569754,0,0,2,ResidualHybrid
2024-06-03,0.0003951934378582091,0.0016272509125080583,-0.0005255630239844322,0.0,5.0497387440620535e-05,0.0003951937112329806,0.0016272509125080583,5.0497387440620535e-05,HOLD,LOW,HIGH,Volatile,0.026479351425536497,6.988572256905692,0,0,2,ResidualHybrid
2024-06-04,0.00045301610266852265,0.002662081136394,-9.102281183004379e-05,0.0,0.00040215123975377446,0.0004530174817702396,0.002662081136394,0.00040215123975377446,HOLD,LOW,HIGH,Volatile,0.026055954226351038,6.714285714285714,0,0,2,ResidualHybrid
2024-06-05,0.000583242876665893,0.0005622978497240037,4.684086889028549e-05,0.0,0.0003062235005126137,0.000562256196314906,0.0005622978497240037,0.0003062235005126137,HOLD,LOW,MEDIUM,Volatile,0.024679804105449073,6.509284973144531,0,0,1,ResidualHybrid
2024-06-06,0.0009229922460425422,0.004900504678539924,-0.00017291877884417772,0.0,0.0007717906515741815,0.0009229929055762478,0.004900504678539924,0.0007717906515741815,HOLD,LOW,MEDIUM,Volatile,0.02464379383910038,6.697856358119419,0,0,1,ResidualHybrid
2024-06-07,0.0013352084928481857,0.0006307039703377782,-0.0005606827326118946,0.0,0.00029104925100138833,0.0006307033928693377,0.0006307039703377782,0.00029104925100138833,HOLD,LOW,MEDIUM,Volatile,0.024345075171381642,6.475713457380023,0,0,1,ResidualHybrid
2024-06-10,0.0004138316621604906,-0.0009334154256651731,-0.0009753941558301449,0.0,-0.00043701751489622114,-0.0009333934281840252,-0.0009334154256651731,-0.00043701751489622114,HOLD,LOW,MEDIUM,Volatile,0.024366710136487404,6.559285845075335,0,0,1,ResidualHybrid
2024-06-11,7.388473336457206e-05,-0.002249030193394357,-0.000929276691749692,0.0,-0.0006797992569758962,-0.0009292769300442285,-0.002249030193394357,-0.0006797992569758962,HOLD,LOW,MEDIUM,Volatile,0.024336631604961616,6.214285714285714,0,0,1,ResidualHybrid
2024-06-12,0.00044722817662451545,-0.0015104784177322056,-0.0006312731420621276,0.0,-0.0003073826807644039,-0.0006312729327488674,-0.0015104784177322056,-0.0003073826807644039,HOLD,LOW,MEDIUM,Volatile,0.024771236263455895,6.37642778669085,0,0,1,ResidualHybrid
2024-06-13,0.002369508572539023,0.0033502955521236503,-0.0006695883348584175,0.0,0.0009134274350110045,0.0023695078838530136,0.0033502955521236503,0.0009134274350110045,HOLD,LOW,HIGH,Volatile,0.025094229955999723,6.744285583496094,0,0,2,ResidualHybrid
2024-06-14,0.0011722925497357278,0.0029702970736266566,-0.0006856423569843173,0.0,0.0004057637380206643,0.0011722925318347877,0.0029702970736266566,0.0004057637380206643,HOLD,LOW,HIGH,Volatile,0.025803297645432006,6.9392852783203125,0,0,2,ResidualHybrid
2024-06-17,-0.0005307264862592665,-0.0033401738329291884,-0.0003830990754067898,0.0,-0.0007449281948807458,-0.000530732813853046,-0.0033401738329291884,-0.0007449281948807458,HOLD,LOW,HIGH,Volatile,0.028060230250131064,7.348570687430241,0,0,2,ResidualHybrid
2024-06-18,0.0029665579909138734,-0.002858157087993923,-0.0007569295121356845,0.0,0.00045767095107894897,-0.000756929305097182,-0.002858157087993923,0.00045767095107894897,HOLD,LOW,HIGH,Volatile,0.028048095939685633,7.409285409109929,0,0,2,ResidualHybrid
2024-06-20,-0.0005429104356480765,0.002895263593433895,-0.0013298552948981524,0.0,-0.0005914372125630507,-0.0005429094588149797,0.002895263593433895,-0.0005914372125630507,HOLD,LOW,MEDIUM,Volatile,0.024309557442524495,7.2850003923688575,0,0,1,ResidualHybrid
2024-06-21,0.00037832967660164456,0.01022381259172466,-0.0015463598538190126,0.0,0.00040784476782243837,0.0003783300940778566,0.01022381259172466,0.00040784476782243837,HOLD,LOW,MEDIUM,Volatile,0.023012570817675743,7.053571428571424,0,0,1,ResidualHybrid
2024-06-24,0.0013033423751780183,0.007051563117353808,-0.0019446494989097118,0.0,0.0002320721155862804,0.0013033425089647352,0.007051563117353808,0.0002320721155862804,HOLD,LOW,MEDIUM,Volatile,0.02134992646861052,6.917857578822541,0,0,1,ResidualHybrid
2024-06-25,0.0005489136413512651,0.005943914845732232,-0.0019295199308544397,0.0,-0.00016446745826953176,0.0005489138592185236,0.005943914845732232,-0.00016446745826953176,HOLD,LOW,MEDIUM,Volatile,0.02100078556029521,7.075001307896197,0,0,1,ResidualHybrid
2024-06-26,0.0017088888841835142,0.0036299594531621687,-0.002194476779550314,0.0,-9.304535934859313e-05,0.00170888862023973,0.0036299594531621687,-9.304535934859313e-05,HOLD,LOW,MEDIUM,Volatile,0.022871360510108664,7.6021445138113775,0,0,1,ResidualHybrid
2024-06-27,0.002007457238075787,-0.002428551585856086,-0.00238635647110641,0.0,-0.0007016412489289888,-0.0023863340715450237,-0.002428551585856086,-0.0007016412489289888,HOLD,LOW,MEDIUM,Volatile,0.0227851466756908,7.435715811593186,0,0,1,ResidualHybrid
2024-06-28,0.00023245177401406156,0.000283791633355494,-0.0025410351809114218,0.0,-0.0011834178623484188,0.0002324333864810132,0.000283791633355494,-0.0011834178623484188,HOLD,LOW,MEDIUM,Volatile,0.022696525066242697,7.733572823660704,0,0,1,ResidualHybrid
2024-07-01,0.0007823850603838999,0.000615030707384624,-0.0022248250897973776,0.0,-0.0007758094519178106,0.0006150251544769849,0.000615030707384624,-0.0007758094519178106,HOLD,LOW,HIGH,Volatile,0.025539581344498317,8.444285801478783,0,0,2,ResidualHybrid
2024-07-02,0.002783596666452357,0.005391473807274052,-0.0019745766185224056,0.0,0.0006145063577194403,0.00278359649336893,0.005391473807274052,0.0006145063577194403,HOLD,LOW,HIGH,Volatile,0.03194142600588052,9.45142909458704,0,0,2,ResidualHybrid
2024-07-03,0.0032542394861894575,-0.023548013362836396,-0.0020453420002013445,0.0,-0.0022264861876977867,-0.002045342142322783,-0.023548013362836396,-0.0022264861876977867,HOLD,LOW,HIGH,Volatile,0.03333364863662571,9.904287065778439,0,0,2,ResidualHybrid
2024-07-05,0.001506742441150797,-0.023776250795896313,-0.0018905261531472206,0.0,-0.0028424760451686523,-0.0018905264016404457,-0.023776250795896313,-0.0028424760451686523,HOLD,LOW,HIGH,Volatile,0.03312913378813508,9.627142769949756,0,0,2,ResidualHybrid
2024-07-08,0.0005445364801587345,-0.007541671426306716,-0.0016467003151774406,0.0,-0.0014125236343630132,-0.0016467006015460006,-0.007541671426306716,-0.0014125236343630132,HOLD,LOW,HIGH,Volatile,0.033246616878160044,10.040713718959243,0,0,2,ResidualHybrid
2024-07-09,0.0006610067396673317,-0.007203872310637306,-0.0010162810795009136,0.0,-0.0010098658027133836,-0.0010162815134299318,-0.007203872310637306,-0.0010098658027133836,HOLD,LOW,HIGH,Volatile,0.03314572042653567,10.290712629045743,0,0,2,ResidualHybrid
2024-07-10,0.002229180522980123,-0.01467573491424147,-0.0005721480119973421,0.0,-0.0009503141674296728,-0.0005721482978222574,-0.01467573491424147,-0.0009503141674296728,HOLD,LOW,HIGH,Volatile,0.03199987385961414,10.623570033482126,0,0,2,ResidualHybrid
2024-07-11,0.000517160600511694,-0.00432937523895411,-0.0003450460499152541,0.0,-0.00042465582596290356,-0.00034504695618880766,-0.00432937523895411,-0.00042465582596290356,HOLD,LOW,HIGH,Volatile,0.03945157558388411,12.466427394321968,0,0,2,ResidualHybrid
2024-07-12,-0.0025324324895192036,-0.01886814530803098,0.002853037789463997,0.0,-0.0014581941685271676,-0.002532432613927,-0.01886814530803098,-0.0014581941685271676,HOLD,LOW,HIGH,Volatile,0.039257403811430586,13.5728563581194,0,0,2,ResidualHybrid
2024-07-15,0.003290739124254945,0.006476364933965553,0.0038629313930869102,0.0,0.0039125945672447765,0.0038629327523189414,0.006476364933965553,0.0039125945672447765,HOLD,LOW,HIGH,Volatile,0.03915743366328073,14.3671428135463,0,0,2,ResidualHybrid
2024-07-16,0.0011107470778618776,-0.021802925264569527,0.004218311049044132,0.0,0.0003391192100972661,0.0011107467999116349,-0.021802925264569527,0.0003391192100972661,HOLD,LOW,HIGH,Volatile,0.03795477806911782,14.85714176722934,0,0,2,ResidualHybrid
2024-07-17,0.0012674552891493642,-0.005260716283588496,0.0035856780596077442,0.0,0.0017818345745265595,0.001267455011291581,-0.005260716283588496,0.0017818345745265595,HOLD,LOW,HIGH,Volatile,0.038682017389662655,14.92071424211773,0,0,2,ResidualHybrid
2024-07-18,-0.0005446529684367717,-0.0066608034344677,0.0032005258835852146,0.0,0.0007434226473914848,-0.0005446530718561202,-0.0066608034344677,0.0007434226473914848,HOLD,LOW,HIGH,Volatile,0.038222705596688215,15.297144208635588,0,0,2,ResidualHybrid
2024-07-19,0.0014747080829866253,-0.008363426133962062,0.002613863442093134,0.0,0.0010434344899315337,0.0014747073083063152,-0.008363426133962062,0.0010434344899315337,HOLD,LOW,HIGH,Volatile,0.03959486688830758,15.6307155064174,0,0,2,ResidualHybrid
2024-07-22,-0.0007444514677282938,-0.010123887580538561,0.0024039160925894976,0.0,-9.885844497361542e-05,-0.0007444516785580914,-0.010123887580538561,-9.885844497361542e-05,HOLD,LOW,HIGH,Volatile,0.04038515335286946,15.535002572195863,0,0,2,ResidualHybrid
2024-07-23,0.00342519328904345,0.00634384439945013,0.0015908604254946113,0.0,0.0027863743420926002,0.0034251934912176625,0.00634384439945013,0.0027863743420926002,HOLD,LOW,HIGH,Volatile,0.04102062636469456,14.727144513811382,0,0,2,ResidualHybrid
2024-07-24,-0.000633321678509849,-0.014567286716532027,0.0011856183409690857,0.0,-0.0011388283488179105,-0.000633322155919994,-0.014567286716532027,-0.0011388283488179105,HOLD,LOW,HIGH,Volatile,0.052372491031581904,15.768572126116075,0,0,2,ResidualHybrid
2024-07-25,-0.003849328510763164,-0.010367189513098927,0.001719703315757215,0.0,-0.001668133897302184,-0.0038493285368856236,-0.010367189513098927,-0.001668133897302184,HOLD,LOW,HIGH,Volatile,0.05162534608761253,15.775715419224332,0,0,2,ResidualHybrid
2024-07-26,0.003513625529650099,0.005010144887065744,0.0021251270081847906,0.0,0.0029565373681848866,0.003513625581491277,0.005010144887065744,0.0029565373681848866,HOLD,LOW,HIGH,Volatile,0.05165474715984203,15.210001264299667,0,0,2,ResidualHybrid
2024-07-29,0.0004736551229389243,0.01228843678618127,0.002050393959507346,0.0,0.002500512446182568,0.002050394495268527,0.01228843678618127,0.002500512446182568,HOLD,LOW,HIGH,Volatile,0.05279548534627677,15.150002615792411,0,0,2,ResidualHybrid
2024-07-30,0.00305249603181183,0.005604973533363974,0.001680564135313034,0.0,0.002612838869300195,0.003052496368180552,0.005604973533363974,0.002612838869300195,HOLD,LOW,HIGH,Volatile,0.05248650362691443,15.341430664062496,0,0,2,ResidualHybrid
2024-07-31,-0.0014886227872390424,-0.007124167313502893,0.0018736026249825954,0.0,-0.00034719327661551693,-0.0014886229071021005,-0.007124167313502893,-0.00034719327661551693,HOLD,LOW,HIGH,Volatile,0.048566248211731694,13.963572910853793,0,0,2,ResidualHybrid
2024-08-01,0.003126947770011572,0.012360356744034651,0.0015748959267511964,0.0,0.003284259644262868,0.0031269483052118775,0.012360356744034651,0.003284259644262868,HOLD,LOW,HIGH,Volatile,0.04843855932221578,13.891430446079797,0,0,2,ResidualHybrid
2024-08-02,-0.0023349609528824076,-0.003724797047016995,0.0024130321107804775,0.0,-4.542311437803542e-05,-0.00233496044493355,-0.003724797047016995,-4.542311437803542e-05,HOLD,LOW,HIGH,Volatile,0.04867177149484611,13.44214412144252,0,0,2,ResidualHybrid
2024-08-05,0.00022477689138224362,0.004130181435993021,0.003166163107380271,0.0,0.002134893107416777,0.0031661624119477256,0.004130181435993021,0.002134893107416777,HOLD,LOW,HIGH,Volatile,0.04909325412927312,14.360001700265064,0,0,2,ResidualHybrid
2024-08-06,-0.00019122272182203368,0.015321855407201964,0.004209121689200401,0.0,0.0036640315559941785,0.004209121826381434,0.015321855407201964,0.0036640315559941785,HOLD,LOW,HIGH,Volatile,0.04803450093535655,14.212857927594866,0,0,2,ResidualHybrid
2024-08-07,0.0017097583477536618,0.009274014803001855,0.0044692642986774445,0.0,0.003904156879430189,0.0044692644527579576,0.009274014803001855,0.003904156879430189,HOLD,LOW,HIGH,Volatile,0.048367031500045184,14.360714503696991,0,0,2,ResidualHybrid
2024-08-08,-0.00096725464651409,0.012034060961149158,0.005008408799767494,0.0,0.0034360752018832686,0.005008408824761906,0.012034060961149158,0.0034360752018832686,HOLD,LOW,HIGH,Volatile,0.046537774522198934,14.09857177734375,0,0,2,ResidualHybrid
2024-08-09,0.0027433186760464144,0.007086606650313948,0.004687958396971226,0.0,0.004187866596619884,0.004687958494122834,0.007086606650313948,0.004187866596619884,HOLD,LOW,HIGH,Volatile,0.045788210668661095,13.509999956403458,0,0,2,ResidualHybrid
2024-08-12,0.00046444938458068156,0.015570782482666664,0.0037877464201301336,0.0,0.003725848866630429,0.0037877466360017858,0.015570782482666664,0.003725848866630429,HOLD,LOW,HIGH,Volatile,0.04529728482960968,13.167143685477114,0,0,2,ResidualHybrid
2024-08-13,0.00028336362179240545,0.008548444555043992,0.0026302076876163483,0.0,0.0023386128133144938,0.0026302079444455377,0.008548444555043992,0.0023386128133144938,HOLD,LOW,HIGH,Volatile,0.047109284448474086,11.721430097307477,0,0,2,ResidualHybrid
2024-08-14,0.002798609918616523,-0.0021192742792327034,0.001411845674738288,0.0,0.0015806432710748788,0.0014118452377095375,-0.0021192742792327034,0.0015806432710748788,HOLD,LOW,HIGH,Volatile,0.04709997607994707,11.69857352120536,0,0,2,ResidualHybrid
2024-08-15,-0.0010643043047147286,-0.003022937182631995,0.0006560069741681218,0.0,-0.00038486726325196027,-0.0010643043752904954,-0.003022937182631995,-0.00038486726325196027,HOLD,LOW,HIGH,Volatile,0.049722627311807356,12.237859453473774,0,0,2,ResidualHybrid
2024-08-16,0.003467145061336825,-0.002462245940328201,-0.0002252162666991353,0.0,0.0009634081252871576,-0.0002252160907598557,-0.002462245940328201,0.0009634081252871576,HOLD,LOW,HIGH,Volatile,0.04920873319020333,11.84714508056641,0,0,2,ResidualHybrid
2024-08-19,0.00023066599454052265,-0.004955522919578745,-0.0009719766676425934,0.0,-0.0009206353672192184,-0.0009719772468577665,-0.004955522919578745,-0.0009206353672192184,HOLD,LOW,HIGH,Volatile,0.04821602971514596,11.595716203962057,0,0,2,ResidualHybrid
2024-08-20,0.0017746849196548361,0.003192219112299967,-0.001764786196872592,0.0,0.0001072650790209372,0.001774684497566847,0.003192219112299967,0.0001072650790209372,HOLD,LOW,HIGH,Volatile,0.04809664809433783,11.352859497070321,0,0,2,ResidualHybrid
2024-08-21,0.0001043744833683464,-0.000771744667946443,-0.0019077640026807785,0.0,-0.0010170564768173362,-0.0007717449280246312,-0.000771744667946443,-0.0010170564768173362,HOLD,LOW,HIGH,Volatile,0.03787031432659049,10.50000217982701,0,0,2,ResidualHybrid
2024-08-22,0.0012622064258991043,0.005354829640214784,-0.00212520407512784,0.0,-5.130975158364908e-05,0.0012622064767129483,0.005354829640214784,-5.130975158364908e-05,HOLD,LOW,HIGH,Volatile,0.03987036645686389,10.74285888671875,0,0,2,ResidualHybrid
2024-08-23,-0.001430718722029883,0.003690251315290542,-0.001283895457163453,0.0,-0.0008271598103755878,-0.0012838889387338209,0.003690251315290542,-0.0008271598103755878,HOLD,LOW,HIGH,Volatile,0.04123624885127119,9.682144165039064,0,0,2,ResidualHybrid
2024-08-26,0.0032299146695196684,-0.0012776162279505834,-0.0009805380832403898,0.0,0.0006073935698815568,-0.0009805349770215693,-0.0012776162279505834,0.0006073935698815568,HOLD,LOW,HIGH,Volatile,0.039775240952127706,9.616431100027897,0,0,2,ResidualHybrid
2024-08-27,-0.0010454689827875813,-0.008354342105948556,-0.0005674920976161957,0.0,-0.0015545967987904146,-0.0010454709294392308,-0.008354342105948556,-0.0015545967987904146,HOLD,LOW,HIGH,Volatile,0.038964410113245446,9.381430489676328,0,0,2,ResidualHybrid
2024-08-28,0.0006114806473694028,0.000734856605951404,0.0001325185876339674,0.0,0.00037878359663344593,0.0006114747504268881,0.000734856605951404,0.00037878359663344593,HOLD,LOW,HIGH,Volatile,0.03760217798986639,9.403573172433028,0,0,2,ResidualHybrid
2024-08-29,0.0004454433716574921,-0.0007201583103660172,0.000842877256218344,0.0,0.0005288391441365362,0.00044544172456718146,-0.0007201583103660172,0.0005288391441365362,HOLD,LOW,HIGH,Volatile,0.03469834406527063,9.644287109374995,0,0,2,ResidualHybrid
2024-08-30,0.0011178510055366657,0.002662996783617756,0.0014926790026947856,0.0,0.0014693281779912313,0.0014926808034184643,0.002662996783617756,0.0014693281779912313,HOLD,LOW,HIGH,Volatile,0.034387046331341875,9.855716160365507,0,0,2,ResidualHybrid
2024-09-03,0.0020846064942617436,0.0017202726004141016,0.0011875570053234696,0.0,0.001587360177936958,0.001720271740812616,0.0017202726004141016,0.001587360177936958,HOLD,LOW,HIGH,Volatile,0.03304891741013498,9.77214377267019,0,0,2,ResidualHybrid
2024-09-04,-0.0003224734710121826,-0.004115666551546272,0.001445622998289764,0.0,0.00019217963381501512,-0.0003224737724619827,-0.004115666551546272,0.00019217963381501512,HOLD,LOW,HIGH,Volatile,0.034119210460478236,9.912143162318628,0,0,2,ResidualHybrid
2024-09-05,0.0023352460843391694,-0.006901621560484145,0.0012282057432457805,0.0,0.0008150282517876473,0.001228204964538829,-0.006901621560484145,0.0008150282517876473,HOLD,LOW,HIGH,Volatile,0.03332019155820404,9.990000043596535,0,0,2,ResidualHybrid
2024-09-06,0.0019162498810316431,-0.011141323678528563,0.0008727607782930136,0.0,3.441828702027412e-05,0.0008727599050246067,-0.011141323678528563,3.441828702027412e-05,HOLD,LOW,HIGH,Volatile,0.03911142573134157,10.996429443359363,0,0,2,ResidualHybrid
2024-09-09,-0.0025274906768839502,-0.012941196125352472,0.0029842043295502663,0.0,-0.0007776062052002868,-0.002527490762241671,-0.012941196125352472,-0.0007776062052002868,HOLD,LOW,HIGH,Volatile,0.0394479932971278,11.014286586216512,0,0,2,ResidualHybrid
2024-09-10,0.0026257547365398483,0.0001579429234434423,0.0031087694223970175,0.0,0.0026186554611356137,0.002625753079634374,0.0001579429234434423,0.0026186554611356137,HOLD,LOW,HIGH,Volatile,0.04026041493861442,11.119285583496088,0,0,2,ResidualHybrid
2024-09-11,0.001952914452184238,0.0030064536551683307,0.0021645179949700832,0.0,0.0021700350303608664,0.0021645214916353192,0.0030064536551683307,0.0021700350303608664,HOLD,LOW,HIGH,Volatile,0.0389009185332443,11.538570949009486,0,0,2,ResidualHybrid
2024-09-12,0.0006313699377456875,-0.001171072284370147,0.0012109186500310898,0.0,0.0007423812658967388,0.0006313687723860424,-0.001171072284370147,0.0007423812658967388,HOLD,LOW,HIGH,Volatile,0.03795740856878943,11.048570905412946,0,0,2,ResidualHybrid
2024-09-13,0.0009788152860602832,0.004242361975879541,0.0002030861796811223,0.0,0.0009180194730062935,0.0009788162656279775,0.004242361975879541,0.0009180194730062935,HOLD,LOW,HIGH,Volatile,0.035697644459273155,10.72928510393415,0,0,2,ResidualHybrid
2024-09-16,0.0008101743049307424,0.00542375894694184,-0.0007414659485220909,0.0,0.0004910747506014375,0.0008101747319231716,0.00542375894694184,0.0004910747506014375,HOLD,LOW,HIGH,Volatile,0.03591783816945083,10.547140938895092,0,0,2,ResidualHybrid
2024-09-17,0.0003057198319324073,0.006931628190457931,-0.0013908734545111656,0.0,0.00011995397612287725,0.000305720269777734,0.006931628190457931,0.00011995397612287725,HOLD,LOW,HIGH,Volatile,0.0353327009824414,10.497141156877797,0,0,2,ResidualHybrid
2024-09-18,0.0011426233009172288,0.0037053646327788385,-0.001715414458885789,0.0,-5.747252912268147e-05,0.001142623260660089,0.0037053646327788385,-5.747252912268147e-05,HOLD,LOW,HIGH,Volatile,0.035291318861411285,10.464997427804136,0,0,2,ResidualHybrid
2024-09-19,0.0006696266496784462,-0.0001404067793653521,-0.001724354224279523,0.0,-0.0006406467072559692,-0.00014040738030429595,-0.0001404067793653521,-0.0006406467072559692,HOLD,LOW,HIGH,Volatile,0.03856425509513186,11.029283796037955,0,0,2,ResidualHybrid
2024-09-20,0.003147597694235621,-0.004385044011674168,-0.0021438717376440763,0.0,-0.00034094611249460734,-0.002143871480758838,-0.004385044011674168,-0.00034094611249460734,HOLD,LOW,HIGH,Volatile,0.03632024913347541,11.01356942313059,0,0,2,ResidualHybrid
2024-09-23,-0.000705280003434246,-0.0011934336891967665,-0.002228116150945425,0.0,-0.0015359608887603087,-0.0011934347647597921,-0.0011934336891967665,-0.0015359608887603087,HOLD,LOW,HIGH,Volatile,0.03651250340534097,11.119998386928021,0,0,2,ResidualHybrid
2024-09-24,0.0026536811731153525,0.0031185784796719028,-0.0024932469241321087,0.0,6.429953345728689e-05,0.0026536792255311176,0.0031185784796719028,6.429953345728689e-05,HOLD,LOW,HIGH,Volatile,0.035384019039723574,10.869284493582597,0,0,2,ResidualHybrid
2024-09-25,0.000836031073767107,0.0029021428316206915,-0.002605714602395892,0.0,-0.0007144000845634909,0.0008360308806157063,0.0029021428316206915,-0.0007144000845634909,HOLD,LOW,HIGH,Volatile,0.03477633436971377,10.096426827566969,0,0,2,ResidualHybrid
2024-09-26,0.0010041518661106203,0.0049559950175919,-0.002706104889512062,0.0,-0.0004893185389018507,0.0010041518825700604,0.0049559950175919,-0.0004893185389018507,HOLD,LOW,HIGH,Volatile,0.03456566944903751,9.177140372140077,0,0,2,ResidualHybrid
2024-09-27,0.00035487990732991227,0.0007715469659101651,-0.0023098045494407415,0.0,-0.0009675476732174173,0.00035487789379281105,0.0007715469659101651,-0.0009675476732174173,HOLD,LOW,HIGH,Volatile,0.03464123986239407,8.994284493582597,0,0,2,ResidualHybrid
2024-09-30,0.001725340180295398,0.007113915933621622,-0.002150398213416338,0.0,0.00029530126339885024,0.0017253402526687357,0.007113915933621622,0.00029530126339885024,HOLD,LOW,HIGH,Volatile,0.034138290471663335,8.919998168945318,0,0,2,ResidualHybrid
2024-10-01,0.0007001938767110412,0.006356249818318611,-0.0018181782215833664,0.0,-6.7194408654255204e-06,0.0007001940967387173,0.006356249818318611,-6.7194408654255204e-06,HOLD,LOW,HIGH,Volatile,0.03403535620431741,9.189999171665743,0,0,2,ResidualHybrid
2024-10-02,0.00033402404358511613,0.0009486294033226682,-0.0009097687434405088,0.0,-0.00023990137414303897,0.0003340232245029057,0.0009486294033226682,-0.00023990137414303897,HOLD,LOW,HIGH,Volatile,0.034680100365663415,9.825713021414627,0,0,2,ResidualHybrid
2024-10-03,-6.084092038170644e-05,-0.002829859740957883,-0.0001701426226645708,0.0,-0.0004025250660607418,-0.00017015123158485622,-0.002829859740957883,-0.0004025250660607418,HOLD,LOW,HIGH,Volatile,0.03435680409127197,10.22785622732981,0,0,2,ResidualHybrid
2024-10-04,0.00022684782912641137,0.0062443257534465215,0.0008460956159979105,0.0,0.001164974207500352,0.0008460970404847237,0.0062443257534465215,0.001164974207500352,HOLD,LOW,HIGH,Volatile,0.02786153839659406,10.48071398053852,0,0,2,ResidualHybrid
2024-10-07,0.0024252512714225305,-0.0034715697044750975,0.0007793373661115766,0.0,0.0009734975251413983,0.0007793369944169876,-0.0034715697044750975,0.0009734975251413983,HOLD,LOW,HIGH,Volatile,0.02936447366443665,10.577856881277915,0,0,2,ResidualHybrid
2024-10-08,-0.0007446777796652472,0.001412147964813401,0.0010145287960767746,0.0,0.0003792771164838727,0.0010145268614841277,0.001412147964813401,0.0003792771164838727,HOLD,LOW,HIGH,Volatile,0.027988129371105005,10.352858407156827,0,0,2,ResidualHybrid
2024-10-09,0.001781357871030131,0.005565219389067244,0.000672376248985529,0.0,0.001603479996074987,0.00178135850699451,0.005565219389067244,0.001603479996074987,HOLD,LOW,HIGH,Volatile,0.02824961156826017,9.701429094587066,0,0,2,ResidualHybrid
2024-10-10,0.000237850179719016,0.0067177507858449306,0.0005173607496544719,0.0,0.0010495989905937278,0.0005173641406927293,0.0067177507858449306,0.0010495989905937278,HOLD,LOW,HIGH,Volatile,0.028356609039368257,9.871428353445879,0,0,2,ResidualHybrid
2024-10-11,0.0007470125021506967,0.00396419156573845,0.0004137346404604614,0.0,0.000908150049455503,0.0007470151741157139,0.00396419156573845,0.000908150049455503,HOLD,LOW,HIGH,Volatile,0.03527419373770331,10.77428545270648,0,0,2,ResidualHybrid
2024-10-14,-0.0018448328748686968,0.002825553280222859,0.0007415932486765087,0.0,-3.767992033354146e-05,0.0007415931556160727,0.002825553280222859,-3.767992033354146e-05,HOLD,LOW,HIGH,Volatile,0.03519944651594295,10.77642822265625,0,0,2,ResidualHybrid
2024-10-15,0.0021211118051309165,-5.542665725636643e-06,0.0008958562975749373,0.0,0.0012738722577606905,0.0008958565896796015,-5.542665725636643e-06,0.0012738722577606905,HOLD,LOW,HIGH,Volatile,0.0351770663731283,10.945714678083151,0,0,2,ResidualHybrid
2024-10-16,0.0008178750999856256,0.00612049114120903,0.000830978387966752,0.0,0.001371654595793159,0.0008310444105593585,0.00612049114120903,0.001371654595793159,HOLD,LOW,HIGH,Volatile,0.03524406607917006,10.493572780064179,0,0,2,ResidualHybrid
2024-10-17,0.0010960214381909707,-0.00033330738056829067,0.00037190329749137163,0.0,0.0005775127283778321,0.00037190333431088126,-0.00033330738056829067,0.0005775127283778321,HOLD,LOW,HIGH,Volatile,0.030868825620339636,10.322143554687502,0,0,2,ResidualHybrid
2024-10-18,0.000710890247948605,0.00872532691081086,-0.00014178361743688583,0.0,0.0011008112975269906,0.0007108912932420007,0.00872532691081086,0.0011008112975269906,HOLD,LOW,HIGH,Volatile,0.030566077748015296,9.890716552734377,0,0,2,ResidualHybrid
2024-10-21,0.0008641566376635955,-0.002086921245847882,-0.0007359110750257969,0.0,-0.00026019583507228873,-0.0007359109601263419,-0.002086921245847882,-0.00026019583507228873,HOLD,LOW,HIGH,Volatile,0.028015105977042487,9.142144339425228,0,0,2,ResidualHybrid
2024-10-22,0.0006157155075130629,0.002921081033191891,-0.0011434706393629313,0.0,-4.786942304706382e-05,0.0006157156419175432,0.002921081033191891,-4.786942304706382e-05,HOLD,LOW,HIGH,Volatile,0.027472976240629055,8.21857452392578,0,0,2,ResidualHybrid
2024-10-23,0.0008389950613587435,0.0025245841492415517,-0.0016350720543414354,0.0,-0.0002548446941976175,0.0008389948726636626,0.0025245841492415517,-0.0002548446941976175,HOLD,LOW,HIGH,Volatile,0.02724558988325509,7.835003444126666,0,0,2,ResidualHybrid
2024-10-24,0.0002958146847442647,-0.0022361119117390218,-0.0017569304909557104,0.0,-0.0010172514878219038,-0.0017569288994142259,-0.0022361119117390218,-0.0010172514878219038,HOLD,LOW,HIGH,Volatile,0.053773626294033317,10.56143188476561,0,0,2,ResidualHybrid
2024-10-25,0.007162801394985094,-0.0028768218676517403,-0.0020301106851547956,0.0,0.0014164713211506181,-0.002030109615653329,-0.0028768218676517403,0.0014164713211506181,HOLD,LOW,HIGH,Volatile,0.0540026863315452,10.903573172433022,0,0,2,ResidualHybrid
2024-10-28,-0.0004383559330002866,0.02586095564127101,-0.002527244621887803,0.0,0.0012045455314334099,-0.0004383554927556599,0.02586095564127101,0.0012045455314334099,HOLD,LOW,HIGH,Volatile,0.0543258365345188,11.307145254952548,0,0,2,ResidualHybrid
2024-10-29,-0.00021573141527815272,0.042540590261276386,-0.0020107622258365154,0.0,0.0032755982928592284,-0.00021573088219191988,0.042540590261276386,0.0032755982928592284,HOLD,LOW,HIGH,Volatile,0.05429534020930922,11.41786084856304,0,0,2,ResidualHybrid
2024-10-30,0.0008033420770633108,-0.013841092780551338,-0.0014063327107578516,0.0,-0.0018397711303712108,-0.001406333082497113,-0.013841092780551338,-0.0018397711303712108,HOLD,LOW,HIGH,Volatile,0.05368239811516647,11.209289550781234,0,0,2,ResidualHybrid
2024-10-31,0.0007724266685002926,0.0011506990052295725,-0.0009312585461884737,0.0,-6.153509387105344e-05,0.0007724246250774812,0.0011506990052295725,-6.153509387105344e-05,HOLD,LOW,HIGH,Volatile,0.05355563448538966,10.217146737234918,0,0,2,ResidualHybrid
2024-11-01,4.472970075025781e-05,-0.010521828931040741,-0.00020310794934630394,0.0,-0.0011724056798337766,-0.00020311185505464947,-0.010521828931040741,-0.0011724056798337766,HOLD,LOW,HIGH,Volatile,0.05286681385594333,10.160003662109366,0,0,2,ResidualHybrid
2024-11-04,0.0011435957664730574,-0.0016717310527153487,0.0001949342549778521,0.0,0.00036703654487186947,0.00019493373821975857,-0.0016717310527153487,0.00036703654487186947,HOLD,LOW,HIGH,Volatile,0.05246733496305724,10.37143162318637,0,0,2,ResidualHybrid
2024-11-05,0.00014758897829727927,0.0012830058723966328,0.0006399964913725853,0.0,0.00051704394387831,0.0006399969636320034,0.0012830058723966328,0.00051704394387831,HOLD,LOW,HIGH,Volatile,0.0529400383883492,10.98214503696985,0,0,2,ResidualHybrid
2024-11-06,0.002239607317139483,0.001396244878613313,0.0007562998798675835,0.0,0.0013925348864457113,0.001396245253455288,0.001396244878613313,0.0013925348864457113,HOLD,LOW,HIGH,Volatile,0.060872389971894286,13.408572605678,0,0,2,ResidualHybrid
2024-11-07,0.004595725005432335,-0.008731387613571631,0.0005594658432528377,0.0,0.001152555879335106,0.0005594657032309508,-0.008731387613571631,0.001152555879335106,HOLD,LOW,HIGH,Volatile,0.060859863485263864,14.207144601004448,0,0,2,ResidualHybrid
2024-11-08,3.119501181907038e-05,-0.0015144876342464268,0.00020997115643694997,0.0,-3.666447914057123e-05,3.119012622557878e-05,-0.0015144876342464268,-3.666447914057123e-05,HOLD,LOW,HIGH,Volatile,0.05755727824193137,16.123572213309135,0,0,2,ResidualHybrid
2024-11-11,0.0029459605194035515,0.001796232155277128,0.0006671411101706326,0.0,0.0016596512461682,0.0017962321711189814,0.001796232155277128,0.0016596512461682,HOLD,LOW,HIGH,Volatile,0.05932037155865775,18.540000915527333,0,0,2,ResidualHybrid
2024-11-12,0.002485607630143638,0.02727237773079481,0.0010372729739174247,0.0,0.004300688993888235,0.0024856082792988473,0.02727237773079481,0.004300688993888235,HOLD,LOW,HIGH,Volatile,0.06229058009609896,19.97428676060267,0,0,2,ResidualHybrid
2024-11-13,-0.002097403460008203,-0.013775474115323684,0.0021310336887836456,0.0,-0.0011355181402256916,-0.0020974036107744756,-0.013775474115323684,-0.0011355181402256916,HOLD,LOW,HIGH,Volatile,0.0623208674731173,18.090715680803566,0,0,2,ResidualHybrid
2024-11-14,0.0018520244396970252,0.0344173543675963,0.0033336777705699205,0.0,0.005970970722324324,0.003333678412412678,0.0344173543675963,0.005970970722324324,HOLD,LOW,HIGH,Volatile,0.06466848337583397,18.49785940987723,0,0,2,ResidualHybrid
2024-11-15,-0.001027088848856421,0.009178816884434416,0.004753521177917719,0.0,0.002987893960191546,0.00475352112497849,0.009178816884434416,0.002987893960191546,HOLD,LOW,HIGH,Volatile,0.06458644501427417,18.795000348772316,0,0,2,ResidualHybrid
2024-11-18,0.0025380331065512213,0.014865910380990657,0.005100809969007969,0.0,0.005123083073484681,0.0051008102565209155,0.014865910380990657,0.005123083073484681,HOLD,LOW,HIGH,Volatile,0.06473319878698898,20.106426783970424,0,0,2,ResidualHybrid
2024-11-19,0.002126695362449113,0.0006258767170938811,0.00519940722733736,0.0,0.0035463500767939334,0.0021266957026317445,0.0006258767170938811,0.0035463500767939334,HOLD,LOW,HIGH,Volatile,0.06444768810367313,20.613570077078684,0,0,2,ResidualHybrid
2024-11-20,0.0008456812100433639,0.005423004836282505,0.004627770744264126,0.0,0.003255904557187661,0.004627769754191433,0.005423004836282505,0.003255904557187661,HOLD,LOW,HIGH,Volatile,0.06417643699699722,20.742142813546316,0,0,2,ResidualHybrid
2024-11-21,0.00027383820982186625,0.006509871394297199,0.003866031765937805,0.0,0.0027578839841158314,0.0038660316662124674,0.006509871394297199,0.0027578839841158314,HOLD,LOW,HIGH,Volatile,0.049510911183171157,21.123571123395646,0,0,2,ResidualHybrid
2024-11-22,0.0008068679240664913,-0.00017489195400615675,0.0032287267968058586,0.0,0.0019465688873995586,0.0008068685280096878,-0.00017489195400615675,0.0019465688873995586,HOLD,LOW,HIGH,Volatile,0.049613459553277846,22.104285103934153,0,0,2,ResidualHybrid
2024-11-25,0.0020844819043369434,0.00502939772444411,0.00269177183508873,0.0,0.002699487997167154,0.002691773048925581,0.00502939772444411,0.002699487997167154,HOLD,LOW,HIGH,Volatile,0.05035286117780475,22.910712105887285,0,0,2,ResidualHybrid
2024-11-26,-0.0008228845246569989,0.012652200933169615,0.0028851586394011974,0.0,0.002467369183970448,0.0028851588065756653,0.012652200933169615,0.002467369183970448,HOLD,LOW,HIGH,Volatile,0.05014339213000276,20.99285452706474,0,0,2,ResidualHybrid
2024-11-27,0.0013597238306678747,0.005768745097199395,0.002475669141858816,0.0,0.0023864209275909877,0.0024756697328739744,0.005768745097199395,0.0023864209275909877,HOLD,LOW,HIGH,Volatile,0.05035886702121577,21.116424560546882,0,0,2,ResidualHybrid
2024-11-29,0.00043195540804641093,-0.0025399056185251906,0.0019766357727348804,0.0,0.0009168635043991725,0.00043195509776353705,-0.0025399056185251906,0.0009168635043991725,HOLD,LOW,HIGH,Volatile,0.0495474556282337,19.742139543805813,0,0,2,ResidualHybrid
2024-12-02,0.0022989435178460537,0.01571591164882626,0.0008039577514864504,0.0,0.0029171100207659693,0.0022989441113337285,0.01571591164882626,0.0029171100207659693,HOLD,LOW,HIGH,Volatile,0.049473838542302744,18.129281180245545,0,0,2,ResidualHybrid
2024-12-03,0.0016765357977796937,0.0037868724696442525,-0.0005472186021506786,0.0,0.0007547798833023593,0.001676535773656175,0.0037868724696442525,0.0007547798833023593,HOLD,LOW,HIGH,Volatile,0.04910299090026188,16.857851300920764,0,0,2,ResidualHybrid
2024-12-04,9.245480310591831e-05,-0.004405539039179358,-0.0017108118627220392,0.0,-0.0012956127921657057,-0.0017108120458369982,-0.004405539039179358,-0.0012956127921657057,HOLD,LOW,HIGH,Volatile,0.048952733688452,15.957850864955361,0,0,2,ResidualHybrid
2024-12-05,0.0017268136375845349,0.0020154237434753326,-0.0024743627291172743,0.0,-0.00039614140198478273,0.0017268104344606572,0.0020154237434753326,-0.00039614140198478273,HOLD,LOW,HIGH,Volatile,0.04025300276975062,15.788565499441972,0,0,2,ResidualHybrid
2024-12-06,0.0017892377621740922,0.0009237185049615497,-0.0027563159819692373,0.0,-0.0006292504603345997,0.0009237176238380928,0.0009237185049615497,-0.0006292504603345997,HOLD,LOW,HIGH,Volatile,0.04108170330470329,16.11285182407925,0,0,2,ResidualHybrid
2024-12-09,0.0023216191375314784,0.0012732146889814372,-0.003061114577576518,0.0,-0.0005447177097452193,0.0012732139675768262,0.0012732146889814372,-0.0005447177097452193,HOLD,LOW,HIGH,Volatile,0.03816025965717184,16.038565499441976,0,0,2,ResidualHybrid
2024-12-10,0.0004690600151592009,0.007717012277470615,-0.0020046078134328127,0.0,-5.071208564269992e-05,0.0004690602811586844,0.007717012277470615,-5.071208564269992e-05,HOLD,LOW,HIGH,Volatile,0.03406996567033447,16.41785103934153,0,0,2,ResidualHybrid
2024-12-11,0.0018754747533906986,0.00178151256906814,-0.0008161356672644615,0.0,0.000486568929694444,0.00178150253292379,0.00178151256906814,0.000486568929694444,HOLD,LOW,HIGH,Volatile,0.03159940790031982,17.24570792061943,0,0,2,ResidualHybrid
2024-12-12,0.0025298854726905936,-0.008385700317826879,-9.409617632627487e-05,0.0,5.91780766699794e-05,-9.409643656141858e-05,-0.008385700317826879,5.91780766699794e-05,HOLD,LOW,HIGH,Volatile,0.03221249211822205,17.359279087611622,0,0,2,ResidualHybrid
2024-12-13,-0.0001514514414372568,-0.004757145170534999,0.0006352601922117174,0.0,-0.00022349592987009492,-0.00015145249229974806,-0.004757145170534999,-0.00022349592987009492,HOLD,LOW,HIGH,Volatile,0.028153872491633303,17.1278512137277,0,0,2,ResidualHybrid
2024-12-16,0.0025168009093399233,-0.0003193697171542873,0.0009724270785227418,0.0,0.001432841474934069,0.0009724272047675467,-0.0003193697171542873,0.001432841474934069,HOLD,LOW,HIGH,Volatile,0.029615131804961316,17.36428179059712,0,0,2,ResidualHybrid
2024-12-17,0.0024413827247325177,-0.007097857741942627,0.0010422657942399383,0.0,0.0007403060396637346,0.0010422652033416629,-0.007097857741942627,0.0007403060396637346,HOLD,LOW,HIGH,Volatile,0.028681223249729635,18.44856698172435,0,0,2,ResidualHybrid
2024-12-18,0.0015099376176926208,-0.004443400305729276,0.0012561611365526915,0.0,0.0007657001555231763,0.0012561574022770736,-0.004443400305729276,0.0007657001555231763,HOLD,LOW,HIGH,Volatile,0.03686263512582441,21.703567504882834,0,0,2,ResidualHybrid
2024-12-19,-0.0022113332862604383,-0.007043336380074103,0.004448631312698126,0.0,0.0007027958651594423,-0.0022113332294984222,-0.007043336380074103,0.0007027958651594423,HOLD,LOW,HIGH,Volatile,0.036782579343887414,23.40213884626118,0,0,2,ResidualHybrid
2024-12-20,0.0015690464195368104,0.016983363903611173,0.006112107075750828,0.0,0.005487241097350293,0.006112107203801131,0.016983363903611173,0.005487241097350293,HOLD,LOW,HIGH,Volatile,0.03807672823262765,24.444994245256716,0,0,2,ResidualHybrid
2024-12-23,-0.00012901703544913716,0.006989875004562495,0.006971411406993866,0.0,0.004243771867987929,0.006971362680192732,0.006989875004562495,0.004243771867987929,HOLD,LOW,HIGH,Volatile,0.03767218740029551,25.17428152901788,0,0,2,ResidualHybrid
2024-12-24,0.0020519562448576044,-0.0008610037243863855,0.0061483317986130714,0.0,0.0038504587872058875,0.0020519563439163843,-0.0008610037243863855,0.0038504587872058875,HOLD,LOW,HIGH,Volatile,0.038058848979576405,26.794281005859396,0,0,2,ResidualHybrid
2024-12-26,0.0030177151812003896,0.008597523160293403,0.004735999740660191,0.0,0.004473846583611819,0.004736000063128321,0.008597523160293403,0.004473846583611819,HOLD,LOW,HIGH,Volatile,0.03862304500398754,26.566423688616087,0,0,2,ResidualHybrid
2024-12-27,-0.0003545547229468793,-0.0027942166044544908,0.0034427063073962927,0.0,0.0013395077868780638,-0.00035455457659882677,-0.0027942166044544908,0.0013395077868780638,HOLD,LOW,HIGH,Volatile,0.04080153849778018,27.11142403738841,0,0,2,ResidualHybrid
2024-12-30,-0.00042583380521970865,-0.0024679716090879053,0.003109523793682456,0.0,0.0011750385360395767,-0.0004258335987127632,-0.0024679716090879053,0.0011750385360395767,HOLD,LOW,HIGH,Volatile,0.04168593088291681,26.334283011300236,0,0,2,ResidualHybrid
2024-12-31,0.0005061646156739729,0.008432830628519067,0.002471099141985178,0.0,0.0023308051028191443,0.0024710994827102863,0.008432830628519067,0.0023308051028191443,HOLD,LOW,HIGH,Volatile,0.04230443499243759,26.723567417689747,0,0,2,ResidualHybrid
2025-01-02,0.00031255602068147516,-0.00036036555577488507,0.002804360818117857,0.0,0.0015199605897781802,0.0003125571013420468,-0.00036036555577488507,0.0015199605897781802,HOLD,LOW,HIGH,Volatile,0.04480958110254633,27.21713692801341,0,0,2,ResidualHybrid
2025-01-03,-0.00068253249891758,-0.0006101109702082681,0.0030864067375659943,0.0,0.0012561865578883992,-0.0006100978035669879,-0.0006101109702082681,0.0012561865578883992,HOLD,LOW,HIGH,Volatile,0.047794024874144005,28.52428109305247,0,0,2,ResidualHybrid
2025-01-06,0.00443210584619633,0.005472160306658581,0.003027863334864378,0.0,0.003819857290069126,0.0044321055976683146,0.005472160306658581,0.003819857290069126,HOLD,LOW,HIGH,Volatile,0.04744073307038835,28.819994245256705,0,0,2,ResidualHybrid
2025-01-07,0.0001266452372486464,0.0012719847250505399,0.0030397996306419373,0.0,0.0017375421878246785,0.0012719850316014643,0.0012719847250505399,0.0017375421878246785,HOLD,LOW,HIGH,Volatile,0.047202409820940594,28.626421247209827,0,0,2,ResidualHybrid
2025-01-08,-0.0003338605187353668,0.004708797248046866,0.0033864036668092012,0.0,0.0020926908406042524,0.003386403180400236,0.004708797248046866,0.0020926908406042524,HOLD,LOW,HIGH,Volatile,0.047202415500662814,27.81356593540737,0,0,2,ResidualHybrid
2025-01-10,0.0015793727082001022,0.01539479201088493,0.003336173016577959,0.0,0.0039048992251267526,0.0033361735022328773,0.01539479201088493,0.0039048992251267526,HOLD,LOW,HIGH,Volatile,0.046750925289733916,24.989279610770094,0,0,2,ResidualHybrid
2025-01-13,0.0009903560938922973,0.012047595018982995,0.0029985795263201,0.0,0.003160156166539407,0.0029985799132924208,0.012047595018982995,0.003160156166539407,HOLD,LOW,HIGH,Volatile,0.04504239726562223,24.08785138811384,0,0,2,ResidualHybrid
2025-01-14,0.0017724755909527235,0.0024390145281624697,0.002274224068969488,0.0,0.0020983433364059898,0.0022742200584926395,0.0024390145281624697,0.0020983433364059898,HOLD,LOW,HIGH,Volatile,0.04506778840636017,23.992139543805802,0,0,2,ResidualHybrid
2025-01-15,0.00020021003184696098,-0.011396344366778187,0.002172590233385563,0.0,1.4476013019632466e-05,0.00020020961157652265,-0.011396344366778187,1.4476013019632466e-05,HOLD,LOW,HIGH,Volatile,0.047512863623734504,25.01642499651228,0,0,2,ResidualHybrid
2025-01-16,0.003854930419138566,0.0009860700140331279,0.0014493216294795275,0.0,0.0023262918100939584,0.0014493233635057942,0.0009860700140331279,0.0023262918100939584,HOLD,LOW,HIGH,Volatile,0.04582343749086675,24.08142525809152,0,0,2,ResidualHybrid
2025-01-17,-0.0010392824249334303,-0.0066829455732426305,0.0006559077883139253,0.0,-0.0007528983327419811,-0.001039282837015511,-0.0066829455732426305,-0.0007528983327419811,HOLD,LOW,HIGH,Volatile,0.04557633881661491,24.910709926060267,0,0,2,ResidualHybrid
2025-01-21,0.002495126650065641,-0.007945951813302854,-4.088040441274643e-06,0.0,0.00013730567817763807,-4.088314363705454e-06,-0.007945951813302854,0.00013730567817763807,HOLD,LOW,HIGH,Volatile,0.041457698866690824,24.85785348074777,0,0,2,ResidualHybrid
2025-01-22,0.0004695738621969405,0.01218773587733807,-0.0004277297994121909,0.0,0.0012187354763313328,0.0004695748888454391,0.01218773587733807,0.0012187354763313328,HOLD,LOW,HIGH,Volatile,0.041660947941744395,24.679282052176344,0,0,2,ResidualHybrid
2025-01-23,0.00040634113880666837,0.005780255439011693,-0.0008251946419477463,0.0,0.00032970916039476385,0.00040634176346963333,0.005780255439011693,0.00032970916039476385,HOLD,LOW,HIGH,Volatile,0.040961031214320806,23.70714024135044,0,0,2,ResidualHybrid
2025-01-24,0.0010694021227805105,0.007371748796344727,-0.0012439896818250418,0.0,0.0005342001661918855,0.0010694023960521571,0.007371748796344727,0.0005342001661918855,HOLD,LOW,HIGH,Volatile,0.04067455093877713,22.442855834960934,0,0,2,ResidualHybrid
2025-01-27,0.0006359283303681875,-0.0008864298707350016,-0.0015175375156104565,0.0,-0.0006245921703399854,-0.0008864289472376069,-0.0008864298707350016,-0.0006245921703399854,HOLD,LOW,HIGH,Volatile,0.03696129494212654,21.377855573381698,0,0,2,ResidualHybrid
2025-01-28,0.00042044713474477177,0.004692316481552404,-0.0012501995079219341,0.0,5.1129494345748924e-06,0.00042044749861971605,0.004692316481552404,5.1129494345748924e-06,HOLD,LOW,HIGH,Volatile,0.03694342707340946,20.61785670689174,0,0,2,ResidualHybrid
2025-01-29,0.0013952946599732022,0.002778666389966509,-0.0010523926466703415,0.0,0.0002837927777687877,0.0013952943463605516,0.002778666389966509,0.0002837927777687877,HOLD,LOW,HIGH,Volatile,0.035693693765453095,19.88785661969866,0,0,2,ResidualHybrid
2025-01-30,0.0002333287100564108,0.002510538211707382,-0.0006774791982024908,0.0,1.5576278751740116e-06,0.00023332936682886213,0.002510538211707382,1.5576278751740116e-06,HOLD,LOW,HIGH,Volatile,0.035786846960762494,20.81571306501116,0,0,2,ResidualHybrid
2025-01-31,0.0021496746175177234,0.007605333858144999,-2.18383502215147e-06,0.0,0.001609892354641292,0.0021496748985720755,0.007605333858144999,0.001609892354641292,HOLD,LOW,HIGH,Volatile,0.03512669497076551,20.652856009347097,0,0,2,ResidualHybrid
2025-02-03,0.0010293078315309575,0.002959167908244794,0.00031361449509859085,0.0,0.0008616800105264976,0.0010293087072485285,0.002959167908244794,0.0008616800105264976,HOLD,LOW,HIGH,Volatile,0.0342737260035421,21.118571690150674,0,0,2,ResidualHybrid
2025-02-04,-0.000806246209683408,-0.005151907694500469,0.0004662428400479257,0.0,-0.0006025455671990143,-0.0008062467643029619,-0.005151907694500469,-0.0006025455671990143,HOLD,LOW,HIGH,Volatile,0.029444078023895603,20.011428833007816,0,0,2,ResidualHybrid
2025-02-05,0.002269960713708645,0.0022335184160312397,2.5708810426294804e-05,0.0,0.0011162207563202282,0.0022334928552447415,0.0022335184160312397,0.0011162207563202282,HOLD,LOW,HIGH,Volatile,0.030396021149584215,18.814285278320312,0,0,2,ResidualHybrid
2025-02-06,-0.00042354623191777027,-0.0007549916944525872,0.00017634651158005,0.0,-0.00015034922906264427,-0.0004235448943455084,-0.0007549916944525872,-0.00015034922906264427,HOLD,LOW,HIGH,Volatile,0.02915704717565845,18.521429879324774,0,0,2,ResidualHybrid
2025-02-07,0.0010696854439829616,0.007981478326120872,0.0001113570760935545,0.0,0.001291709343997466,0.0010696863406551747,0.007981478326120872,0.001291709343997466,HOLD,LOW,HIGH,Volatile,0.029990676242852413,18.1135733468192,0,0,2,ResidualHybrid
2025-02-10,-1.228056574976836e-05,-0.0008616434113309263,0.0008770636050030589,0.0,0.00035580166412117796,-1.2280513063476284e-05,-0.0008616434113309263,0.00035580166412117796,HOLD,LOW,HIGH,Volatile,0.030533696952978865,17.063572474888396,0,0,2,ResidualHybrid
2025-02-11,0.0003861281314324278,0.002198362446834263,0.0013259153347462416,0.0,0.0010546520763756798,0.0013259152529773908,0.002198362446834263,0.0010546520763756798,HOLD,LOW,HIGH,Volatile,0.03255287809823077,17.93642970493862,0,0,2,ResidualHybrid
2025-02-12,-0.0007829154394454099,-0.000954333495038874,0.0024147084914147854,0.0,0.0008378984766883538,-0.0007829099855600614,-0.000954333495038874,0.0008378984766883538,HOLD,LOW,HIGH,Volatile,0.033385497449915695,18.37357221330916,0,0,2,ResidualHybrid
2025-02-13,0.0024597382870775696,0.009549047208953724,0.0026448401622474194,0.0,0.0032859830108398023,0.0026448453621360324,0.009549047208953724,0.0032859830108398023,HOLD,LOW,HIGH,Volatile,0.03076367530018934,19.022142682756705,0,0,2,ResidualHybrid
2025-02-14,0.002515143342865056,0.012790812503984896,0.0020225588232278824,0.0,0.0033228672125111434,0.0025151452674662188,0.012790812503984896,0.0033228672125111434,HOLD,LOW,HIGH,Volatile,0.030245785707092705,18.794285365513396,0,0,2,ResidualHybrid
2025-02-18,0.00039927073008560836,0.010429093205711715,0.0012805269798263907,0.0,0.00188560252303635,0.0012805280027179326,0.010429093205711715,0.00188560252303635,HOLD,LOW,HIGH,Volatile,0.028931491104033057,18.43642970493862,0,0,2,ResidualHybrid
2025-02-19,0.0008609157984380096,0.009947022044460104,0.0005082421121187508,0.0,0.0016176056403132593,0.0008609185078979933,0.009947022044460104,0.0016176056403132593,HOLD,LOW,HIGH,Volatile,0.02956756063875136,18.40500095912389,0,0,2,ResidualHybrid
2025-02-20,0.0016230095015252386,0.0029836401701112906,-0.0001872096909210086,0.0,0.0008358073728956802,0.0016230093194602206,0.0029836401701112906,0.0008358073728956802,HOLD,LOW,HIGH,Volatile,0.029484627289715334,17.42000034877233,0,0,2,ResidualHybrid
2025-02-21,0.00025062975586536405,0.004447572055768314,-0.0005597549024969339,0.0,0.00026837346924588003,0.0002506307486544159,0.004447572055768314,0.00026837346924588003,HOLD,LOW,HIGH,Volatile,0.030809717614253888,17.480715070452018,0,0,2,ResidualHybrid
2025-02-24,-0.0003479289598076684,0.005259858086534782,-9.695859625935555e-05,0.0,0.000359220501580539,-9.695482983270988e-05,0.005259858086534782,0.000359220501580539,HOLD,LOW,HIGH,Volatile,0.03091066258568111,16.58499799455916,0,0,2,ResidualHybrid
2025-02-25,0.0008065604385394693,0.013363455823859111,0.00038582744309678674,0.0,0.0018864535158335373,0.0008065627244744365,0.013363455823859111,0.0018864535158335373,HOLD,LOW,HIGH,Volatile,0.035353056741851345,18.062140328543535,0,0,2,ResidualHybrid
2025-02-26,-0.0015898848394695591,0.014845247360533897,0.002175000961869955,0.0,0.0020348805384720952,0.002175001148428633,0.014845247360533897,0.0020348805384720952,HOLD,LOW,HIGH,Volatile,0.035632588123162716,18.36785452706474,0,0,2,ResidualHybrid
2025-02-27,0.0006353033879704204,0.023052326517774904,0.003564184997230768,0.0,0.004448835978101251,0.0035641852871170494,0.023052326517774904,0.004448835978101251,HOLD,LOW,HIGH,Volatile,0.03576301778174604,18.464996337890636,0,0,2,ResidualHybrid
2025-02-28,0.000143669545079572,0.02579425318782691,0.00426320917904377,0.0,0.004900911849866647,0.004263209375231297,0.02579425318782691,0.004900911849866647,HOLD,LOW,HIGH,Volatile,0.03648328973105966,18.469996861049115,0,0,2,ResidualHybrid
2025-03-03,0.002451310568691784,0.011878631338582744,0.003925024066120386,0.0,0.004179064749221849,0.003925024618061236,0.011878631338582744,0.004179064749221849,HOLD,LOW,HIGH,Volatile,0.036050336864601754,19.50214059012277,0,0,2,ResidualHybrid
2025-03-04,-0.0004643583031478817,0.013545214132752798,0.004279739689081907,0.0,0.003411924152938925,0.004279739791877047,0.013545214132752798,0.003411924152938925,HOLD,LOW,HIGH,Volatile,0.03568721277558204,19.30071149553572,0,0,2,ResidualHybrid
2025-03-05,-0.0004149087293391921,0.024538409098750755,0.004477567970752716,0.0,0.004666459166550908,0.0044775681252212625,0.024538409098750755,0.004666459166550908,HOLD,LOW,HIGH,Volatile,0.03590569032782977,18.867854527064736,0,0,2,ResidualHybrid
2025-03-06,0.002139423269605756,0.020477175172774906,0.0037346992176026106,0.0,0.0048487470782753676,0.003734699783947341,0.020477175172774906,0.0048487470782753676,HOLD,LOW,HIGH,Volatile,0.03681437583617374,18.64642769949777,0,0,2,ResidualHybrid
2025-03-07,-0.0013456448324715826,0.038280110798702395,0.0032596054952591658,0.0,0.0051022847024975535,0.003259605683755299,0.038280110798702395,0.0051022847024975535,HOLD,LOW,HIGH,Volatile,0.03693153032056804,18.7192851475307,0,0,2,ResidualHybrid
2025-03-10,0.0012885742328723761,0.03086666749323555,0.002782027469947934,0.0,0.005105376912028729,0.002782028103037427,0.03086666749323555,0.005105376912028729,HOLD,LOW,HIGH,Volatile,0.04984084820505221,21.118570600237174,0,0,2,ResidualHybrid
2025-03-11,-0.004864711545522118,0.03419526326740616,0.005187958478927612,0.0,0.004316166904318221,0.0051879585439121865,0.03419526326740616,0.004316166904318221,HOLD,LOW,HIGH,Volatile,0.05166945093385365,21.57357134137835,0,0,2,ResidualHybrid
2025-03-12,0.003629517433397442,0.028509039427448372,0.0065210843458771706,0.0,0.007677982920055223,0.006521084645996086,0.028509039427448372,0.007677982920055223,HOLD,LOW,HIGH,Volatile,0.05460351057627581,22.070714678083146,0,0,2,ResidualHybrid
2025-03-13,0.0030016973098714755,0.020417342352196097,0.006523216143250465,0.0,0.006602917141223705,0.006523216355095163,0.020417342352196097,0.006602917141223705,HOLD,LOW,HIGH,Volatile,0.05395551058268954,21.722856794084827,0,0,2,ResidualHybrid
2025-03-14,-0.0007969490751399793,0.03443560099427252,0.006306718103587627,0.0,0.006477955403436868,0.006306718208772246,0.03443560099427252,0.006477955403436868,HOLD,LOW,HIGH,Volatile,0.052801386435804544,21.237144470214847,0,0,2,ResidualHybrid
2025-03-17,0.002458335864382231,0.028768178349647445,0.005559795536100864,0.0,0.006761917426485886,0.00555979581523774,0.028768178349647445,0.006761917426485886,HOLD,LOW,HIGH,Volatile,0.053082009584211325,20.08714403424944,0,0,2,ResidualHybrid
2025-03-18,-0.0011579526115128524,0.02272070838928284,0.005070055834949017,0.0,0.004496885772547485,0.005070055938813734,0.02272070838928284,0.004496885772547485,HOLD,LOW,HIGH,Volatile,0.05350128016748677,19.713572910853802,0,0,2,ResidualHybrid
2025-03-19,-0.0005627271720174718,0.02624663724213229,0.0044813696295022964,0.0,0.004787818931106355,0.0044813697817347314,0.02624663724213229,0.004787818931106355,HOLD,LOW,HIGH,Volatile,0.05494882031678103,19.69571576799666,0,0,2,ResidualHybrid
2025-03-20,0.0029080121342897588,0.01791214721983927,0.003928562626242638,0.0,0.004978914392084841,0.003928563532687324,0.01791214721983927,0.004978914392084841,HOLD,LOW,HIGH,Volatile,0.055183607781826384,18.815001351492754,0,0,2,ResidualHybrid
2025-03-21,0.0005108391781502154,0.01854426605757735,0.003046697936952114,0.0,0.0036707314483706514,0.0030466982664671565,0.01854426605757735,0.0036707314483706514,HOLD,LOW,HIGH,Volatile,0.056999400673489374,17.981428963797438,0,0,2,ResidualHybrid
2025-03-24,0.002632328986067806,0.020863798047559178,0.00210796226747334,0.0,0.004244558655755815,0.0026323308310399634,0.020863798047559178,0.004244558655755815,HOLD,LOW,HIGH,Volatile,0.06373420557054847,18.49000113351005,0,0,2,ResidualHybrid
2025-03-25,0.004280596752054002,0.012319014083091284,0.0011149266501888633,0.0,0.0034877862374113407,0.004280596943371795,0.012319014083091284,0.0034877862374113407,HOLD,LOW,HIGH,Volatile,0.06157419237691057,18.852859497070316,0,0,2,ResidualHybrid
2025-03-26,0.0010704726654504862,0.012631096495962413,8.094357326626778e-05,0.0,0.001756123872311591,0.0010704735875082835,0.012631096495962413,0.001756123872311591,HOLD,LOW,HIGH,Volatile,0.0622388799792837,19.03500148228237,0,0,2,ResidualHybrid
2025-03-27,-0.0013704786499730641,0.019927372551894168,0.00010812259279191494,0.0,0.0015844499869824996,0.00010812321774232837,0.019927372551894168,0.0015844499869824996,HOLD,LOW,HIGH,Volatile,0.061913130383723244,19.35714394705636,0,0,2,ResidualHybrid
2025-03-28,0.0015864266973509224,0.02317368938859597,0.0010665870504453778,0.0,0.003547189727336254,0.0015864285673292463,0.02317368938859597,0.003547189727336254,HOLD,LOW,HIGH,Volatile,0.06161163503325969,17.418571472167972,0,0,2,ResidualHybrid
2025-03-31,-0.00037192943517087786,0.00838133886787309,0.0019188955193385482,0.0,0.0017049806939250934,0.0019188958007894013,0.00838133886787309,0.0017049806939250934,HOLD,LOW,HIGH,Volatile,0.061427887916628225,17.429285321916854,0,0,2,ResidualHybrid
2025-04-01,0.0006831545949950518,0.003582376149547491,0.002157647628337145,0.0,0.001737811209372477,0.0021576476047134832,0.003582376149547491,0.001737811209372477,HOLD,LOW,HIGH,Volatile,0.061265387978468255,17.21714346749442,0,0,2,ResidualHybrid
2025-04-02,0.00217110914398179,0.018749574859173456,0.002485776785761118,0.0,0.004042730993161757,0.002485779882168039,0.018749574859173456,0.004042730993161757,HOLD,LOW,HIGH,Volatile,0.06213424254484908,18.505000523158483,0,0,2,ResidualHybrid
2025-04-03,0.0021831942037501186,-0.0027861309558684867,0.0028052940033376217,0.0,0.001989285270578174,0.00218319280259544,-0.0027861309558684867,0.001989285270578174,HOLD,LOW,HIGH,Volatile,0.0620655555380618,19.244285583496094,0,0,2,ResidualHybrid
2025-04-04,-0.0015097594154579615,0.007605923513800724,0.0031026180367916822,0.0,0.0017941305925884903,0.003102618031545108,0.007605923513800724,0.0017941305925884903,HOLD,LOW,HIGH,Volatile,0.06683480431021255,20.251428876604354,0,0,2,ResidualHybrid
2025-04-07,-0.0021397314836102185,0.010095260882055116,0.005202270112931728,0.0,0.002884664851291247,0.005202270044806797,0.010095260882055116,0.002884664851291247,HOLD,LOW,HIGH,Volatile,0.05514747335464897,21.824286324637278,0,0,2,ResidualHybrid
2025-04-08,0.0011286146118338438,0.014973807368279862,0.008076924830675125,0.0,0.0061174016503537714,0.008076924829602584,0.014973807368279862,0.0061174016503537714,HOLD,LOW,HIGH,Volatile,0.055708574275925495,23.005714416503906,0,0,2,ResidualHybrid
2025-04-09,-0.0005487757817294926,0.015431688029648023,0.011542442254722118,0.0,0.007295589446338297,0.011542442080425982,0.015431688029648023,0.007295589446338297,HOLD,LOW,HIGH,Volatile,0.07073626496061908,26.21142905099051,0,0,2,ResidualHybrid
2025-04-10,0.008059370642770661,0.008160303514382643,0.013508973643183708,0.0,0.010862222445150442,0.008160313042576951,0.008160303514382643,0.010862222445150442,HOLD,LOW,HIGH,Volatile,0.07260922350665129,27.490001133510045,0,0,2,ResidualHybrid
2025-04-11,-0.003750812883222967,0.042260212725556384,0.01437397301197052,0.0,0.010283442177457712,0.014373973031280091,0.042260212725556384,0.010283442177457712,HOLD,LOW,HIGH,Volatile,0.07212612313302857,26.522142682756698,0,0,2,ResidualHybrid
2025-04-14,0.0017004593829719767,0.030314233793460356,0.014384470880031586,0.0,0.011151943867585425,0.014384470896090875,0.030314233793460356,0.011151943867585425,HOLD,LOW,HIGH,Volatile,0.0711805985453678,26.44714137486049,0,0,2,ResidualHybrid
2025-04-15,0.0008284055184825036,0.009955055579907907,0.01472423691302538,0.0,0.008890374562456765,0.009955055479861427,0.009955055579907907,0.008890374562456765,HOLD,LOW,HIGH,Volatile,0.06987052215040626,25.702855791364396,0,0,2,ResidualHybrid
2025-04-16,0.001086987473008421,0.014209770398650661,0.014736194163560867,0.0,0.009434859959475215,0.014209768582421569,0.014209770398650661,0.009434859959475215,HOLD,LOW,HIGH,Volatile,0.07031000681167372,25.716427394321986,0,0,2,ResidualHybrid
2025-04-17,-0.000872446473999625,0.003653133306647567,0.015221950598061085,0.0,0.007841405175425462,0.003653133441091805,0.003653133306647567,0.007841405175425462,HOLD,LOW,HIGH,Volatile,0.07031120573927857,25.08285631452288,0,0,2,ResidualHybrid
2025-04-21,0.0013610724972484382,0.007098509007171119,0.015204064548015594,0.0,0.009046304524716237,0.0070985090580625125,0.007098509007171119,0.009046304524716237,HOLD,LOW,HIGH,Volatile,0.070494615116075,24.967857360839844,0,0,2,ResidualHybrid
2025-04-22,-0.0010871445662088183,0.003894453314356799,0.015132357366383076,0.0,0.007737859138409394,0.0038944534260463137,0.003894453314356799,0.007737859138409394,HOLD,LOW,HIGH,Volatile,0.0660551056497006,24.753570556640625,0,0,2,ResidualHybrid
2025-04-23,0.0029445416268287106,0.0015680919498301598,0.015286963433027267,0.0,0.009126932340478459,0.00294454227127317,0.0015680919498301598,0.009126932340478459,HOLD,LOW,HIGH,Volatile,0.06677287509893877,23.87928662981306,0,0,2,ResidualHybrid
2025-04-24,0.00207799479235294,0.0032927989447924496,0.014644363895058632,0.0,0.008642475536467202,0.0032927996785393804,0.0032927989447924496,0.008642475536467202,HOLD,LOW,HIGH,Volatile,0.06627417389534139,23.100001743861608,0,0,2,ResidualHybrid
2025-04-25,0.0014559124347832194,-0.0060595929148229725,0.012669723480939865,0.0,0.006426630333142299,0.0014559124786462244,-0.0060595929148229725,0.006426630333142299,HOLD,LOW,HIGH,Volatile,0.06966277231690954,22.818572998046875,0,0,2,ResidualHybrid
2025-04-28,0.003264282111266595,-0.009000978131230802,0.009572360664606094,0.0,0.005231219659330922,0.003264282034307756,-0.009000978131230802,0.005231219659330922,HOLD,LOW,HIGH,Volatile,0.06909183032022903,21.724999564034597,0,0,2,ResidualHybrid
2025-04-29,0.00015882296369223504,-0.004008130745373205,0.005718904547393322,0.0,0.0025779719601081406,0.0001588230237717715,-0.004008130745373205,0.0025779719601081406,HOLD,LOW,HIGH,Volatile,0.06901128206265661,20.382857186453684,0,0,2,ResidualHybrid
2025-04-30,0.0014715075813428343,0.012716145653025417,0.0019889078103005886,0.0,0.002896726628613658,0.0019889096423952248,0.012716145653025417,0.002896726628613658,HOLD,LOW,HIGH,Volatile,0.06921241226994704,18.127142769949778,0,0,2,ResidualHybrid
2025-05-01,-0.0003057784056504654,-0.009893419995730277,-0.0004666377790272236,0.0,-0.00137735130278842,-0.00046664381323969725,-0.009893419995730277,-0.00137735130278842,HOLD,LOW,HIGH,Volatile,0.06824037452207375,16.569284711565295,0,0,2,ResidualHybrid
2025-05-02,0.001002792882845624,-0.0018718793882154102,-0.0012324200943112373,0.0,-0.00043913257450305283,-0.0012324189823497995,-0.0018718793882154102,-0.00043913257450305283,HOLD,LOW,HIGH,Volatile,0.06712454405928754,16.46857125418528,0,0,2,ResidualHybrid
2025-05-05,0.0015849731655733057,-0.005458288057670877,-0.0006748675368726254,0.0,-0.0002996406794958514,-0.0006748677700223801,-0.005458288057670877,-0.0002996406794958514,HOLD,LOW,HIGH,Volatile,0.06203544838885368,16.25000000000001,0,0,2,ResidualHybrid
2025-05-06,-3.904961834563607e-05,0.004080883670792671,0.0004941885708831251,0.0,0.000659236813136304,0.0004941901605582093,0.004080883670792671,0.000659236813136304,HOLD,LOW,HIGH,Volatile,0.06182438586893783,16.085714067731598,0,0,2,ResidualHybrid
2025-05-07,0.0005781681050367172,0.0122931221046844,0.001715474994853139,0.0,0.0023695563790006834,0.0017154757780587255,0.0122931221046844,0.0023695563790006834,HOLD,LOW,HIGH,Volatile,0.06029822077310314,15.135714939662398,0,0,2,ResidualHybrid
2025-05-08,0.0011040186046114757,0.01177349789932512,0.002726608421653509,0.0,0.003036210873059402,0.0027266089266827355,0.01177349789932512,0.003036210873059402,HOLD,LOW,HIGH,Volatile,0.04006831094776716,15.629999433244986,0,0,2,ResidualHybrid
2025-05-09,0.0017166623008450228,0.008639647703255952,0.0034176004119217396,0.0,0.003302479362677728,0.003417600807719722,0.008639647703255952,0.003302479362677728,HOLD,LOW,HIGH,Volatile,0.03673187545933904,15.889999389648446,0,0,2,ResidualHybrid
2025-05-12,0.0019267804555245399,0.008593170269910813,0.004068039357662201,0.0,0.0037117502151861837,0.004068039603350961,0.008593170269910813,0.0037117502151861837,HOLD,LOW,HIGH,Volatile,0.038787899766193366,16.50856998988561,0,0,2,ResidualHybrid
2025-05-13,0.002349145492868886,0.006919303627786763,0.004279055632650852,0.0,0.0038095517599097337,0.004279055771807688,0.006919303627786763,0.0038095517599097337,HOLD,LOW,HIGH,Volatile,0.03951646346914163,16.459284101213736,0,0,2,ResidualHybrid
2025-05-14,0.001693305474193089,0.004748963517420584,0.004461889620870352,0.0,0.0034272085040404753,0.004461886522478126,0.004748963517420584,0.0034272085040404753,HOLD,LOW,HIGH,Volatile,0.03989201375726309,16.858568464006705,0,0,2,ResidualHybrid
2025-05-15,0.001611407345290756,-0.0010299062186002112,0.004290650598704815,0.0,0.0027117806201232453,0.0016114073506424895,-0.0010299062186002112,0.0027117806201232453,HOLD,LOW,HIGH,Volatile,0.0374515578987823,15.831425258091526,0,0,2,ResidualHybrid
2025-05-16,0.00012759848254245915,0.005093057410338093,0.004083074629306793,0.0,0.0026667106090422967,0.0040830738938338025,0.005093057410338093,0.0026667106090422967,HOLD,LOW,HIGH,Volatile,0.03720760379183877,14.892142159598222,0,0,2,ResidualHybrid
2025-05-19,0.0015902420165957566,-0.0018854987055806122,0.0036806645803153515,0.0,0.002302809904593692,0.0015902418262237921,-0.0018854987055806122,0.002302809904593692,HOLD,LOW,HIGH,Volatile,0.0339531322504867,15.089285714285722,0,0,2,ResidualHybrid
2025-05-20,2.9693968127148776e-05,0.0015495075167851825,0.0032623307779431343,0.0,0.001842931436888906,0.0015495075907454576,0.0015495075167851825,0.001842931436888906,HOLD,LOW,HIGH,Volatile,0.0336031743727989,14.52571323939733,0,0,2,ResidualHybrid
2025-05-21,0.0012150926691711474,0.005886436934315431,0.0033249666448682547,0.0,0.0027781537208651595,0.003324966728285181,0.005886436934315431,0.0027781537208651595,HOLD,LOW,HIGH,Volatile,0.03407724928422262,14.817855834960941,0,0,2,ResidualHybrid
2025-05-22,3.939073818478298e-05,-0.005466652472041685,0.0036701716016978025,0.0,0.001331791633941004,3.939064446624273e-05,-0.005466652472041685,0.001331791633941004,HOLD,LOW,HIGH,Volatile,0.03377560727986457,14.88285391671317,0,0,2,ResidualHybrid
2025-05-23,0.0016494988803320417,-0.006902308702930647,0.0033719358034431934,0.0,0.001649814348223361,0.001649498417339576,-0.006902308702930647,0.001649814348223361,HOLD,LOW,HIGH,Volatile,0.02824752646398065,14.679997035435267,0,0,2,ResidualHybrid
2025-05-27,0.0006377078824273059,0.0018097776926930965,0.002611155854538083,0.0,0.0017698462951984077,0.0018097772996869712,0.0018097776926930965,0.0017698462951984077,HOLD,LOW,HIGH,Volatile,0.03106274923695401,15.78999764578683,0,0,2,ResidualHybrid
2025-05-28,0.002978921779520681,0.007807692909164364,0.0017404071986675262,0.0,0.002842471946969074,0.0029789223786315802,0.007807692909164364,0.002842471946969074,HOLD,LOW,HIGH,Volatile,0.031614262216878575,15.944996425083705,0,0,2,ResidualHybrid
2025-05-29,-2.5518529426064927e-05,-0.011675544786913725,0.0010368822840973735,0.0,-0.0006830529887346239,-2.551938309986256e-05,-0.011675544786913725,-0.0006830529887346239,HOLD,LOW,HIGH,Volatile,0.029890753427659608,15.811425345284599,0,0,2,ResidualHybrid
2025-05-30,0.00116993637118647,-0.0024683961353059876,0.0006157464813441038,0.0,0.0005106002869064494,0.0006157450074252395,-0.0024683961353059876,0.0005106002869064494,HOLD,LOW,HIGH,Volatile,0.03139645247732241,15.537852696010049,0,0,2,ResidualHybrid
2025-06-02,-0.00013846738509832744,-0.001717074743751071,0.0009162728674709797,0.0,0.00023913030556533318,-0.00013846769873666242,-0.001717074743751071,0.00023913030556533318,HOLD,LOW,HIGH,Volatile,0.031591359180319474,14.876425606863844,0,0,2,ResidualHybrid
2025-06-03,0.0008130880059896981,0.0006005133616496511,0.0008950739866122603,0.0,0.0008331674580016673,0.0008130807592213501,0.0006005133616496511,0.0008331674580016673,HOLD,LOW,HIGH,Volatile,0.030631237741212014,14.299281529017861,0,0,2,ResidualHybrid
2025-06-04,0.0011225316284498841,-0.0011411667147528688,0.0007885093800723553,0.0,0.000717831487479763,0.0007885069217602834,-0.0011411667147528688,0.000717831487479763,HOLD,LOW,HIGH,Volatile,0.03177531670552581,14.466426304408486,0,0,2,ResidualHybrid
2025-06-05,-0.0002027077801512587,-0.0032272590848159,0.0011357595212757587,0.0,0.00017109839355345036,-0.00020270819575079113,-0.0032272590848159,0.00017109839355345036,HOLD,LOW,HIGH,Volatile,0.048422877622148905,17.743569510323663,0,0,2,ResidualHybrid
2025-06-06,-0.0034819878579346966,0.01945476586149565,0.005281132645905018,0.0,0.0033746952613374214,0.005281132689449995,0.01945476586149565,0.0033746952613374214,HOLD,LOW,HIGH,Volatile,0.04860695087028303,18.565710885184156,0,0,2,ResidualHybrid
2025-06-09,0.003008206943279446,-0.003233254451607902,0.006518582813441753,0.0,0.004163038641622386,0.0030082068187394337,-0.003233254451607902,0.004163038641622386,HOLD,LOW,HIGH,Volatile,0.048532479559463076,19.377851213727684,0,0,2,ResidualHybrid
2025-06-10,0.0019960831564841707,0.00518805975191619,0.006533682346343994,0.0,0.004650513488403031,0.005188059322957906,0.00518805975191619,0.004650513488403031,HOLD,LOW,HIGH,Volatile,0.04788504069493206,19.798566545758934,0,0,2,ResidualHybrid
2025-06-11,0.002300726990309135,-0.007754763078114809,0.005733548663556576,0.0,0.0030223297783403356,0.002300726798601586,-0.007754763078114809,0.0030223297783403356,HOLD,LOW,HIGH,Volatile,0.04659762430598,19.644995553152906,0,0,2,ResidualHybrid
2025-06-12,0.000594991765514396,-0.009272004244597915,0.00503529654815793,0.0,0.0018522871075529472,0.0005949916417334504,-0.009272004244597915,0.0018522871075529472,HOLD,LOW,HIGH,Volatile,0.04578805858908345,19.63214111328125,0,0,2,ResidualHybrid
2025-06-13,0.00023747625400754766,0.004477285026631932,0.004809613339602947,0.0,0.0030177079214603643,0.004477282271306644,0.004477285026631932,0.0030177079214603643,HOLD,LOW,HIGH,Volatile,0.04601870198172367,20.326426914760045,0,0,2,ResidualHybrid
2025-06-16,0.0016467793918703857,0.0045855183769199755,0.004683376289904118,0.0,0.0035059527949485554,0.004585508702708693,0.0045855183769199755,0.0035059527949485554,HOLD,LOW,HIGH,Volatile,0.045822601651370864,19.0614253452846,0,0,2,ResidualHybrid
2025-06-17,0.0011398636321238282,0.009009213538155914,0.004076375160366297,0.0,0.0034564380030711523,0.004076375298033771,0.009009213538155914,0.0034564380030711523,HOLD,LOW,HIGH,Volatile,0.0463542977386197,19.439998081752236,0,0,2,ResidualHybrid
2025-06-18,-0.0003480806092097873,-0.004963078838021196,0.0037816662807017565,0.0,0.0012919243203885892,-0.00034808063464722417,-0.004963078838021196,0.0012919243203885892,HOLD,LOW,HIGH,Volatile,0.046572617301288546,19.59428405761719,0,0,2,ResidualHybrid
2025-06-20,0.001719008763591583,0.0008317052644396228,0.0034387456253170967,0.0,0.002508679372557006,0.0017190093072585954,0.0008317052644396228,0.002508679372557006,HOLD,LOW,HIGH,Volatile,0.04623599205914658,19.32214137486049,0,0,2,ResidualHybrid
2025-06-23,0.0008037193960024136,0.0005724046745903519,0.0030086941551417112,0.0,0.0019097090921501312,0.0008037232289570792,0.0005724046745903519,0.0019097090921501312,HOLD,LOW,HIGH,Volatile,0.04950367709161275,20.799998692103795,0,0,2,ResidualHybrid
2025-06-24,0.003306033716916218,-0.004292987825466211,0.002414335496723652,0.0,0.002065134470014414,0.002414334526823872,-0.004292987825466211,0.002065134470014414,HOLD,LOW,HIGH,Volatile,0.04980405596879915,21.022142682756698,0,0,2,ResidualHybrid
2025-06-25,-0.00036787817395658945,0.0008738661841241444,0.0016976003535091877,0.0,0.0008186059924322065,0.000873865777103994,0.0008738661841241444,0.0008186059924322065,HOLD,LOW,HIGH,Volatile,0.047902689917083484,21.331427437918528,0,0,2,ResidualHybrid
2025-06-26,-4.244788916397198e-05,0.0024487571891625773,0.0013213689671829343,0.0,0.0009134023679954082,0.0013213688139102962,0.0024487571891625773,0.0009134023679954082,HOLD,LOW,HIGH,Volatile,0.04782629420957777,17.659999302455358,0,0,2,ResidualHybrid
2025-06-27,0.0010323343591801906,0.0021841476288542157,0.00022243830608204007,0.0,0.0007361657365177871,0.001032334724173979,0.0021841476288542157,0.0007361657365177871,HOLD,LOW,HIGH,Volatile,0.047782347335851946,17.01999991280692,0,0,2,ResidualHybrid
2025-06-30,0.0007537862832547016,0.008453298698903685,-0.001004592515528202,0.0,0.0006471234085156369,0.0007537867214696644,0.008453298698903685,0.0006471234085156369,HOLD,LOW,HIGH,Volatile,0.04741632652244702,15.662857055664062,0,0,2,ResidualHybrid
2025-07-01,0.00041269728792515795,0.001016317593650011,-0.001882623415440321,0.0,-0.0007011763307098802,0.00041269607201437753,0.001016317593650011,-0.0007011763307098802,HOLD,LOW,HIGH,Volatile,0.04873547460096418,16.034286499023438,0,0,2,ResidualHybrid
2025-07-02,-0.0005790573079671041,-0.002920349083131106,-0.001970008946955204,0.0,-0.001533345341864902,-0.0019700086148099647,-0.002920349083131106,-0.001533345341864902,HOLD,LOW,HIGH,Volatile,0.05022837089188413,16.25714329310826,0,0,2,ResidualHybrid
2025-07-03,0.002758237326930065,-0.005247547105058212,-0.0019124385435134172,0.0,-0.000461018414731262,-0.0019124384578629344,-0.005247547105058212,-0.000461018414731262,HOLD,LOW,HIGH,Volatile,0.04966898602367946,15.54214259556362,0,0,2,ResidualHybrid
2025-07-07,0.0005258489238357728,0.0025428552850262575,-0.0019192122854292393,0.0,-0.000518935909409863,0.0005258488371960632,0.0025428552850262575,-0.000518935909409863,HOLD,LOW,HIGH,Volatile,0.03854509715324233,16.03428649902344,0,0,2,ResidualHybrid
2025-07-08,-0.0011554755389483842,-0.00027951440303159873,-0.0014180818106979132,0.0,-0.00119966601164876,-0.0011554728987396843,-0.00027951440303159873,-0.00119966601164876,HOLD,LOW,HIGH,Volatile,0.037801286729097335,16.275000435965403,0,0,2,ResidualHybrid
2025-07-09,0.0018191805946154854,0.003558894995647815,-0.0005775984609499574,0.0,0.0007705281722625889,0.0018191804373472484,0.003558894995647815,0.0007705281722625889,HOLD,LOW,HIGH,Volatile,0.03636423393594141,15.718571254185267,0,0,2,ResidualHybrid
2025-07-10,0.0006151376095343276,0.0035975049673774746,-2.526876050978899e-05,0.0,0.0005946737375997173,0.0006151388311026526,0.0035975049673774746,0.0005946737375997173,HOLD,LOW,HIGH,Volatile,0.035667391642224655,15.770714896065849,0,0,2,ResidualHybrid
2025-07-11,0.002346088951254234,0.007125106786845612,8.261820767074823e-05,0.0,0.00167930690925109,0.0023460891835031363,0.007125106786845612,0.00167930690925109,HOLD,LOW,HIGH,Volatile,0.03580282594447305,15.332144601004464,0,0,2,ResidualHybrid
2025-07-14,0.0009276722507477546,-0.0027553741786392628,-4.761829040944576e-05,0.0,4.794630746449049e-05,-4.761894460992282e-05,-0.0027553741786392628,4.794630746449049e-05,HOLD,LOW,HIGH,Volatile,0.0355671604187517,13.514286586216517,0,0,2,ResidualHybrid
2025-07-15,0.0011636413535421424,-0.0007149339634244201,0.00014521705452352762,0.0,0.00044797853469969373,0.0001452172344288294,-0.0007149339634244201,0.00044797853469969373,HOLD,LOW,HIGH,Volatile,0.035499044729489206,13.148572649274554,0,0,2,ResidualHybrid
2025-07-16,0.0002609715826666192,0.00870179276134318,0.0006004343158565462,0.0,0.0013057466418033657,0.0006004371210292097,0.00870179276134318,0.0013057466418033657,HOLD,LOW,HIGH,Volatile,0.036325621557105,12.442858014787946,0,0,2,ResidualHybrid
2025-07-17,0.002088150305227596,0.0015592983816125024,0.0004726542392745614,0.0,0.0012057906283540745,0.0015592974164201606,0.0015592983816125024,0.0012057906283540745,HOLD,LOW,HIGH,Volatile,0.03522437772850562,12.431429181780137,0,0,2,ResidualHybrid
2025-07-18,0.0004533205973221158,0.003035074139565434,0.00021468359045684338,0.0,0.0005973970259430788,0.0004533243659311536,0.003035074139565434,0.0005973970259430788,HOLD,LOW,HIGH,Volatile,0.035709863961838756,12.406428745814736,0,0,2,ResidualHybrid
2025-07-21,0.0019172902297928721,0.011015299802973862,-0.0002592788077890873,0.0,0.001740623367128833,0.0019172905789197926,0.011015299802973862,0.001740623367128833,HOLD,LOW,HIGH,Volatile,0.03572502755018428,12.559286934988844,0,0,2,ResidualHybrid
2025-07-22,0.0005812247813157363,-0.0036993799076238325,-0.0005874937633052468,0.0,-0.00045926532080487435,-0.0005874942963395426,-0.0036993799076238325,-0.00045926532080487435,HOLD,LOW,HIGH,Volatile,0.030789605748688314,11.802858625139512,0,0,2,ResidualHybrid
2025-07-23,0.0012775654555835215,-0.0060816749636901715,-0.0009298122022300959,0.0,-0.0006127649631642376,-0.0009298124608170388,-0.0060816749636901715,-0.0006127649631642376,HOLD,LOW,HIGH,Volatile,0.03038089546614675,11.189287458147325,0,0,2,ResidualHybrid
2025-07-24,0.0008493848276137435,-0.001139852299425573,-0.0013649417087435722,0.0,-0.0004904887833484877,-0.001139848398065404,-0.001139852299425573,-0.0004904887833484877,HOLD,LOW,HIGH,Volatile,0.034894687252442255,13.079286847795759,0,0,2,ResidualHybrid
2025-07-25,-0.0015850736061911955,0.0002062317806538675,-0.0011338377371430397,0.0,-0.0011690481462674055,-0.001133836275901814,0.0002062317806538675,-0.0011690481462674055,HOLD,LOW,HIGH,Volatile,0.035914425691510904,12.490001133510045,0,0,2,ResidualHybrid
2025-07-28,0.002594460297783983,-0.0032640428104900713,-0.0007867177482694387,0.0,0.0002574906488998132,-0.0007867176405139196,-0.0032640428104900713,0.0002574906488998132,HOLD,LOW,HIGH,Volatile,0.036555494553286966,12.825001307896205,0,0,2,ResidualHybrid
2025-07-29,0.0014618685592929848,-0.0046743892677628554,-0.0007519155042245984,0.0,-0.00030557076960620886,-0.0007519157007209029,-0.0046743892677628554,-0.00030557076960620886,HOLD,LOW,HIGH,Volatile,0.03643527935568792,12.925000871930804,0,0,2,ResidualHybrid
2025-07-30,0.0002782558421681086,-0.003556186860224403,-0.0007427339442074299,0.0,-0.0006405063064789666,-0.000742734566551872,-0.003556186860224403,-0.0006405063064789666,HOLD,LOW,HIGH,Volatile,0.03409951657135693,12.798573085239955,0,0,2,ResidualHybrid
2025-07-31,0.0008201917292771253,0.00875376949586698,-0.0004908600822091103,0.0,0.0009668925710762276,0.0008201923648469877,0.00875376949586698,0.0009668925710762276,HOLD,LOW,HIGH,Volatile,0.033299321874716126,13.286429268973214,0,0,2,ResidualHybrid
2025-08-01,-4.371039045231184e-05,0.002318945599847644,0.0002651192480698228,0.0,0.00035829012474237863,0.00026512197884810944,0.002318945599847644,0.00035829012474237863,HOLD,LOW,HIGH,Volatile,0.03352244560574973,13.397857666015621,0,0,2,ResidualHybrid
2025-08-04,0.0006419800699804584,0.01414892638513041,0.0007062548538669944,0.0,0.0020684123968345977,0.0007062698681999319,0.01414892638513041,0.0020684123968345977,HOLD,LOW,HIGH,Volatile,0.029765339514653565,13.311427525111602,0,0,2,ResidualHybrid
2025-08-05,0.0016698181559391845,0.0073379270758802805,0.0005334332818165421,0.0,0.0016722943302137391,0.0016698188580133709,0.0073379270758802805,0.0016722943302137391,HOLD,LOW,HIGH,Volatile,0.029673523788156547,12.899285452706469,0,0,2,ResidualHybrid
2025-08-06,0.0006719017181318115,0.001792161698614404,0.00011854234617203474,0.0,0.0005039300945929834,0.0006719026277100021,0.001792161698614404,0.0005039300945929834,HOLD,LOW,HIGH,Volatile,0.030534830216759824,13.346429007393965,0,0,2,ResidualHybrid
2025-08-07,0.0019515390833969816,0.0002011679383127187,-0.0004206638550385833,0.0,0.0005554113529941675,0.00020116897065450477,0.0002011679383127187,0.0005554113529941675,HOLD,LOW,HIGH,Volatile,0.028894291410182786,12.971429007393965,0,0,2,ResidualHybrid
2025-08-08,0.0008247787265574123,-0.0021254928395708327,-0.0011021767277270555,0.0,-0.00046699156238047914,-0.0011021762708331448,-0.0021254928395708327,-0.00046699156238047914,HOLD,LOW,HIGH,Volatile,0.029190805875594698,13.189285278320304,0,0,2,ResidualHybrid
2025-08-11,0.0015052499547934329,-0.0006462319565681134,-0.0014711811672896147,0.0,-0.0002418733494875566,-0.0006462312116678309,-0.0006462319565681134,-0.0002418733494875566,HOLD,LOW,HIGH,Volatile,0.02969996249071015,13.412857055664054,0,0,2,ResidualHybrid
2025-08-12,0.00153088112085177,-0.0031424972079278834,-0.0017649426590651274,0.0,-0.0006400839745022129,-0.001764942237423643,-0.0031424972079278834,-0.0006400839745022129,HOLD,LOW,HIGH,Volatile,0.029208268960507797,13.755000523158474,0,0,2,ResidualHybrid
2025-08-13,0.0008331692106047918,0.005073513032360786,-0.001997863408178091,0.0,-0.000180012424100856,0.0008331693278646873,0.005073513032360786,-0.000180012424100856,HOLD,LOW,HIGH,Volatile,0.028399582505219793,12.228572300502227,0,0,2,ResidualHybrid
2025-08-14,0.0007388327510588074,-0.002086384542955874,-0.002179706236347556,0.0,-0.0010481345221863836,-0.002086374405831556,-0.002086384542955874,-0.0010481345221863836,HOLD,LOW,HIGH,Volatile,0.0284909419136538,11.638571602957585,0,0,2,ResidualHybrid
2025-08-15,0.0006093467344862971,0.006122423677587265,-0.002308913739398122,0.0,-0.00031722493301649735,0.000609346895600381,0.006122423677587265,-0.00031722493301649735,HOLD,LOW,HIGH,Volatile,0.027886894632100295,11.458572387695309,0,0,2,ResidualHybrid
2025-08-18,0.0005537855567492115,0.004024244897990489,-0.0020397580228745937,0.0,-0.00041713214639457134,0.0005537856540446388,0.004024244897990489,-0.00041713214639457134,HOLD,LOW,HIGH,Volatile,0.028036289747883514,11.364286150251113,0,0,2,ResidualHybrid
2025-08-19,0.0014201791682686886,0.004977323117024609,-0.0021956346463412046,0.0,-6.561829206941025e-05,0.0014201791637122726,0.004977323117024609,-6.561829206941025e-05,HOLD,LOW,HIGH,Volatile,0.028229508735337926,11.354997907366068,0,0,2,ResidualHybrid
2025-08-20,0.0002758587616198939,-0.0026362714324475243,-0.0018920865841209888,0.0,-0.0011354624888216215,-0.0018920857048110426,-0.0026362714324475243,-0.0011354624888216215,HOLD,LOW,HIGH,Volatile,0.02845359077389848,11.462140764508925,0,0,2,ResidualHybrid
2025-08-21,0.000567444315265784,-0.006328705440278327,-0.0014276271685957909,0.0,-0.001166321432947739,-0.0014276274653755186,-0.006328705440278327,-0.001166321432947739,HOLD,LOW,MEDIUM,Volatile,0.020684449547547515,11.08571297781808,0,0,1,ResidualHybrid
2025-08-22,0.0006872210742585146,-0.0017547297090225343,-0.00134469592012465,0.0,-0.0006058897925505586,-0.001344693984799065,-0.0017547297090225343,-0.0006058897925505586,HOLD,LOW,MEDIUM,Volatile,0.02340953931259426,11.876427786690849,0,0,1,ResidualHybrid
2025-08-25,0.002716220171017333,-0.00367797302590946,-0.00150846759788692,0.0,-0.0001082400432782008,-0.001508467373968758,-0.00367797302590946,-0.0001082400432782008,HOLD,LOW,MEDIUM,Volatile,0.022906417137812763,12.415712629045759,0,0,1,ResidualHybrid
2025-08-26,0.0009107268480076171,-0.0074543296023861436,-0.0016996031627058983,0.0,-0.001289849910737257,-0.0016996033717961046,-0.0074543296023861436,-0.001289849910737257,HOLD,LOW,MEDIUM,Volatile,0.02268875772768828,12.032854352678571,0,0,1,ResidualHybrid
2025-08-27,0.0011511508415845261,0.0015585313203177278,-0.0019064981024712324,0.0,-0.000373594305889685,0.0011511487257023182,0.0015585313203177278,-0.000373594305889685,HOLD,LOW,MEDIUM,Volatile,0.022667452743559434,12.032141549246651,0,0,1,ResidualHybrid
2025-08-28,0.0005926103686702798,0.0017469186460109096,-0.0018696885090321302,0.0,-0.0005500108802688997,0.0005926099096437764,0.0017469186460109096,-0.0005500108802688997,HOLD,LOW,MEDIUM,Volatile,0.021081264114166606,11.969284057617188,0,0,1,ResidualHybrid
2025-08-29,0.0006413792379470353,0.003379010135389775,-0.0014333869330585003,0.0,-0.00013931613669024214,0.0006413793544522405,0.003379010135389775,-0.00013931613669024214,HOLD,LOW,MEDIUM,Volatile,0.02242627584211717,11.973567417689733,0,0,1,ResidualHybrid
2025-09-02,-4.830829007062599e-05,-0.002413927510785009,-0.0003705054987221956,0.0,-0.0004574642138099676,-0.0003705080943717338,-0.002413927510785009,-0.0004574642138099676,HOLD,LOW,MEDIUM,Volatile,0.022425837397322883,11.684280395507812,0,0,1,ResidualHybrid
2025-09-03,0.0008029191545789919,-0.0015539142943209083,3.193959128111601e-05,0.0,0.00016470845790926504,3.19389273661804e-05,-0.0015539142943209083,0.00016470845790926504,HOLD,LOW,MEDIUM,Volatile,0.022527303749921537,11.972850254603795,0,0,1,ResidualHybrid
2025-09-04,0.0014052339611945353,0.004537507179523697,0.0002794467145577073,0.0,0.0011515210252205396,0.0014052345288335267,0.004537507179523697,0.0011515210252205396,HOLD,LOW,MEDIUM,Volatile,0.021399122830949968,11.782849993024554,0,0,1,ResidualHybrid
2025-09-05,0.0011391570844157656,0.00021908791092532229,-0.00016181031242012978,0.0,0.00037760401613548664,0.00021908943807238368,0.00021908791092532229,0.00037760401613548664,HOLD,LOW,MEDIUM,Volatile,0.022619889636057443,12.144278390066964,0,0,1,ResidualHybrid
2025-09-08,0.0018005194941531867,0.00027797135366457247,-0.0007688318146392703,0.0,0.00032687494817366155,0.00027797165120045284,0.00027797135366457247,0.00032687494817366155,HOLD,LOW,MEDIUM,Volatile,0.02248860351264438,12.638565063476562,0,0,1,ResidualHybrid
2025-09-09,0.00021265712534311164,-0.006022741499380828,-0.0009288305882364511,0.0,-0.0010155535869075956,-0.0009288312665182834,-0.006022741499380828,-0.0010155535869075956,HOLD,LOW,MEDIUM,Volatile,0.021667993399619997,12.227850777762276,0,0,1,ResidualHybrid
2025-09-10,0.0010520525799545407,0.001433786513588014,-0.001379313413053751,0.0,-0.0001544239746209316,0.0010520503849332826,0.001433786513588014,-0.0001544239746209316,HOLD,LOW,MEDIUM,Volatile,0.021648119493596747,11.762850080217634,0,0,1,ResidualHybrid
2025-09-11,0.0009349835143948288,0.0019956356064031217,-0.001736082835122943,0.0,-0.000324274974043826,0.0009349829474550636,0.0019956356064031217,-0.000324274974043826,HOLD,LOW,HIGH,Volatile,0.025135422319816646,12.846420288085938,0,0,2,ResidualHybrid
2025-09-12,0.00255096859684675,-0.005119734464896829,-0.0022673325147479773,0.0,-0.0007093620139685666,-0.002267332371867803,-0.005119734464896829,-0.0007093620139685666,HOLD,LOW,HIGH,Volatile,0.02892223432010598,13.369277954101566,0,0,2,ResidualHybrid
2025-09-15,0.0024141075432640973,-0.007623720075631576,-0.002696053124964237,0.0,-0.0012399889367016056,-0.0026960531177227815,-0.007623720075631576,-0.0012399889367016056,HOLD,LOW,HIGH,Volatile,0.028962130847497825,14.45927865164621,0,0,2,ResidualHybrid
2025-09-16,0.0012878437748867746,-0.017588633332881732,-0.0023915378842502832,0.0,-0.0025449792476640153,-0.002391538090094042,-0.017588633332881732,-0.0025449792476640153,HOLD,LOW,HIGH,Volatile,0.029208663352063242,14.818564278738844,0,0,2,ResidualHybrid
2025-09-17,0.0013963143626572027,-0.008242110598579636,-0.0024655607994645834,0.0,-0.0015769404572413715,-0.002465560885218321,-0.008242110598579636,-0.0015769404572413715,HOLD,LOW,HIGH,Volatile,0.028403079535462984,15.704990931919648,0,0,2,ResidualHybrid
2025-09-18,0.0009370241507861998,-0.009049653403165832,-0.0024875993840396404,0.0,-0.0018481068008407752,-0.0024875995235272372,-0.009049653403165832,-0.0018481068008407752,HOLD,LOW,HIGH,Volatile,0.028684863495745574,15.874278477260049,0,0,2,ResidualHybrid
2025-09-19,0.00022829117527770645,0.006810322664317477,-0.0019499578047543764,0.0,-0.000208807275209848,0.00022829148205831255,0.006810322664317477,-0.000208807275209848,HOLD,LOW,HIGH,Volatile,0.02816135786941466,15.55785042898996,0,0,2,ResidualHybrid
2025-09-22,0.0018107291109361258,-0.0035294838246842804,-0.0019122811499983072,0.0,-0.0006479278170254568,-0.0019122808008659729,-0.0035294838246842804,-0.0006479278170254568,HOLD,LOW,HIGH,Volatile,0.02604319923865803,16.31785147530692,0,0,2,ResidualHybrid
2025-09-23,0.0013710195476540556,-0.006549090211551886,-0.0018002858851104975,0.0,-0.0010711027347587807,-0.0018002859897486526,-0.006549090211551886,-0.0010711027347587807,HOLD,LOW,HIGH,Volatile,0.026917437727076023,16.491424560546875,0,0,2,ResidualHybrid
2025-09-24,0.00021838004884477762,-0.0011650648156799812,-0.0012373875360935926,0.0,-0.0006703003736029565,-0.0011650520825103343,-0.0011650648156799812,-0.0006703003736029565,HOLD,LOW,HIGH,Volatile,0.02766624208690341,17.273566109793528,0,0,2,ResidualHybrid
2025-09-25,0.002327734380680251,-0.003082966039018497,-0.001162974163889885,0.0,-1.9160619439228914e-05,-0.0011629739299070367,-0.003082966039018497,-1.9160619439228914e-05,HOLD,LOW,HIGH,Volatile,0.03020624141443885,17.728567940848215,0,0,2,ResidualHybrid
2025-09-26,-0.0007359973562408877,-0.00977035686785422,-0.0006956391735002398,0.0,-0.0016473825652288513,-0.0007360208538276242,-0.00977035686785422,-0.0016473825652288513,HOLD,LOW,HIGH,Volatile,0.03052304925824706,18.14642551967076,0,0,2,ResidualHybrid
2025-09-29,0.0025458897588353227,-0.004496720627529392,-0.000582405598834157,0.0,0.00021633700006251644,-0.0005824056629507613,-0.004496720627529392,0.00021633700006251644,HOLD,LOW,HIGH,Volatile,0.028443020886612044,18.469999040876115,0,0,2,ResidualHybrid
2025-09-30,0.0008374321434945516,-0.0032438626651689457,-0.0006760252872481942,0.0,-0.0003591435045340899,-0.0006760255579853524,-0.0032438626651689457,-0.0003591435045340899,HOLD,LOW,HIGH,Volatile,0.02781670195869968,18.58571515764509,0,0,2,ResidualHybrid
2025-10-01,0.0010293512867868113,-0.00025486420755475755,-0.0009372676722705364,0.0,-0.00011085781209138916,-0.00025486352390223353,-0.00025486420755475755,-0.00011085781209138916,HOLD,LOW,HIGH,Volatile,0.0280916691624156,18.596431187220983,0,0,2,ResidualHybrid
2025-10-02,0.0019457470635410134,-0.003149494641675692,-0.001108711352571845,0.0,-0.00014506286250700554,-0.0011087111902196847,-0.003149494641675692,-0.00014506286250700554,HOLD,LOW,HIGH,Volatile,0.03198814371984854,19.117858886718743,0,0,2,ResidualHybrid
2025-10-03,-0.0009150362142703744,-0.005178180552645732,0.0004175942740403116,0.0,-0.0006720052077691439,-0.0009150367290828705,-0.005178180552645732,-0.0006720052077691439,HOLD,LOW,HIGH,Volatile,0.032043157266125354,19.148572649274545,0,0,2,ResidualHybrid
2025-10-06,0.0009437612055546865,0.005633228643588118,0.0016069089761003852,0.0,0.0017673730151821286,0.0016069102312837099,0.005633228643588118,0.0017673730151821286,HOLD,LOW,HIGH,Volatile,0.03293429937391647,19.89928763253348,0,0,2,ResidualHybrid
2025-10-07,0.002704219080848836,0.003938392768384733,0.0012633149744942784,0.0,0.0020932117786354883,0.002704218964947708,0.003938392768384733,0.0020932117786354883,HOLD,LOW,HIGH,Volatile,0.03541660962950825,20.05357360839843,0,0,2,ResidualHybrid
2025-10-08,-0.0008648375325581274,-0.01494996008628267,0.0013552719028666615,0.0,-0.0011803751826326104,-0.0008648379115941623,-0.01494996008628267,-0.0011803751826326104,HOLD,LOW,HIGH,Volatile,0.03535822127573685,20.085000174386153,0,0,2,ResidualHybrid
2025-10-09,0.0017331186467906003,-0.005925373587999824,0.0008970769122242928,0.0,0.0005146028895451271,0.0008970758654980589,-0.005925373587999824,0.0005146028895451271,HOLD,LOW,HIGH,Volatile,0.033775558836195534,20.077144077845976,0,0,2,ResidualHybrid
2025-10-10,0.0006265405565801148,0.005194767539441365,6.451457738876343e-05,0.0,0.0008098511301445945,0.0006265421107411829,0.005194767539441365,0.0008098511301445945,HOLD,LOW,HIGH,Volatile,0.032947033162863903,20.989286150251107,0,0,2,ResidualHybrid
2025-10-13,-0.000582676216717223,-0.008717527804475395,0.0008474586647935212,0.0,-0.0006891227414070682,-0.0005826767920778675,-0.008717527804475395,-0.0006891227414070682,HOLD,LOW,HIGH,Volatile,0.03409962501503548,21.42857360839843,0,0,2,ResidualHybrid
2025-10-14,0.003004597075974131,-0.004978429639031649,0.0005269754328764975,0.0,0.0009114351956998664,0.0005269752111628632,-0.004978429639031649,0.0009114351956998664,HOLD,LOW,HIGH,Volatile,0.03381476673032702,21.405718122209812,0,0,2,ResidualHybrid
2025-10-15,5.8371046502133945e-05,0.002733983765296237,4.9496651627123356e-05,0.0,0.0003298638060375917,5.846263532056245e-05,0.002733983765296237,0.0003298638060375917,HOLD,LOW,HIGH,Volatile,0.03387667863929663,20.725003923688607,0,0,2,ResidualHybrid
2025-10-16,0.001522332685103264,0.003971640853986987,-0.0005479861283674836,0.0,0.0007141702398135383,0.001522332759709068,0.003971640853986987,0.0007141702398135383,HOLD,LOW,HIGH,Volatile,0.03367873264062779,20.62428937639508,0,0,2,ResidualHybrid
2025-10-17,0.00045184749698822045,0.002419385786175086,-0.0007820007158443332,0.0,2.25984347090824e-05,0.00045184779841599094,0.002419385786175086,2.25984347090824e-05,HOLD,LOW,HIGH,Volatile,0.03376160630375327,21.08000183105468,0,0,2,ResidualHybrid
2025-10-20,0.0017545505985873673,-0.0014733238752923771,-0.0012463750317692757,0.0,-0.00011617423945217025,-0.0012463709969840365,-0.0014733238752923771,-0.00011617423945217025,HOLD,LOW,HIGH,Volatile,0.033745341410492735,20.980715070452003,0,0,2,ResidualHybrid
2025-10-21,0.001279732615074657,0.00015395787043128253,-0.0020006566774100065,0.0,-0.0005173212081785819,0.0001539574474189384,0.00015395787043128253,-0.0005173212081785819,HOLD,LOW,HIGH,Volatile,0.03351874311326991,19.960000174386156,0,0,2,ResidualHybrid
2025-10-22,0.0005351257689396245,-0.003548634110211179,-0.002546499716117978,0.0,-0.0014652513753171692,-0.0025464990445287295,-0.003548634110211179,-0.0014652513753171692,HOLD,LOW,HIGH,Volatile,0.03241461894868859,18.628572736467635,0,0,2,ResidualHybrid
2025-10-23,0.0008300756511510133,0.004494852338389266,-0.002779842121526599,0.0,-0.0006415962556925354,0.0008300756552931548,0.004494852338389266,-0.0006415962556925354,HOLD,LOW,HIGH,Volatile,0.03103154262072503,19.007858276367188,0,0,2,ResidualHybrid
2025-10-24,0.0016485080119788033,0.000993388495262557,-0.0028658218216151,0.0,-0.0007322740069798232,0.000993387232455029,0.000993388495262557,-0.0007322740069798232,HOLD,LOW,HIGH,Volatile,0.030865471285734632,18.849999564034597,0,0,2,ResidualHybrid
2025-10-27,-0.0001553836908054528,-0.0018662516719204316,-0.002270987257361412,0.0,-0.001415951480411432,-0.0018662497971341676,-0.0018662516719204316,-0.001415951480411432,HOLD,LOW,HIGH,Volatile,0.032308368401609396,19.25285775320871,0,0,2,ResidualHybrid
2025-10-28,0.0023994920475188452,0.00183805326405319,-0.0021152044646441936,0.0,2.818707926978631e-05,0.00183805174206483,0.00183805326405319,2.818707926978631e-05,HOLD,LOW,HIGH,Volatile,0.032524006067599864,19.202859061104913,0,0,2,ResidualHybrid
2025-10-29,0.0011232169100700547,0.00242534579238375,-0.0022683239076286554,0.0,-0.00048030800239114786,0.0011232164379520327,0.00242534579238375,-0.00048030800239114786,HOLD,LOW,HIGH,Volatile,0.03170564070056612,19.24143110002791,0,0,2,ResidualHybrid
2025-10-30,0.0008982543121686199,0.004333881400097412,-0.0024791574105620384,0.0,-0.00047791996459459164,0.0008982543171797743,0.004333881400097412,-0.00047791996459459164,HOLD,LOW,HIGH,Volatile,0.03129315051814378,18.542861938476573,0,0,2,ResidualHybrid
2025-10-31,-0.0003479249709609138,-0.008733112109291707,-0.0021126081701368093,0.0,-0.002117259530346985,-0.002112608585168996,-0.008733112109291707,-0.002117259530346985,HOLD,LOW,HIGH,Volatile,0.03209643727542761,18.150002615792424,0,0,2,ResidualHybrid
2025-11-03,0.002343749630827947,0.0006487496874805427,-0.002010664204135537,0.0,-6.237295913691853e-05,0.0006487494739454135,0.0006487496874805427,-6.237295913691853e-05,HOLD,LOW,HIGH,Volatile,0.03038270528310192,18.30928911481586,0,0,2,ResidualHybrid
2025-11-04,0.001375715193734581,-0.001269095712538104,-0.00201847474090755,0.0,-0.0006363687101388015,-0.0012690947594645608,-0.001269095712538104,-0.0006363687101388015,HOLD,LOW,HIGH,Volatile,0.031020673589791766,19.06571524483818,0,0,2,ResidualHybrid
2025-11-05,-0.0006692680973447872,-0.01102012222741524,-0.001306760124862194,0.0,-0.002063812817763625,-0.0013067615856738103,-0.01102012222741524,-0.002063812817763625,HOLD,LOW,HIGH,Volatile,0.03208616537188729,19.60714285714287,0,0,2,ResidualHybrid
2025-11-06,0.002460274110652798,-0.0016558340574669395,-0.0008249669335782528,0.0,0.00035222469568320066,-0.0008249660371126798,-0.0016558340574669395,0.00035222469568320066,HOLD,LOW,HIGH,Volatile,0.03315308346639519,20.642859322684167,0,0,2,ResidualHybrid
2025-11-07,-0.0003233786957729471,0.004742567314987876,0.00028685724828392267,0.0,0.0005119613825401631,0.0002868586573112333,0.004742567314987876,0.0005119613825401631,HOLD,LOW,HIGH,Volatile,0.03207067012064151,21.610002790178584,0,0,2,ResidualHybrid
2025-11-10,0.00022688500118848336,-0.006526167900475229,0.0010280535789206624,0.0,-5.9292331970292416e-05,0.00022688390415698275,-0.006526167900475229,-5.9292331970292416e-05,HOLD,LOW,HIGH,Volatile,0.030861917427263085,22.53143310546876,0,0,2,ResidualHybrid
2025-11-11,0.002235549244242692,0.007261194593344444,0.0009434201056137681,0.0,0.002091938003956788,0.0022355498180629246,0.007261194593344444,0.002091938003956788,HOLD,LOW,HIGH,Volatile,0.03079158514408656,22.26929146902903,0,0,2,ResidualHybrid
2025-11-12,0.0003366809099464215,0.0037148612663430885,0.00044229021295905113,0.0,0.0007393195718560037,0.0004422992004778898,0.0037148612663430885,0.0007393195718560037,HOLD,LOW,HIGH,Volatile,0.031017923299965135,20.860004970005594,0,0,2,ResidualHybrid
2025-11-13,0.0005069661570501756,-0.005003457072876956,0.00038126856088638306,0.0,-0.00012594719033336176,0.0003812609155158262,-0.005003457072876956,-0.00012594719033336176,HOLD,LOW,HIGH,Volatile,0.034477552762744265,21.770721435546882,0,0,2,ResidualHybrid
2025-11-14,-0.0006733180471093742,-0.002393240602214986,0.00123183848336339,0.0,0.00012546329577483748,-0.0006733179907039559,-0.002393240602214986,0.00012546329577483748,HOLD,LOW,HIGH,Volatile,0.033943785038630714,21.982864379882823,0,0,2,ResidualHybrid
2025-11-17,0.0016438461605974373,-0.0055684701918169745,0.0017081014811992645,0.0,0.0009326843599769064,0.0016438312060519445,-0.0055684701918169745,0.0009326843599769064,HOLD,LOW,HIGH,Volatile,0.03373357429969467,22.68429347446988,0,0,2,ResidualHybrid
2025-11-18,0.0011721204169369143,0.006246987196908681,0.0019807200878858566,0.0,0.0021100246751267447,0.0019807210872536114,0.006246987196908681,0.0021100246751267447,HOLD,LOW,HIGH,Volatile,0.03386183876588024,22.83857945033483,0,0,2,ResidualHybrid
2025-11-19,0.0003649988084099186,0.0025468761349988355,0.0017216482665389776,0.0,0.0012852633959791618,0.0017216477937068218,0.0025468761349988355,0.0012852633959791618,HOLD,LOW,HIGH,Volatile,0.033950864210502675,22.222863333565858,0,0,2,ResidualHybrid
2025-11-20,0.0012726248157537666,0.00810730134713186,0.0011875679483637214,0.0,0.0019341669706422105,0.0012726361562475036,0.00810730134713186,0.0019341669706422105,HOLD,LOW,HIGH,Volatile,0.03356424251463179,23.38715035574778,0,0,2,ResidualHybrid
2025-11-21,0.00031574065686420236,-0.008034920623691353,0.0019923110958188772,0.0,0.0003133056644759393,0.000315740180841458,-0.008034920623691353,0.0003133056644759393,HOLD,LOW,HIGH,Volatile,0.032925358438646087,23.29929024832591,0,0,2,ResidualHybrid
2025-11-24,0.0008482880412724289,0.006954652113998547,0.002132846973836422,0.0,0.002136497719547171,0.0021328475437984453,0.006954652113998547,0.002136497719547171,HOLD,LOW,HIGH,Volatile,0.035087790692445095,23.717862810407382,0,0,2,ResidualHybrid
2025-11-25,0.002729854453681476,-0.00012423775910909657,0.0015054992400109768,0.0,0.0018080272538728397,0.0015054990374303058,-0.00012423775910909657,0.0018080272538728397,HOLD,LOW,HIGH,Volatile,0.03476909966892233,22.92572021484376,0,0,2,ResidualHybrid
2025-11-26,0.0005084424532529467,-0.0030726838954599563,0.00046197371557354927,0.0,0.00011517037000187234,0.0004619533663520187,-0.0030726838954599563,0.00011517037000187234,HOLD,LOW,HIGH,Volatile,0.03507962470419584,21.332146780831486,0,0,2,ResidualHybrid
2025-11-28,0.0013636267839893742,-0.0003091705767311787,-0.0007872709538787603,0.0,8.890156404846718e-05,-0.00030916909091873135,-0.0003091705767311787,8.890156404846718e-05,HOLD,LOW,HIGH,Volatile,0.03362213645613104,20.096431187220993,0,0,2,ResidualHybrid
2025-12-01,0.0010204206647370072,0.003716534748672583,-0.002086224500089884,0.0,-0.00029330450799370947,0.0010204206157912973,0.003716534748672583,-0.00029330450799370947,HOLD,LOW,HIGH,Volatile,0.03242698190823362,19.255000523158493,0,0,2,ResidualHybrid
2025-12-02,0.0008759705111533914,-0.0003531146917013981,-0.003100733971223235,0.0,-0.0012885415780896988,-0.00035311514030627944,-0.0003531146917013981,-0.0012885415780896988,HOLD,LOW,HIGH,Volatile,0.031729075824497105,19.384283883231042,0,0,2,ResidualHybrid
2025-12-03,0.0008894301981946457,-0.0015540959590941688,-0.003586630104109645,0.0,-0.0016562500759522139,-0.0015540958764911016,-0.0015540959590941688,-0.0016562500759522139,HOLD,LOW,HIGH,Volatile,0.03104397427060185,19.592143467494434,0,0,2,ResidualHybrid
2025-12-04,0.0019922510762625527,-0.0022233318081186894,-0.004032551310956478,0.0,-0.0015298434833432104,-0.0022233314931070836,-0.0022233318081186894,-0.0015298434833432104,HOLD,LOW,HIGH,Volatile,0.029958485105319736,17.804999215262292,0,0,2,ResidualHybrid
2025-12-05,0.001066555636473406,0.0009661576875285173,-0.0045707980170845985,0.0,-0.0018324465522668487,0.0009661481022304566,0.0009661576875285173,-0.0018324465522668487,HOLD,LOW,HIGH,Volatile,0.028818523214871928,16.219284057617198,0,0,2,ResidualHybrid
2025-12-08,0.0008375154247998555,0.00322552673760086,-0.004634461365640163,0.0,-0.001720019254829062,0.0008375151890743191,0.00322552673760086,-0.001720019254829062,HOLD,LOW,HIGH,Volatile,0.02861679393440653,15.828569684709834,0,0,2,ResidualHybrid
2025-12-09,4.387429659643302e-05,-0.007274862220904854,-0.0037357367109507322,0.0,-0.002647907659189144,-0.0037357366929922035,-0.007274862220904854,-0.002647907659189144,HOLD,LOW,HIGH,Volatile,0.0275829224314151,15.93428257533483,0,0,2,ResidualHybrid
2025-12-10,0.0015464290860768043,-0.0032888297008563834,-0.0026681330054998398,0.0,-0.0011120090211890923,-0.0026681316367410802,-0.0032888297008563834,-0.0011120090211890923,HOLD,LOW,HIGH,Volatile,0.027583103469816118,15.93356977190291,0,0,2,ResidualHybrid
2025-12-11,0.001195377438833507,0.001314237717906786,-0.0018097271677106619,0.0,-0.00033220971165478824,0.0011953694973404843,0.001314237717906786,-0.00033220971165478824,HOLD,LOW,HIGH,Volatile,0.0272370919871121,14.284999302455365,0,0,2,ResidualHybrid
2025-12-12,0.0005701143481246502,0.013624129285407693,-0.0011650423984974623,0.0,0.0010277690118958476,0.0005701148471849146,0.013624129285407693,0.0010277690118958476,HOLD,LOW,MEDIUM,Volatile,0.022087548537871374,14.449286324637281,0,0,1,ResidualHybrid
2025-12-15,0.0017505439355529895,0.001483385980081668,-0.0006242407253012061,0.0,0.0005061148185066613,0.001483382738802952,0.001483385980081668,0.0005061148185066613,HOLD,LOW,MEDIUM,Volatile,0.022977708595456076,13.89071437290737,0,0,1,ResidualHybrid
2025-12-16,0.0016456663648828076,-0.004576212796857783,-0.0002974697854369879,0.0,8.076648800780335e-06,-0.00029747006593554585,-0.004576212796857783,8.076648800780335e-06,HOLD,LOW,MEDIUM,Volatile,0.02349962811632824,14.686429704938623,0,0,1,ResidualHybrid
2025-12-17,0.001460447471628053,-0.004424041415505477,-9.306997526437044e-05,0.0,5.73110117346651e-05,-9.307038734881902e-05,-0.004424041415505477,5.73110117346651e-05,HOLD,LOW,HIGH,Volatile,0.025996507776547117,16.04571533203125,0,0,2,ResidualHybrid
2025-12-18,-0.0004769266939518536,-0.00497696055876101,0.001212256378494203,0.0,-7.563371995796648e-05,-0.0004769270631321117,-0.00497696055876101,-7.563371995796648e-05,HOLD,LOW,HIGH,Volatile,0.026649689981344562,17.250714983258927,0,0,2,ResidualHybrid
2025-12-19,0.0022541500276381608,-0.0010894002961804442,0.0015479018911719322,0.0,0.0015473099276429045,0.0015479008581248766,-0.0010894002961804442,0.0015473099276429045,HOLD,LOW,HIGH,Volatile,0.025859789597432434,17.779285975864955,0,0,2,ResidualHybrid
2025-12-22,0.0005665349612255906,-0.0011335746039822315,0.0014091558987274766,0.0,0.0008229050455122022,0.0005665343647683489,-0.0011335746039822315,0.0008229050455122022,HOLD,LOW,HIGH,Volatile,0.02543232107844014,17.989998953683028,0,0,2,ResidualHybrid
2025-12-23,0.0014249052154502299,-0.004045698078010081,0.0010765966726467013,0.0,0.0006820316629760988,0.0010765940131676668,-0.004045698078010081,0.0006820316629760988,HOLD,LOW,MEDIUM,Volatile,0.022155794111530975,17.307854788643965,0,0,1,ResidualHybrid
2025-12-24,0.0006803896192561113,0.0032790292470647768,0.0005242644110694528,0.0,0.000868488152971787,0.0006803955588521121,0.0032790292470647768,0.000868488152971787,HOLD,LOW,MEDIUM,Volatile,0.022212011444384047,17.654998779296864,0,0,1,ResidualHybrid
2025-12-26,0.0010314807891986736,-0.0032552045214760492,4.2034429498016834e-05,0.0,8.222446588554877e-05,4.203372397056914e-05,-0.0032552045214760492,8.222446588554877e-05,HOLD,LOW,MEDIUM,Volatile,0.022968585036430546,18.230712890624982,0,0,1,ResidualHybrid
2025-12-29,0.0004388474903075243,-0.00915941240200967,-8.283450733870268e-05,0.0,-0.0008187105093218869,-8.283630674547874e-05,-0.00915941240200967,-0.0008187105093218869,HOLD,LOW,MEDIUM,Volatile,0.024519632985275444,17.976427350725434,0,0,1,ResidualHybrid
2025-12-30,0.0003122672755694613,-0.007730431632733883,-0.00026428629644215107,0.0,-0.0008129219820748859,-0.00026428789098887327,-0.007730431632733883,-0.0008129219820748859,HOLD,LOW,MEDIUM,Volatile,0.024731869887129648,17.447856358119413,0,0,1,ResidualHybrid
2025-12-31,0.000968385851264772,-0.0057477659670664505,-0.0005083596333861351,0.0,-0.00048121355500488155,-0.0005083601188466027,-0.0057477659670664505,-0.00048121355500488155,HOLD,LOW,MEDIUM,Volatile,0.024887184147543692,17.017854963030125,0,0,1,ResidualHybrid
2019-11-21,0.0003597683329144719,-0.006379520726348842,-0.0032906776759773493,0.0,-0.0022060470318495994,-0.0032906776262301464,-0.006379520726348842,-0.0032906776262301464,HOLD,LOW,HIGH,Volatile,0.025272701612446206,9.754283357617194,0,0,2,ConfidenceWeight
2019-11-22,0.001535618110943701,-0.010807104342069157,-0.0026230677030980587,0.0,-0.0018687253465390302,-0.0026230678212838163,-0.010807104342069157,-0.0026230678212838163,HOLD,LOW,MEDIUM,Volatile,0.022174212803747057,10.62214006696429,0,0,1,ConfidenceWeight
2019-11-25,0.0007045908047423289,0.0013356756359879482,-0.0014571319334208965,0.0,-0.0003379922087059389,0.0007045896873407911,0.0013356756359879482,0.0007045896873407911,HOLD,LOW,MEDIUM,Volatile,0.02226047122186008,10.917853216713175,0,0,1,ConfidenceWeight
2019-11-26,0.0028881976076958644,-0.00630314834079471,-0.0004108601715415716,0.0,0.00024946149035118834,-0.00041086030481900915,-0.00630314834079471,-0.00041086030481900915,HOLD,LOW,MEDIUM,Volatile,0.021269087042114415,10.70499528911831,0,0,1,ConfidenceWeight
2019-11-27,0.0013207157934935964,-0.0009034224355450751,0.00028702692361548543,0.0,0.0005615798788360021,0.0002870267966844834,-0.0009034224355450751,0.0002870267966844834,HOLD,LOW,MEDIUM,Volatile,0.021253512741042452,10.022136140820319,0,0,1,ConfidenceWeight
2019-11-29,0.0018870848046272292,-0.012035033421686523,0.0004926866386085749,0.0,-0.00026375073937480887,0.0004926860022906566,-0.012035033421686523,0.0004926860022906566,HOLD,LOW,MEDIUM,Volatile,0.021296813480458792,9.938565932952015,0,0,1,ConfidenceWeight
2019-12-02,0.001174561294137914,0.0076208496617749776,0.00031169457361102104,0.0,0.0013974752273314785,0.0011745622953056997,0.0076208496617749776,0.0011745622953056997,HOLD,LOW,MEDIUM,Volatile,0.02139642820709404,9.627138407840407,0,0,1,ConfidenceWeight
2019-12-03,0.0013728587606216692,0.005383945712466832,4.6890461817383766e-05,0.0,0.0011072370451278629,0.001372859264467055,0.005383945712466832,0.001372859264467055,HOLD,LOW,MEDIUM,Volatile,0.021271689133919754,9.583568025585944,0,0,1,ConfidenceWeight
2019-12-04,0.0008373343349116401,0.0034970796949560083,-0.00026905606500804424,0.0,0.0005448103707802332,0.0008373348614276658,0.0034970796949560083,0.0008373348614276658,HOLD,LOW,MEDIUM,Volatile,0.02143823243093393,9.14499555069755,0,0,1,ConfidenceWeight
2019-12-05,0.0008903002391961621,0.007394161572681967,-0.00044303538743406534,0.0,0.0008780802860058796,0.0008903008343640804,0.007394161572681967,0.0008903008343640804,HOLD,LOW,MEDIUM,Volatile,0.020599796505629698,8.876425604408487,0,0,1,ConfidenceWeight
2019-12-06,0.0013053993427534429,-0.004102751222978481,-0.0005247424123808742,0.0,-0.00019033924952019648,-0.0005247426788612884,-0.004102751222978481,-0.0005247426788612884,HOLD,LOW,MEDIUM,Volatile,0.020014838468663,9.165710446763399,0,0,1,ConfidenceWeight
2019-12-09,0.0015473755198938234,0.005399493047112081,-0.0010117345955222845,0.0,0.000633477182689765,0.0015473756508867522,0.005399493047112081,0.0015473756508867522,HOLD,LOW,MEDIUM,Volatile,0.02013426959749266,9.331427435463175,0,0,1,ConfidenceWeight
2019-12-10,0.0008846226134567115,-0.0004707345795881113,-0.0015205193776637316,0.0,-0.0004876302961628902,-0.00047073436554887925,-0.0004707345795881113,-0.00047073436554887925,HOLD,LOW,MEDIUM,Volatile,0.020374891937947948,9.276428222656259,0,0,1,ConfidenceWeight
2019-12-11,0.0009295962548847439,0.002185538157039641,-0.002056381432339549,0.0,-0.00047087855015429396,0.0009295957946098696,0.002185538157039641,0.0009295957946098696,HOLD,LOW,MEDIUM,Volatile,0.02028408023801504,9.04214259556362,0,0,1,ConfidenceWeight
2019-12-12,0.0003878485868922116,-0.002208769554321637,-0.0026221571024507284,0.0,-0.001422402936594979,-0.002208767531749263,-0.002208769554321637,-0.002208767531749263,HOLD,LOW,MEDIUM,Volatile,0.020532572731655718,9.143569943833711,0,0,1,ConfidenceWeight
2019-12-13,0.0007210974383261111,0.002161900787950448,-0.0031296650413423777,0.0,-0.0011034309893768151,0.0007210970047849086,0.002161900787950448,0.0007210970047849086,HOLD,LOW,MEDIUM,Volatile,0.020490757007319577,8.12499781771764,0,0,1,ConfidenceWeight
2019-12-16,0.0004491645103754901,-0.00876660045264135,-0.0034983272198587656,0.0,-0.0025243558348166965,-0.003498327283312423,-0.00876660045264135,-0.003498327283312423,HOLD,LOW,MEDIUM,Volatile,0.024634648406115955,9.102852955133935,0,0,1,ConfidenceWeight
2019-12-17,0.001419158654862712,0.0038372615684349578,-0.003840850433334708,0.0,-0.0010266568408929043,0.001419158431698607,0.0038372615684349578,0.001419158431698607,HOLD,LOW,MEDIUM,Volatile,0.02464334321313837,9.128568374358265,0,0,1,ConfidenceWeight
2019-12-18,-0.0005680813239683571,-0.003955626995873569,-0.003915744833648205,0.0,-0.0026329517084500557,-0.003915721255504369,-0.003955626995873569,-0.003915721255504369,HOLD,LOW,HIGH,Volatile,0.025214259370882043,9.904998779296879,0,0,2,ConfidenceWeight
2019-12-19,0.0010108483254169269,-0.011218772344726872,-0.0037957902532070875,0.0,-0.00271384492102894,-0.003795790326485699,-0.011218772344726872,-0.003795790326485699,HOLD,LOW,MEDIUM,Volatile,0.02498731848902416,10.612856183733262,0,0,1,ConfidenceWeight
2019-12-20,0.0004934918975289741,-0.009785625044548912,-0.003603694261983037,0.0,-0.002666438464338541,-0.0036036943442244603,-0.009785625044548912,-0.0036036943442244603,HOLD,LOW,MEDIUM,Volatile,0.02499606185934456,10.978570120675224,0,0,1,ConfidenceWeight
2019-12-23,0.0002781183499895026,-0.01031361325297508,-0.0029785919468849897,0.0,-0.0024833947241026974,-0.0029785921174597723,-0.0029785919468849897,-0.0029785921174597723,SELL,MEDIUM,LOW,Bullish,0.019457108770568173,11.742856709347096,-1,1,0,ConfidenceWeight
2019-12-24,0.0010308388021671173,-0.00854889057773637,-0.002408522181212902,0.0,-0.0017198593784329777,-0.002408522308991967,-0.002408522181212902,-0.002408522308991967,SELL,MEDIUM,LOW,Bullish,0.019462531355148426,12.297858104436378,-1,1,0,ConfidenceWeight
2019-12-26,0.00045994102298878704,-0.013703362841527934,-0.0019817149732261896,0.0,-0.0022524042290248568,-0.0019817152971514204,-0.0019817149732261896,-0.0019817152971514204,HOLD,LOW,LOW,Bullish,0.017737359435623115,12.373572215764503,0,0,0,ConfidenceWeight
2019-12-27,0.0006607426649674522,-0.01718163080910192,-0.0016274689696729183,0.0,-0.002352541621977189,-0.0016274693420305897,-0.0016274689696729183,-0.0016274693420305897,HOLD,LOW,LOW,Bullish,0.017996054229220012,12.424288070954235,0,0,0,ConfidenceWeight
2019-12-30,0.0007196951821244666,-0.015856611866479287,-0.001201235456392169,0.0,-0.0019747714198002806,-0.0012012359082067096,-0.015856611866479287,-0.0012012359082067096,HOLD,LOW,MEDIUM,Volatile,0.020930677167576257,13.263571602957585,0,0,1,ConfidenceWeight
2019-12-31,0.0008796276015211521,-0.003704429232798533,-0.0001469026319682598,0.0,-0.00011931042305423495,-0.00014690332329337613,-0.003704429232798533,-0.00014690332329337613,HOLD,LOW,MEDIUM,Volatile,0.020923077392380276,13.820000784737715,0,0,1,ConfidenceWeight
2020-01-02,0.002143504405580644,-0.008121165467254509,0.00042004819260910153,0.0,0.000201390801464455,0.00042004773010417265,-0.008121165467254509,0.00042004773010417265,HOLD,LOW,MEDIUM,Volatile,0.02118341614189424,14.107145036969863,0,0,1,ConfidenceWeight
2020-01-03,0.0015398083011587637,0.0013753468941512515,0.0002993425587192178,0.0,0.0008872122144668308,0.0013753418143645378,0.0013753468941512515,0.0013753418143645378,HOLD,LOW,MEDIUM,Volatile,0.02085056568739398,15.085717337472094,0,0,1,ConfidenceWeight
2020-01-06,0.0007116278575618376,0.0010105272900388152,0.0002947120228782296,0.0,0.0005288325683946355,0.0007116269212992473,0.0010105272900388152,0.0007116269212992473,HOLD,LOW,MEDIUM,Volatile,0.020196181324262808,15.156433105468746,0,0,1,ConfidenceWeight
2020-01-07,0.00036209049749452433,-0.007922437566636287,-0.00010762317106127739,0.0,-0.0007333020315514296,-0.00010762516306255601,-0.007922437566636287,-0.00010762516306255601,HOLD,LOW,MEDIUM,Volatile,0.020811897854391918,14.790006365094863,0,0,1,ConfidenceWeight
2020-01-08,0.000681086614704917,-0.006303017768788433,-0.0004690673667937517,0.0,-0.0006288079637814419,-0.00046906806338170207,-0.006303017768788433,-0.00046906806338170207,HOLD,LOW,MEDIUM,Volatile,0.02189332710441548,16.265718730106023,0,0,1,ConfidenceWeight
2020-01-09,0.0004014661690836987,0.00061427184658596,-0.0006506845820695162,0.0,-0.00011571292922313238,0.0004014624623278182,0.00061427184658596,0.0004014624623278182,HOLD,LOW,MEDIUM,Volatile,0.02359106188268189,16.95857456261161,0,0,1,ConfidenceWeight
2020-01-10,-0.0004230009857377657,-0.017081702798520303,-0.00022321240976452827,0.0,-0.0020392874799330975,-0.00042300588139967255,-0.017081702798520303,-0.00042300588139967255,HOLD,LOW,MEDIUM,Volatile,0.02411610527616291,16.782858707421877,0,0,1,ConfidenceWeight
2020-01-13,0.0012020610593776679,-0.000664881530382377,-0.0002405731938779354,0.0,0.0002702283628745907,-0.00024057154037196047,-0.000664881530382377,-0.00024057154037196047,HOLD,LOW,HIGH,Volatile,0.029773471359226273,19.25928823797434,0,0,2,ConfidenceWeight
2020-01-14,0.0020983395864962702,-0.004208901311860908,-0.0005609412910416722,0.0,8.498247397280929e-05,-0.0005609413928249884,-0.004208901311860908,-0.0005609413928249884,HOLD,LOW,HIGH,Volatile,0.029316420729452945,19.69714354732144,0,0,2,ConfidenceWeight
2020-01-15,-0.0007088081176663951,-0.006045928979306238,-0.000793938641436398,0.0,-0.001303055015108643,-0.0007939499281637136,-0.006045928979306238,-0.0007939499281637136,HOLD,LOW,HIGH,Volatile,0.030187922325712102,20.293572554715414,0,0,2,ConfidenceWeight
2020-01-16,-0.0004440724825743082,0.009436901529777114,-0.00043870240915566683,0.0,0.0005780887178000601,-0.0004385668246736822,0.009436901529777114,-0.0004385668246736822,HOLD,LOW,HIGH,Volatile,0.030314574778703328,21.58642795371095,0,0,2,ConfidenceWeight
2020-01-17,0.001646337091914614,-3.5072577704730095e-05,-0.0004855116130784154,0.0,0.00038048429075747707,-3.5070961492541714e-05,-3.5072577704730095e-05,-3.5070961492541714e-05,HOLD,LOW,HIGH,Volatile,0.030218616858771228,21.82285417092635,0,0,2,ConfidenceWeight
2020-01-21,0.0017317546976331288,0.003736157409059945,-0.0007601301185786724,0.0,0.0006616766096585718,0.0017317546002095076,0.003736157409059945,0.0017317546002095076,HOLD,LOW,HIGH,Volatile,0.03263430269485362,23.034284314285724,0,0,2,ConfidenceWeight
2020-01-22,0.0022345348949677412,0.007600626124962275,-0.0012797836679965258,0.0,0.0009873719128809999,0.002234534993070132,0.007600626124962275,0.002234534993070132,HOLD,LOW,HIGH,Volatile,0.032975349660345044,25.040710444308047,0,0,2,ConfidenceWeight
2020-01-23,-4.62719628704165e-05,0.009428207835121372,-0.001073173712939024,0.0,0.0004050038211914897,-4.627109648464674e-05,0.009428207835121372,-4.627109648464674e-05,HOLD,LOW,HIGH,Volatile,0.03285837478389604,26.04285321425782,0,0,2,ConfidenceWeight
2020-01-24,-0.00048160605800384704,-0.0023581859782835627,-0.001023793825879693,0.0,-0.0009530339894715792,-0.0010237949151988633,-0.0023581859782835627,-0.0010237949151988633,HOLD,LOW,HIGH,Volatile,0.03347372058225441,25.747137882226564,0,0,2,ConfidenceWeight
2020-01-27,0.0007419466722314784,0.001865796866555247,-0.0010594013147056103,0.0,-6.513813773469297e-05,0.0007419463385378211,0.001865796866555247,0.0007419463385378211,HOLD,LOW,HIGH,Volatile,0.03398770657126004,26.745707915485493,0,0,2,ConfidenceWeight
2020-01-28,0.0018230105065256523,0.00136384628460563,-0.001119991997256875,0.0,0.00026761101190968966,0.0013638445184579334,0.00136384628460563,0.0013638445184579334,HOLD,LOW,HIGH,Volatile,0.03382577898869187,26.652849466964287,0,0,2,ConfidenceWeight
2020-01-29,0.002116123392469034,0.000712075795340431,-0.001261809840798378,0.0,0.00024037783025269055,0.0007120755902290464,0.000712075795340431,0.0007120755902290464,HOLD,LOW,HIGH,Volatile,0.031685778089005606,26.127134050195313,0,0,2,ConfidenceWeight
2020-01-30,0.0012905566643938084,-0.0037619709049464788,-0.0014986887108534575,0.0,-0.0006599483061963058,-0.0014986886276703608,-0.0037619709049464788,-0.0014986886276703608,HOLD,LOW,HIGH,Volatile,0.03641476578650345,29.267135622126116,0,0,2,ConfidenceWeight
2020-01-31,0.0011854132167942275,-0.00302799115796385,-0.0018144410569220781,0.0,-0.0007864387109898909,-0.0018144405673765785,-0.00302799115796385,-0.0018144405673765785,HOLD,LOW,HIGH,Volatile,0.0364031213022002,29.927134926813615,0,0,2,ConfidenceWeight
2020-02-03,-0.0011216764796032825,-0.0036508288361440876,-0.0023862600792199373,0.0,-0.0020305934655055163,-0.002386260079210685,-0.0036508288361440876,-0.002386260079210685,HOLD,LOW,HIGH,Volatile,0.05119342370537795,36.21927752237723,0,0,2,ConfidenceWeight
2020-02-04,0.00130108121726136,-0.008391205010073434,-0.0018373483326286077,0.0,-0.0013070286377182968,-0.0018373484985210263,-0.008391205010073434,-0.0018373484985210263,HOLD,LOW,HIGH,Volatile,0.05580817047420591,48.107849122879465,0,0,2,ConfidenceWeight
2020-02-05,-0.0017148327139744804,0.014237171522371441,0.0010765858460217714,0.0,0.0013612731636234675,0.0010765861280331687,0.014237171522371441,0.0010765861280331687,HOLD,LOW,HIGH,Volatile,0.07468212693068597,59.666421074609374,0,0,2,ConfidenceWeight
2020-02-06,-0.004601015393845287,0.007060787431683253,0.007884024642407894,0.0,0.0029995970820400324,0.007060786305645675,0.007060787431683253,0.007060786305645675,HOLD,LOW,HIGH,Volatile,0.07443989205569707,65.55928039729352,0,0,2,ConfidenceWeight
2020-02-07,0.004681647545414321,0.03551513725789108,0.012147722765803337,0.0,0.011688407684684736,0.012147722856915675,0.03551513725789108,0.012147722856915675,HOLD,LOW,HIGH,Volatile,0.07394514180669588,67.50499616529018,0,0,2,ConfidenceWeight
2020-02-10,0.003832569053553875,0.004983779433006791,0.013458075933158398,0.0,0.008883557587108428,0.004983780182175282,0.004983779433006791,0.004983780182175282,HOLD,LOW,HIGH,Volatile,0.07365265357187542,69.92213657857143,0,0,2,ConfidenceWeight
2020-02-11,0.0016933204625073702,0.012216072981737104,0.015135400928556919,0.0,0.009666816757397943,0.012216072734441127,0.012216072981737104,0.012216072734441127,HOLD,LOW,HIGH,Volatile,0.07191551646221553,68.36570957907365,0,0,2,ConfidenceWeight
2020-02-12,3.6100253956549214e-05,-0.0007812370343002873,0.015206241980195045,0.0,0.007725129898270288,3.6101408544953136e-05,-0.0007812370343002873,3.6101408544953136e-05,HOLD,LOW,HIGH,Volatile,0.07218474780270732,68.3642796125558,0,0,2,ConfidenceWeight
2020-02-13,0.0005219425474080033,0.006357381032197388,0.015375332906842232,0.0,0.00873502493880486,0.006357381092640068,0.006357381032197388,0.006357381092640068,HOLD,LOW,HIGH,Volatile,0.0712740700820589,72.8928527874442,0,0,2,ConfidenceWeight
2020-02-14,0.001926102686414892,0.007006877306563302,0.016236525028944016,0.0,0.009783104216562179,0.007006877394983216,0.007006877306563302,0.007006877394983216,HOLD,LOW,HIGH,Volatile,0.07117073048764869,73.03070940714285,0,0,2,ConfidenceWeight
2020-02-18,0.0005596458896390654,-0.0009198794570945721,0.016597768291831017,0.0,0.008625121488147676,0.0005596465022754418,-0.0009198794570945721,0.0005596465022754418,HOLD,LOW,HIGH,Volatile,0.07163241560345435,75.97213745295758,0,0,2,ConfidenceWeight
2020-02-19,0.0014887941657797728,0.010921565745208726,0.01665450818836689,0.0,0.010233047765820713,0.010921565676829965,0.010921565745208726,0.010921565676829965,HOLD,LOW,HIGH,Volatile,0.07154187887349839,80.50642613203125,0,0,2,ConfidenceWeight
2020-02-20,0.00017089818771194522,0.004286643890757002,0.016740910708904266,0.0,0.00908617846891827,0.0042866440533274545,0.004286643890757002,0.0042866440533274545,HOLD,LOW,HIGH,Volatile,0.072165934720106,79.61999511674107,0,0,2,ConfidenceWeight
2020-02-21,-0.0006804913815903824,-0.009325018824180742,0.016466638073325157,0.0,0.007214046468153157,-0.0006804913242490142,-0.009325018824180742,-0.0006804913242490142,HOLD,LOW,HIGH,Volatile,0.07220673139654743,80.48642403470981,0,0,2,ConfidenceWeight
2020-02-24,0.0016721129667956745,-0.001999558544544376,0.01574539951980114,0.0,0.008504622916716484,0.0016721131679564123,-0.001999558544544376,0.0016721131679564123,HOLD,LOW,HIGH,Volatile,0.07526300384896294,76.43142263962054,0,0,2,ConfidenceWeight
2020-02-25,0.0006241727735355502,-0.0010728443770222837,0.01489377859979868,0.0,0.007761001932780124,0.0006241732920419489,-0.0010728443770222837,0.0006241732920419489,HOLD,LOW,HIGH,Volatile,0.07619252411238117,67.90356445290179,0,0,2,ConfidenceWeight
2020-02-26,0.00320980489205121,0.008929549254550624,0.013997683301568031,0.0,0.009327736602188325,0.008929549232089056,0.008929549254550624,0.008929549232089056,HOLD,LOW,HIGH,Volatile,0.07684842258951669,57.4928501671875,0,0,2,ConfidenceWeight
2020-02-27,0.002647095558879627,-0.007407407155191931,0.012649915181100368,0.0,0.006735342013812965,0.0026470955583659476,-0.007407407155191931,0.0026470955583659476,HOLD,LOW,HIGH,Volatile,0.08405456104276303,57.56213378883928,0,0,2,ConfidenceWeight
2020-02-28,0.001316441421955036,0.0002992728659606958,0.011353936977684498,0.0,0.00635482831301614,0.0013164423035404908,0.0002992728659606958,0.0013164423035404908,HOLD,LOW,HIGH,Volatile,0.0814443117339016,60.365705217410714,0,0,2,ConfidenceWeight
2020-03-02,0.005302181283311721,0.006952248019262872,0.009976266883313656,0.0,0.007867471616862553,0.006952248294098145,0.006952248019262872,0.006952248294098145,HOLD,LOW,HIGH,Volatile,0.08475930377061903,60.63570731495536,0,0,2,ConfidenceWeight
2020-03-03,0.003552690392728393,0.010521626906618764,0.00766716618090868,0.0,0.006379972385311761,0.007667166073751334,0.010521626906618764,0.007667166073751334,HOLD,LOW,HIGH,Volatile,0.07411728684082039,65.3042776969866,0,0,2,ConfidenceWeight
2020-03-04,-0.0008705960970091396,0.006861031832770283,0.0064751384779810905,0.0,0.003691105769532737,0.006475136036048422,0.006861031832770283,0.006475136036048422,HOLD,LOW,HIGH,Volatile,0.06748970339182093,66.40499441964286,0,0,2,ConfidenceWeight
2020-03-05,0.0012996248026469457,-0.0029431534805233494,0.005551723763346672,0.0,0.003040725860720566,0.0012996248031631064,-0.0029431534805233494,0.0012996248031631064,HOLD,LOW,HIGH,Volatile,0.05310662750590125,62.721422467912944,0,0,2,ConfidenceWeight
2020-03-06,0.0008569574990225008,-0.004165242028058401,0.004995450377464294,0.0,0.002459433450660635,0.0008569574565420396,-0.004165242028058401,0.0008569574565420396,HOLD,LOW,HIGH,Volatile,0.05326201340288666,63.63570731272322,0,0,2,ConfidenceWeight
2020-03-09,0.0020979588225461974,0.012779001966104382,0.004568020347505808,0.0,0.0044655982794876295,0.004568020630268037,0.012779001966104382,0.004568020630268037,HOLD,LOW,HIGH,Volatile,0.06207896582303111,66.38642229843751,0,0,2,ConfidenceWeight
2020-03-10,0.0010524778155922472,0.01922780037144005,0.006607323884963989,0.0,0.005773972804862468,0.006607323985698431,0.01922780037144005,0.006607323985698431,HOLD,LOW,HIGH,Volatile,0.06341132087012667,64.50213623515626,0,0,2,ConfidenceWeight
2020-03-11,0.006170654612614012,0.024665977287055392,0.008671384304761887,0.0,0.009360199643666786,0.008671384641812309,0.024665977287055392,0.008671384641812309,HOLD,LOW,HIGH,Volatile,0.06336202962860434,63.294995993805806,0,0,2,ConfidenceWeight
2020-03-12,0.00036999225684254526,0.015912016585122563,0.009791730903089046,0.0,0.0068012524991289385,0.009791730845866351,0.015912016585122563,0.009791730845866351,HOLD,LOW,HIGH,Volatile,0.06825304006147194,67.24999564726564,0,0,2,ConfidenceWeight
2020-03-13,0.001052213331778255,0.029555868731891723,0.01134051289409399,0.0,0.009264746865666841,0.011340512936380184,0.029555868731891723,0.011340512936380184,HOLD,LOW,HIGH,Volatile,0.0666666881537337,69.16213989949777,0,0,2,ConfidenceWeight
2020-03-16,0.004624586505706142,0.032958816391492875,0.015037810429930687,0.0,0.012883653256947384,0.015037810470149772,0.032958816391492875,0.015037810470149772,HOLD,LOW,HIGH,Volatile,0.07844171392196227,71.65142604974889,0,0,2,ConfidenceWeight
2020-03-17,0.0007782583559919874,0.03232630250507555,0.018081290647387505,0.0,0.012899307189708971,0.018081290634984006,0.03232630250507555,0.018081290634984006,HOLD,LOW,HIGH,Volatile,0.07484624254282848,74.41213989949777,0,0,2,ConfidenceWeight
2020-03-18,0.007132726530652764,0.03471574478229439,0.02079136110842228,0.0,0.01697727697621186,0.02079136110981917,0.03471574478229439,0.02079136110981917,HOLD,LOW,HIGH,Volatile,0.07711266067812345,72.2614266576451,0,0,2,ConfidenceWeight
2020-03-19,-0.0023161741759517075,0.037759014379611294,0.023314183577895164,0.0,0.014951627462027712,0.02331418354768902,0.037759014379611294,0.02331418354768902,HOLD,LOW,HIGH,Volatile,0.09086758969579206,73.29999869656808,0,0,2,ConfidenceWeight
2020-03-20,0.002792992600854799,0.017536510997033402,0.026001423597335815,0.0,0.016206330076081174,0.017536510946743813,0.017536510997033402,0.017536510946743813,HOLD,LOW,HIGH,Volatile,0.0908230653071757,71.55071149754465,0,0,2,ConfidenceWeight
2020-03-23,0.00022533220466048253,0.030091872744459364,0.028306642547249794,0.0,0.0176958145835945,0.028306642023333106,0.030091872744459364,0.028306642023333106,HOLD,LOW,HIGH,Volatile,0.0910402693735743,67.30999755837054,0,0,2,ConfidenceWeight
2020-03-24,0.0024519750395303962,0.033734044953324174,0.02888518199324608,0.0,0.019223989115290295,0.02888518182492553,0.033734044953324174,0.02888518182492553,HOLD,LOW,HIGH,Volatile,0.09979121592593099,69.99642290811943,0,0,2,ConfidenceWeight
2020-03-25,0.002327677448415258,0.023715985328309572,0.029997622594237328,0.0,0.018712681424195552,0.023715985215916224,0.023715985328309572,0.023715985215916224,HOLD,LOW,HIGH,Volatile,0.10172717932394715,71.46570914556362,0,0,2,ConfidenceWeight
2020-03-26,0.003349770131987525,0.023215306682355042,0.030581366270780563,0.0,0.019353056394056063,0.023215306596967463,0.023215306682355042,0.023215306596967463,HOLD,LOW,HIGH,Volatile,0.0978307406947598,71.99999782218192,0,0,2,ConfidenceWeight
2020-03-27,0.0008841915803594453,0.02766989772896125,0.031058067455887794,0.0,0.01910908199264665,0.027669897471321325,0.02766989772896125,0.027669897471321325,HOLD,LOW,HIGH,Volatile,0.09787757492397722,67.4035688125558,0,0,2,ConfidenceWeight
2020-03-30,0.0016350969812074924,0.03805420412313393,0.031464770436286926,0.0,0.020677481821844663,0.03146477031809628,0.03805420412313393,0.03146477031809628,HOLD,LOW,HIGH,Volatile,0.09369633697217096,64.9335697716797,0,0,2,ConfidenceWeight
2020-03-31,0.00017242014464361388,0.02649977298863866,0.031340256333351135,0.0,0.01885933932595538,0.026499772820113468,0.02649977298863866,0.026499772820113468,HOLD,LOW,HIGH,Volatile,0.09462006328002658,65.31785583473773,0,0,2,ConfidenceWeight
2020-04-01,0.0021293840510127385,0.028226931455974245,0.030861200764775276,0.0,0.0195443503180189,0.028226931114965163,0.028226931455974245,0.028226931114965163,HOLD,LOW,HIGH,Volatile,0.09559840194188678,62.5264282202009,0,0,2,ConfidenceWeight
2024-01-02,-0.000625079965357675,0.02557865937509781,0.02992796152830124,0.0,0.01773405833684763,0.025578659183441127,0.02557865937509781,0.025578659183441127,HOLD,LOW,HIGH,Volatile,0.17215583328558837,71.92499868964845,0,0,2,ConfidenceWeight
2024-01-03,-0.007708275813428344,0.047140929097273646,0.028533950448036194,0.0,0.016521387606622688,0.028533950421889297,0.047140929097273646,0.028533950421889297,HOLD,LOW,HIGH,Volatile,0.17209071076303903,65.32857077216798,0,0,2,ConfidenceWeight
2024-01-04,-0.0019851397306769867,0.030688154608800616,0.02762657217681408,0.0,0.016559107631879764,0.027626571884166975,0.030688154608800616,0.027626571884166975,HOLD,LOW,HIGH,Volatile,0.17105396603580628,60.26571328053852,0,0,2,ConfidenceWeight
2024-01-05,-0.001868649744277823,0.02913038031770579,0.0275683905929327,0.0,0.016413361861993294,0.027568389987510798,0.02913038031770579,0.027568389987510798,HOLD,LOW,HIGH,Volatile,0.1695861405542964,54.946427481515066,0,0,2,ConfidenceWeight
2024-01-08,0.0009887984866656443,0.02227893634857615,0.02686300314962864,0.0,0.016443516484041326,0.022278936177490063,0.02227893634857615,0.022278936177490063,HOLD,LOW,HIGH,Volatile,0.17001710556305402,48.68999808175223,0,0,2,ConfidenceWeight
2024-01-09,-4.821428309632588e-05,0.029864444307165203,0.025319034233689308,0.0,0.016036309844248624,0.025319034053201715,0.029864444307165203,0.025319034053201715,HOLD,LOW,HIGH,Volatile,0.16916620067700297,45.63285609654018,0,0,2,ConfidenceWeight
2024-01-10,0.0013286941275643927,0.027003316280228243,0.024802103638648987,0.0,0.016005559887992186,0.02480210322736409,0.027003316280228243,0.02480210322736409,HOLD,LOW,HIGH,Volatile,0.16934869901096866,43.683570861816406,0,0,2,ConfidenceWeight
2024-01-11,0.00019810345867026218,0.024458429724368208,0.024494431912899017,0.0,0.015150730868293456,0.024458403451281918,0.024458429724368208,0.024458403451281918,HOLD,LOW,HIGH,Volatile,0.164944037888883,38.62428610665457,0,0,2,ConfidenceWeight
2024-01-12,0.0011410148367560036,0.02643494585529528,0.02455179952085018,0.0,0.015746515425467882,0.024551799033099078,0.02643494585529528,0.024551799033099078,HOLD,LOW,HIGH,Volatile,0.16494615023465797,35.62928662981306,0,0,2,ConfidenceWeight
2024-01-16,-0.00012210280682994424,0.021599796741211427,0.025701157748699188,0.0,0.015351055240535998,0.021599796543541015,0.021599796741211427,0.021599796543541015,HOLD,LOW,HIGH,Volatile,0.16172263559087535,33.026430402483264,0,0,2,ConfidenceWeight
2024-01-17,0.0014646050740449528,0.019080836530075626,0.026547424495220184,0.0,0.016134775265254257,0.019080836452940893,0.019080836530075626,0.019080836452940893,HOLD,LOW,HIGH,Volatile,0.15520550434207583,31.152861458914618,0,0,2,ConfidenceWeight
2024-01-18,8.003009552169627e-05,0.021672438677997678,0.026762627065181732,0.0,0.01598016246778595,0.021672438527926736,0.021672438677997678,0.021672438527926736,HOLD,LOW,HIGH,Volatile,0.15505650791028622,29.959288460867736,0,0,2,ConfidenceWeight
2024-01-19,0.0004881086110168611,0.028011933601867326,0.02668231911957264,0.0,0.01674992407895935,0.026682318406777976,0.028011933601867326,0.026682318406777976,HOLD,LOW,HIGH,Volatile,0.15484374452465618,27.078572954450333,0,0,2,ConfidenceWeight
2024-01-22,0.0011174295282061343,0.014562359135363771,0.02647458016872406,0.0,0.015497821414386987,0.014562359125796882,0.014562359135363771,0.014562359125796882,HOLD,LOW,HIGH,Volatile,0.14862684308540758,24.40928758893694,0,0,2,ConfidenceWeight
2024-01-23,0.0002668604924157482,0.017310312465669584,0.025992833077907562,0.0,0.015207496646407533,0.017310312409188854,0.017310312465669584,0.017310312409188854,HOLD,LOW,HIGH,Volatile,0.1468168932316501,8.03428758893694,0,0,2,ConfidenceWeight
2024-01-24,0.0011213754408720157,0.023781326445282875,0.024709144607186317,0.0,0.015545819995704705,0.02378132541393055,0.023781326445282875,0.02378132541393055,HOLD,LOW,HIGH,Volatile,0.146990699811508,7.595716203962051,0,0,2,ConfidenceWeight
2024-01-25,0.0006198473974116328,0.02996504913148075,0.02276935800909996,0.0,0.014997022045205028,0.02276935791531017,0.02996504913148075,0.02276935791531017,HOLD,LOW,HIGH,Volatile,0.14804182467165236,9.224287850516179,0,0,2,ConfidenceWeight
2024-01-26,-0.0037379603914115154,0.03750200497280439,0.021449241787195206,0.0,0.01342293205756383,0.021449241764607944,0.03750200497280439,0.021449241764607944,HOLD,LOW,HIGH,Volatile,0.1484390104089425,9.185715811593193,0,0,2,ConfidenceWeight
2024-01-29,0.002496917181532437,0.025044797778197025,0.019313065335154533,0.0,0.013439943794743586,0.019313065220207648,0.025044797778197025,0.019313065220207648,HOLD,LOW,HIGH,Volatile,0.14838739629824035,9.348572867257252,0,0,2,ConfidenceWeight
2024-01-30,0.0022699669573301327,0.01918683222010525,0.017016606405377388,0.0,0.011571607906091089,0.017016606012822944,0.01918683222010525,0.017016606012822944,HOLD,LOW,HIGH,Volatile,0.1486296788058551,9.158572605678012,0,0,2,ConfidenceWeight
2024-01-31,0.0005314484276444146,0.020084329642316403,0.014476217329502106,0.0,0.009694156717150959,0.014476217222953747,0.020084329642316403,0.014476217222953747,HOLD,LOW,HIGH,Volatile,0.032927442627202826,9.437857491629464,0,0,2,ConfidenceWeight
2024-02-01,2.630274264428696e-05,0.02842095223260217,0.012778075411915779,0.0,0.009489901940389409,0.012778075426405263,0.02842095223260217,0.012778075426405263,HOLD,LOW,HIGH,Volatile,0.03265707368462988,9.225714547293526,0,0,2,ConfidenceWeight
2024-02-02,0.0014385456100573448,0.02570055887466283,0.010946692898869514,0.0,0.008813714551111447,0.0109466929362507,0.02570055887466283,0.0109466929362507,HOLD,LOW,HIGH,Volatile,0.032619646168239314,8.996428353445875,0,0,2,ConfidenceWeight
2024-02-05,0.000584004245156038,0.02294474668489984,0.008867721073329449,0.0,0.007135608991816826,0.008867721122991425,0.02294474668489984,0.008867721122991425,HOLD,LOW,HIGH,Volatile,0.03300506623068582,9.109999520438055,0,0,2,ConfidenceWeight
2024-02-06,-0.0004093060012437023,0.035602232038600364,0.007955094799399376,0.0,0.007591980104226184,0.007955094882757594,0.035602232038600364,0.007955094882757594,HOLD,LOW,HIGH,Volatile,0.033473378619286745,9.215713500976571,0,0,2,ConfidenceWeight
2024-02-07,0.0021025674824419246,0.03002894019783991,0.007491241209208965,0.0,0.007744919278852152,0.00749124135034837,0.03002894019783991,0.00749124135034837,HOLD,LOW,HIGH,Volatile,0.03388736303141724,9.10142844063896,0,0,2,ConfidenceWeight
2024-02-08,0.0010843671565188037,0.026466088734620547,0.007173648104071617,0.0,0.006823189140666862,0.007173648216412299,0.026466088734620547,0.007173648216412299,HOLD,LOW,HIGH,Volatile,0.034207929519471506,9.130713326590408,0,0,2,ConfidenceWeight
2024-02-09,0.0011108252359290556,0.02560688594982341,0.006934184581041336,0.0,0.006622013277811709,0.006934184699156187,0.02560688594982341,0.006934184699156187,HOLD,LOW,HIGH,Volatile,0.03460321638587427,8.63857051304409,0,0,2,ConfidenceWeight
2024-02-12,0.0015138565994275298,0.022165624333537602,0.006626901216804981,0.0,0.0062644596897297004,0.006626901347959627,0.022165624333537602,0.006626901347959627,HOLD,LOW,HIGH,Volatile,0.034263464438653864,8.60642787388393,0,0,2,ConfidenceWeight
2024-02-13,-0.00040021050110298855,0.02330048911927828,0.00707204919308424,0.0,0.005873836313192447,0.0070720492652641305,0.02330048911927828,0.0070720492652641305,HOLD,LOW,HIGH,Volatile,0.034283156672203385,8.610714503696986,0,0,2,ConfidenceWeight
2024-02-14,0.0003876323324944006,0.026649284540899508,0.0074625881388783455,0.0,0.006722306845704232,0.007462588228068026,0.026649284540899508,0.007462588228068026,HOLD,LOW,HIGH,Volatile,0.034993845156339416,7.022856576102122,0,0,2,ConfidenceWeight
2024-02-15,0.0019948544629545526,0.017351811307085924,0.0059197451919317245,0.0,0.005590373991262486,0.0059197453591281765,0.017351811307085924,0.0059197453591281765,HOLD,LOW,HIGH,Volatile,0.037936840813090206,7.557856968470982,0,0,2,ConfidenceWeight
2024-02-16,0.002645120250900088,0.015163412264587277,0.004109576810151339,0.0,0.004687023265898958,0.004109577401617274,0.015163412264587277,0.004109577401617274,HOLD,LOW,HIGH,Volatile,0.037923907530221415,7.382143293108259,0,0,2,ConfidenceWeight
2024-02-20,-9.282779542372924e-05,0.025020286595471678,0.0025235721841454506,0.0,0.003838738497344243,0.0025235725216110937,0.025020286595471678,0.0025235725216110937,HOLD,LOW,HIGH,Volatile,0.03835625942006805,7.744285583496094,0,0,2,ConfidenceWeight
2024-02-21,-0.0002859547234727337,0.030351846267737424,0.0017240603920072317,0.0,0.0039048690599120216,0.0017240608540927405,0.030351846267737424,0.0017240608540927405,HOLD,LOW,HIGH,Volatile,0.03839085699595866,7.699286324637275,0,0,2,ConfidenceWeight
2024-02-22,0.0014036801371988738,0.023779754428948145,0.0011529311304911971,0.0,0.003583709125620406,0.0014036840490072504,0.023779754428948145,0.0014036840490072504,HOLD,LOW,HIGH,Volatile,0.038570613190955214,7.79642922537667,0,0,2,ConfidenceWeight
2024-02-23,0.00120253292671189,0.017065229285302217,0.00040575856110081077,0.0,0.002430794069924552,0.0012025341155969386,0.017065229285302217,0.0012025341155969386,HOLD,LOW,HIGH,Volatile,0.025492241445184933,7.740001133510039,0,0,2,ConfidenceWeight
2024-02-26,-0.0003945815274499424,0.027011713087638136,0.00022656586952507496,0.0,0.0027511795590218096,0.00022656743695059618,0.027011713087638136,0.00022656743695059618,HOLD,LOW,HIGH,Volatile,0.02670053013147165,7.519286019461494,0,0,2,ConfidenceWeight
2024-02-27,0.0025607542946213158,0.011587927012357913,-2.8592068701982498e-05,0.0,0.0021652674648148804,0.002560754569768993,0.011587927012357913,0.002560754569768993,HOLD,LOW,HIGH,Volatile,0.02525428343682786,7.373572213309141,0,0,2,ConfidenceWeight
2024-02-28,0.00033127107842618786,0.01613402142326542,-1.5812693163752556e-06,0.0,0.0017910665830886234,0.0003312740015455117,0.01613402142326542,0.0003312740015455117,HOLD,LOW,HIGH,Volatile,0.02533836003478608,7.355715070451999,0,0,2,ConfidenceWeight
2024-02-29,0.0012142012431522599,0.014515619139415277,6.225320976227522e-05,0.0,0.001996222994710514,0.001214202034573809,0.014515619139415277,0.001214202034573809,HOLD,LOW,MEDIUM,Volatile,0.024648729131742885,7.412144252232133,0,0,1,ConfidenceWeight
2024-03-01,0.0006107800646325114,0.0055405002431378105,0.0005856365896761417,0.0,0.001106490216297939,0.0006108167034039052,0.0055405002431378105,0.0006108167034039052,HOLD,LOW,MEDIUM,Volatile,0.02462503078881016,7.510716029575879,0,0,1,ConfidenceWeight
2024-03-04,0.000950378853865164,0.005312998458988936,0.0008241835748776793,0.0,0.0013358017506310584,0.0009503864253629275,0.005312998458988936,0.0009503864253629275,HOLD,LOW,HIGH,Volatile,0.030136702534344636,8.115716116768962,0,0,2,ConfidenceWeight
2024-03-05,-0.0019542235838405503,0.011129099163919303,0.002195504028350115,0.0,0.001521936528719606,0.0021955041573017402,0.011129099163919303,0.0021955041573017402,HOLD,LOW,HIGH,Volatile,0.030337825173895404,8.44071524483816,0,0,2,ConfidenceWeight
2024-03-06,0.0003411562198321433,0.012118778572694562,0.002856096252799034,0.0,0.0028449248389792532,0.0028560965421701007,0.012118778572694562,0.0028560965421701007,HOLD,LOW,HIGH,Volatile,0.030297804572999187,8.607858930315277,0,0,2,ConfidenceWeight
2024-03-07,0.00044773068832553467,0.018467981254513443,0.0031748744659125805,0.0,0.0037042801953926876,0.003174874766947488,0.018467981254513443,0.003174874766947488,HOLD,LOW,HIGH,Volatile,0.030260574564535948,8.191430228097087,0,0,2,ConfidenceWeight
2024-03-08,0.00153443200073695,0.007665738994919881,0.0028593437746167183,0.0,0.0028458922691625673,0.002859344320276818,0.007665738994919881,0.002859344320276818,HOLD,LOW,HIGH,Volatile,0.030307866171526414,8.352858407156797,0,0,2,ConfidenceWeight
2024-03-11,-5.036467039654189e-05,0.011848820005889554,0.0028221106622368097,0.0,0.002649150564588214,0.002822110899368592,0.011848820005889554,0.002822110899368592,HOLD,LOW,HIGH,Volatile,0.0300398929001061,8.156429835728224,0,0,2,ConfidenceWeight
2024-03-12,0.0015578521722582111,0.0065395948175954975,0.0024294559843838215,0.0,0.002518432952905666,0.0024294568858852714,0.0065395948175954975,0.0024294568858852714,HOLD,LOW,HIGH,Volatile,0.029495111069151137,8.122857230050212,0,0,2,ConfidenceWeight
2024-03-13,0.0005548175070480084,0.01046692746509001,0.001649998826906085,0.0,0.002138622668770981,0.0016499996249400902,0.01046692746509001,0.0016499996249400902,HOLD,LOW,HIGH,Volatile,0.03080419831451512,8.224999564034588,0,0,2,ConfidenceWeight
2024-03-14,-0.0017130352482419035,0.018733340549382593,0.0013766895281150937,0.0,0.0019796056370920325,0.0013766897939509908,0.018733340549382593,0.0013766897939509908,HOLD,LOW,HIGH,Volatile,0.031106953510112407,8.55285644531249,0,0,2,ConfidenceWeight
2024-03-15,-0.0014879325707512102,0.005851246715289988,0.0017440487863495946,0.0,0.000925346771421236,0.001744048852209483,0.005851246715289988,0.001744048852209483,HOLD,LOW,HIGH,Volatile,0.026986100032222623,8.16785648890903,0,0,2,ConfidenceWeight
2024-03-18,-0.00010156070845961909,0.0013663368158360748,0.001379077904857695,0.0,0.0008085768028127123,0.0013662696554629006,0.0013663368158360748,0.0013662696554629006,HOLD,LOW,HIGH,Volatile,0.03128426615653646,8.439998081752227,0,0,2,ConfidenceWeight
2024-03-19,0.0013876677585009248,0.01278058470980347,0.0006874884711578488,0.0,0.002204282962757229,0.0013876690948803705,0.01278058470980347,0.0013876690948803705,HOLD,LOW,HIGH,Volatile,0.030811641286369876,8.405712672642295,0,0,2,ConfidenceWeight
2024-03-20,-0.0015059400122097591,0.01047872095815269,-8.975458331406116e-05,0.0,0.00045617418201838057,-8.975397279073378e-05,0.01047872095815269,-8.975397279073378e-05,HOLD,LOW,HIGH,Volatile,0.031506815932762874,8.305712018694193,0,0,2,ConfidenceWeight
2024-03-21,0.001455074125192398,0.006511168748132521,-0.0008967171888798475,0.0,0.0007716213322180301,0.0014550743523360115,0.006511168748132521,0.0014550743523360115,HOLD,LOW,HIGH,Volatile,0.03128281306783705,8.331425258091516,0,0,2,ConfidenceWeight
2024-03-22,-0.0013603576042310545,0.010390088864508117,-0.0012395407538861036,0.0,-8.616868755641758e-05,-0.0012395326976477202,0.010390088864508117,-0.0012395326976477202,HOLD,LOW,HIGH,Volatile,0.030908388483720805,7.659997122628346,0,0,2,ConfidenceWeight
2024-03-25,0.00021586732625636644,0.00429683567074734,-0.0017304650973528624,0.0,-0.00036042644625668423,0.00021586759459598439,0.00429683567074734,0.00021586759459598439,HOLD,LOW,HIGH,Volatile,0.029433746722656418,7.369998386928011,0,0,2,ConfidenceWeight
2024-03-26,0.00014581500564880324,0.0014481802824535758,-0.002138975076377392,0.0,-0.0008905738318115936,0.0001458146762864659,0.0014481802824535758,0.0001458146762864659,HOLD,LOW,HIGH,Volatile,0.030470172918819635,7.637140546526226,0,0,2,ConfidenceWeight
2024-03-27,0.0010469037330276482,0.00424586242426835,-0.0023582952562719584,0.0,-0.00036792588090035295,0.0010469037141174536,0.00424586242426835,0.0010469037141174536,HOLD,LOW,HIGH,Volatile,0.030487976920329028,7.606426783970418,0,0,2,ConfidenceWeight
2024-03-28,0.00028489460754711423,0.0015582568616556685,-0.002639194717630744,0.0,-0.0010820706566038066,0.0002848941652091134,0.0015582568616556685,0.0002848941652091134,HOLD,LOW,HIGH,Volatile,0.03069120403329666,7.35642678397042,0,0,2,ConfidenceWeight
2024-04-01,-0.00046045560581946504,-0.0033936133297584607,-0.0026656119152903557,0.0,-0.0018930135657814124,-0.0026656109985011,-0.0033936133297584607,-0.0026656109985011,HOLD,LOW,HIGH,Volatile,0.030602789899883028,7.247141156877786,0,0,2,ConfidenceWeight
2024-04-02,0.00046635177110839886,0.0067065294690390135,-0.002561710076406598,0.0,-0.0004414691645522867,0.0004663519409341728,0.0067065294690390135,0.0004663519409341728,HOLD,LOW,HIGH,Volatile,0.02821758309299167,7.5878568376813575,0,0,2,ConfidenceWeight
2024-04-03,-0.0018006473824441404,0.0031487036580967963,-0.0022931748535484076,0.0,-0.0015424048203964871,-0.0018006455622761196,0.0031487036580967963,-0.0018006455622761196,HOLD,LOW,HIGH,Volatile,0.027254682650127923,7.384286063058032,0,0,2,ConfidenceWeight
2024-04-04,0.0012270829095675662,-0.001734137859001584,-0.0021056849509477615,0.0,-0.0007861712905769119,-0.0017341355194314646,-0.001734137859001584,-0.0017341355194314646,HOLD,LOW,HIGH,Volatile,0.027165649157916208,7.278572082519527,0,0,2,ConfidenceWeight
2024-04-05,-1.168588797447335e-05,0.0150705213296866,-0.001650027697905898,0.0,0.0007048242792517121,-1.1685344639914767e-05,0.0150705213296866,-1.1685344639914767e-05,HOLD,LOW,HIGH,Volatile,0.028074142529035177,7.720001220703121,0,0,2,ConfidenceWeight
2024-04-08,-0.0011283424567642966,0.010297162467597236,-0.0007190564647316933,0.0,0.00026013746334977773,-0.0007190541240917972,0.010297162467597236,-0.0007190541240917972,HOLD,LOW,HIGH,Volatile,0.030109564046826732,7.609287806919639,0,0,2,ConfidenceWeight
2024-04-09,0.0023330965884903127,-0.0002592638153892493,-0.00044641271233558655,0.0,0.0006413933067835429,-0.0002592589139904776,-0.0002592638153892493,-0.0002592589139904776,HOLD,LOW,HIGH,Volatile,0.03038412698368463,7.675001961844304,0,0,2,ConfidenceWeight
2024-04-10,6.651754628447207e-05,0.0024356566862942593,-0.0005803251406177878,0.0,-2.0510466654580407e-05,6.651866575260668e-05,0.0024356566862942593,6.651866575260668e-05,HOLD,LOW,HIGH,Volatile,0.03107572884460913,7.777860369001112,0,0,2,ConfidenceWeight
2024-04-11,-0.0004080324404942972,-0.003118343433370583,-0.0005234517157077789,0.0,-0.0007467944764912144,-0.0005234598471479977,-0.003118343433370583,-0.0005234598471479977,HOLD,LOW,HIGH,Volatile,0.02944139649886771,7.848576136997764,0,0,2,ConfidenceWeight
2024-04-12,0.0018142408031991413,-0.006613866683984644,-0.0005793484160676599,0.0,-0.0002817804126129847,-0.0005793486678431075,-0.006613866683984644,-0.0005793486678431075,HOLD,LOW,HIGH,Volatile,0.028130449230302744,7.685719081333701,0,0,2,ConfidenceWeight
2024-04-15,-0.00024687454798579813,-0.0019849312847536587,-0.0006914264522492886,0.0,-0.0006539814619637354,-0.0006914279197333004,-0.0019849312847536587,-0.0006914279197333004,HOLD,LOW,HIGH,Volatile,0.03114490017937344,7.911432538713724,0,0,2,ConfidenceWeight
2024-04-16,-0.0009989570096757636,0.00013229138154507652,0.0002906706649810076,0.0,-0.0002214274103611724,0.00013228602871542355,0.00013229138154507652,0.00013228602871542355,HOLD,LOW,HIGH,Volatile,0.028098761353153714,7.633575439453121,0,0,2,ConfidenceWeight
2024-04-17,0.0006325319082257912,-0.0036658123541603114,0.0005280009936541319,0.0,0.00013551349947999597,0.0005279918450199374,-0.0036658123541603114,0.0005279918450199374,HOLD,LOW,HIGH,Volatile,0.028045730247317203,7.536432538713727,0,0,2,ConfidenceWeight
2024-04-18,0.0007694677873490356,0.006185775283109453,0.0005549922352656722,0.0,0.0012183627183317753,0.0007694722222526285,0.006185775283109453,0.0007694722222526285,HOLD,LOW,HIGH,Volatile,0.027951377079149794,7.695004054478237,0,0,2,ConfidenceWeight
2024-04-19,-0.0003926593080413721,0.0019755940037541973,0.0003756120568141341,0.0,0.00024534185192397434,0.0003756127308316897,0.0019755940037541973,0.0003756127308316897,HOLD,LOW,HIGH,Volatile,0.028008749349539654,7.565004621233259,0,0,2,ConfidenceWeight
2024-04-22,0.0006091943314003237,0.003257617656443713,0.00032817921601235867,0.0,0.0007384339845273463,0.0006091974874864945,0.003257617656443713,0.0006091974874864945,HOLD,LOW,HIGH,Volatile,0.028626286266906213,7.312146868024554,0,0,2,ConfidenceWeight
2024-04-23,-0.00021286849595667878,0.002778301603501518,0.00018916756380349398,0.0,0.0003017351793672435,0.00018916965290069636,0.002778301603501518,0.00018916965290069636,HOLD,LOW,HIGH,Volatile,0.02896321194443375,7.355717250279018,0,0,2,ConfidenceWeight
2024-04-24,0.0019521103186712655,0.004529798938970656,-8.96095298230648e-06,0.0,0.0012131724322631782,0.001952110440433461,0.004529798938970656,0.001952110440433461,HOLD,LOW,HIGH,Volatile,0.03921508637444563,8.363574436732701,0,0,2,ConfidenceWeight
2024-04-25,0.0046046923342664,0.016120441916149742,-5.764595698565245e-05,0.0,0.0034037246341288145,0.004604692461836569,0.016120441916149742,0.004604692461836569,HOLD,LOW,HIGH,Volatile,0.04083830734381366,8.500717163085938,0,0,2,ConfidenceWeight
2024-04-26,0.0008080185610682571,-0.012891048191985555,-0.00048610661178827286,0.0,-0.0012684239770317813,-0.0004861073027186956,-0.012891048191985555,-0.0004861073027186956,HOLD,LOW,HIGH,Volatile,0.040622181068338016,8.225716727120536,0,0,2,ConfidenceWeight
2024-04-29,-0.00031698211453267853,0.0020044491378634084,-0.000769277336075902,0.0,-0.00030924376140092355,-0.0003169803437171354,0.0020044491378634084,-0.0003169803437171354,HOLD,LOW,HIGH,Volatile,0.051911940983291036,9.888573782784599,0,0,2,ConfidenceWeight
2024-04-30,0.006118936144065408,0.011044242361120228,-0.0007534470641985536,0.0,0.003105587260466992,0.0061189360865823526,0.011044242361120228,0.0061189360865823526,HOLD,LOW,HIGH,Volatile,0.052316521927248234,10.198573521205356,0,0,2,ConfidenceWeight
2024-05-01,-0.0034831574687552457,-0.01419160511270792,-0.00044505030382424593,0.0,-0.0030311758260903304,-0.0034831577043242467,-0.01419160511270792,-0.0034831577043242467,HOLD,LOW,HIGH,Volatile,0.052542481029144,10.161430358886719,0,0,2,ConfidenceWeight
2024-05-02,0.0010550964741722724,0.014998438538103311,7.494678720831871e-05,0.0,0.0019913762851267764,0.0010550974206385477,0.014998438538103311,0.0010550974206385477,HOLD,LOW,HIGH,Volatile,0.05245981852978304,10.471430097307476,0,0,2,ConfidenceWeight
2024-05-03,0.0009977784710873624,-0.010314017459199814,0.0005096790264360607,0.0,-0.0004193551248693826,0.0005096770784062726,-0.010314017459199814,0.0005096770784062726,HOLD,LOW,HIGH,Volatile,0.051631041212345394,10.235001700265064,0,0,2,ConfidenceWeight
2024-05-06,0.0009998215100525888,0.008203823549964991,0.0005452361074276268,0.0,0.0015101159507982821,0.0009998235614507708,0.008203823549964991,0.0009998235614507708,HOLD,LOW,HIGH,Volatile,0.050767059583171584,10.137858799525663,0,0,2,ConfidenceWeight
2024-05-07,0.0013770201179095082,0.004471687519147206,0.0002481810515746474,0.0,0.0011178636428510749,0.0013770206792809933,0.004471687519147206,0.0013770206792809933,HOLD,LOW,HIGH,Volatile,0.05137952708773015,10.338572910853793,0,0,2,ConfidenceWeight
2024-05-08,-0.0009187472988335129,-0.0015786102094184635,0.00023331050761044025,0.0,-0.00039649710339721353,-0.0009187466544534923,-0.0015786102094184635,-0.0009187466544534923,HOLD,LOW,HIGH,Volatile,0.05108742213073676,10.403573172433033,0,0,2,ConfidenceWeight
2024-05-09,0.0007226063434372623,0.011406609154720365,1.5895231626927853e-05,0.0,0.0014627366533196363,0.00072260766086924,0.011406609154720365,0.00072260766086924,HOLD,LOW,HIGH,Volatile,0.05108011791417281,10.370001656668524,0,0,2,ConfidenceWeight
2024-05-10,0.00041202085280715576,-0.005011049873527827,-0.00016355805564671755,0.0,-0.0004424047402940164,-0.00016355958080524997,-0.005011049873527827,-0.00016355958080524997,HOLD,LOW,HIGH,Volatile,0.051080538052672105,10.160001482282365,0,0,2,ConfidenceWeight
2024-05-13,0.0002347053950737635,-0.001710110624726207,-0.0001758240396156907,0.0,-0.00017629915181106105,-0.00017582581276772013,-0.001710110624726207,-0.00017582581276772013,HOLD,LOW,HIGH,Volatile,0.04946059460080764,10.21571568080357,0,0,2,ConfidenceWeight
2024-05-14,0.0017764623380147181,0.0036975604193623017,-0.0003568726824596524,0.0,0.0008815148008924491,0.0017764622863310152,0.0036975604193623017,0.0017764622863310152,HOLD,LOW,HIGH,Volatile,0.049324267333068654,9.095001220703123,0,0,2,ConfidenceWeight
2024-05-15,0.0016260336103286225,-0.0008286653319600009,-0.0008350210264325142,0.0,0.00011171251237650681,-0.0008285460543383181,-0.0008286653319600009,-0.0008285460543383181,HOLD,LOW,HIGH,Volatile,0.049542839852701595,8.692858014787944,0,0,2,ConfidenceWeight
2024-05-16,-0.00044199618728926813,-0.0009106025063172783,-0.000849805073812604,0.0,-0.0006993077194080654,-0.0008497915892325289,-0.0009106025063172783,-0.0008497915892325289,HOLD,LOW,HIGH,Volatile,0.04856109940037309,8.59357234409877,0,0,2,ConfidenceWeight
2024-05-17,0.0012407332666363722,0.002923620509446618,-0.001214183634147048,0.0,0.0001564275529218923,0.001240733080138973,0.002923620509446618,0.001240733080138973,HOLD,LOW,HIGH,Volatile,0.048158187684713555,6.900715419224328,0,0,2,ConfidenceWeight
2024-05-20,0.0012077349633477482,-0.00039358138801482106,-0.001330869970843196,0.0,-0.0002582812219980048,-0.00039358094708622616,-0.00039358138801482106,-0.00039358094708622616,HOLD,LOW,HIGH,Volatile,0.0473886610845111,6.402143205915179,0,0,2,ConfidenceWeight
2024-05-21,2.4354582608576377e-05,-0.0017151534429226893,-0.001377950655296445,0.0,-0.0008736657793483029,-0.0013779484192986697,-0.0017151534429226893,-0.0013779484192986697,HOLD,LOW,HIGH,Volatile,0.04889317211272752,6.7821426391601545,0,0,2,ConfidenceWeight
2024-05-22,0.0033072558177042097,0.002831597458081302,-0.0015607685782015324,0.0,0.000763751490796273,0.0028315955920979966,0.002831597458081302,0.0028315955920979966,HOLD,LOW,HIGH,Volatile,0.04376380374079133,6.7750004359654,0,0,2,ConfidenceWeight
2024-05-23,-0.001481799945499566,-0.005304507020578049,-0.0014847118873149157,0.0,-0.0018776766552801346,-0.001484915221962768,-0.005304507020578049,-0.001484915221962768,HOLD,LOW,HIGH,Volatile,0.04344997632932791,6.937857491629464,0,0,2,ConfidenceWeight
2024-05-24,-1.612770765099976e-07,-0.00901194710491291,-0.0005301616620272398,0.0,-0.0012014758115855807,-0.0005301634238536075,-0.00901194710491291,-0.0005301634238536075,HOLD,LOW,HIGH,Volatile,0.04385348580197809,6.93642970493862,0,0,2,ConfidenceWeight
2024-05-28,0.002384399026998044,0.008393638692195863,-0.0002944252919405699,0.0,0.001631705750254858,0.0023843992336626137,0.008393638692195863,0.0023843992336626137,HOLD,LOW,HIGH,Volatile,0.029210956862388032,6.845001220703125,0,0,2,ConfidenceWeight
2024-05-29,-0.00022381075060436345,0.006649096425852538,-0.00041360314935445786,0.0,0.00038800793947403383,-0.00022380568208605543,0.006649096425852538,-0.00022380568208605543,HOLD,LOW,HIGH,Volatile,0.02647744604868174,6.599286760602679,0,0,2,ConfidenceWeight
2024-05-30,0.0008628226862112799,0.0016032783900607867,-0.0005224855849519372,0.0,0.00022936696739983705,0.0008628220601492986,0.0016032783900607867,0.0008628220601492986,HOLD,LOW,HIGH,Volatile,0.026439721139207513,6.816429138183594,0,0,2,ConfidenceWeight
2024-05-31,0.0013202577807013619,0.0032358084777109443,-0.0004988695727661252,0.0,0.0005857415142914761,0.0013202578083131885,0.0032358084777109443,0.0013202578083131885,HOLD,LOW,HIGH,Volatile,0.02645190857703826,6.901429312569754,0,0,2,ConfidenceWeight
2024-06-03,0.0003951934378582091,0.0016272509125080583,-0.0005255630239844322,0.0,5.0497387440620535e-05,0.0003951937112329806,0.0016272509125080583,0.0003951937112329806,HOLD,LOW,HIGH,Volatile,0.026479351425536497,6.988572256905692,0,0,2,ConfidenceWeight
2024-06-04,0.00045301610266852265,0.002662081136394,-9.102281183004379e-05,0.0,0.00040215123975377446,0.0004530174817702396,0.002662081136394,0.0004530174817702396,HOLD,LOW,HIGH,Volatile,0.026055954226351038,6.714285714285714,0,0,2,ConfidenceWeight
2024-06-05,0.000583242876665893,0.0005622978497240037,4.684086889028549e-05,0.0,0.0003062235005126137,0.000562256196314906,0.0005622978497240037,0.000562256196314906,HOLD,LOW,MEDIUM,Volatile,0.024679804105449073,6.509284973144531,0,0,1,ConfidenceWeight
2024-06-06,0.0009229922460425422,0.004900504678539924,-0.00017291877884417772,0.0,0.0007717906515741815,0.0009229929055762478,0.004900504678539924,0.0009229929055762478,HOLD,LOW,MEDIUM,Volatile,0.02464379383910038,6.697856358119419,0,0,1,ConfidenceWeight
2024-06-07,0.0013352084928481857,0.0006307039703377782,-0.0005606827326118946,0.0,0.00029104925100138833,0.0006307033928693377,0.0006307039703377782,0.0006307033928693377,HOLD,LOW,MEDIUM,Volatile,0.024345075171381642,6.475713457380023,0,0,1,ConfidenceWeight
2024-06-10,0.0004138316621604906,-0.0009334154256651731,-0.0009753941558301449,0.0,-0.00043701751489622114,-0.0009333934281840252,-0.0009334154256651731,-0.0009333934281840252,HOLD,LOW,MEDIUM,Volatile,0.024366710136487404,6.559285845075335,0,0,1,ConfidenceWeight
2024-06-11,7.388473336457206e-05,-0.002249030193394357,-0.000929276691749692,0.0,-0.0006797992569758962,-0.0009292769300442285,-0.002249030193394357,-0.0009292769300442285,HOLD,LOW,MEDIUM,Volatile,0.024336631604961616,6.214285714285714,0,0,1,ConfidenceWeight
2024-06-12,0.00044722817662451545,-0.0015104784177322056,-0.0006312731420621276,0.0,-0.0003073826807644039,-0.0006312729327488674,-0.0015104784177322056,-0.0006312729327488674,HOLD,LOW,MEDIUM,Volatile,0.024771236263455895,6.37642778669085,0,0,1,ConfidenceWeight
2024-06-13,0.002369508572539023,0.0033502955521236503,-0.0006695883348584175,0.0,0.0009134274350110045,0.0023695078838530136,0.0033502955521236503,0.0023695078838530136,HOLD,LOW,HIGH,Volatile,0.025094229955999723,6.744285583496094,0,0,2,ConfidenceWeight
2024-06-14,0.0011722925497357278,0.0029702970736266566,-0.0006856423569843173,0.0,0.0004057637380206643,0.0011722925318347877,0.0029702970736266566,0.0011722925318347877,HOLD,LOW,HIGH,Volatile,0.025803297645432006,6.9392852783203125,0,0,2,ConfidenceWeight
2024-06-17,-0.0005307264862592665,-0.0033401738329291884,-0.0003830990754067898,0.0,-0.0007449281948807458,-0.000530732813853046,-0.0033401738329291884,-0.000530732813853046,HOLD,LOW,HIGH,Volatile,0.028060230250131064,7.348570687430241,0,0,2,ConfidenceWeight
2024-06-18,0.0029665579909138734,-0.002858157087993923,-0.0007569295121356845,0.0,0.00045767095107894897,-0.000756929305097182,-0.002858157087993923,-0.000756929305097182,HOLD,LOW,HIGH,Volatile,0.028048095939685633,7.409285409109929,0,0,2,ConfidenceWeight
2024-06-20,-0.0005429104356480765,0.002895263593433895,-0.0013298552948981524,0.0,-0.0005914372125630507,-0.0005429094588149797,0.002895263593433895,-0.0005429094588149797,HOLD,LOW,MEDIUM,Volatile,0.024309557442524495,7.2850003923688575,0,0,1,ConfidenceWeight
2024-06-21,0.00037832967660164456,0.01022381259172466,-0.0015463598538190126,0.0,0.00040784476782243837,0.0003783300940778566,0.01022381259172466,0.0003783300940778566,HOLD,LOW,MEDIUM,Volatile,0.023012570817675743,7.053571428571424,0,0,1,ConfidenceWeight
2024-06-24,0.0013033423751780183,0.007051563117353808,-0.0019446494989097118,0.0,0.0002320721155862804,0.0013033425089647352,0.007051563117353808,0.0013033425089647352,HOLD,LOW,MEDIUM,Volatile,0.02134992646861052,6.917857578822541,0,0,1,ConfidenceWeight
2024-06-25,0.0005489136413512651,0.005943914845732232,-0.0019295199308544397,0.0,-0.00016446745826953176,0.0005489138592185236,0.005943914845732232,0.0005489138592185236,HOLD,LOW,MEDIUM,Volatile,0.02100078556029521,7.075001307896197,0,0,1,ConfidenceWeight
2024-06-26,0.0017088888841835142,0.0036299594531621687,-0.002194476779550314,0.0,-9.304535934859313e-05,0.00170888862023973,0.0036299594531621687,0.00170888862023973,HOLD,LOW,MEDIUM,Volatile,0.022871360510108664,7.6021445138113775,0,0,1,ConfidenceWeight
2024-06-27,0.002007457238075787,-0.002428551585856086,-0.00238635647110641,0.0,-0.0007016412489289888,-0.0023863340715450237,-0.002428551585856086,-0.0023863340715450237,HOLD,LOW,MEDIUM,Volatile,0.0227851466756908,7.435715811593186,0,0,1,ConfidenceWeight
2024-06-28,0.00023245177401406156,0.000283791633355494,-0.0025410351809114218,0.0,-0.0011834178623484188,0.0002324333864810132,0.000283791633355494,0.0002324333864810132,HOLD,LOW,MEDIUM,Volatile,0.022696525066242697,7.733572823660704,0,0,1,ConfidenceWeight
2024-07-01,0.0007823850603838999,0.000615030707384624,-0.0022248250897973776,0.0,-0.0007758094519178106,0.0006150251544769849,0.000615030707384624,0.0006150251544769849,HOLD,LOW,HIGH,Volatile,0.025539581344498317,8.444285801478783,0,0,2,ConfidenceWeight
2024-07-02,0.002783596666452357,0.005391473807274052,-0.0019745766185224056,0.0,0.0006145063577194403,0.00278359649336893,0.005391473807274052,0.00278359649336893,HOLD,LOW,HIGH,Volatile,0.03194142600588052,9.45142909458704,0,0,2,ConfidenceWeight
2024-07-03,0.0032542394861894575,-0.023548013362836396,-0.0020453420002013445,0.0,-0.0022264861876977867,-0.002045342142322783,-0.023548013362836396,-0.002045342142322783,HOLD,LOW,HIGH,Volatile,0.03333364863662571,9.904287065778439,0,0,2,ConfidenceWeight
2024-07-05,0.001506742441150797,-0.023776250795896313,-0.0018905261531472206,0.0,-0.0028424760451686523,-0.0018905264016404457,-0.023776250795896313,-0.0018905264016404457,HOLD,LOW,HIGH,Volatile,0.03312913378813508,9.627142769949756,0,0,2,ConfidenceWeight
2024-07-08,0.0005445364801587345,-0.007541671426306716,-0.0016467003151774406,0.0,-0.0014125236343630132,-0.0016467006015460006,-0.007541671426306716,-0.0016467006015460006,HOLD,LOW,HIGH,Volatile,0.033246616878160044,10.040713718959243,0,0,2,ConfidenceWeight
2024-07-09,0.0006610067396673317,-0.007203872310637306,-0.0010162810795009136,0.0,-0.0010098658027133836,-0.0010162815134299318,-0.007203872310637306,-0.0010162815134299318,HOLD,LOW,HIGH,Volatile,0.03314572042653567,10.290712629045743,0,0,2,ConfidenceWeight
2024-07-10,0.002229180522980123,-0.01467573491424147,-0.0005721480119973421,0.0,-0.0009503141674296728,-0.0005721482978222574,-0.01467573491424147,-0.0005721482978222574,HOLD,LOW,HIGH,Volatile,0.03199987385961414,10.623570033482126,0,0,2,ConfidenceWeight
2024-07-11,0.000517160600511694,-0.00432937523895411,-0.0003450460499152541,0.0,-0.00042465582596290356,-0.00034504695618880766,-0.00432937523895411,-0.00034504695618880766,HOLD,LOW,HIGH,Volatile,0.03945157558388411,12.466427394321968,0,0,2,ConfidenceWeight
2024-07-12,-0.0025324324895192036,-0.01886814530803098,0.002853037789463997,0.0,-0.0014581941685271676,-0.002532432613927,-0.01886814530803098,-0.002532432613927,HOLD,LOW,HIGH,Volatile,0.039257403811430586,13.5728563581194,0,0,2,ConfidenceWeight
2024-07-15,0.003290739124254945,0.006476364933965553,0.0038629313930869102,0.0,0.0039125945672447765,0.0038629327523189414,0.006476364933965553,0.0038629327523189414,HOLD,LOW,HIGH,Volatile,0.03915743366328073,14.3671428135463,0,0,2,ConfidenceWeight
2024-07-16,0.0011107470778618776,-0.021802925264569527,0.004218311049044132,0.0,0.0003391192100972661,0.0011107467999116349,-0.021802925264569527,0.0011107467999116349,HOLD,LOW,HIGH,Volatile,0.03795477806911782,14.85714176722934,0,0,2,ConfidenceWeight
2024-07-17,0.0012674552891493642,-0.005260716283588496,0.0035856780596077442,0.0,0.0017818345745265595,0.001267455011291581,-0.005260716283588496,0.001267455011291581,HOLD,LOW,HIGH,Volatile,0.038682017389662655,14.92071424211773,0,0,2,ConfidenceWeight
2024-07-18,-0.0005446529684367717,-0.0066608034344677,0.0032005258835852146,0.0,0.0007434226473914848,-0.0005446530718561202,-0.0066608034344677,-0.0005446530718561202,HOLD,LOW,HIGH,Volatile,0.038222705596688215,15.297144208635588,0,0,2,ConfidenceWeight
2024-07-19,0.0014747080829866253,-0.008363426133962062,0.002613863442093134,0.0,0.0010434344899315337,0.0014747073083063152,-0.008363426133962062,0.0014747073083063152,HOLD,LOW,HIGH,Volatile,0.03959486688830758,15.6307155064174,0,0,2,ConfidenceWeight
2024-07-22,-0.0007444514677282938,-0.010123887580538561,0.0024039160925894976,0.0,-9.885844497361542e-05,-0.0007444516785580914,-0.010123887580538561,-0.0007444516785580914,HOLD,LOW,HIGH,Volatile,0.04038515335286946,15.535002572195863,0,0,2,ConfidenceWeight
2024-07-23,0.00342519328904345,0.00634384439945013,0.0015908604254946113,0.0,0.0027863743420926002,0.0034251934912176625,0.00634384439945013,0.0034251934912176625,HOLD,LOW,HIGH,Volatile,0.04102062636469456,14.727144513811382,0,0,2,ConfidenceWeight
2024-07-24,-0.000633321678509849,-0.014567286716532027,0.0011856183409690857,0.0,-0.0011388283488179105,-0.000633322155919994,-0.014567286716532027,-0.000633322155919994,HOLD,LOW,HIGH,Volatile,0.052372491031581904,15.768572126116075,0,0,2,ConfidenceWeight
2024-07-25,-0.003849328510763164,-0.010367189513098927,0.001719703315757215,0.0,-0.001668133897302184,-0.0038493285368856236,-0.010367189513098927,-0.0038493285368856236,HOLD,LOW,HIGH,Volatile,0.05162534608761253,15.775715419224332,0,0,2,ConfidenceWeight
2024-07-26,0.003513625529650099,0.005010144887065744,0.0021251270081847906,0.0,0.0029565373681848866,0.003513625581491277,0.005010144887065744,0.003513625581491277,HOLD,LOW,HIGH,Volatile,0.05165474715984203,15.210001264299667,0,0,2,ConfidenceWeight
2024-07-29,0.0004736551229389243,0.01228843678618127,0.002050393959507346,0.0,0.002500512446182568,0.002050394495268527,0.01228843678618127,0.002050394495268527,HOLD,LOW,HIGH,Volatile,0.05279548534627677,15.150002615792411,0,0,2,ConfidenceWeight
2024-07-30,0.00305249603181183,0.005604973533363974,0.001680564135313034,0.0,0.002612838869300195,0.003052496368180552,0.005604973533363974,0.003052496368180552,HOLD,LOW,HIGH,Volatile,0.05248650362691443,15.341430664062496,0,0,2,ConfidenceWeight
2024-07-31,-0.0014886227872390424,-0.007124167313502893,0.0018736026249825954,0.0,-0.00034719327661551693,-0.0014886229071021005,-0.007124167313502893,-0.0014886229071021005,HOLD,LOW,HIGH,Volatile,0.048566248211731694,13.963572910853793,0,0,2,ConfidenceWeight
2024-08-01,0.003126947770011572,0.012360356744034651,0.0015748959267511964,0.0,0.003284259644262868,0.0031269483052118775,0.012360356744034651,0.0031269483052118775,HOLD,LOW,HIGH,Volatile,0.04843855932221578,13.891430446079797,0,0,2,ConfidenceWeight
2024-08-02,-0.0023349609528824076,-0.003724797047016995,0.0024130321107804775,0.0,-4.542311437803542e-05,-0.00233496044493355,-0.003724797047016995,-0.00233496044493355,HOLD,LOW,HIGH,Volatile,0.04867177149484611,13.44214412144252,0,0,2,ConfidenceWeight
2024-08-05,0.00022477689138224362,0.004130181435993021,0.003166163107380271,0.0,0.002134893107416777,0.0031661624119477256,0.004130181435993021,0.0031661624119477256,HOLD,LOW,HIGH,Volatile,0.04909325412927312,14.360001700265064,0,0,2,ConfidenceWeight
2024-08-06,-0.00019122272182203368,0.015321855407201964,0.004209121689200401,0.0,0.0036640315559941785,0.004209121826381434,0.015321855407201964,0.004209121826381434,HOLD,LOW,HIGH,Volatile,0.04803450093535655,14.212857927594866,0,0,2,ConfidenceWeight
2024-08-07,0.0017097583477536618,0.009274014803001855,0.0044692642986774445,0.0,0.003904156879430189,0.0044692644527579576,0.009274014803001855,0.0044692644527579576,HOLD,LOW,HIGH,Volatile,0.048367031500045184,14.360714503696991,0,0,2,ConfidenceWeight
2024-08-08,-0.00096725464651409,0.012034060961149158,0.005008408799767494,0.0,0.0034360752018832686,0.005008408824761906,0.012034060961149158,0.005008408824761906,HOLD,LOW,HIGH,Volatile,0.046537774522198934,14.09857177734375,0,0,2,ConfidenceWeight
2024-08-09,0.0027433186760464144,0.007086606650313948,0.004687958396971226,0.0,0.004187866596619884,0.004687958494122834,0.007086606650313948,0.004687958494122834,HOLD,LOW,HIGH,Volatile,0.045788210668661095,13.509999956403458,0,0,2,ConfidenceWeight
2024-08-12,0.00046444938458068156,0.015570782482666664,0.0037877464201301336,0.0,0.003725848866630429,0.0037877466360017858,0.015570782482666664,0.0037877466360017858,HOLD,LOW,HIGH,Volatile,0.04529728482960968,13.167143685477114,0,0,2,ConfidenceWeight
2024-08-13,0.00028336362179240545,0.008548444555043992,0.0026302076876163483,0.0,0.0023386128133144938,0.0026302079444455377,0.008548444555043992,0.0026302079444455377,HOLD,LOW,HIGH,Volatile,0.047109284448474086,11.721430097307477,0,0,2,ConfidenceWeight
2024-08-14,0.002798609918616523,-0.0021192742792327034,0.001411845674738288,0.0,0.0015806432710748788,0.0014118452377095375,-0.0021192742792327034,0.0014118452377095375,HOLD,LOW,HIGH,Volatile,0.04709997607994707,11.69857352120536,0,0,2,ConfidenceWeight
2024-08-15,-0.0010643043047147286,-0.003022937182631995,0.0006560069741681218,0.0,-0.00038486726325196027,-0.0010643043752904954,-0.003022937182631995,-0.0010643043752904954,HOLD,LOW,HIGH,Volatile,0.049722627311807356,12.237859453473774,0,0,2,ConfidenceWeight
2024-08-16,0.003467145061336825,-0.002462245940328201,-0.0002252162666991353,0.0,0.0009634081252871576,-0.0002252160907598557,-0.002462245940328201,-0.0002252160907598557,HOLD,LOW,HIGH,Volatile,0.04920873319020333,11.84714508056641,0,0,2,ConfidenceWeight
2024-08-19,0.00023066599454052265,-0.004955522919578745,-0.0009719766676425934,0.0,-0.0009206353672192184,-0.0009719772468577665,-0.004955522919578745,-0.0009719772468577665,HOLD,LOW,HIGH,Volatile,0.04821602971514596,11.595716203962057,0,0,2,ConfidenceWeight
2024-08-20,0.0017746849196548361,0.003192219112299967,-0.001764786196872592,0.0,0.0001072650790209372,0.001774684497566847,0.003192219112299967,0.001774684497566847,HOLD,LOW,HIGH,Volatile,0.04809664809433783,11.352859497070321,0,0,2,ConfidenceWeight
2024-08-21,0.0001043744833683464,-0.000771744667946443,-0.0019077640026807785,0.0,-0.0010170564768173362,-0.0007717449280246312,-0.000771744667946443,-0.0007717449280246312,HOLD,LOW,HIGH,Volatile,0.03787031432659049,10.50000217982701,0,0,2,ConfidenceWeight
2024-08-22,0.0012622064258991043,0.005354829640214784,-0.00212520407512784,0.0,-5.130975158364908e-05,0.0012622064767129483,0.005354829640214784,0.0012622064767129483,HOLD,LOW,HIGH,Volatile,0.03987036645686389,10.74285888671875,0,0,2,ConfidenceWeight
2024-08-23,-0.001430718722029883,0.003690251315290542,-0.001283895457163453,0.0,-0.0008271598103755878,-0.0012838889387338209,0.003690251315290542,-0.0012838889387338209,HOLD,LOW,HIGH,Volatile,0.04123624885127119,9.682144165039064,0,0,2,ConfidenceWeight
2024-08-26,0.0032299146695196684,-0.0012776162279505834,-0.0009805380832403898,0.0,0.0006073935698815568,-0.0009805349770215693,-0.0012776162279505834,-0.0009805349770215693,HOLD,LOW,HIGH,Volatile,0.039775240952127706,9.616431100027897,0,0,2,ConfidenceWeight
2024-08-27,-0.0010454689827875813,-0.008354342105948556,-0.0005674920976161957,0.0,-0.0015545967987904146,-0.0010454709294392308,-0.008354342105948556,-0.0010454709294392308,HOLD,LOW,HIGH,Volatile,0.038964410113245446,9.381430489676328,0,0,2,ConfidenceWeight
2024-08-28,0.0006114806473694028,0.000734856605951404,0.0001325185876339674,0.0,0.00037878359663344593,0.0006114747504268881,0.000734856605951404,0.0006114747504268881,HOLD,LOW,HIGH,Volatile,0.03760217798986639,9.403573172433028,0,0,2,ConfidenceWeight
2024-08-29,0.0004454433716574921,-0.0007201583103660172,0.000842877256218344,0.0,0.0005288391441365362,0.00044544172456718146,-0.0007201583103660172,0.00044544172456718146,HOLD,LOW,HIGH,Volatile,0.03469834406527063,9.644287109374995,0,0,2,ConfidenceWeight
2024-08-30,0.0011178510055366657,0.002662996783617756,0.0014926790026947856,0.0,0.0014693281779912313,0.0014926808034184643,0.002662996783617756,0.0014926808034184643,HOLD,LOW,HIGH,Volatile,0.034387046331341875,9.855716160365507,0,0,2,ConfidenceWeight
2024-09-03,0.0020846064942617436,0.0017202726004141016,0.0011875570053234696,0.0,0.001587360177936958,0.001720271740812616,0.0017202726004141016,0.001720271740812616,HOLD,LOW,HIGH,Volatile,0.03304891741013498,9.77214377267019,0,0,2,ConfidenceWeight
2024-09-04,-0.0003224734710121826,-0.004115666551546272,0.001445622998289764,0.0,0.00019217963381501512,-0.0003224737724619827,-0.004115666551546272,-0.0003224737724619827,HOLD,LOW,HIGH,Volatile,0.034119210460478236,9.912143162318628,0,0,2,ConfidenceWeight
2024-09-05,0.0023352460843391694,-0.006901621560484145,0.0012282057432457805,0.0,0.0008150282517876473,0.001228204964538829,-0.006901621560484145,0.001228204964538829,HOLD,LOW,HIGH,Volatile,0.03332019155820404,9.990000043596535,0,0,2,ConfidenceWeight
2024-09-06,0.0019162498810316431,-0.011141323678528563,0.0008727607782930136,0.0,3.441828702027412e-05,0.0008727599050246067,-0.011141323678528563,0.0008727599050246067,HOLD,LOW,HIGH,Volatile,0.03911142573134157,10.996429443359363,0,0,2,ConfidenceWeight
2024-09-09,-0.0025274906768839502,-0.012941196125352472,0.0029842043295502663,0.0,-0.0007776062052002868,-0.002527490762241671,-0.012941196125352472,-0.002527490762241671,HOLD,LOW,HIGH,Volatile,0.0394479932971278,11.014286586216512,0,0,2,ConfidenceWeight
2024-09-10,0.0026257547365398483,0.0001579429234434423,0.0031087694223970175,0.0,0.0026186554611356137,0.002625753079634374,0.0001579429234434423,0.002625753079634374,HOLD,LOW,HIGH,Volatile,0.04026041493861442,11.119285583496088,0,0,2,ConfidenceWeight
2024-09-11,0.001952914452184238,0.0030064536551683307,0.0021645179949700832,0.0,0.0021700350303608664,0.0021645214916353192,0.0030064536551683307,0.0021645214916353192,HOLD,LOW,HIGH,Volatile,0.0389009185332443,11.538570949009486,0,0,2,ConfidenceWeight
2024-09-12,0.0006313699377456875,-0.001171072284370147,0.0012109186500310898,0.0,0.0007423812658967388,0.0006313687723860424,-0.001171072284370147,0.0006313687723860424,HOLD,LOW,HIGH,Volatile,0.03795740856878943,11.048570905412946,0,0,2,ConfidenceWeight
2024-09-13,0.0009788152860602832,0.004242361975879541,0.0002030861796811223,0.0,0.0009180194730062935,0.0009788162656279775,0.004242361975879541,0.0009788162656279775,HOLD,LOW,HIGH,Volatile,0.035697644459273155,10.72928510393415,0,0,2,ConfidenceWeight
2024-09-16,0.0008101743049307424,0.00542375894694184,-0.0007414659485220909,0.0,0.0004910747506014375,0.0008101747319231716,0.00542375894694184,0.0008101747319231716,HOLD,LOW,HIGH,Volatile,0.03591783816945083,10.547140938895092,0,0,2,ConfidenceWeight
2024-09-17,0.0003057198319324073,0.006931628190457931,-0.0013908734545111656,0.0,0.00011995397612287725,0.000305720269777734,0.006931628190457931,0.000305720269777734,HOLD,LOW,HIGH,Volatile,0.0353327009824414,10.497141156877797,0,0,2,ConfidenceWeight
2024-09-18,0.0011426233009172288,0.0037053646327788385,-0.001715414458885789,0.0,-5.747252912268147e-05,0.001142623260660089,0.0037053646327788385,0.001142623260660089,HOLD,LOW,HIGH,Volatile,0.035291318861411285,10.464997427804136,0,0,2,ConfidenceWeight
2024-09-19,0.0006696266496784462,-0.0001404067793653521,-0.001724354224279523,0.0,-0.0006406467072559692,-0.00014040738030429595,-0.0001404067793653521,-0.00014040738030429595,HOLD,LOW,HIGH,Volatile,0.03856425509513186,11.029283796037955,0,0,2,ConfidenceWeight
2024-09-20,0.003147597694235621,-0.004385044011674168,-0.0021438717376440763,0.0,-0.00034094611249460734,-0.002143871480758838,-0.004385044011674168,-0.002143871480758838,HOLD,LOW,HIGH,Volatile,0.03632024913347541,11.01356942313059,0,0,2,ConfidenceWeight
2024-09-23,-0.000705280003434246,-0.0011934336891967665,-0.002228116150945425,0.0,-0.0015359608887603087,-0.0011934347647597921,-0.0011934336891967665,-0.0011934347647597921,HOLD,LOW,HIGH,Volatile,0.03651250340534097,11.119998386928021,0,0,2,ConfidenceWeight
2024-09-24,0.0026536811731153525,0.0031185784796719028,-0.0024932469241321087,0.0,6.429953345728689e-05,0.0026536792255311176,0.0031185784796719028,0.0026536792255311176,HOLD,LOW,HIGH,Volatile,0.035384019039723574,10.869284493582597,0,0,2,ConfidenceWeight
2024-09-25,0.000836031073767107,0.0029021428316206915,-0.002605714602395892,0.0,-0.0007144000845634909,0.0008360308806157063,0.0029021428316206915,0.0008360308806157063,HOLD,LOW,HIGH,Volatile,0.03477633436971377,10.096426827566969,0,0,2,ConfidenceWeight
2024-09-26,0.0010041518661106203,0.0049559950175919,-0.002706104889512062,0.0,-0.0004893185389018507,0.0010041518825700604,0.0049559950175919,0.0010041518825700604,HOLD,LOW,HIGH,Volatile,0.03456566944903751,9.177140372140077,0,0,2,ConfidenceWeight
2024-09-27,0.00035487990732991227,0.0007715469659101651,-0.0023098045494407415,0.0,-0.0009675476732174173,0.00035487789379281105,0.0007715469659101651,0.00035487789379281105,HOLD,LOW,HIGH,Volatile,0.03464123986239407,8.994284493582597,0,0,2,ConfidenceWeight
2024-09-30,0.001725340180295398,0.007113915933621622,-0.002150398213416338,0.0,0.00029530126339885024,0.0017253402526687357,0.007113915933621622,0.0017253402526687357,HOLD,LOW,HIGH,Volatile,0.034138290471663335,8.919998168945318,0,0,2,ConfidenceWeight
2024-10-01,0.0007001938767110412,0.006356249818318611,-0.0018181782215833664,0.0,-6.7194408654255204e-06,0.0007001940967387173,0.006356249818318611,0.0007001940967387173,HOLD,LOW,HIGH,Volatile,0.03403535620431741,9.189999171665743,0,0,2,ConfidenceWeight
2024-10-02,0.00033402404358511613,0.0009486294033226682,-0.0009097687434405088,0.0,-0.00023990137414303897,0.0003340232245029057,0.0009486294033226682,0.0003340232245029057,HOLD,LOW,HIGH,Volatile,0.034680100365663415,9.825713021414627,0,0,2,ConfidenceWeight
2024-10-03,-6.084092038170644e-05,-0.002829859740957883,-0.0001701426226645708,0.0,-0.0004025250660607418,-0.00017015123158485622,-0.002829859740957883,-0.00017015123158485622,HOLD,LOW,HIGH,Volatile,0.03435680409127197,10.22785622732981,0,0,2,ConfidenceWeight
2024-10-04,0.00022684782912641137,0.0062443257534465215,0.0008460956159979105,0.0,0.001164974207500352,0.0008460970404847237,0.0062443257534465215,0.0008460970404847237,HOLD,LOW,HIGH,Volatile,0.02786153839659406,10.48071398053852,0,0,2,ConfidenceWeight
2024-10-07,0.0024252512714225305,-0.0034715697044750975,0.0007793373661115766,0.0,0.0009734975251413983,0.0007793369944169876,-0.0034715697044750975,0.0007793369944169876,HOLD,LOW,HIGH,Volatile,0.02936447366443665,10.577856881277915,0,0,2,ConfidenceWeight
2024-10-08,-0.0007446777796652472,0.001412147964813401,0.0010145287960767746,0.0,0.0003792771164838727,0.0010145268614841277,0.001412147964813401,0.0010145268614841277,HOLD,LOW,HIGH,Volatile,0.027988129371105005,10.352858407156827,0,0,2,ConfidenceWeight
2024-10-09,0.001781357871030131,0.005565219389067244,0.000672376248985529,0.0,0.001603479996074987,0.00178135850699451,0.005565219389067244,0.00178135850699451,HOLD,LOW,HIGH,Volatile,0.02824961156826017,9.701429094587066,0,0,2,ConfidenceWeight
2024-10-10,0.000237850179719016,0.0067177507858449306,0.0005173607496544719,0.0,0.0010495989905937278,0.0005173641406927293,0.0067177507858449306,0.0005173641406927293,HOLD,LOW,HIGH,Volatile,0.028356609039368257,9.871428353445879,0,0,2,ConfidenceWeight
2024-10-11,0.0007470125021506967,0.00396419156573845,0.0004137346404604614,0.0,0.000908150049455503,0.0007470151741157139,0.00396419156573845,0.0007470151741157139,HOLD,LOW,HIGH,Volatile,0.03527419373770331,10.77428545270648,0,0,2,ConfidenceWeight
2024-10-14,-0.0018448328748686968,0.002825553280222859,0.0007415932486765087,0.0,-3.767992033354146e-05,0.0007415931556160727,0.002825553280222859,0.0007415931556160727,HOLD,LOW,HIGH,Volatile,0.03519944651594295,10.77642822265625,0,0,2,ConfidenceWeight
2024-10-15,0.0021211118051309165,-5.542665725636643e-06,0.0008958562975749373,0.0,0.0012738722577606905,0.0008958565896796015,-5.542665725636643e-06,0.0008958565896796015,HOLD,LOW,HIGH,Volatile,0.0351770663731283,10.945714678083151,0,0,2,ConfidenceWeight
2024-10-16,0.0008178750999856256,0.00612049114120903,0.000830978387966752,0.0,0.001371654595793159,0.0008310444105593585,0.00612049114120903,0.0008310444105593585,HOLD,LOW,HIGH,Volatile,0.03524406607917006,10.493572780064179,0,0,2,ConfidenceWeight
2024-10-17,0.0010960214381909707,-0.00033330738056829067,0.00037190329749137163,0.0,0.0005775127283778321,0.00037190333431088126,-0.00033330738056829067,0.00037190333431088126,HOLD,LOW,HIGH,Volatile,0.030868825620339636,10.322143554687502,0,0,2,ConfidenceWeight
2024-10-18,0.000710890247948605,0.00872532691081086,-0.00014178361743688583,0.0,0.0011008112975269906,0.0007108912932420007,0.00872532691081086,0.0007108912932420007,HOLD,LOW,HIGH,Volatile,0.030566077748015296,9.890716552734377,0,0,2,ConfidenceWeight
2024-10-21,0.0008641566376635955,-0.002086921245847882,-0.0007359110750257969,0.0,-0.00026019583507228873,-0.0007359109601263419,-0.002086921245847882,-0.0007359109601263419,HOLD,LOW,HIGH,Volatile,0.028015105977042487,9.142144339425228,0,0,2,ConfidenceWeight
2024-10-22,0.0006157155075130629,0.002921081033191891,-0.0011434706393629313,0.0,-4.786942304706382e-05,0.0006157156419175432,0.002921081033191891,0.0006157156419175432,HOLD,LOW,HIGH,Volatile,0.027472976240629055,8.21857452392578,0,0,2,ConfidenceWeight
2024-10-23,0.0008389950613587435,0.0025245841492415517,-0.0016350720543414354,0.0,-0.0002548446941976175,0.0008389948726636626,0.0025245841492415517,0.0008389948726636626,HOLD,LOW,HIGH,Volatile,0.02724558988325509,7.835003444126666,0,0,2,ConfidenceWeight
2024-10-24,0.0002958146847442647,-0.0022361119117390218,-0.0017569304909557104,0.0,-0.0010172514878219038,-0.0017569288994142259,-0.0022361119117390218,-0.0017569288994142259,HOLD,LOW,HIGH,Volatile,0.053773626294033317,10.56143188476561,0,0,2,ConfidenceWeight
2024-10-25,0.007162801394985094,-0.0028768218676517403,-0.0020301106851547956,0.0,0.0014164713211506181,-0.002030109615653329,-0.0028768218676517403,-0.002030109615653329,HOLD,LOW,HIGH,Volatile,0.0540026863315452,10.903573172433022,0,0,2,ConfidenceWeight
2024-10-28,-0.0004383559330002866,0.02586095564127101,-0.002527244621887803,0.0,0.0012045455314334099,-0.0004383554927556599,0.02586095564127101,-0.0004383554927556599,HOLD,LOW,HIGH,Volatile,0.0543258365345188,11.307145254952548,0,0,2,ConfidenceWeight
2024-10-29,-0.00021573141527815272,0.042540590261276386,-0.0020107622258365154,0.0,0.0032755982928592284,-0.00021573088219191988,0.042540590261276386,-0.00021573088219191988,HOLD,LOW,HIGH,Volatile,0.05429534020930922,11.41786084856304,0,0,2,ConfidenceWeight
2024-10-30,0.0008033420770633108,-0.013841092780551338,-0.0014063327107578516,0.0,-0.0018397711303712108,-0.001406333082497113,-0.013841092780551338,-0.001406333082497113,HOLD,LOW,HIGH,Volatile,0.05368239811516647,11.209289550781234,0,0,2,ConfidenceWeight
2024-10-31,0.0007724266685002926,0.0011506990052295725,-0.0009312585461884737,0.0,-6.153509387105344e-05,0.0007724246250774812,0.0011506990052295725,0.0007724246250774812,HOLD,LOW,HIGH,Volatile,0.05355563448538966,10.217146737234918,0,0,2,ConfidenceWeight
2024-11-01,4.472970075025781e-05,-0.010521828931040741,-0.00020310794934630394,0.0,-0.0011724056798337766,-0.00020311185505464947,-0.010521828931040741,-0.00020311185505464947,HOLD,LOW,HIGH,Volatile,0.05286681385594333,10.160003662109366,0,0,2,ConfidenceWeight
2024-11-04,0.0011435957664730574,-0.0016717310527153487,0.0001949342549778521,0.0,0.00036703654487186947,0.00019493373821975857,-0.0016717310527153487,0.00019493373821975857,HOLD,LOW,HIGH,Volatile,0.05246733496305724,10.37143162318637,0,0,2,ConfidenceWeight
2024-11-05,0.00014758897829727927,0.0012830058723966328,0.0006399964913725853,0.0,0.00051704394387831,0.0006399969636320034,0.0012830058723966328,0.0006399969636320034,HOLD,LOW,HIGH,Volatile,0.0529400383883492,10.98214503696985,0,0,2,ConfidenceWeight
2024-11-06,0.002239607317139483,0.001396244878613313,0.0007562998798675835,0.0,0.0013925348864457113,0.001396245253455288,0.001396244878613313,0.001396245253455288,HOLD,LOW,HIGH,Volatile,0.060872389971894286,13.408572605678,0,0,2,ConfidenceWeight
2024-11-07,0.004595725005432335,-0.008731387613571631,0.0005594658432528377,0.0,0.001152555879335106,0.0005594657032309508,-0.008731387613571631,0.0005594657032309508,HOLD,LOW,HIGH,Volatile,0.060859863485263864,14.207144601004448,0,0,2,ConfidenceWeight
2024-11-08,3.119501181907038e-05,-0.0015144876342464268,0.00020997115643694997,0.0,-3.666447914057123e-05,3.119012622557878e-05,-0.0015144876342464268,3.119012622557878e-05,HOLD,LOW,HIGH,Volatile,0.05755727824193137,16.123572213309135,0,0,2,ConfidenceWeight
2024-11-11,0.0029459605194035515,0.001796232155277128,0.0006671411101706326,0.0,0.0016596512461682,0.0017962321711189814,0.001796232155277128,0.0017962321711189814,HOLD,LOW,HIGH,Volatile,0.05932037155865775,18.540000915527333,0,0,2,ConfidenceWeight
2024-11-12,0.002485607630143638,0.02727237773079481,0.0010372729739174247,0.0,0.004300688993888235,0.0024856082792988473,0.02727237773079481,0.0024856082792988473,HOLD,LOW,HIGH,Volatile,0.06229058009609896,19.97428676060267,0,0,2,ConfidenceWeight
2024-11-13,-0.002097403460008203,-0.013775474115323684,0.0021310336887836456,0.0,-0.0011355181402256916,-0.0020974036107744756,-0.013775474115323684,-0.0020974036107744756,HOLD,LOW,HIGH,Volatile,0.0623208674731173,18.090715680803566,0,0,2,ConfidenceWeight
2024-11-14,0.0018520244396970252,0.0344173543675963,0.0033336777705699205,0.0,0.005970970722324324,0.003333678412412678,0.0344173543675963,0.003333678412412678,HOLD,LOW,HIGH,Volatile,0.06466848337583397,18.49785940987723,0,0,2,ConfidenceWeight
2024-11-15,-0.001027088848856421,0.009178816884434416,0.004753521177917719,0.0,0.002987893960191546,0.00475352112497849,0.009178816884434416,0.00475352112497849,HOLD,LOW,HIGH,Volatile,0.06458644501427417,18.795000348772316,0,0,2,ConfidenceWeight
2024-11-18,0.0025380331065512213,0.014865910380990657,0.005100809969007969,0.0,0.005123083073484681,0.0051008102565209155,0.014865910380990657,0.0051008102565209155,HOLD,LOW,HIGH,Volatile,0.06473319878698898,20.106426783970424,0,0,2,ConfidenceWeight
2024-11-19,0.002126695362449113,0.0006258767170938811,0.00519940722733736,0.0,0.0035463500767939334,0.0021266957026317445,0.0006258767170938811,0.0021266957026317445,HOLD,LOW,HIGH,Volatile,0.06444768810367313,20.613570077078684,0,0,2,ConfidenceWeight
2024-11-20,0.0008456812100433639,0.005423004836282505,0.004627770744264126,0.0,0.003255904557187661,0.004627769754191433,0.005423004836282505,0.004627769754191433,HOLD,LOW,HIGH,Volatile,0.06417643699699722,20.742142813546316,0,0,2,ConfidenceWeight
2024-11-21,0.00027383820982186625,0.006509871394297199,0.003866031765937805,0.0,0.0027578839841158314,0.0038660316662124674,0.006509871394297199,0.0038660316662124674,HOLD,LOW,HIGH,Volatile,0.049510911183171157,21.123571123395646,0,0,2,ConfidenceWeight
2024-11-22,0.0008068679240664913,-0.00017489195400615675,0.0032287267968058586,0.0,0.0019465688873995586,0.0008068685280096878,-0.00017489195400615675,0.0008068685280096878,HOLD,LOW,HIGH,Volatile,0.049613459553277846,22.104285103934153,0,0,2,ConfidenceWeight
2024-11-25,0.0020844819043369434,0.00502939772444411,0.00269177183508873,0.0,0.002699487997167154,0.002691773048925581,0.00502939772444411,0.002691773048925581,HOLD,LOW,HIGH,Volatile,0.05035286117780475,22.910712105887285,0,0,2,ConfidenceWeight
2024-11-26,-0.0008228845246569989,0.012652200933169615,0.0028851586394011974,0.0,0.002467369183970448,0.0028851588065756653,0.012652200933169615,0.0028851588065756653,HOLD,LOW,HIGH,Volatile,0.05014339213000276,20.99285452706474,0,0,2,ConfidenceWeight
2024-11-27,0.0013597238306678747,0.005768745097199395,0.002475669141858816,0.0,0.0023864209275909877,0.0024756697328739744,0.005768745097199395,0.0024756697328739744,HOLD,LOW,HIGH,Volatile,0.05035886702121577,21.116424560546882,0,0,2,ConfidenceWeight
2024-11-29,0.00043195540804641093,-0.0025399056185251906,0.0019766357727348804,0.0,0.0009168635043991725,0.00043195509776353705,-0.0025399056185251906,0.00043195509776353705,HOLD,LOW,HIGH,Volatile,0.0495474556282337,19.742139543805813,0,0,2,ConfidenceWeight
2024-12-02,0.0022989435178460537,0.01571591164882626,0.0008039577514864504,0.0,0.0029171100207659693,0.0022989441113337285,0.01571591164882626,0.0022989441113337285,HOLD,LOW,HIGH,Volatile,0.049473838542302744,18.129281180245545,0,0,2,ConfidenceWeight
2024-12-03,0.0016765357977796937,0.0037868724696442525,-0.0005472186021506786,0.0,0.0007547798833023593,0.001676535773656175,0.0037868724696442525,0.001676535773656175,HOLD,LOW,HIGH,Volatile,0.04910299090026188,16.857851300920764,0,0,2,ConfidenceWeight
2024-12-04,9.245480310591831e-05,-0.004405539039179358,-0.0017108118627220392,0.0,-0.0012956127921657057,-0.0017108120458369982,-0.004405539039179358,-0.0017108120458369982,HOLD,LOW,HIGH,Volatile,0.048952733688452,15.957850864955361,0,0,2,ConfidenceWeight
2024-12-05,0.0017268136375845349,0.0020154237434753326,-0.0024743627291172743,0.0,-0.00039614140198478273,0.0017268104344606572,0.0020154237434753326,0.0017268104344606572,HOLD,LOW,HIGH,Volatile,0.04025300276975062,15.788565499441972,0,0,2,ConfidenceWeight
2024-12-06,0.0017892377621740922,0.0009237185049615497,-0.0027563159819692373,0.0,-0.0006292504603345997,0.0009237176238380928,0.0009237185049615497,0.0009237176238380928,HOLD,LOW,HIGH,Volatile,0.04108170330470329,16.11285182407925,0,0,2,ConfidenceWeight
2024-12-09,0.0023216191375314784,0.0012732146889814372,-0.003061114577576518,0.0,-0.0005447177097452193,0.0012732139675768262,0.0012732146889814372,0.0012732139675768262,HOLD,LOW,HIGH,Volatile,0.03816025965717184,16.038565499441976,0,0,2,ConfidenceWeight
2024-12-10,0.0004690600151592009,0.007717012277470615,-0.0020046078134328127,0.0,-5.071208564269992e-05,0.0004690602811586844,0.007717012277470615,0.0004690602811586844,HOLD,LOW,HIGH,Volatile,0.03406996567033447,16.41785103934153,0,0,2,ConfidenceWeight
2024-12-11,0.0018754747533906986,0.00178151256906814,-0.0008161356672644615,0.0,0.000486568929694444,0.00178150253292379,0.00178151256906814,0.00178150253292379,HOLD,LOW,HIGH,Volatile,0.03159940790031982,17.24570792061943,0,0,2,ConfidenceWeight
2024-12-12,0.0025298854726905936,-0.008385700317826879,-9.409617632627487e-05,0.0,5.91780766699794e-05,-9.409643656141858e-05,-0.008385700317826879,-9.409643656141858e-05,HOLD,LOW,HIGH,Volatile,0.03221249211822205,17.359279087611622,0,0,2,ConfidenceWeight
2024-12-13,-0.0001514514414372568,-0.004757145170534999,0.0006352601922117174,0.0,-0.00022349592987009492,-0.00015145249229974806,-0.004757145170534999,-0.00015145249229974806,HOLD,LOW,HIGH,Volatile,0.028153872491633303,17.1278512137277,0,0,2,ConfidenceWeight
2024-12-16,0.0025168009093399233,-0.0003193697171542873,0.0009724270785227418,0.0,0.001432841474934069,0.0009724272047675467,-0.0003193697171542873,0.0009724272047675467,HOLD,LOW,HIGH,Volatile,0.029615131804961316,17.36428179059712,0,0,2,ConfidenceWeight
2024-12-17,0.0024413827247325177,-0.007097857741942627,0.0010422657942399383,0.0,0.0007403060396637346,0.0010422652033416629,-0.007097857741942627,0.0010422652033416629,HOLD,LOW,HIGH,Volatile,0.028681223249729635,18.44856698172435,0,0,2,ConfidenceWeight
2024-12-18,0.0015099376176926208,-0.004443400305729276,0.0012561611365526915,0.0,0.0007657001555231763,0.0012561574022770736,-0.004443400305729276,0.0012561574022770736,HOLD,LOW,HIGH,Volatile,0.03686263512582441,21.703567504882834,0,0,2,ConfidenceWeight
2024-12-19,-0.0022113332862604383,-0.007043336380074103,0.004448631312698126,0.0,0.0007027958651594423,-0.0022113332294984222,-0.007043336380074103,-0.0022113332294984222,HOLD,LOW,HIGH,Volatile,0.036782579343887414,23.40213884626118,0,0,2,ConfidenceWeight
2024-12-20,0.0015690464195368104,0.016983363903611173,0.006112107075750828,0.0,0.005487241097350293,0.006112107203801131,0.016983363903611173,0.006112107203801131,HOLD,LOW,HIGH,Volatile,0.03807672823262765,24.444994245256716,0,0,2,ConfidenceWeight
2024-12-23,-0.00012901703544913716,0.006989875004562495,0.006971411406993866,0.0,0.004243771867987929,0.006971362680192732,0.006989875004562495,0.006971362680192732,HOLD,LOW,HIGH,Volatile,0.03767218740029551,25.17428152901788,0,0,2,ConfidenceWeight
2024-12-24,0.0020519562448576044,-0.0008610037243863855,0.0061483317986130714,0.0,0.0038504587872058875,0.0020519563439163843,-0.0008610037243863855,0.0020519563439163843,HOLD,LOW,HIGH,Volatile,0.038058848979576405,26.794281005859396,0,0,2,ConfidenceWeight
2024-12-26,0.0030177151812003896,0.008597523160293403,0.004735999740660191,0.0,0.004473846583611819,0.004736000063128321,0.008597523160293403,0.004736000063128321,HOLD,LOW,HIGH,Volatile,0.03862304500398754,26.566423688616087,0,0,2,ConfidenceWeight
2024-12-27,-0.0003545547229468793,-0.0027942166044544908,0.0034427063073962927,0.0,0.0013395077868780638,-0.00035455457659882677,-0.0027942166044544908,-0.00035455457659882677,HOLD,LOW,HIGH,Volatile,0.04080153849778018,27.11142403738841,0,0,2,ConfidenceWeight
2024-12-30,-0.00042583380521970865,-0.0024679716090879053,0.003109523793682456,0.0,0.0011750385360395767,-0.0004258335987127632,-0.0024679716090879053,-0.0004258335987127632,HOLD,LOW,HIGH,Volatile,0.04168593088291681,26.334283011300236,0,0,2,ConfidenceWeight
2024-12-31,0.0005061646156739729,0.008432830628519067,0.002471099141985178,0.0,0.0023308051028191443,0.0024710994827102863,0.008432830628519067,0.0024710994827102863,HOLD,LOW,HIGH,Volatile,0.04230443499243759,26.723567417689747,0,0,2,ConfidenceWeight
2025-01-02,0.00031255602068147516,-0.00036036555577488507,0.002804360818117857,0.0,0.0015199605897781802,0.0003125571013420468,-0.00036036555577488507,0.0003125571013420468,HOLD,LOW,HIGH,Volatile,0.04480958110254633,27.21713692801341,0,0,2,ConfidenceWeight
2025-01-03,-0.00068253249891758,-0.0006101109702082681,0.0030864067375659943,0.0,0.0012561865578883992,-0.0006100978035669879,-0.0006101109702082681,-0.0006100978035669879,HOLD,LOW,HIGH,Volatile,0.047794024874144005,28.52428109305247,0,0,2,ConfidenceWeight
2025-01-06,0.00443210584619633,0.005472160306658581,0.003027863334864378,0.0,0.003819857290069126,0.0044321055976683146,0.005472160306658581,0.0044321055976683146,HOLD,LOW,HIGH,Volatile,0.04744073307038835,28.819994245256705,0,0,2,ConfidenceWeight
2025-01-07,0.0001266452372486464,0.0012719847250505399,0.0030397996306419373,0.0,0.0017375421878246785,0.0012719850316014643,0.0012719847250505399,0.0012719850316014643,HOLD,LOW,HIGH,Volatile,0.047202409820940594,28.626421247209827,0,0,2,ConfidenceWeight
2025-01-08,-0.0003338605187353668,0.004708797248046866,0.0033864036668092012,0.0,0.0020926908406042524,0.003386403180400236,0.004708797248046866,0.003386403180400236,HOLD,LOW,HIGH,Volatile,0.047202415500662814,27.81356593540737,0,0,2,ConfidenceWeight
2025-01-10,0.0015793727082001022,0.01539479201088493,0.003336173016577959,0.0,0.0039048992251267526,0.0033361735022328773,0.01539479201088493,0.0033361735022328773,HOLD,LOW,HIGH,Volatile,0.046750925289733916,24.989279610770094,0,0,2,ConfidenceWeight
2025-01-13,0.0009903560938922973,0.012047595018982995,0.0029985795263201,0.0,0.003160156166539407,0.0029985799132924208,0.012047595018982995,0.0029985799132924208,HOLD,LOW,HIGH,Volatile,0.04504239726562223,24.08785138811384,0,0,2,ConfidenceWeight
2025-01-14,0.0017724755909527235,0.0024390145281624697,0.002274224068969488,0.0,0.0020983433364059898,0.0022742200584926395,0.0024390145281624697,0.0022742200584926395,HOLD,LOW,HIGH,Volatile,0.04506778840636017,23.992139543805802,0,0,2,ConfidenceWeight
2025-01-15,0.00020021003184696098,-0.011396344366778187,0.002172590233385563,0.0,1.4476013019632466e-05,0.00020020961157652265,-0.011396344366778187,0.00020020961157652265,HOLD,LOW,HIGH,Volatile,0.047512863623734504,25.01642499651228,0,0,2,ConfidenceWeight
2025-01-16,0.003854930419138566,0.0009860700140331279,0.0014493216294795275,0.0,0.0023262918100939584,0.0014493233635057942,0.0009860700140331279,0.0014493233635057942,HOLD,LOW,HIGH,Volatile,0.04582343749086675,24.08142525809152,0,0,2,ConfidenceWeight
2025-01-17,-0.0010392824249334303,-0.0066829455732426305,0.0006559077883139253,0.0,-0.0007528983327419811,-0.001039282837015511,-0.0066829455732426305,-0.001039282837015511,HOLD,LOW,HIGH,Volatile,0.04557633881661491,24.910709926060267,0,0,2,ConfidenceWeight
2025-01-21,0.002495126650065641,-0.007945951813302854,-4.088040441274643e-06,0.0,0.00013730567817763807,-4.088314363705454e-06,-0.007945951813302854,-4.088314363705454e-06,HOLD,LOW,HIGH,Volatile,0.041457698866690824,24.85785348074777,0,0,2,ConfidenceWeight
2025-01-22,0.0004695738621969405,0.01218773587733807,-0.0004277297994121909,0.0,0.0012187354763313328,0.0004695748888454391,0.01218773587733807,0.0004695748888454391,HOLD,LOW,HIGH,Volatile,0.041660947941744395,24.679282052176344,0,0,2,ConfidenceWeight
2025-01-23,0.00040634113880666837,0.005780255439011693,-0.0008251946419477463,0.0,0.00032970916039476385,0.00040634176346963333,0.005780255439011693,0.00040634176346963333,HOLD,LOW,HIGH,Volatile,0.040961031214320806,23.70714024135044,0,0,2,ConfidenceWeight
2025-01-24,0.0010694021227805105,0.007371748796344727,-0.0012439896818250418,0.0,0.0005342001661918855,0.0010694023960521571,0.007371748796344727,0.0010694023960521571,HOLD,LOW,HIGH,Volatile,0.04067455093877713,22.442855834960934,0,0,2,ConfidenceWeight
2025-01-27,0.0006359283303681875,-0.0008864298707350016,-0.0015175375156104565,0.0,-0.0006245921703399854,-0.0008864289472376069,-0.0008864298707350016,-0.0008864289472376069,HOLD,LOW,HIGH,Volatile,0.03696129494212654,21.377855573381698,0,0,2,ConfidenceWeight
2025-01-28,0.00042044713474477177,0.004692316481552404,-0.0012501995079219341,0.0,5.1129494345748924e-06,0.00042044749861971605,0.004692316481552404,0.00042044749861971605,HOLD,LOW,HIGH,Volatile,0.03694342707340946,20.61785670689174,0,0,2,ConfidenceWeight
2025-01-29,0.0013952946599732022,0.002778666389966509,-0.0010523926466703415,0.0,0.0002837927777687877,0.0013952943463605516,0.002778666389966509,0.0013952943463605516,HOLD,LOW,HIGH,Volatile,0.035693693765453095,19.88785661969866,0,0,2,ConfidenceWeight
2025-01-30,0.0002333287100564108,0.002510538211707382,-0.0006774791982024908,0.0,1.5576278751740116e-06,0.00023332936682886213,0.002510538211707382,0.00023332936682886213,HOLD,LOW,HIGH,Volatile,0.035786846960762494,20.81571306501116,0,0,2,ConfidenceWeight
2025-01-31,0.0021496746175177234,0.007605333858144999,-2.18383502215147e-06,0.0,0.001609892354641292,0.0021496748985720755,0.007605333858144999,0.0021496748985720755,HOLD,LOW,HIGH,Volatile,0.03512669497076551,20.652856009347097,0,0,2,ConfidenceWeight
2025-02-03,0.0010293078315309575,0.002959167908244794,0.00031361449509859085,0.0,0.0008616800105264976,0.0010293087072485285,0.002959167908244794,0.0010293087072485285,HOLD,LOW,HIGH,Volatile,0.0342737260035421,21.118571690150674,0,0,2,ConfidenceWeight
2025-02-04,-0.000806246209683408,-0.005151907694500469,0.0004662428400479257,0.0,-0.0006025455671990143,-0.0008062467643029619,-0.005151907694500469,-0.0008062467643029619,HOLD,LOW,HIGH,Volatile,0.029444078023895603,20.011428833007816,0,0,2,ConfidenceWeight
2025-02-05,0.002269960713708645,0.0022335184160312397,2.5708810426294804e-05,0.0,0.0011162207563202282,0.0022334928552447415,0.0022335184160312397,0.0022334928552447415,HOLD,LOW,HIGH,Volatile,0.030396021149584215,18.814285278320312,0,0,2,ConfidenceWeight
2025-02-06,-0.00042354623191777027,-0.0007549916944525872,0.00017634651158005,0.0,-0.00015034922906264427,-0.0004235448943455084,-0.0007549916944525872,-0.0004235448943455084,HOLD,LOW,HIGH,Volatile,0.02915704717565845,18.521429879324774,0,0,2,ConfidenceWeight
2025-02-07,0.0010696854439829616,0.007981478326120872,0.0001113570760935545,0.0,0.001291709343997466,0.0010696863406551747,0.007981478326120872,0.0010696863406551747,HOLD,LOW,HIGH,Volatile,0.029990676242852413,18.1135733468192,0,0,2,ConfidenceWeight
2025-02-10,-1.228056574976836e-05,-0.0008616434113309263,0.0008770636050030589,0.0,0.00035580166412117796,-1.2280513063476284e-05,-0.0008616434113309263,-1.2280513063476284e-05,HOLD,LOW,HIGH,Volatile,0.030533696952978865,17.063572474888396,0,0,2,ConfidenceWeight
2025-02-11,0.0003861281314324278,0.002198362446834263,0.0013259153347462416,0.0,0.0010546520763756798,0.0013259152529773908,0.002198362446834263,0.0013259152529773908,HOLD,LOW,HIGH,Volatile,0.03255287809823077,17.93642970493862,0,0,2,ConfidenceWeight
2025-02-12,-0.0007829154394454099,-0.000954333495038874,0.0024147084914147854,0.0,0.0008378984766883538,-0.0007829099855600614,-0.000954333495038874,-0.0007829099855600614,HOLD,LOW,HIGH,Volatile,0.033385497449915695,18.37357221330916,0,0,2,ConfidenceWeight
2025-02-13,0.0024597382870775696,0.009549047208953724,0.0026448401622474194,0.0,0.0032859830108398023,0.0026448453621360324,0.009549047208953724,0.0026448453621360324,HOLD,LOW,HIGH,Volatile,0.03076367530018934,19.022142682756705,0,0,2,ConfidenceWeight
2025-02-14,0.002515143342865056,0.012790812503984896,0.0020225588232278824,0.0,0.0033228672125111434,0.0025151452674662188,0.012790812503984896,0.0025151452674662188,HOLD,LOW,HIGH,Volatile,0.030245785707092705,18.794285365513396,0,0,2,ConfidenceWeight
2025-02-18,0.00039927073008560836,0.010429093205711715,0.0012805269798263907,0.0,0.00188560252303635,0.0012805280027179326,0.010429093205711715,0.0012805280027179326,HOLD,LOW,HIGH,Volatile,0.028931491104033057,18.43642970493862,0,0,2,ConfidenceWeight
2025-02-19,0.0008609157984380096,0.009947022044460104,0.0005082421121187508,0.0,0.0016176056403132593,0.0008609185078979933,0.009947022044460104,0.0008609185078979933,HOLD,LOW,HIGH,Volatile,0.02956756063875136,18.40500095912389,0,0,2,ConfidenceWeight
2025-02-20,0.0016230095015252386,0.0029836401701112906,-0.0001872096909210086,0.0,0.0008358073728956802,0.0016230093194602206,0.0029836401701112906,0.0016230093194602206,HOLD,LOW,HIGH,Volatile,0.029484627289715334,17.42000034877233,0,0,2,ConfidenceWeight
2025-02-21,0.00025062975586536405,0.004447572055768314,-0.0005597549024969339,0.0,0.00026837346924588003,0.0002506307486544159,0.004447572055768314,0.0002506307486544159,HOLD,LOW,HIGH,Volatile,0.030809717614253888,17.480715070452018,0,0,2,ConfidenceWeight
2025-02-24,-0.0003479289598076684,0.005259858086534782,-9.695859625935555e-05,0.0,0.000359220501580539,-9.695482983270988e-05,0.005259858086534782,-9.695482983270988e-05,HOLD,LOW,HIGH,Volatile,0.03091066258568111,16.58499799455916,0,0,2,ConfidenceWeight
2025-02-25,0.0008065604385394693,0.013363455823859111,0.00038582744309678674,0.0,0.0018864535158335373,0.0008065627244744365,0.013363455823859111,0.0008065627244744365,HOLD,LOW,HIGH,Volatile,0.035353056741851345,18.062140328543535,0,0,2,ConfidenceWeight
2025-02-26,-0.0015898848394695591,0.014845247360533897,0.002175000961869955,0.0,0.0020348805384720952,0.002175001148428633,0.014845247360533897,0.002175001148428633,HOLD,LOW,HIGH,Volatile,0.035632588123162716,18.36785452706474,0,0,2,ConfidenceWeight
2025-02-27,0.0006353033879704204,0.023052326517774904,0.003564184997230768,0.0,0.004448835978101251,0.0035641852871170494,0.023052326517774904,0.0035641852871170494,HOLD,LOW,HIGH,Volatile,0.03576301778174604,18.464996337890636,0,0,2,ConfidenceWeight
2025-02-28,0.000143669545079572,0.02579425318782691,0.00426320917904377,0.0,0.004900911849866647,0.004263209375231297,0.02579425318782691,0.004263209375231297,HOLD,LOW,HIGH,Volatile,0.03648328973105966,18.469996861049115,0,0,2,ConfidenceWeight
2025-03-03,0.002451310568691784,0.011878631338582744,0.003925024066120386,0.0,0.004179064749221849,0.003925024618061236,0.011878631338582744,0.003925024618061236,HOLD,LOW,HIGH,Volatile,0.036050336864601754,19.50214059012277,0,0,2,ConfidenceWeight
2025-03-04,-0.0004643583031478817,0.013545214132752798,0.004279739689081907,0.0,0.003411924152938925,0.004279739791877047,0.013545214132752798,0.004279739791877047,HOLD,LOW,HIGH,Volatile,0.03568721277558204,19.30071149553572,0,0,2,ConfidenceWeight
2025-03-05,-0.0004149087293391921,0.024538409098750755,0.004477567970752716,0.0,0.004666459166550908,0.0044775681252212625,0.024538409098750755,0.0044775681252212625,HOLD,LOW,HIGH,Volatile,0.03590569032782977,18.867854527064736,0,0,2,ConfidenceWeight
2025-03-06,0.002139423269605756,0.020477175172774906,0.0037346992176026106,0.0,0.0048487470782753676,0.003734699783947341,0.020477175172774906,0.003734699783947341,HOLD,LOW,HIGH,Volatile,0.03681437583617374,18.64642769949777,0,0,2,ConfidenceWeight
2025-03-07,-0.0013456448324715826,0.038280110798702395,0.0032596054952591658,0.0,0.0051022847024975535,0.003259605683755299,0.038280110798702395,0.003259605683755299,HOLD,LOW,HIGH,Volatile,0.03693153032056804,18.7192851475307,0,0,2,ConfidenceWeight
2025-03-10,0.0012885742328723761,0.03086666749323555,0.002782027469947934,0.0,0.005105376912028729,0.002782028103037427,0.03086666749323555,0.002782028103037427,HOLD,LOW,HIGH,Volatile,0.04984084820505221,21.118570600237174,0,0,2,ConfidenceWeight
2025-03-11,-0.004864711545522118,0.03419526326740616,0.005187958478927612,0.0,0.004316166904318221,0.0051879585439121865,0.03419526326740616,0.0051879585439121865,HOLD,LOW,HIGH,Volatile,0.05166945093385365,21.57357134137835,0,0,2,ConfidenceWeight
2025-03-12,0.003629517433397442,0.028509039427448372,0.0065210843458771706,0.0,0.007677982920055223,0.006521084645996086,0.028509039427448372,0.006521084645996086,HOLD,LOW,HIGH,Volatile,0.05460351057627581,22.070714678083146,0,0,2,ConfidenceWeight
2025-03-13,0.0030016973098714755,0.020417342352196097,0.006523216143250465,0.0,0.006602917141223705,0.006523216355095163,0.020417342352196097,0.006523216355095163,HOLD,LOW,HIGH,Volatile,0.05395551058268954,21.722856794084827,0,0,2,ConfidenceWeight
2025-03-14,-0.0007969490751399793,0.03443560099427252,0.006306718103587627,0.0,0.006477955403436868,0.006306718208772246,0.03443560099427252,0.006306718208772246,HOLD,LOW,HIGH,Volatile,0.052801386435804544,21.237144470214847,0,0,2,ConfidenceWeight
2025-03-17,0.002458335864382231,0.028768178349647445,0.005559795536100864,0.0,0.006761917426485886,0.00555979581523774,0.028768178349647445,0.00555979581523774,HOLD,LOW,HIGH,Volatile,0.053082009584211325,20.08714403424944,0,0,2,ConfidenceWeight
2025-03-18,-0.0011579526115128524,0.02272070838928284,0.005070055834949017,0.0,0.004496885772547485,0.005070055938813734,0.02272070838928284,0.005070055938813734,HOLD,LOW,HIGH,Volatile,0.05350128016748677,19.713572910853802,0,0,2,ConfidenceWeight
2025-03-19,-0.0005627271720174718,0.02624663724213229,0.0044813696295022964,0.0,0.004787818931106355,0.0044813697817347314,0.02624663724213229,0.0044813697817347314,HOLD,LOW,HIGH,Volatile,0.05494882031678103,19.69571576799666,0,0,2,ConfidenceWeight
2025-03-20,0.0029080121342897588,0.01791214721983927,0.003928562626242638,0.0,0.004978914392084841,0.003928563532687324,0.01791214721983927,0.003928563532687324,HOLD,LOW,HIGH,Volatile,0.055183607781826384,18.815001351492754,0,0,2,ConfidenceWeight
2025-03-21,0.0005108391781502154,0.01854426605757735,0.003046697936952114,0.0,0.0036707314483706514,0.0030466982664671565,0.01854426605757735,0.0030466982664671565,HOLD,LOW,HIGH,Volatile,0.056999400673489374,17.981428963797438,0,0,2,ConfidenceWeight
2025-03-24,0.002632328986067806,0.020863798047559178,0.00210796226747334,0.0,0.004244558655755815,0.0026323308310399634,0.020863798047559178,0.0026323308310399634,HOLD,LOW,HIGH,Volatile,0.06373420557054847,18.49000113351005,0,0,2,ConfidenceWeight
2025-03-25,0.004280596752054002,0.012319014083091284,0.0011149266501888633,0.0,0.0034877862374113407,0.004280596943371795,0.012319014083091284,0.004280596943371795,HOLD,LOW,HIGH,Volatile,0.06157419237691057,18.852859497070316,0,0,2,ConfidenceWeight
2025-03-26,0.0010704726654504862,0.012631096495962413,8.094357326626778e-05,0.0,0.001756123872311591,0.0010704735875082835,0.012631096495962413,0.0010704735875082835,HOLD,LOW,HIGH,Volatile,0.0622388799792837,19.03500148228237,0,0,2,ConfidenceWeight
2025-03-27,-0.0013704786499730641,0.019927372551894168,0.00010812259279191494,0.0,0.0015844499869824996,0.00010812321774232837,0.019927372551894168,0.00010812321774232837,HOLD,LOW,HIGH,Volatile,0.061913130383723244,19.35714394705636,0,0,2,ConfidenceWeight
2025-03-28,0.0015864266973509224,0.02317368938859597,0.0010665870504453778,0.0,0.003547189727336254,0.0015864285673292463,0.02317368938859597,0.0015864285673292463,HOLD,LOW,HIGH,Volatile,0.06161163503325969,17.418571472167972,0,0,2,ConfidenceWeight
2025-03-31,-0.00037192943517087786,0.00838133886787309,0.0019188955193385482,0.0,0.0017049806939250934,0.0019188958007894013,0.00838133886787309,0.0019188958007894013,HOLD,LOW,HIGH,Volatile,0.061427887916628225,17.429285321916854,0,0,2,ConfidenceWeight
2025-04-01,0.0006831545949950518,0.003582376149547491,0.002157647628337145,0.0,0.001737811209372477,0.0021576476047134832,0.003582376149547491,0.0021576476047134832,HOLD,LOW,HIGH,Volatile,0.061265387978468255,17.21714346749442,0,0,2,ConfidenceWeight
2025-04-02,0.00217110914398179,0.018749574859173456,0.002485776785761118,0.0,0.004042730993161757,0.002485779882168039,0.018749574859173456,0.002485779882168039,HOLD,LOW,HIGH,Volatile,0.06213424254484908,18.505000523158483,0,0,2,ConfidenceWeight
2025-04-03,0.0021831942037501186,-0.0027861309558684867,0.0028052940033376217,0.0,0.001989285270578174,0.00218319280259544,-0.0027861309558684867,0.00218319280259544,HOLD,LOW,HIGH,Volatile,0.0620655555380618,19.244285583496094,0,0,2,ConfidenceWeight
2025-04-04,-0.0015097594154579615,0.007605923513800724,0.0031026180367916822,0.0,0.0017941305925884903,0.003102618031545108,0.007605923513800724,0.003102618031545108,HOLD,LOW,HIGH,Volatile,0.06683480431021255,20.251428876604354,0,0,2,ConfidenceWeight
2025-04-07,-0.0021397314836102185,0.010095260882055116,0.005202270112931728,0.0,0.002884664851291247,0.005202270044806797,0.010095260882055116,0.005202270044806797,HOLD,LOW,HIGH,Volatile,0.05514747335464897,21.824286324637278,0,0,2,ConfidenceWeight
2025-04-08,0.0011286146118338438,0.014973807368279862,0.008076924830675125,0.0,0.0061174016503537714,0.008076924829602584,0.014973807368279862,0.008076924829602584,HOLD,LOW,HIGH,Volatile,0.055708574275925495,23.005714416503906,0,0,2,ConfidenceWeight
2025-04-09,-0.0005487757817294926,0.015431688029648023,0.011542442254722118,0.0,0.007295589446338297,0.011542442080425982,0.015431688029648023,0.011542442080425982,HOLD,LOW,HIGH,Volatile,0.07073626496061908,26.21142905099051,0,0,2,ConfidenceWeight
2025-04-10,0.008059370642770661,0.008160303514382643,0.013508973643183708,0.0,0.010862222445150442,0.008160313042576951,0.008160303514382643,0.008160313042576951,HOLD,LOW,HIGH,Volatile,0.07260922350665129,27.490001133510045,0,0,2,ConfidenceWeight
2025-04-11,-0.003750812883222967,0.042260212725556384,0.01437397301197052,0.0,0.010283442177457712,0.014373973031280091,0.042260212725556384,0.014373973031280091,HOLD,LOW,HIGH,Volatile,0.07212612313302857,26.522142682756698,0,0,2,ConfidenceWeight
2025-04-14,0.0017004593829719767,0.030314233793460356,0.014384470880031586,0.0,0.011151943867585425,0.014384470896090875,0.030314233793460356,0.014384470896090875,HOLD,LOW,HIGH,Volatile,0.0711805985453678,26.44714137486049,0,0,2,ConfidenceWeight
2025-04-15,0.0008284055184825036,0.009955055579907907,0.01472423691302538,0.0,0.008890374562456765,0.009955055479861427,0.009955055579907907,0.009955055479861427,HOLD,LOW,HIGH,Volatile,0.06987052215040626,25.702855791364396,0,0,2,ConfidenceWeight
2025-04-16,0.001086987473008421,0.014209770398650661,0.014736194163560867,0.0,0.009434859959475215,0.014209768582421569,0.014209770398650661,0.014209768582421569,HOLD,LOW,HIGH,Volatile,0.07031000681167372,25.716427394321986,0,0,2,ConfidenceWeight
2025-04-17,-0.000872446473999625,0.003653133306647567,0.015221950598061085,0.0,0.007841405175425462,0.003653133441091805,0.003653133306647567,0.003653133441091805,HOLD,LOW,HIGH,Volatile,0.07031120573927857,25.08285631452288,0,0,2,ConfidenceWeight
2025-04-21,0.0013610724972484382,0.007098509007171119,0.015204064548015594,0.0,0.009046304524716237,0.0070985090580625125,0.007098509007171119,0.0070985090580625125,HOLD,LOW,HIGH,Volatile,0.070494615116075,24.967857360839844,0,0,2,ConfidenceWeight
2025-04-22,-0.0010871445662088183,0.003894453314356799,0.015132357366383076,0.0,0.007737859138409394,0.0038944534260463137,0.003894453314356799,0.0038944534260463137,HOLD,LOW,HIGH,Volatile,0.0660551056497006,24.753570556640625,0,0,2,ConfidenceWeight
2025-04-23,0.0029445416268287106,0.0015680919498301598,0.015286963433027267,0.0,0.009126932340478459,0.00294454227127317,0.0015680919498301598,0.00294454227127317,HOLD,LOW,HIGH,Volatile,0.06677287509893877,23.87928662981306,0,0,2,ConfidenceWeight
2025-04-24,0.00207799479235294,0.0032927989447924496,0.014644363895058632,0.0,0.008642475536467202,0.0032927996785393804,0.0032927989447924496,0.0032927996785393804,HOLD,LOW,HIGH,Volatile,0.06627417389534139,23.100001743861608,0,0,2,ConfidenceWeight
2025-04-25,0.0014559124347832194,-0.0060595929148229725,0.012669723480939865,0.0,0.006426630333142299,0.0014559124786462244,-0.0060595929148229725,0.0014559124786462244,HOLD,LOW,HIGH,Volatile,0.06966277231690954,22.818572998046875,0,0,2,ConfidenceWeight
2025-04-28,0.003264282111266595,-0.009000978131230802,0.009572360664606094,0.0,0.005231219659330922,0.003264282034307756,-0.009000978131230802,0.003264282034307756,HOLD,LOW,HIGH,Volatile,0.06909183032022903,21.724999564034597,0,0,2,ConfidenceWeight
2025-04-29,0.00015882296369223504,-0.004008130745373205,0.005718904547393322,0.0,0.0025779719601081406,0.0001588230237717715,-0.004008130745373205,0.0001588230237717715,HOLD,LOW,HIGH,Volatile,0.06901128206265661,20.382857186453684,0,0,2,ConfidenceWeight
2025-04-30,0.0014715075813428343,0.012716145653025417,0.0019889078103005886,0.0,0.002896726628613658,0.0019889096423952248,0.012716145653025417,0.0019889096423952248,HOLD,LOW,HIGH,Volatile,0.06921241226994704,18.127142769949778,0,0,2,ConfidenceWeight
2025-05-01,-0.0003057784056504654,-0.009893419995730277,-0.0004666377790272236,0.0,-0.00137735130278842,-0.00046664381323969725,-0.009893419995730277,-0.00046664381323969725,HOLD,LOW,HIGH,Volatile,0.06824037452207375,16.569284711565295,0,0,2,ConfidenceWeight
2025-05-02,0.001002792882845624,-0.0018718793882154102,-0.0012324200943112373,0.0,-0.00043913257450305283,-0.0012324189823497995,-0.0018718793882154102,-0.0012324189823497995,HOLD,LOW,HIGH,Volatile,0.06712454405928754,16.46857125418528,0,0,2,ConfidenceWeight
2025-05-05,0.0015849731655733057,-0.005458288057670877,-0.0006748675368726254,0.0,-0.0002996406794958514,-0.0006748677700223801,-0.005458288057670877,-0.0006748677700223801,HOLD,LOW,HIGH,Volatile,0.06203544838885368,16.25000000000001,0,0,2,ConfidenceWeight
2025-05-06,-3.904961834563607e-05,0.004080883670792671,0.0004941885708831251,0.0,0.000659236813136304,0.0004941901605582093,0.004080883670792671,0.0004941901605582093,HOLD,LOW,HIGH,Volatile,0.06182438586893783,16.085714067731598,0,0,2,ConfidenceWeight
2025-05-07,0.0005781681050367172,0.0122931221046844,0.001715474994853139,0.0,0.0023695563790006834,0.0017154757780587255,0.0122931221046844,0.0017154757780587255,HOLD,LOW,HIGH,Volatile,0.06029822077310314,15.135714939662398,0,0,2,ConfidenceWeight
2025-05-08,0.0011040186046114757,0.01177349789932512,0.002726608421653509,0.0,0.003036210873059402,0.0027266089266827355,0.01177349789932512,0.0027266089266827355,HOLD,LOW,HIGH,Volatile,0.04006831094776716,15.629999433244986,0,0,2,ConfidenceWeight
2025-05-09,0.0017166623008450228,0.008639647703255952,0.0034176004119217396,0.0,0.003302479362677728,0.003417600807719722,0.008639647703255952,0.003417600807719722,HOLD,LOW,HIGH,Volatile,0.03673187545933904,15.889999389648446,0,0,2,ConfidenceWeight
2025-05-12,0.0019267804555245399,0.008593170269910813,0.004068039357662201,0.0,0.0037117502151861837,0.004068039603350961,0.008593170269910813,0.004068039603350961,HOLD,LOW,HIGH,Volatile,0.038787899766193366,16.50856998988561,0,0,2,ConfidenceWeight
2025-05-13,0.002349145492868886,0.006919303627786763,0.004279055632650852,0.0,0.0038095517599097337,0.004279055771807688,0.006919303627786763,0.004279055771807688,HOLD,LOW,HIGH,Volatile,0.03951646346914163,16.459284101213736,0,0,2,ConfidenceWeight
2025-05-14,0.001693305474193089,0.004748963517420584,0.004461889620870352,0.0,0.0034272085040404753,0.004461886522478126,0.004748963517420584,0.004461886522478126,HOLD,LOW,HIGH,Volatile,0.03989201375726309,16.858568464006705,0,0,2,ConfidenceWeight
2025-05-15,0.001611407345290756,-0.0010299062186002112,0.004290650598704815,0.0,0.0027117806201232453,0.0016114073506424895,-0.0010299062186002112,0.0016114073506424895,HOLD,LOW,HIGH,Volatile,0.0374515578987823,15.831425258091526,0,0,2,ConfidenceWeight
2025-05-16,0.00012759848254245915,0.005093057410338093,0.004083074629306793,0.0,0.0026667106090422967,0.0040830738938338025,0.005093057410338093,0.0040830738938338025,HOLD,LOW,HIGH,Volatile,0.03720760379183877,14.892142159598222,0,0,2,ConfidenceWeight
2025-05-19,0.0015902420165957566,-0.0018854987055806122,0.0036806645803153515,0.0,0.002302809904593692,0.0015902418262237921,-0.0018854987055806122,0.0015902418262237921,HOLD,LOW,HIGH,Volatile,0.0339531322504867,15.089285714285722,0,0,2,ConfidenceWeight
2025-05-20,2.9693968127148776e-05,0.0015495075167851825,0.0032623307779431343,0.0,0.001842931436888906,0.0015495075907454576,0.0015495075167851825,0.0015495075907454576,HOLD,LOW,HIGH,Volatile,0.0336031743727989,14.52571323939733,0,0,2,ConfidenceWeight
2025-05-21,0.0012150926691711474,0.005886436934315431,0.0033249666448682547,0.0,0.0027781537208651595,0.003324966728285181,0.005886436934315431,0.003324966728285181,HOLD,LOW,HIGH,Volatile,0.03407724928422262,14.817855834960941,0,0,2,ConfidenceWeight
2025-05-22,3.939073818478298e-05,-0.005466652472041685,0.0036701716016978025,0.0,0.001331791633941004,3.939064446624273e-05,-0.005466652472041685,3.939064446624273e-05,HOLD,LOW,HIGH,Volatile,0.03377560727986457,14.88285391671317,0,0,2,ConfidenceWeight
2025-05-23,0.0016494988803320417,-0.006902308702930647,0.0033719358034431934,0.0,0.001649814348223361,0.001649498417339576,-0.006902308702930647,0.001649498417339576,HOLD,LOW,HIGH,Volatile,0.02824752646398065,14.679997035435267,0,0,2,ConfidenceWeight
2025-05-27,0.0006377078824273059,0.0018097776926930965,0.002611155854538083,0.0,0.0017698462951984077,0.0018097772996869712,0.0018097776926930965,0.0018097772996869712,HOLD,LOW,HIGH,Volatile,0.03106274923695401,15.78999764578683,0,0,2,ConfidenceWeight
2025-05-28,0.002978921779520681,0.007807692909164364,0.0017404071986675262,0.0,0.002842471946969074,0.0029789223786315802,0.007807692909164364,0.0029789223786315802,HOLD,LOW,HIGH,Volatile,0.031614262216878575,15.944996425083705,0,0,2,ConfidenceWeight
2025-05-29,-2.5518529426064927e-05,-0.011675544786913725,0.0010368822840973735,0.0,-0.0006830529887346239,-2.551938309986256e-05,-0.011675544786913725,-2.551938309986256e-05,HOLD,LOW,HIGH,Volatile,0.029890753427659608,15.811425345284599,0,0,2,ConfidenceWeight
2025-05-30,0.00116993637118647,-0.0024683961353059876,0.0006157464813441038,0.0,0.0005106002869064494,0.0006157450074252395,-0.0024683961353059876,0.0006157450074252395,HOLD,LOW,HIGH,Volatile,0.03139645247732241,15.537852696010049,0,0,2,ConfidenceWeight
2025-06-02,-0.00013846738509832744,-0.001717074743751071,0.0009162728674709797,0.0,0.00023913030556533318,-0.00013846769873666242,-0.001717074743751071,-0.00013846769873666242,HOLD,LOW,HIGH,Volatile,0.031591359180319474,14.876425606863844,0,0,2,ConfidenceWeight
2025-06-03,0.0008130880059896981,0.0006005133616496511,0.0008950739866122603,0.0,0.0008331674580016673,0.0008130807592213501,0.0006005133616496511,0.0008130807592213501,HOLD,LOW,HIGH,Volatile,0.030631237741212014,14.299281529017861,0,0,2,ConfidenceWeight
2025-06-04,0.0011225316284498841,-0.0011411667147528688,0.0007885093800723553,0.0,0.000717831487479763,0.0007885069217602834,-0.0011411667147528688,0.0007885069217602834,HOLD,LOW,HIGH,Volatile,0.03177531670552581,14.466426304408486,0,0,2,ConfidenceWeight
2025-06-05,-0.0002027077801512587,-0.0032272590848159,0.0011357595212757587,0.0,0.00017109839355345036,-0.00020270819575079113,-0.0032272590848159,-0.00020270819575079113,HOLD,LOW,HIGH,Volatile,0.048422877622148905,17.743569510323663,0,0,2,ConfidenceWeight
2025-06-06,-0.0034819878579346966,0.01945476586149565,0.005281132645905018,0.0,0.0033746952613374214,0.005281132689449995,0.01945476586149565,0.005281132689449995,HOLD,LOW,HIGH,Volatile,0.04860695087028303,18.565710885184156,0,0,2,ConfidenceWeight
2025-06-09,0.003008206943279446,-0.003233254451607902,0.006518582813441753,0.0,0.004163038641622386,0.0030082068187394337,-0.003233254451607902,0.0030082068187394337,HOLD,LOW,HIGH,Volatile,0.048532479559463076,19.377851213727684,0,0,2,ConfidenceWeight
2025-06-10,0.0019960831564841707,0.00518805975191619,0.006533682346343994,0.0,0.004650513488403031,0.005188059322957906,0.00518805975191619,0.005188059322957906,HOLD,LOW,HIGH,Volatile,0.04788504069493206,19.798566545758934,0,0,2,ConfidenceWeight
2025-06-11,0.002300726990309135,-0.007754763078114809,0.005733548663556576,0.0,0.0030223297783403356,0.002300726798601586,-0.007754763078114809,0.002300726798601586,HOLD,LOW,HIGH,Volatile,0.04659762430598,19.644995553152906,0,0,2,ConfidenceWeight
2025-06-12,0.000594991765514396,-0.009272004244597915,0.00503529654815793,0.0,0.0018522871075529472,0.0005949916417334504,-0.009272004244597915,0.0005949916417334504,HOLD,LOW,HIGH,Volatile,0.04578805858908345,19.63214111328125,0,0,2,ConfidenceWeight
2025-06-13,0.00023747625400754766,0.004477285026631932,0.004809613339602947,0.0,0.0030177079214603643,0.004477282271306644,0.004477285026631932,0.004477282271306644,HOLD,LOW,HIGH,Volatile,0.04601870198172367,20.326426914760045,0,0,2,ConfidenceWeight
2025-06-16,0.0016467793918703857,0.0045855183769199755,0.004683376289904118,0.0,0.0035059527949485554,0.004585508702708693,0.0045855183769199755,0.004585508702708693,HOLD,LOW,HIGH,Volatile,0.045822601651370864,19.0614253452846,0,0,2,ConfidenceWeight
2025-06-17,0.0011398636321238282,0.009009213538155914,0.004076375160366297,0.0,0.0034564380030711523,0.004076375298033771,0.009009213538155914,0.004076375298033771,HOLD,LOW,HIGH,Volatile,0.0463542977386197,19.439998081752236,0,0,2,ConfidenceWeight
2025-06-18,-0.0003480806092097873,-0.004963078838021196,0.0037816662807017565,0.0,0.0012919243203885892,-0.00034808063464722417,-0.004963078838021196,-0.00034808063464722417,HOLD,LOW,HIGH,Volatile,0.046572617301288546,19.59428405761719,0,0,2,ConfidenceWeight
2025-06-20,0.001719008763591583,0.0008317052644396228,0.0034387456253170967,0.0,0.002508679372557006,0.0017190093072585954,0.0008317052644396228,0.0017190093072585954,HOLD,LOW,HIGH,Volatile,0.04623599205914658,19.32214137486049,0,0,2,ConfidenceWeight
2025-06-23,0.0008037193960024136,0.0005724046745903519,0.0030086941551417112,0.0,0.0019097090921501312,0.0008037232289570792,0.0005724046745903519,0.0008037232289570792,HOLD,LOW,HIGH,Volatile,0.04950367709161275,20.799998692103795,0,0,2,ConfidenceWeight
2025-06-24,0.003306033716916218,-0.004292987825466211,0.002414335496723652,0.0,0.002065134470014414,0.002414334526823872,-0.004292987825466211,0.002414334526823872,HOLD,LOW,HIGH,Volatile,0.04980405596879915,21.022142682756698,0,0,2,ConfidenceWeight
2025-06-25,-0.00036787817395658945,0.0008738661841241444,0.0016976003535091877,0.0,0.0008186059924322065,0.000873865777103994,0.0008738661841241444,0.000873865777103994,HOLD,LOW,HIGH,Volatile,0.047902689917083484,21.331427437918528,0,0,2,ConfidenceWeight
2025-06-26,-4.244788916397198e-05,0.0024487571891625773,0.0013213689671829343,0.0,0.0009134023679954082,0.0013213688139102962,0.0024487571891625773,0.0013213688139102962,HOLD,LOW,HIGH,Volatile,0.04782629420957777,17.659999302455358,0,0,2,ConfidenceWeight
2025-06-27,0.0010323343591801906,0.0021841476288542157,0.00022243830608204007,0.0,0.0007361657365177871,0.001032334724173979,0.0021841476288542157,0.001032334724173979,HOLD,LOW,HIGH,Volatile,0.047782347335851946,17.01999991280692,0,0,2,ConfidenceWeight
2025-06-30,0.0007537862832547016,0.008453298698903685,-0.001004592515528202,0.0,0.0006471234085156369,0.0007537867214696644,0.008453298698903685,0.0007537867214696644,HOLD,LOW,HIGH,Volatile,0.04741632652244702,15.662857055664062,0,0,2,ConfidenceWeight
2025-07-01,0.00041269728792515795,0.001016317593650011,-0.001882623415440321,0.0,-0.0007011763307098802,0.00041269607201437753,0.001016317593650011,0.00041269607201437753,HOLD,LOW,HIGH,Volatile,0.04873547460096418,16.034286499023438,0,0,2,ConfidenceWeight
2025-07-02,-0.0005790573079671041,-0.002920349083131106,-0.001970008946955204,0.0,-0.001533345341864902,-0.0019700086148099647,-0.002920349083131106,-0.0019700086148099647,HOLD,LOW,HIGH,Volatile,0.05022837089188413,16.25714329310826,0,0,2,ConfidenceWeight
2025-07-03,0.002758237326930065,-0.005247547105058212,-0.0019124385435134172,0.0,-0.000461018414731262,-0.0019124384578629344,-0.005247547105058212,-0.0019124384578629344,HOLD,LOW,HIGH,Volatile,0.04966898602367946,15.54214259556362,0,0,2,ConfidenceWeight
2025-07-07,0.0005258489238357728,0.0025428552850262575,-0.0019192122854292393,0.0,-0.000518935909409863,0.0005258488371960632,0.0025428552850262575,0.0005258488371960632,HOLD,LOW,HIGH,Volatile,0.03854509715324233,16.03428649902344,0,0,2,ConfidenceWeight
2025-07-08,-0.0011554755389483842,-0.00027951440303159873,-0.0014180818106979132,0.0,-0.00119966601164876,-0.0011554728987396843,-0.00027951440303159873,-0.0011554728987396843,HOLD,LOW,HIGH,Volatile,0.037801286729097335,16.275000435965403,0,0,2,ConfidenceWeight
2025-07-09,0.0018191805946154854,0.003558894995647815,-0.0005775984609499574,0.0,0.0007705281722625889,0.0018191804373472484,0.003558894995647815,0.0018191804373472484,HOLD,LOW,HIGH,Volatile,0.03636423393594141,15.718571254185267,0,0,2,ConfidenceWeight
2025-07-10,0.0006151376095343276,0.0035975049673774746,-2.526876050978899e-05,0.0,0.0005946737375997173,0.0006151388311026526,0.0035975049673774746,0.0006151388311026526,HOLD,LOW,HIGH,Volatile,0.035667391642224655,15.770714896065849,0,0,2,ConfidenceWeight
2025-07-11,0.002346088951254234,0.007125106786845612,8.261820767074823e-05,0.0,0.00167930690925109,0.0023460891835031363,0.007125106786845612,0.0023460891835031363,HOLD,LOW,HIGH,Volatile,0.03580282594447305,15.332144601004464,0,0,2,ConfidenceWeight
2025-07-14,0.0009276722507477546,-0.0027553741786392628,-4.761829040944576e-05,0.0,4.794630746449049e-05,-4.761894460992282e-05,-0.0027553741786392628,-4.761894460992282e-05,HOLD,LOW,HIGH,Volatile,0.0355671604187517,13.514286586216517,0,0,2,ConfidenceWeight
2025-07-15,0.0011636413535421424,-0.0007149339634244201,0.00014521705452352762,0.0,0.00044797853469969373,0.0001452172344288294,-0.0007149339634244201,0.0001452172344288294,HOLD,LOW,HIGH,Volatile,0.035499044729489206,13.148572649274554,0,0,2,ConfidenceWeight
2025-07-16,0.0002609715826666192,0.00870179276134318,0.0006004343158565462,0.0,0.0013057466418033657,0.0006004371210292097,0.00870179276134318,0.0006004371210292097,HOLD,LOW,HIGH,Volatile,0.036325621557105,12.442858014787946,0,0,2,ConfidenceWeight
2025-07-17,0.002088150305227596,0.0015592983816125024,0.0004726542392745614,0.0,0.0012057906283540745,0.0015592974164201606,0.0015592983816125024,0.0015592974164201606,HOLD,LOW,HIGH,Volatile,0.03522437772850562,12.431429181780137,0,0,2,ConfidenceWeight
2025-07-18,0.0004533205973221158,0.003035074139565434,0.00021468359045684338,0.0,0.0005973970259430788,0.0004533243659311536,0.003035074139565434,0.0004533243659311536,HOLD,LOW,HIGH,Volatile,0.035709863961838756,12.406428745814736,0,0,2,ConfidenceWeight
2025-07-21,0.0019172902297928721,0.011015299802973862,-0.0002592788077890873,0.0,0.001740623367128833,0.0019172905789197926,0.011015299802973862,0.0019172905789197926,HOLD,LOW,HIGH,Volatile,0.03572502755018428,12.559286934988844,0,0,2,ConfidenceWeight
2025-07-22,0.0005812247813157363,-0.0036993799076238325,-0.0005874937633052468,0.0,-0.00045926532080487435,-0.0005874942963395426,-0.0036993799076238325,-0.0005874942963395426,HOLD,LOW,HIGH,Volatile,0.030789605748688314,11.802858625139512,0,0,2,ConfidenceWeight
2025-07-23,0.0012775654555835215,-0.0060816749636901715,-0.0009298122022300959,0.0,-0.0006127649631642376,-0.0009298124608170388,-0.0060816749636901715,-0.0009298124608170388,HOLD,LOW,HIGH,Volatile,0.03038089546614675,11.189287458147325,0,0,2,ConfidenceWeight
2025-07-24,0.0008493848276137435,-0.001139852299425573,-0.0013649417087435722,0.0,-0.0004904887833484877,-0.001139848398065404,-0.001139852299425573,-0.001139848398065404,HOLD,LOW,HIGH,Volatile,0.034894687252442255,13.079286847795759,0,0,2,ConfidenceWeight
2025-07-25,-0.0015850736061911955,0.0002062317806538675,-0.0011338377371430397,0.0,-0.0011690481462674055,-0.001133836275901814,0.0002062317806538675,-0.001133836275901814,HOLD,LOW,HIGH,Volatile,0.035914425691510904,12.490001133510045,0,0,2,ConfidenceWeight
2025-07-28,0.002594460297783983,-0.0032640428104900713,-0.0007867177482694387,0.0,0.0002574906488998132,-0.0007867176405139196,-0.0032640428104900713,-0.0007867176405139196,HOLD,LOW,HIGH,Volatile,0.036555494553286966,12.825001307896205,0,0,2,ConfidenceWeight
2025-07-29,0.0014618685592929848,-0.0046743892677628554,-0.0007519155042245984,0.0,-0.00030557076960620886,-0.0007519157007209029,-0.0046743892677628554,-0.0007519157007209029,HOLD,LOW,HIGH,Volatile,0.03643527935568792,12.925000871930804,0,0,2,ConfidenceWeight
2025-07-30,0.0002782558421681086,-0.003556186860224403,-0.0007427339442074299,0.0,-0.0006405063064789666,-0.000742734566551872,-0.003556186860224403,-0.000742734566551872,HOLD,LOW,HIGH,Volatile,0.03409951657135693,12.798573085239955,0,0,2,ConfidenceWeight
2025-07-31,0.0008201917292771253,0.00875376949586698,-0.0004908600822091103,0.0,0.0009668925710762276,0.0008201923648469877,0.00875376949586698,0.0008201923648469877,HOLD,LOW,HIGH,Volatile,0.033299321874716126,13.286429268973214,0,0,2,ConfidenceWeight
2025-08-01,-4.371039045231184e-05,0.002318945599847644,0.0002651192480698228,0.0,0.00035829012474237863,0.00026512197884810944,0.002318945599847644,0.00026512197884810944,HOLD,LOW,HIGH,Volatile,0.03352244560574973,13.397857666015621,0,0,2,ConfidenceWeight
2025-08-04,0.0006419800699804584,0.01414892638513041,0.0007062548538669944,0.0,0.0020684123968345977,0.0007062698681999319,0.01414892638513041,0.0007062698681999319,HOLD,LOW,HIGH,Volatile,0.029765339514653565,13.311427525111602,0,0,2,ConfidenceWeight
2025-08-05,0.0016698181559391845,0.0073379270758802805,0.0005334332818165421,0.0,0.0016722943302137391,0.0016698188580133709,0.0073379270758802805,0.0016698188580133709,HOLD,LOW,HIGH,Volatile,0.029673523788156547,12.899285452706469,0,0,2,ConfidenceWeight
2025-08-06,0.0006719017181318115,0.001792161698614404,0.00011854234617203474,0.0,0.0005039300945929834,0.0006719026277100021,0.001792161698614404,0.0006719026277100021,HOLD,LOW,HIGH,Volatile,0.030534830216759824,13.346429007393965,0,0,2,ConfidenceWeight
2025-08-07,0.0019515390833969816,0.0002011679383127187,-0.0004206638550385833,0.0,0.0005554113529941675,0.00020116897065450477,0.0002011679383127187,0.00020116897065450477,HOLD,LOW,HIGH,Volatile,0.028894291410182786,12.971429007393965,0,0,2,ConfidenceWeight
2025-08-08,0.0008247787265574123,-0.0021254928395708327,-0.0011021767277270555,0.0,-0.00046699156238047914,-0.0011021762708331448,-0.0021254928395708327,-0.0011021762708331448,HOLD,LOW,HIGH,Volatile,0.029190805875594698,13.189285278320304,0,0,2,ConfidenceWeight
2025-08-11,0.0015052499547934329,-0.0006462319565681134,-0.0014711811672896147,0.0,-0.0002418733494875566,-0.0006462312116678309,-0.0006462319565681134,-0.0006462312116678309,HOLD,LOW,HIGH,Volatile,0.02969996249071015,13.412857055664054,0,0,2,ConfidenceWeight
2025-08-12,0.00153088112085177,-0.0031424972079278834,-0.0017649426590651274,0.0,-0.0006400839745022129,-0.001764942237423643,-0.0031424972079278834,-0.001764942237423643,HOLD,LOW,HIGH,Volatile,0.029208268960507797,13.755000523158474,0,0,2,ConfidenceWeight
2025-08-13,0.0008331692106047918,0.005073513032360786,-0.001997863408178091,0.0,-0.000180012424100856,0.0008331693278646873,0.005073513032360786,0.0008331693278646873,HOLD,LOW,HIGH,Volatile,0.028399582505219793,12.228572300502227,0,0,2,ConfidenceWeight
2025-08-14,0.0007388327510588074,-0.002086384542955874,-0.002179706236347556,0.0,-0.0010481345221863836,-0.002086374405831556,-0.002086384542955874,-0.002086374405831556,HOLD,LOW,HIGH,Volatile,0.0284909419136538,11.638571602957585,0,0,2,ConfidenceWeight
2025-08-15,0.0006093467344862971,0.006122423677587265,-0.002308913739398122,0.0,-0.00031722493301649735,0.000609346895600381,0.006122423677587265,0.000609346895600381,HOLD,LOW,HIGH,Volatile,0.027886894632100295,11.458572387695309,0,0,2,ConfidenceWeight
2025-08-18,0.0005537855567492115,0.004024244897990489,-0.0020397580228745937,0.0,-0.00041713214639457134,0.0005537856540446388,0.004024244897990489,0.0005537856540446388,HOLD,LOW,HIGH,Volatile,0.028036289747883514,11.364286150251113,0,0,2,ConfidenceWeight
2025-08-19,0.0014201791682686886,0.004977323117024609,-0.0021956346463412046,0.0,-6.561829206941025e-05,0.0014201791637122726,0.004977323117024609,0.0014201791637122726,HOLD,LOW,HIGH,Volatile,0.028229508735337926,11.354997907366068,0,0,2,ConfidenceWeight
2025-08-20,0.0002758587616198939,-0.0026362714324475243,-0.0018920865841209888,0.0,-0.0011354624888216215,-0.0018920857048110426,-0.0026362714324475243,-0.0018920857048110426,HOLD,LOW,HIGH,Volatile,0.02845359077389848,11.462140764508925,0,0,2,ConfidenceWeight
2025-08-21,0.000567444315265784,-0.006328705440278327,-0.0014276271685957909,0.0,-0.001166321432947739,-0.0014276274653755186,-0.006328705440278327,-0.0014276274653755186,HOLD,LOW,MEDIUM,Volatile,0.020684449547547515,11.08571297781808,0,0,1,ConfidenceWeight
2025-08-22,0.0006872210742585146,-0.0017547297090225343,-0.00134469592012465,0.0,-0.0006058897925505586,-0.001344693984799065,-0.0017547297090225343,-0.001344693984799065,HOLD,LOW,MEDIUM,Volatile,0.02340953931259426,11.876427786690849,0,0,1,ConfidenceWeight
2025-08-25,0.002716220171017333,-0.00367797302590946,-0.00150846759788692,0.0,-0.0001082400432782008,-0.001508467373968758,-0.00367797302590946,-0.001508467373968758,HOLD,LOW,MEDIUM,Volatile,0.022906417137812763,12.415712629045759,0,0,1,ConfidenceWeight
2025-08-26,0.0009107268480076171,-0.0074543296023861436,-0.0016996031627058983,0.0,-0.001289849910737257,-0.0016996033717961046,-0.0074543296023861436,-0.0016996033717961046,HOLD,LOW,MEDIUM,Volatile,0.02268875772768828,12.032854352678571,0,0,1,ConfidenceWeight
2025-08-27,0.0011511508415845261,0.0015585313203177278,-0.0019064981024712324,0.0,-0.000373594305889685,0.0011511487257023182,0.0015585313203177278,0.0011511487257023182,HOLD,LOW,MEDIUM,Volatile,0.022667452743559434,12.032141549246651,0,0,1,ConfidenceWeight
2025-08-28,0.0005926103686702798,0.0017469186460109096,-0.0018696885090321302,0.0,-0.0005500108802688997,0.0005926099096437764,0.0017469186460109096,0.0005926099096437764,HOLD,LOW,MEDIUM,Volatile,0.021081264114166606,11.969284057617188,0,0,1,ConfidenceWeight
2025-08-29,0.0006413792379470353,0.003379010135389775,-0.0014333869330585003,0.0,-0.00013931613669024214,0.0006413793544522405,0.003379010135389775,0.0006413793544522405,HOLD,LOW,MEDIUM,Volatile,0.02242627584211717,11.973567417689733,0,0,1,ConfidenceWeight
2025-09-02,-4.830829007062599e-05,-0.002413927510785009,-0.0003705054987221956,0.0,-0.0004574642138099676,-0.0003705080943717338,-0.002413927510785009,-0.0003705080943717338,HOLD,LOW,MEDIUM,Volatile,0.022425837397322883,11.684280395507812,0,0,1,ConfidenceWeight
2025-09-03,0.0008029191545789919,-0.0015539142943209083,3.193959128111601e-05,0.0,0.00016470845790926504,3.19389273661804e-05,-0.0015539142943209083,3.19389273661804e-05,HOLD,LOW,MEDIUM,Volatile,0.022527303749921537,11.972850254603795,0,0,1,ConfidenceWeight
2025-09-04,0.0014052339611945353,0.004537507179523697,0.0002794467145577073,0.0,0.0011515210252205396,0.0014052345288335267,0.004537507179523697,0.0014052345288335267,HOLD,LOW,MEDIUM,Volatile,0.021399122830949968,11.782849993024554,0,0,1,ConfidenceWeight
2025-09-05,0.0011391570844157656,0.00021908791092532229,-0.00016181031242012978,0.0,0.00037760401613548664,0.00021908943807238368,0.00021908791092532229,0.00021908943807238368,HOLD,LOW,MEDIUM,Volatile,0.022619889636057443,12.144278390066964,0,0,1,ConfidenceWeight
2025-09-08,0.0018005194941531867,0.00027797135366457247,-0.0007688318146392703,0.0,0.00032687494817366155,0.00027797165120045284,0.00027797135366457247,0.00027797165120045284,HOLD,LOW,MEDIUM,Volatile,0.02248860351264438,12.638565063476562,0,0,1,ConfidenceWeight
2025-09-09,0.00021265712534311164,-0.006022741499380828,-0.0009288305882364511,0.0,-0.0010155535869075956,-0.0009288312665182834,-0.006022741499380828,-0.0009288312665182834,HOLD,LOW,MEDIUM,Volatile,0.021667993399619997,12.227850777762276,0,0,1,ConfidenceWeight
2025-09-10,0.0010520525799545407,0.001433786513588014,-0.001379313413053751,0.0,-0.0001544239746209316,0.0010520503849332826,0.001433786513588014,0.0010520503849332826,HOLD,LOW,MEDIUM,Volatile,0.021648119493596747,11.762850080217634,0,0,1,ConfidenceWeight
2025-09-11,0.0009349835143948288,0.0019956356064031217,-0.001736082835122943,0.0,-0.000324274974043826,0.0009349829474550636,0.0019956356064031217,0.0009349829474550636,HOLD,LOW,HIGH,Volatile,0.025135422319816646,12.846420288085938,0,0,2,ConfidenceWeight
2025-09-12,0.00255096859684675,-0.005119734464896829,-0.0022673325147479773,0.0,-0.0007093620139685666,-0.002267332371867803,-0.005119734464896829,-0.002267332371867803,HOLD,LOW,HIGH,Volatile,0.02892223432010598,13.369277954101566,0,0,2,ConfidenceWeight
2025-09-15,0.0024141075432640973,-0.007623720075631576,-0.002696053124964237,0.0,-0.0012399889367016056,-0.0026960531177227815,-0.007623720075631576,-0.0026960531177227815,HOLD,LOW,HIGH,Volatile,0.028962130847497825,14.45927865164621,0,0,2,ConfidenceWeight
2025-09-16,0.0012878437748867746,-0.017588633332881732,-0.0023915378842502832,0.0,-0.0025449792476640153,-0.002391538090094042,-0.017588633332881732,-0.002391538090094042,HOLD,LOW,HIGH,Volatile,0.029208663352063242,14.818564278738844,0,0,2,ConfidenceWeight
2025-09-17,0.0013963143626572027,-0.008242110598579636,-0.0024655607994645834,0.0,-0.0015769404572413715,-0.002465560885218321,-0.008242110598579636,-0.002465560885218321,HOLD,LOW,HIGH,Volatile,0.028403079535462984,15.704990931919648,0,0,2,ConfidenceWeight
2025-09-18,0.0009370241507861998,-0.009049653403165832,-0.0024875993840396404,0.0,-0.0018481068008407752,-0.0024875995235272372,-0.009049653403165832,-0.0024875995235272372,HOLD,LOW,HIGH,Volatile,0.028684863495745574,15.874278477260049,0,0,2,ConfidenceWeight
2025-09-19,0.00022829117527770645,0.006810322664317477,-0.0019499578047543764,0.0,-0.000208807275209848,0.00022829148205831255,0.006810322664317477,0.00022829148205831255,HOLD,LOW,HIGH,Volatile,0.02816135786941466,15.55785042898996,0,0,2,ConfidenceWeight
2025-09-22,0.0018107291109361258,-0.0035294838246842804,-0.0019122811499983072,0.0,-0.0006479278170254568,-0.0019122808008659729,-0.0035294838246842804,-0.0019122808008659729,HOLD,LOW,HIGH,Volatile,0.02604319923865803,16.31785147530692,0,0,2,ConfidenceWeight
2025-09-23,0.0013710195476540556,-0.006549090211551886,-0.0018002858851104975,0.0,-0.0010711027347587807,-0.0018002859897486526,-0.006549090211551886,-0.0018002859897486526,HOLD,LOW,HIGH,Volatile,0.026917437727076023,16.491424560546875,0,0,2,ConfidenceWeight
2025-09-24,0.00021838004884477762,-0.0011650648156799812,-0.0012373875360935926,0.0,-0.0006703003736029565,-0.0011650520825103343,-0.0011650648156799812,-0.0011650520825103343,HOLD,LOW,HIGH,Volatile,0.02766624208690341,17.273566109793528,0,0,2,ConfidenceWeight
2025-09-25,0.002327734380680251,-0.003082966039018497,-0.001162974163889885,0.0,-1.9160619439228914e-05,-0.0011629739299070367,-0.003082966039018497,-0.0011629739299070367,HOLD,LOW,HIGH,Volatile,0.03020624141443885,17.728567940848215,0,0,2,ConfidenceWeight
2025-09-26,-0.0007359973562408877,-0.00977035686785422,-0.0006956391735002398,0.0,-0.0016473825652288513,-0.0007360208538276242,-0.00977035686785422,-0.0007360208538276242,HOLD,LOW,HIGH,Volatile,0.03052304925824706,18.14642551967076,0,0,2,ConfidenceWeight
2025-09-29,0.0025458897588353227,-0.004496720627529392,-0.000582405598834157,0.0,0.00021633700006251644,-0.0005824056629507613,-0.004496720627529392,-0.0005824056629507613,HOLD,LOW,HIGH,Volatile,0.028443020886612044,18.469999040876115,0,0,2,ConfidenceWeight
2025-09-30,0.0008374321434945516,-0.0032438626651689457,-0.0006760252872481942,0.0,-0.0003591435045340899,-0.0006760255579853524,-0.0032438626651689457,-0.0006760255579853524,HOLD,LOW,HIGH,Volatile,0.02781670195869968,18.58571515764509,0,0,2,ConfidenceWeight
2025-10-01,0.0010293512867868113,-0.00025486420755475755,-0.0009372676722705364,0.0,-0.00011085781209138916,-0.00025486352390223353,-0.00025486420755475755,-0.00025486352390223353,HOLD,LOW,HIGH,Volatile,0.0280916691624156,18.596431187220983,0,0,2,ConfidenceWeight
2025-10-02,0.0019457470635410134,-0.003149494641675692,-0.001108711352571845,0.0,-0.00014506286250700554,-0.0011087111902196847,-0.003149494641675692,-0.0011087111902196847,HOLD,LOW,HIGH,Volatile,0.03198814371984854,19.117858886718743,0,0,2,ConfidenceWeight
2025-10-03,-0.0009150362142703744,-0.005178180552645732,0.0004175942740403116,0.0,-0.0006720052077691439,-0.0009150367290828705,-0.005178180552645732,-0.0009150367290828705,HOLD,LOW,HIGH,Volatile,0.032043157266125354,19.148572649274545,0,0,2,ConfidenceWeight
2025-10-06,0.0009437612055546865,0.005633228643588118,0.0016069089761003852,0.0,0.0017673730151821286,0.0016069102312837099,0.005633228643588118,0.0016069102312837099,HOLD,LOW,HIGH,Volatile,0.03293429937391647,19.89928763253348,0,0,2,ConfidenceWeight
2025-10-07,0.002704219080848836,0.003938392768384733,0.0012633149744942784,0.0,0.0020932117786354883,0.002704218964947708,0.003938392768384733,0.002704218964947708,HOLD,LOW,HIGH,Volatile,0.03541660962950825,20.05357360839843,0,0,2,ConfidenceWeight
2025-10-08,-0.0008648375325581274,-0.01494996008628267,0.0013552719028666615,0.0,-0.0011803751826326104,-0.0008648379115941623,-0.01494996008628267,-0.0008648379115941623,HOLD,LOW,HIGH,Volatile,0.03535822127573685,20.085000174386153,0,0,2,ConfidenceWeight
2025-10-09,0.0017331186467906003,-0.005925373587999824,0.0008970769122242928,0.0,0.0005146028895451271,0.0008970758654980589,-0.005925373587999824,0.0008970758654980589,HOLD,LOW,HIGH,Volatile,0.033775558836195534,20.077144077845976,0,0,2,ConfidenceWeight
2025-10-10,0.0006265405565801148,0.005194767539441365,6.451457738876343e-05,0.0,0.0008098511301445945,0.0006265421107411829,0.005194767539441365,0.0006265421107411829,HOLD,LOW,HIGH,Volatile,0.032947033162863903,20.989286150251107,0,0,2,ConfidenceWeight
2025-10-13,-0.000582676216717223,-0.008717527804475395,0.0008474586647935212,0.0,-0.0006891227414070682,-0.0005826767920778675,-0.008717527804475395,-0.0005826767920778675,HOLD,LOW,HIGH,Volatile,0.03409962501503548,21.42857360839843,0,0,2,ConfidenceWeight
2025-10-14,0.003004597075974131,-0.004978429639031649,0.0005269754328764975,0.0,0.0009114351956998664,0.0005269752111628632,-0.004978429639031649,0.0005269752111628632,HOLD,LOW,HIGH,Volatile,0.03381476673032702,21.405718122209812,0,0,2,ConfidenceWeight
2025-10-15,5.8371046502133945e-05,0.002733983765296237,4.9496651627123356e-05,0.0,0.0003298638060375917,5.846263532056245e-05,0.002733983765296237,5.846263532056245e-05,HOLD,LOW,HIGH,Volatile,0.03387667863929663,20.725003923688607,0,0,2,ConfidenceWeight
2025-10-16,0.001522332685103264,0.003971640853986987,-0.0005479861283674836,0.0,0.0007141702398135383,0.001522332759709068,0.003971640853986987,0.001522332759709068,HOLD,LOW,HIGH,Volatile,0.03367873264062779,20.62428937639508,0,0,2,ConfidenceWeight
2025-10-17,0.00045184749698822045,0.002419385786175086,-0.0007820007158443332,0.0,2.25984347090824e-05,0.00045184779841599094,0.002419385786175086,0.00045184779841599094,HOLD,LOW,HIGH,Volatile,0.03376160630375327,21.08000183105468,0,0,2,ConfidenceWeight
2025-10-20,0.0017545505985873673,-0.0014733238752923771,-0.0012463750317692757,0.0,-0.00011617423945217025,-0.0012463709969840365,-0.0014733238752923771,-0.0012463709969840365,HOLD,LOW,HIGH,Volatile,0.033745341410492735,20.980715070452003,0,0,2,ConfidenceWeight
2025-10-21,0.001279732615074657,0.00015395787043128253,-0.0020006566774100065,0.0,-0.0005173212081785819,0.0001539574474189384,0.00015395787043128253,0.0001539574474189384,HOLD,LOW,HIGH,Volatile,0.03351874311326991,19.960000174386156,0,0,2,ConfidenceWeight
2025-10-22,0.0005351257689396245,-0.003548634110211179,-0.002546499716117978,0.0,-0.0014652513753171692,-0.0025464990445287295,-0.003548634110211179,-0.0025464990445287295,HOLD,LOW,HIGH,Volatile,0.03241461894868859,18.628572736467635,0,0,2,ConfidenceWeight
2025-10-23,0.0008300756511510133,0.004494852338389266,-0.002779842121526599,0.0,-0.0006415962556925354,0.0008300756552931548,0.004494852338389266,0.0008300756552931548,HOLD,LOW,HIGH,Volatile,0.03103154262072503,19.007858276367188,0,0,2,ConfidenceWeight
2025-10-24,0.0016485080119788033,0.000993388495262557,-0.0028658218216151,0.0,-0.0007322740069798232,0.000993387232455029,0.000993388495262557,0.000993387232455029,HOLD,LOW,HIGH,Volatile,0.030865471285734632,18.849999564034597,0,0,2,ConfidenceWeight
2025-10-27,-0.0001553836908054528,-0.0018662516719204316,-0.002270987257361412,0.0,-0.001415951480411432,-0.0018662497971341676,-0.0018662516719204316,-0.0018662497971341676,HOLD,LOW,HIGH,Volatile,0.032308368401609396,19.25285775320871,0,0,2,ConfidenceWeight
2025-10-28,0.0023994920475188452,0.00183805326405319,-0.0021152044646441936,0.0,2.818707926978631e-05,0.00183805174206483,0.00183805326405319,0.00183805174206483,HOLD,LOW,HIGH,Volatile,0.032524006067599864,19.202859061104913,0,0,2,ConfidenceWeight
2025-10-29,0.0011232169100700547,0.00242534579238375,-0.0022683239076286554,0.0,-0.00048030800239114786,0.0011232164379520327,0.00242534579238375,0.0011232164379520327,HOLD,LOW,HIGH,Volatile,0.03170564070056612,19.24143110002791,0,0,2,ConfidenceWeight
2025-10-30,0.0008982543121686199,0.004333881400097412,-0.0024791574105620384,0.0,-0.00047791996459459164,0.0008982543171797743,0.004333881400097412,0.0008982543171797743,HOLD,LOW,HIGH,Volatile,0.03129315051814378,18.542861938476573,0,0,2,ConfidenceWeight
2025-10-31,-0.0003479249709609138,-0.008733112109291707,-0.0021126081701368093,0.0,-0.002117259530346985,-0.002112608585168996,-0.008733112109291707,-0.002112608585168996,HOLD,LOW,HIGH,Volatile,0.03209643727542761,18.150002615792424,0,0,2,ConfidenceWeight
2025-11-03,0.002343749630827947,0.0006487496874805427,-0.002010664204135537,0.0,-6.237295913691853e-05,0.0006487494739454135,0.0006487496874805427,0.0006487494739454135,HOLD,LOW,HIGH,Volatile,0.03038270528310192,18.30928911481586,0,0,2,ConfidenceWeight
2025-11-04,0.001375715193734581,-0.001269095712538104,-0.00201847474090755,0.0,-0.0006363687101388015,-0.0012690947594645608,-0.001269095712538104,-0.0012690947594645608,HOLD,LOW,HIGH,Volatile,0.031020673589791766,19.06571524483818,0,0,2,ConfidenceWeight
2025-11-05,-0.0006692680973447872,-0.01102012222741524,-0.001306760124862194,0.0,-0.002063812817763625,-0.0013067615856738103,-0.01102012222741524,-0.0013067615856738103,HOLD,LOW,HIGH,Volatile,0.03208616537188729,19.60714285714287,0,0,2,ConfidenceWeight
2025-11-06,0.002460274110652798,-0.0016558340574669395,-0.0008249669335782528,0.0,0.00035222469568320066,-0.0008249660371126798,-0.0016558340574669395,-0.0008249660371126798,HOLD,LOW,HIGH,Volatile,0.03315308346639519,20.642859322684167,0,0,2,ConfidenceWeight
2025-11-07,-0.0003233786957729471,0.004742567314987876,0.00028685724828392267,0.0,0.0005119613825401631,0.0002868586573112333,0.004742567314987876,0.0002868586573112333,HOLD,LOW,HIGH,Volatile,0.03207067012064151,21.610002790178584,0,0,2,ConfidenceWeight
2025-11-10,0.00022688500118848336,-0.006526167900475229,0.0010280535789206624,0.0,-5.9292331970292416e-05,0.00022688390415698275,-0.006526167900475229,0.00022688390415698275,HOLD,LOW,HIGH,Volatile,0.030861917427263085,22.53143310546876,0,0,2,ConfidenceWeight
2025-11-11,0.002235549244242692,0.007261194593344444,0.0009434201056137681,0.0,0.002091938003956788,0.0022355498180629246,0.007261194593344444,0.0022355498180629246,HOLD,LOW,HIGH,Volatile,0.03079158514408656,22.26929146902903,0,0,2,ConfidenceWeight
2025-11-12,0.0003366809099464215,0.0037148612663430885,0.00044229021295905113,0.0,0.0007393195718560037,0.0004422992004778898,0.0037148612663430885,0.0004422992004778898,HOLD,LOW,HIGH,Volatile,0.031017923299965135,20.860004970005594,0,0,2,ConfidenceWeight
2025-11-13,0.0005069661570501756,-0.005003457072876956,0.00038126856088638306,0.0,-0.00012594719033336176,0.0003812609155158262,-0.005003457072876956,0.0003812609155158262,HOLD,LOW,HIGH,Volatile,0.034477552762744265,21.770721435546882,0,0,2,ConfidenceWeight
2025-11-14,-0.0006733180471093742,-0.002393240602214986,0.00123183848336339,0.0,0.00012546329577483748,-0.0006733179907039559,-0.002393240602214986,-0.0006733179907039559,HOLD,LOW,HIGH,Volatile,0.033943785038630714,21.982864379882823,0,0,2,ConfidenceWeight
2025-11-17,0.0016438461605974373,-0.0055684701918169745,0.0017081014811992645,0.0,0.0009326843599769064,0.0016438312060519445,-0.0055684701918169745,0.0016438312060519445,HOLD,LOW,HIGH,Volatile,0.03373357429969467,22.68429347446988,0,0,2,ConfidenceWeight
2025-11-18,0.0011721204169369143,0.006246987196908681,0.0019807200878858566,0.0,0.0021100246751267447,0.0019807210872536114,0.006246987196908681,0.0019807210872536114,HOLD,LOW,HIGH,Volatile,0.03386183876588024,22.83857945033483,0,0,2,ConfidenceWeight
2025-11-19,0.0003649988084099186,0.0025468761349988355,0.0017216482665389776,0.0,0.0012852633959791618,0.0017216477937068218,0.0025468761349988355,0.0017216477937068218,HOLD,LOW,HIGH,Volatile,0.033950864210502675,22.222863333565858,0,0,2,ConfidenceWeight
2025-11-20,0.0012726248157537666,0.00810730134713186,0.0011875679483637214,0.0,0.0019341669706422105,0.0012726361562475036,0.00810730134713186,0.0012726361562475036,HOLD,LOW,HIGH,Volatile,0.03356424251463179,23.38715035574778,0,0,2,ConfidenceWeight
2025-11-21,0.00031574065686420236,-0.008034920623691353,0.0019923110958188772,0.0,0.0003133056644759393,0.000315740180841458,-0.008034920623691353,0.000315740180841458,HOLD,LOW,HIGH,Volatile,0.032925358438646087,23.29929024832591,0,0,2,ConfidenceWeight
2025-11-24,0.0008482880412724289,0.006954652113998547,0.002132846973836422,0.0,0.002136497719547171,0.0021328475437984453,0.006954652113998547,0.0021328475437984453,HOLD,LOW,HIGH,Volatile,0.035087790692445095,23.717862810407382,0,0,2,ConfidenceWeight
2025-11-25,0.002729854453681476,-0.00012423775910909657,0.0015054992400109768,0.0,0.0018080272538728397,0.0015054990374303058,-0.00012423775910909657,0.0015054990374303058,HOLD,LOW,HIGH,Volatile,0.03476909966892233,22.92572021484376,0,0,2,ConfidenceWeight
2025-11-26,0.0005084424532529467,-0.0030726838954599563,0.00046197371557354927,0.0,0.00011517037000187234,0.0004619533663520187,-0.0030726838954599563,0.0004619533663520187,HOLD,LOW,HIGH,Volatile,0.03507962470419584,21.332146780831486,0,0,2,ConfidenceWeight
2025-11-28,0.0013636267839893742,-0.0003091705767311787,-0.0007872709538787603,0.0,8.890156404846718e-05,-0.00030916909091873135,-0.0003091705767311787,-0.00030916909091873135,HOLD,LOW,HIGH,Volatile,0.03362213645613104,20.096431187220993,0,0,2,ConfidenceWeight
2025-12-01,0.0010204206647370072,0.003716534748672583,-0.002086224500089884,0.0,-0.00029330450799370947,0.0010204206157912973,0.003716534748672583,0.0010204206157912973,HOLD,LOW,HIGH,Volatile,0.03242698190823362,19.255000523158493,0,0,2,ConfidenceWeight
2025-12-02,0.0008759705111533914,-0.0003531146917013981,-0.003100733971223235,0.0,-0.0012885415780896988,-0.00035311514030627944,-0.0003531146917013981,-0.00035311514030627944,HOLD,LOW,HIGH,Volatile,0.031729075824497105,19.384283883231042,0,0,2,ConfidenceWeight
2025-12-03,0.0008894301981946457,-0.0015540959590941688,-0.003586630104109645,0.0,-0.0016562500759522139,-0.0015540958764911016,-0.0015540959590941688,-0.0015540958764911016,HOLD,LOW,HIGH,Volatile,0.03104397427060185,19.592143467494434,0,0,2,ConfidenceWeight
2025-12-04,0.0019922510762625527,-0.0022233318081186894,-0.004032551310956478,0.0,-0.0015298434833432104,-0.0022233314931070836,-0.0022233318081186894,-0.0022233314931070836,HOLD,LOW,HIGH,Volatile,0.029958485105319736,17.804999215262292,0,0,2,ConfidenceWeight
2025-12-05,0.001066555636473406,0.0009661576875285173,-0.0045707980170845985,0.0,-0.0018324465522668487,0.0009661481022304566,0.0009661576875285173,0.0009661481022304566,HOLD,LOW,HIGH,Volatile,0.028818523214871928,16.219284057617198,0,0,2,ConfidenceWeight
2025-12-08,0.0008375154247998555,0.00322552673760086,-0.004634461365640163,0.0,-0.001720019254829062,0.0008375151890743191,0.00322552673760086,0.0008375151890743191,HOLD,LOW,HIGH,Volatile,0.02861679393440653,15.828569684709834,0,0,2,ConfidenceWeight
2025-12-09,4.387429659643302e-05,-0.007274862220904854,-0.0037357367109507322,0.0,-0.002647907659189144,-0.0037357366929922035,-0.007274862220904854,-0.0037357366929922035,HOLD,LOW,HIGH,Volatile,0.0275829224314151,15.93428257533483,0,0,2,ConfidenceWeight
2025-12-10,0.0015464290860768043,-0.0032888297008563834,-0.0026681330054998398,0.0,-0.0011120090211890923,-0.0026681316367410802,-0.0032888297008563834,-0.0026681316367410802,HOLD,LOW,HIGH,Volatile,0.027583103469816118,15.93356977190291,0,0,2,ConfidenceWeight
2025-12-11,0.001195377438833507,0.001314237717906786,-0.0018097271677106619,0.0,-0.00033220971165478824,0.0011953694973404843,0.001314237717906786,0.0011953694973404843,HOLD,LOW,HIGH,Volatile,0.0272370919871121,14.284999302455365,0,0,2,ConfidenceWeight
2025-12-12,0.0005701143481246502,0.013624129285407693,-0.0011650423984974623,0.0,0.0010277690118958476,0.0005701148471849146,0.013624129285407693,0.0005701148471849146,HOLD,LOW,MEDIUM,Volatile,0.022087548537871374,14.449286324637281,0,0,1,ConfidenceWeight
2025-12-15,0.0017505439355529895,0.001483385980081668,-0.0006242407253012061,0.0,0.0005061148185066613,0.001483382738802952,0.001483385980081668,0.001483382738802952,HOLD,LOW,MEDIUM,Volatile,0.022977708595456076,13.89071437290737,0,0,1,ConfidenceWeight
2025-12-16,0.0016456663648828076,-0.004576212796857783,-0.0002974697854369879,0.0,8.076648800780335e-06,-0.00029747006593554585,-0.004576212796857783,-0.00029747006593554585,HOLD,LOW,MEDIUM,Volatile,0.02349962811632824,14.686429704938623,0,0,1,ConfidenceWeight
2025-12-17,0.001460447471628053,-0.004424041415505477,-9.306997526437044e-05,0.0,5.73110117346651e-05,-9.307038734881902e-05,-0.004424041415505477,-9.307038734881902e-05,HOLD,LOW,HIGH,Volatile,0.025996507776547117,16.04571533203125,0,0,2,ConfidenceWeight
2025-12-18,-0.0004769266939518536,-0.00497696055876101,0.001212256378494203,0.0,-7.563371995796648e-05,-0.0004769270631321117,-0.00497696055876101,-0.0004769270631321117,HOLD,LOW,HIGH,Volatile,0.026649689981344562,17.250714983258927,0,0,2,ConfidenceWeight
2025-12-19,0.0022541500276381608,-0.0010894002961804442,0.0015479018911719322,0.0,0.0015473099276429045,0.0015479008581248766,-0.0010894002961804442,0.0015479008581248766,HOLD,LOW,HIGH,Volatile,0.025859789597432434,17.779285975864955,0,0,2,ConfidenceWeight
2025-12-22,0.0005665349612255906,-0.0011335746039822315,0.0014091558987274766,0.0,0.0008229050455122022,0.0005665343647683489,-0.0011335746039822315,0.0005665343647683489,HOLD,LOW,HIGH,Volatile,0.02543232107844014,17.989998953683028,0,0,2,ConfidenceWeight
2025-12-23,0.0014249052154502299,-0.004045698078010081,0.0010765966726467013,0.0,0.0006820316629760988,0.0010765940131676668,-0.004045698078010081,0.0010765940131676668,HOLD,LOW,MEDIUM,Volatile,0.022155794111530975,17.307854788643965,0,0,1,ConfidenceWeight
2025-12-24,0.0006803896192561113,0.0032790292470647768,0.0005242644110694528,0.0,0.000868488152971787,0.0006803955588521121,0.0032790292470647768,0.0006803955588521121,HOLD,LOW,MEDIUM,Volatile,0.022212011444384047,17.654998779296864,0,0,1,ConfidenceWeight
2025-12-26,0.0010314807891986736,-0.0032552045214760492,4.2034429498016834e-05,0.0,8.222446588554877e-05,4.203372397056914e-05,-0.0032552045214760492,4.203372397056914e-05,HOLD,LOW,MEDIUM,Volatile,0.022968585036430546,18.230712890624982,0,0,1,ConfidenceWeight
2025-12-29,0.0004388474903075243,-0.00915941240200967,-8.283450733870268e-05,0.0,-0.0008187105093218869,-8.283630674547874e-05,-0.00915941240200967,-8.283630674547874e-05,HOLD,LOW,MEDIUM,Volatile,0.024519632985275444,17.976427350725434,0,0,1,ConfidenceWeight
2025-12-30,0.0003122672755694613,-0.007730431632733883,-0.00026428629644215107,0.0,-0.0008129219820748859,-0.00026428789098887327,-0.007730431632733883,-0.00026428789098887327,HOLD,LOW,MEDIUM,Volatile,0.024731869887129648,17.447856358119413,0,0,1,ConfidenceWeight
2025-12-31,0.000968385851264772,-0.0057477659670664505,-0.0005083596333861351,0.0,-0.00048121355500488155,-0.0005083601188466027,-0.0057477659670664505,-0.0005083601188466027,HOLD,LOW,MEDIUM,Volatile,0.024887184147543692,17.017854963030125,0,0,1,ConfidenceWeight
2019-11-21,0.0003597683329144719,-0.006379520726348842,-0.0032906776759773493,0.0,-0.0022060470318495994,-0.0032906776262301464,-0.006379520726348842,-0.006379520726348842,HOLD,LOW,HIGH,Volatile,0.025272701612446206,9.754283357617194,0,0,2,RegimeSwitching
2019-11-22,0.001535618110943701,-0.010807104342069157,-0.0026230677030980587,0.0,-0.0018687253465390302,-0.0026230678212838163,-0.010807104342069157,-0.010807104342069157,HOLD,LOW,MEDIUM,Volatile,0.022174212803747057,10.62214006696429,0,0,1,RegimeSwitching
2019-11-25,0.0007045908047423289,0.0013356756359879482,-0.0014571319334208965,0.0,-0.0003379922087059389,0.0007045896873407911,0.0013356756359879482,0.0013356756359879482,HOLD,LOW,MEDIUM,Volatile,0.02226047122186008,10.917853216713175,0,0,1,RegimeSwitching
2019-11-26,0.0028881976076958644,-0.00630314834079471,-0.0004108601715415716,0.0,0.00024946149035118834,-0.00041086030481900915,-0.00630314834079471,-0.00630314834079471,HOLD,LOW,MEDIUM,Volatile,0.021269087042114415,10.70499528911831,0,0,1,RegimeSwitching
2019-11-27,0.0013207157934935964,-0.0009034224355450751,0.00028702692361548543,0.0,0.0005615798788360021,0.0002870267966844834,-0.0009034224355450751,-0.0009034224355450751,HOLD,LOW,MEDIUM,Volatile,0.021253512741042452,10.022136140820319,0,0,1,RegimeSwitching
2019-11-29,0.0018870848046272292,-0.012035033421686523,0.0004926866386085749,0.0,-0.00026375073937480887,0.0004926860022906566,-0.012035033421686523,-0.012035033421686523,HOLD,LOW,MEDIUM,Volatile,0.021296813480458792,9.938565932952015,0,0,1,RegimeSwitching
2019-12-02,0.001174561294137914,0.0076208496617749776,0.00031169457361102104,0.0,0.0013974752273314785,0.0011745622953056997,0.0076208496617749776,0.0076208496617749776,HOLD,LOW,MEDIUM,Volatile,0.02139642820709404,9.627138407840407,0,0,1,RegimeSwitching
2019-12-03,0.0013728587606216692,0.005383945712466832,4.6890461817383766e-05,0.0,0.0011072370451278629,0.001372859264467055,0.005383945712466832,0.005383945712466832,HOLD,LOW,MEDIUM,Volatile,0.021271689133919754,9.583568025585944,0,0,1,RegimeSwitching
2019-12-04,0.0008373343349116401,0.0034970796949560083,-0.00026905606500804424,0.0,0.0005448103707802332,0.0008373348614276658,0.0034970796949560083,0.0034970796949560083,HOLD,LOW,MEDIUM,Volatile,0.02143823243093393,9.14499555069755,0,0,1,RegimeSwitching
2019-12-05,0.0008903002391961621,0.007394161572681967,-0.00044303538743406534,0.0,0.0008780802860058796,0.0008903008343640804,0.007394161572681967,0.007394161572681967,HOLD,LOW,MEDIUM,Volatile,0.020599796505629698,8.876425604408487,0,0,1,RegimeSwitching
2019-12-06,0.0013053993427534429,-0.004102751222978481,-0.0005247424123808742,0.0,-0.00019033924952019648,-0.0005247426788612884,-0.004102751222978481,-0.004102751222978481,HOLD,LOW,MEDIUM,Volatile,0.020014838468663,9.165710446763399,0,0,1,RegimeSwitching
2019-12-09,0.0015473755198938234,0.005399493047112081,-0.0010117345955222845,0.0,0.000633477182689765,0.0015473756508867522,0.005399493047112081,0.005399493047112081,HOLD,LOW,MEDIUM,Volatile,0.02013426959749266,9.331427435463175,0,0,1,RegimeSwitching
2019-12-10,0.0008846226134567115,-0.0004707345795881113,-0.0015205193776637316,0.0,-0.0004876302961628902,-0.00047073436554887925,-0.0004707345795881113,-0.0004707345795881113,HOLD,LOW,MEDIUM,Volatile,0.020374891937947948,9.276428222656259,0,0,1,RegimeSwitching
2019-12-11,0.0009295962548847439,0.002185538157039641,-0.002056381432339549,0.0,-0.00047087855015429396,0.0009295957946098696,0.002185538157039641,0.002185538157039641,HOLD,LOW,MEDIUM,Volatile,0.02028408023801504,9.04214259556362,0,0,1,RegimeSwitching
2019-12-12,0.0003878485868922116,-0.002208769554321637,-0.0026221571024507284,0.0,-0.001422402936594979,-0.002208767531749263,-0.002208769554321637,-0.002208769554321637,HOLD,LOW,MEDIUM,Volatile,0.020532572731655718,9.143569943833711,0,0,1,RegimeSwitching
2019-12-13,0.0007210974383261111,0.002161900787950448,-0.0031296650413423777,0.0,-0.0011034309893768151,0.0007210970047849086,0.002161900787950448,0.002161900787950448,HOLD,LOW,MEDIUM,Volatile,0.020490757007319577,8.12499781771764,0,0,1,RegimeSwitching
2019-12-16,0.0004491645103754901,-0.00876660045264135,-0.0034983272198587656,0.0,-0.0025243558348166965,-0.003498327283312423,-0.00876660045264135,-0.00876660045264135,HOLD,LOW,MEDIUM,Volatile,0.024634648406115955,9.102852955133935,0,0,1,RegimeSwitching
2019-12-17,0.001419158654862712,0.0038372615684349578,-0.003840850433334708,0.0,-0.0010266568408929043,0.001419158431698607,0.0038372615684349578,0.0038372615684349578,HOLD,LOW,MEDIUM,Volatile,0.02464334321313837,9.128568374358265,0,0,1,RegimeSwitching
2019-12-18,-0.0005680813239683571,-0.003955626995873569,-0.003915744833648205,0.0,-0.0026329517084500557,-0.003915721255504369,-0.003955626995873569,-0.003955626995873569,HOLD,LOW,HIGH,Volatile,0.025214259370882043,9.904998779296879,0,0,2,RegimeSwitching
2019-12-19,0.0010108483254169269,-0.011218772344726872,-0.0037957902532070875,0.0,-0.00271384492102894,-0.003795790326485699,-0.011218772344726872,-0.011218772344726872,HOLD,LOW,MEDIUM,Volatile,0.02498731848902416,10.612856183733262,0,0,1,RegimeSwitching
2019-12-20,0.0004934918975289741,-0.009785625044548912,-0.003603694261983037,0.0,-0.002666438464338541,-0.0036036943442244603,-0.009785625044548912,-0.009785625044548912,HOLD,LOW,MEDIUM,Volatile,0.02499606185934456,10.978570120675224,0,0,1,RegimeSwitching
2019-12-23,0.0002781183499895026,-0.01031361325297508,-0.0029785919468849897,0.0,-0.0024833947241026974,-0.0029785921174597723,-0.0029785919468849897,-0.0029785919468849897,SELL,MEDIUM,LOW,Bullish,0.019457108770568173,11.742856709347096,-1,1,0,RegimeSwitching
2019-12-24,0.0010308388021671173,-0.00854889057773637,-0.002408522181212902,0.0,-0.0017198593784329777,-0.002408522308991967,-0.002408522181212902,-0.002408522181212902,SELL,MEDIUM,LOW,Bullish,0.019462531355148426,12.297858104436378,-1,1,0,RegimeSwitching
2019-12-26,0.00045994102298878704,-0.013703362841527934,-0.0019817149732261896,0.0,-0.0022524042290248568,-0.0019817152971514204,-0.0019817149732261896,-0.0019817149732261896,HOLD,LOW,LOW,Bullish,0.017737359435623115,12.373572215764503,0,0,0,RegimeSwitching
2019-12-27,0.0006607426649674522,-0.01718163080910192,-0.0016274689696729183,0.0,-0.002352541621977189,-0.0016274693420305897,-0.0016274689696729183,-0.0016274689696729183,HOLD,LOW,LOW,Bullish,0.017996054229220012,12.424288070954235,0,0,0,RegimeSwitching
2019-12-30,0.0007196951821244666,-0.015856611866479287,-0.001201235456392169,0.0,-0.0019747714198002806,-0.0012012359082067096,-0.015856611866479287,-0.015856611866479287,HOLD,LOW,MEDIUM,Volatile,0.020930677167576257,13.263571602957585,0,0,1,RegimeSwitching
2019-12-31,0.0008796276015211521,-0.003704429232798533,-0.0001469026319682598,0.0,-0.00011931042305423495,-0.00014690332329337613,-0.003704429232798533,-0.003704429232798533,HOLD,LOW,MEDIUM,Volatile,0.020923077392380276,13.820000784737715,0,0,1,RegimeSwitching
2020-01-02,0.002143504405580644,-0.008121165467254509,0.00042004819260910153,0.0,0.000201390801464455,0.00042004773010417265,-0.008121165467254509,-0.008121165467254509,HOLD,LOW,MEDIUM,Volatile,0.02118341614189424,14.107145036969863,0,0,1,RegimeSwitching
2020-01-03,0.0015398083011587637,0.0013753468941512515,0.0002993425587192178,0.0,0.0008872122144668308,0.0013753418143645378,0.0013753468941512515,0.0013753468941512515,HOLD,LOW,MEDIUM,Volatile,0.02085056568739398,15.085717337472094,0,0,1,RegimeSwitching
2020-01-06,0.0007116278575618376,0.0010105272900388152,0.0002947120228782296,0.0,0.0005288325683946355,0.0007116269212992473,0.0010105272900388152,0.0010105272900388152,HOLD,LOW,MEDIUM,Volatile,0.020196181324262808,15.156433105468746,0,0,1,RegimeSwitching
2020-01-07,0.00036209049749452433,-0.007922437566636287,-0.00010762317106127739,0.0,-0.0007333020315514296,-0.00010762516306255601,-0.007922437566636287,-0.007922437566636287,HOLD,LOW,MEDIUM,Volatile,0.020811897854391918,14.790006365094863,0,0,1,RegimeSwitching
2020-01-08,0.000681086614704917,-0.006303017768788433,-0.0004690673667937517,0.0,-0.0006288079637814419,-0.00046906806338170207,-0.006303017768788433,-0.006303017768788433,HOLD,LOW,MEDIUM,Volatile,0.02189332710441548,16.265718730106023,0,0,1,RegimeSwitching
2020-01-09,0.0004014661690836987,0.00061427184658596,-0.0006506845820695162,0.0,-0.00011571292922313238,0.0004014624623278182,0.00061427184658596,0.00061427184658596,HOLD,LOW,MEDIUM,Volatile,0.02359106188268189,16.95857456261161,0,0,1,RegimeSwitching
2020-01-10,-0.0004230009857377657,-0.017081702798520303,-0.00022321240976452827,0.0,-0.0020392874799330975,-0.00042300588139967255,-0.017081702798520303,-0.017081702798520303,HOLD,LOW,MEDIUM,Volatile,0.02411610527616291,16.782858707421877,0,0,1,RegimeSwitching
2020-01-13,0.0012020610593776679,-0.000664881530382377,-0.0002405731938779354,0.0,0.0002702283628745907,-0.00024057154037196047,-0.000664881530382377,-0.000664881530382377,HOLD,LOW,HIGH,Volatile,0.029773471359226273,19.25928823797434,0,0,2,RegimeSwitching
2020-01-14,0.0020983395864962702,-0.004208901311860908,-0.0005609412910416722,0.0,8.498247397280929e-05,-0.0005609413928249884,-0.004208901311860908,-0.004208901311860908,HOLD,LOW,HIGH,Volatile,0.029316420729452945,19.69714354732144,0,0,2,RegimeSwitching
2020-01-15,-0.0007088081176663951,-0.006045928979306238,-0.000793938641436398,0.0,-0.001303055015108643,-0.0007939499281637136,-0.006045928979306238,-0.006045928979306238,HOLD,LOW,HIGH,Volatile,0.030187922325712102,20.293572554715414,0,0,2,RegimeSwitching
2020-01-16,-0.0004440724825743082,0.009436901529777114,-0.00043870240915566683,0.0,0.0005780887178000601,-0.0004385668246736822,0.009436901529777114,0.009436901529777114,HOLD,LOW,HIGH,Volatile,0.030314574778703328,21.58642795371095,0,0,2,RegimeSwitching
2020-01-17,0.001646337091914614,-3.5072577704730095e-05,-0.0004855116130784154,0.0,0.00038048429075747707,-3.5070961492541714e-05,-3.5072577704730095e-05,-3.5072577704730095e-05,HOLD,LOW,HIGH,Volatile,0.030218616858771228,21.82285417092635,0,0,2,RegimeSwitching
2020-01-21,0.0017317546976331288,0.003736157409059945,-0.0007601301185786724,0.0,0.0006616766096585718,0.0017317546002095076,0.003736157409059945,0.003736157409059945,HOLD,LOW,HIGH,Volatile,0.03263430269485362,23.034284314285724,0,0,2,RegimeSwitching
2020-01-22,0.0022345348949677412,0.007600626124962275,-0.0012797836679965258,0.0,0.0009873719128809999,0.002234534993070132,0.007600626124962275,0.007600626124962275,HOLD,LOW,HIGH,Volatile,0.032975349660345044,25.040710444308047,0,0,2,RegimeSwitching
2020-01-23,-4.62719628704165e-05,0.009428207835121372,-0.001073173712939024,0.0,0.0004050038211914897,-4.627109648464674e-05,0.009428207835121372,0.009428207835121372,HOLD,LOW,HIGH,Volatile,0.03285837478389604,26.04285321425782,0,0,2,RegimeSwitching
2020-01-24,-0.00048160605800384704,-0.0023581859782835627,-0.001023793825879693,0.0,-0.0009530339894715792,-0.0010237949151988633,-0.0023581859782835627,-0.0023581859782835627,HOLD,LOW,HIGH,Volatile,0.03347372058225441,25.747137882226564,0,0,2,RegimeSwitching
2020-01-27,0.0007419466722314784,0.001865796866555247,-0.0010594013147056103,0.0,-6.513813773469297e-05,0.0007419463385378211,0.001865796866555247,0.001865796866555247,HOLD,LOW,HIGH,Volatile,0.03398770657126004,26.745707915485493,0,0,2,RegimeSwitching
2020-01-28,0.0018230105065256523,0.00136384628460563,-0.001119991997256875,0.0,0.00026761101190968966,0.0013638445184579334,0.00136384628460563,0.00136384628460563,HOLD,LOW,HIGH,Volatile,0.03382577898869187,26.652849466964287,0,0,2,RegimeSwitching
2020-01-29,0.002116123392469034,0.000712075795340431,-0.001261809840798378,0.0,0.00024037783025269055,0.0007120755902290464,0.000712075795340431,0.000712075795340431,HOLD,LOW,HIGH,Volatile,0.031685778089005606,26.127134050195313,0,0,2,RegimeSwitching
2020-01-30,0.0012905566643938084,-0.0037619709049464788,-0.0014986887108534575,0.0,-0.0006599483061963058,-0.0014986886276703608,-0.0037619709049464788,-0.0037619709049464788,HOLD,LOW,HIGH,Volatile,0.03641476578650345,29.267135622126116,0,0,2,RegimeSwitching
2020-01-31,0.0011854132167942275,-0.00302799115796385,-0.0018144410569220781,0.0,-0.0007864387109898909,-0.0018144405673765785,-0.00302799115796385,-0.00302799115796385,HOLD,LOW,HIGH,Volatile,0.0364031213022002,29.927134926813615,0,0,2,RegimeSwitching
2020-02-03,-0.0011216764796032825,-0.0036508288361440876,-0.0023862600792199373,0.0,-0.0020305934655055163,-0.002386260079210685,-0.0036508288361440876,-0.0036508288361440876,HOLD,LOW,HIGH,Volatile,0.05119342370537795,36.21927752237723,0,0,2,RegimeSwitching
2020-02-04,0.00130108121726136,-0.008391205010073434,-0.0018373483326286077,0.0,-0.0013070286377182968,-0.0018373484985210263,-0.008391205010073434,-0.008391205010073434,HOLD,LOW,HIGH,Volatile,0.05580817047420591,48.107849122879465,0,0,2,RegimeSwitching
2020-02-05,-0.0017148327139744804,0.014237171522371441,0.0010765858460217714,0.0,0.0013612731636234675,0.0010765861280331687,0.014237171522371441,0.014237171522371441,HOLD,LOW,HIGH,Volatile,0.07468212693068597,59.666421074609374,0,0,2,RegimeSwitching
2020-02-06,-0.004601015393845287,0.007060787431683253,0.007884024642407894,0.0,0.0029995970820400324,0.007060786305645675,0.007060787431683253,0.007060787431683253,HOLD,LOW,HIGH,Volatile,0.07443989205569707,65.55928039729352,0,0,2,RegimeSwitching
2020-02-07,0.004681647545414321,0.03551513725789108,0.012147722765803337,0.0,0.011688407684684736,0.012147722856915675,0.03551513725789108,0.03551513725789108,HOLD,LOW,HIGH,Volatile,0.07394514180669588,67.50499616529018,0,0,2,RegimeSwitching
2020-02-10,0.003832569053553875,0.004983779433006791,0.013458075933158398,0.0,0.008883557587108428,0.004983780182175282,0.004983779433006791,0.004983779433006791,HOLD,LOW,HIGH,Volatile,0.07365265357187542,69.92213657857143,0,0,2,RegimeSwitching
2020-02-11,0.0016933204625073702,0.012216072981737104,0.015135400928556919,0.0,0.009666816757397943,0.012216072734441127,0.012216072981737104,0.012216072981737104,HOLD,LOW,HIGH,Volatile,0.07191551646221553,68.36570957907365,0,0,2,RegimeSwitching
2020-02-12,3.6100253956549214e-05,-0.0007812370343002873,0.015206241980195045,0.0,0.007725129898270288,3.6101408544953136e-05,-0.0007812370343002873,-0.0007812370343002873,HOLD,LOW,HIGH,Volatile,0.07218474780270732,68.3642796125558,0,0,2,RegimeSwitching
2020-02-13,0.0005219425474080033,0.006357381032197388,0.015375332906842232,0.0,0.00873502493880486,0.006357381092640068,0.006357381032197388,0.006357381032197388,HOLD,LOW,HIGH,Volatile,0.0712740700820589,72.8928527874442,0,0,2,RegimeSwitching
2020-02-14,0.001926102686414892,0.007006877306563302,0.016236525028944016,0.0,0.009783104216562179,0.007006877394983216,0.007006877306563302,0.007006877306563302,HOLD,LOW,HIGH,Volatile,0.07117073048764869,73.03070940714285,0,0,2,RegimeSwitching
2020-02-18,0.0005596458896390654,-0.0009198794570945721,0.016597768291831017,0.0,0.008625121488147676,0.0005596465022754418,-0.0009198794570945721,-0.0009198794570945721,HOLD,LOW,HIGH,Volatile,0.07163241560345435,75.97213745295758,0,0,2,RegimeSwitching
2020-02-19,0.0014887941657797728,0.010921565745208726,0.01665450818836689,0.0,0.010233047765820713,0.010921565676829965,0.010921565745208726,0.010921565745208726,HOLD,LOW,HIGH,Volatile,0.07154187887349839,80.50642613203125,0,0,2,RegimeSwitching
2020-02-20,0.00017089818771194522,0.004286643890757002,0.016740910708904266,0.0,0.00908617846891827,0.0042866440533274545,0.004286643890757002,0.004286643890757002,HOLD,LOW,HIGH,Volatile,0.072165934720106,79.61999511674107,0,0,2,RegimeSwitching
2020-02-21,-0.0006804913815903824,-0.009325018824180742,0.016466638073325157,0.0,0.007214046468153157,-0.0006804913242490142,-0.009325018824180742,-0.009325018824180742,HOLD,LOW,HIGH,Volatile,0.07220673139654743,80.48642403470981,0,0,2,RegimeSwitching
2020-02-24,0.0016721129667956745,-0.001999558544544376,0.01574539951980114,0.0,0.008504622916716484,0.0016721131679564123,-0.001999558544544376,-0.001999558544544376,HOLD,LOW,HIGH,Volatile,0.07526300384896294,76.43142263962054,0,0,2,RegimeSwitching
2020-02-25,0.0006241727735355502,-0.0010728443770222837,0.01489377859979868,0.0,0.007761001932780124,0.0006241732920419489,-0.0010728443770222837,-0.0010728443770222837,HOLD,LOW,HIGH,Volatile,0.07619252411238117,67.90356445290179,0,0,2,RegimeSwitching
2020-02-26,0.00320980489205121,0.008929549254550624,0.013997683301568031,0.0,0.009327736602188325,0.008929549232089056,0.008929549254550624,0.008929549254550624,HOLD,LOW,HIGH,Volatile,0.07684842258951669,57.4928501671875,0,0,2,RegimeSwitching
2020-02-27,0.002647095558879627,-0.007407407155191931,0.012649915181100368,0.0,0.006735342013812965,0.0026470955583659476,-0.007407407155191931,-0.007407407155191931,HOLD,LOW,HIGH,Volatile,0.08405456104276303,57.56213378883928,0,0,2,RegimeSwitching
2020-02-28,0.001316441421955036,0.0002992728659606958,0.011353936977684498,0.0,0.00635482831301614,0.0013164423035404908,0.0002992728659606958,0.0002992728659606958,HOLD,LOW,HIGH,Volatile,0.0814443117339016,60.365705217410714,0,0,2,RegimeSwitching
2020-03-02,0.005302181283311721,0.006952248019262872,0.009976266883313656,0.0,0.007867471616862553,0.006952248294098145,0.006952248019262872,0.006952248019262872,HOLD,LOW,HIGH,Volatile,0.08475930377061903,60.63570731495536,0,0,2,RegimeSwitching
2020-03-03,0.003552690392728393,0.010521626906618764,0.00766716618090868,0.0,0.006379972385311761,0.007667166073751334,0.010521626906618764,0.010521626906618764,HOLD,LOW,HIGH,Volatile,0.07411728684082039,65.3042776969866,0,0,2,RegimeSwitching
2020-03-04,-0.0008705960970091396,0.006861031832770283,0.0064751384779810905,0.0,0.003691105769532737,0.006475136036048422,0.006861031832770283,0.006861031832770283,HOLD,LOW,HIGH,Volatile,0.06748970339182093,66.40499441964286,0,0,2,RegimeSwitching
2020-03-05,0.0012996248026469457,-0.0029431534805233494,0.005551723763346672,0.0,0.003040725860720566,0.0012996248031631064,-0.0029431534805233494,-0.0029431534805233494,HOLD,LOW,HIGH,Volatile,0.05310662750590125,62.721422467912944,0,0,2,RegimeSwitching
2020-03-06,0.0008569574990225008,-0.004165242028058401,0.004995450377464294,0.0,0.002459433450660635,0.0008569574565420396,-0.004165242028058401,-0.004165242028058401,HOLD,LOW,HIGH,Volatile,0.05326201340288666,63.63570731272322,0,0,2,RegimeSwitching
2020-03-09,0.0020979588225461974,0.012779001966104382,0.004568020347505808,0.0,0.0044655982794876295,0.004568020630268037,0.012779001966104382,0.012779001966104382,HOLD,LOW,HIGH,Volatile,0.06207896582303111,66.38642229843751,0,0,2,RegimeSwitching
2020-03-10,0.0010524778155922472,0.01922780037144005,0.006607323884963989,0.0,0.005773972804862468,0.006607323985698431,0.01922780037144005,0.01922780037144005,HOLD,LOW,HIGH,Volatile,0.06341132087012667,64.50213623515626,0,0,2,RegimeSwitching
2020-03-11,0.006170654612614012,0.024665977287055392,0.008671384304761887,0.0,0.009360199643666786,0.008671384641812309,0.024665977287055392,0.024665977287055392,HOLD,LOW,HIGH,Volatile,0.06336202962860434,63.294995993805806,0,0,2,RegimeSwitching
2020-03-12,0.00036999225684254526,0.015912016585122563,0.009791730903089046,0.0,0.0068012524991289385,0.009791730845866351,0.015912016585122563,0.015912016585122563,HOLD,LOW,HIGH,Volatile,0.06825304006147194,67.24999564726564,0,0,2,RegimeSwitching
2020-03-13,0.001052213331778255,0.029555868731891723,0.01134051289409399,0.0,0.009264746865666841,0.011340512936380184,0.029555868731891723,0.029555868731891723,HOLD,LOW,HIGH,Volatile,0.0666666881537337,69.16213989949777,0,0,2,RegimeSwitching
2020-03-16,0.004624586505706142,0.032958816391492875,0.015037810429930687,0.0,0.012883653256947384,0.015037810470149772,0.032958816391492875,0.032958816391492875,HOLD,LOW,HIGH,Volatile,0.07844171392196227,71.65142604974889,0,0,2,RegimeSwitching
2020-03-17,0.0007782583559919874,0.03232630250507555,0.018081290647387505,0.0,0.012899307189708971,0.018081290634984006,0.03232630250507555,0.03232630250507555,HOLD,LOW,HIGH,Volatile,0.07484624254282848,74.41213989949777,0,0,2,RegimeSwitching
2020-03-18,0.007132726530652764,0.03471574478229439,0.02079136110842228,0.0,0.01697727697621186,0.02079136110981917,0.03471574478229439,0.03471574478229439,HOLD,LOW,HIGH,Volatile,0.07711266067812345,72.2614266576451,0,0,2,RegimeSwitching
2020-03-19,-0.0023161741759517075,0.037759014379611294,0.023314183577895164,0.0,0.014951627462027712,0.02331418354768902,0.037759014379611294,0.037759014379611294,HOLD,LOW,HIGH,Volatile,0.09086758969579206,73.29999869656808,0,0,2,RegimeSwitching
2020-03-20,0.002792992600854799,0.017536510997033402,0.026001423597335815,0.0,0.016206330076081174,0.017536510946743813,0.017536510997033402,0.017536510997033402,HOLD,LOW,HIGH,Volatile,0.0908230653071757,71.55071149754465,0,0,2,RegimeSwitching
2020-03-23,0.00022533220466048253,0.030091872744459364,0.028306642547249794,0.0,0.0176958145835945,0.028306642023333106,0.030091872744459364,0.030091872744459364,HOLD,LOW,HIGH,Volatile,0.0910402693735743,67.30999755837054,0,0,2,RegimeSwitching
2020-03-24,0.0024519750395303962,0.033734044953324174,0.02888518199324608,0.0,0.019223989115290295,0.02888518182492553,0.033734044953324174,0.033734044953324174,HOLD,LOW,HIGH,Volatile,0.09979121592593099,69.99642290811943,0,0,2,RegimeSwitching
2020-03-25,0.002327677448415258,0.023715985328309572,0.029997622594237328,0.0,0.018712681424195552,0.023715985215916224,0.023715985328309572,0.023715985328309572,HOLD,LOW,HIGH,Volatile,0.10172717932394715,71.46570914556362,0,0,2,RegimeSwitching
2020-03-26,0.003349770131987525,0.023215306682355042,0.030581366270780563,0.0,0.019353056394056063,0.023215306596967463,0.023215306682355042,0.023215306682355042,HOLD,LOW,HIGH,Volatile,0.0978307406947598,71.99999782218192,0,0,2,RegimeSwitching
2020-03-27,0.0008841915803594453,0.02766989772896125,0.031058067455887794,0.0,0.01910908199264665,0.027669897471321325,0.02766989772896125,0.02766989772896125,HOLD,LOW,HIGH,Volatile,0.09787757492397722,67.4035688125558,0,0,2,RegimeSwitching
2020-03-30,0.0016350969812074924,0.03805420412313393,0.031464770436286926,0.0,0.020677481821844663,0.03146477031809628,0.03805420412313393,0.03805420412313393,HOLD,LOW,HIGH,Volatile,0.09369633697217096,64.9335697716797,0,0,2,RegimeSwitching
2020-03-31,0.00017242014464361388,0.02649977298863866,0.031340256333351135,0.0,0.01885933932595538,0.026499772820113468,0.02649977298863866,0.02649977298863866,HOLD,LOW,HIGH,Volatile,0.09462006328002658,65.31785583473773,0,0,2,RegimeSwitching
2020-04-01,0.0021293840510127385,0.028226931455974245,0.030861200764775276,0.0,0.0195443503180189,0.028226931114965163,0.028226931455974245,0.028226931455974245,HOLD,LOW,HIGH,Volatile,0.09559840194188678,62.5264282202009,0,0,2,RegimeSwitching
2024-01-02,-0.000625079965357675,0.02557865937509781,0.02992796152830124,0.0,0.01773405833684763,0.025578659183441127,0.02557865937509781,0.02557865937509781,HOLD,LOW,HIGH,Volatile,0.17215583328558837,71.92499868964845,0,0,2,RegimeSwitching
2024-01-03,-0.007708275813428344,0.047140929097273646,0.028533950448036194,0.0,0.016521387606622688,0.028533950421889297,0.047140929097273646,0.047140929097273646,HOLD,LOW,HIGH,Volatile,0.17209071076303903,65.32857077216798,0,0,2,RegimeSwitching
2024-01-04,-0.0019851397306769867,0.030688154608800616,0.02762657217681408,0.0,0.016559107631879764,0.027626571884166975,0.030688154608800616,0.030688154608800616,HOLD,LOW,HIGH,Volatile,0.17105396603580628,60.26571328053852,0,0,2,RegimeSwitching
2024-01-05,-0.001868649744277823,0.02913038031770579,0.0275683905929327,0.0,0.016413361861993294,0.027568389987510798,0.02913038031770579,0.02913038031770579,HOLD,LOW,HIGH,Volatile,0.1695861405542964,54.946427481515066,0,0,2,RegimeSwitching
2024-01-08,0.0009887984866656443,0.02227893634857615,0.02686300314962864,0.0,0.016443516484041326,0.022278936177490063,0.02227893634857615,0.02227893634857615,HOLD,LOW,HIGH,Volatile,0.17001710556305402,48.68999808175223,0,0,2,RegimeSwitching
2024-01-09,-4.821428309632588e-05,0.029864444307165203,0.025319034233689308,0.0,0.016036309844248624,0.025319034053201715,0.029864444307165203,0.029864444307165203,HOLD,LOW,HIGH,Volatile,0.16916620067700297,45.63285609654018,0,0,2,RegimeSwitching
2024-01-10,0.0013286941275643927,0.027003316280228243,0.024802103638648987,0.0,0.016005559887992186,0.02480210322736409,0.027003316280228243,0.027003316280228243,HOLD,LOW,HIGH,Volatile,0.16934869901096866,43.683570861816406,0,0,2,RegimeSwitching
2024-01-11,0.00019810345867026218,0.024458429724368208,0.024494431912899017,0.0,0.015150730868293456,0.024458403451281918,0.024458429724368208,0.024458429724368208,HOLD,LOW,HIGH,Volatile,0.164944037888883,38.62428610665457,0,0,2,RegimeSwitching
2024-01-12,0.0011410148367560036,0.02643494585529528,0.02455179952085018,0.0,0.015746515425467882,0.024551799033099078,0.02643494585529528,0.02643494585529528,HOLD,LOW,HIGH,Volatile,0.16494615023465797,35.62928662981306,0,0,2,RegimeSwitching
2024-01-16,-0.00012210280682994424,0.021599796741211427,0.025701157748699188,0.0,0.015351055240535998,0.021599796543541015,0.021599796741211427,0.021599796741211427,HOLD,LOW,HIGH,Volatile,0.16172263559087535,33.026430402483264,0,0,2,RegimeSwitching
2024-01-17,0.0014646050740449528,0.019080836530075626,0.026547424495220184,0.0,0.016134775265254257,0.019080836452940893,0.019080836530075626,0.019080836530075626,HOLD,LOW,HIGH,Volatile,0.15520550434207583,31.152861458914618,0,0,2,RegimeSwitching
2024-01-18,8.003009552169627e-05,0.021672438677997678,0.026762627065181732,0.0,0.01598016246778595,0.021672438527926736,0.021672438677997678,0.021672438677997678,HOLD,LOW,HIGH,Volatile,0.15505650791028622,29.959288460867736,0,0,2,RegimeSwitching
2024-01-19,0.0004881086110168611,0.028011933601867326,0.02668231911957264,0.0,0.01674992407895935,0.026682318406777976,0.028011933601867326,0.028011933601867326,HOLD,LOW,HIGH,Volatile,0.15484374452465618,27.078572954450333,0,0,2,RegimeSwitching
2024-01-22,0.0011174295282061343,0.014562359135363771,0.02647458016872406,0.0,0.015497821414386987,0.014562359125796882,0.014562359135363771,0.014562359135363771,HOLD,LOW,HIGH,Volatile,0.14862684308540758,24.40928758893694,0,0,2,RegimeSwitching
2024-01-23,0.0002668604924157482,0.017310312465669584,0.025992833077907562,0.0,0.015207496646407533,0.017310312409188854,0.017310312465669584,0.017310312465669584,HOLD,LOW,HIGH,Volatile,0.1468168932316501,8.03428758893694,0,0,2,RegimeSwitching
2024-01-24,0.0011213754408720157,0.023781326445282875,0.024709144607186317,0.0,0.015545819995704705,0.02378132541393055,0.023781326445282875,0.023781326445282875,HOLD,LOW,HIGH,Volatile,0.146990699811508,7.595716203962051,0,0,2,RegimeSwitching
2024-01-25,0.0006198473974116328,0.02996504913148075,0.02276935800909996,0.0,0.014997022045205028,0.02276935791531017,0.02996504913148075,0.02996504913148075,HOLD,LOW,HIGH,Volatile,0.14804182467165236,9.224287850516179,0,0,2,RegimeSwitching
2024-01-26,-0.0037379603914115154,0.03750200497280439,0.021449241787195206,0.0,0.01342293205756383,0.021449241764607944,0.03750200497280439,0.03750200497280439,HOLD,LOW,HIGH,Volatile,0.1484390104089425,9.185715811593193,0,0,2,RegimeSwitching
2024-01-29,0.002496917181532437,0.025044797778197025,0.019313065335154533,0.0,0.013439943794743586,0.019313065220207648,0.025044797778197025,0.025044797778197025,HOLD,LOW,HIGH,Volatile,0.14838739629824035,9.348572867257252,0,0,2,RegimeSwitching
2024-01-30,0.0022699669573301327,0.01918683222010525,0.017016606405377388,0.0,0.011571607906091089,0.017016606012822944,0.01918683222010525,0.01918683222010525,HOLD,LOW,HIGH,Volatile,0.1486296788058551,9.158572605678012,0,0,2,RegimeSwitching
2024-01-31,0.0005314484276444146,0.020084329642316403,0.014476217329502106,0.0,0.009694156717150959,0.014476217222953747,0.020084329642316403,0.020084329642316403,HOLD,LOW,HIGH,Volatile,0.032927442627202826,9.437857491629464,0,0,2,RegimeSwitching
2024-02-01,2.630274264428696e-05,0.02842095223260217,0.012778075411915779,0.0,0.009489901940389409,0.012778075426405263,0.02842095223260217,0.02842095223260217,HOLD,LOW,HIGH,Volatile,0.03265707368462988,9.225714547293526,0,0,2,RegimeSwitching
2024-02-02,0.0014385456100573448,0.02570055887466283,0.010946692898869514,0.0,0.008813714551111447,0.0109466929362507,0.02570055887466283,0.02570055887466283,HOLD,LOW,HIGH,Volatile,0.032619646168239314,8.996428353445875,0,0,2,RegimeSwitching
2024-02-05,0.000584004245156038,0.02294474668489984,0.008867721073329449,0.0,0.007135608991816826,0.008867721122991425,0.02294474668489984,0.02294474668489984,HOLD,LOW,HIGH,Volatile,0.03300506623068582,9.109999520438055,0,0,2,RegimeSwitching
2024-02-06,-0.0004093060012437023,0.035602232038600364,0.007955094799399376,0.0,0.007591980104226184,0.007955094882757594,0.035602232038600364,0.035602232038600364,HOLD,LOW,HIGH,Volatile,0.033473378619286745,9.215713500976571,0,0,2,RegimeSwitching
2024-02-07,0.0021025674824419246,0.03002894019783991,0.007491241209208965,0.0,0.007744919278852152,0.00749124135034837,0.03002894019783991,0.03002894019783991,HOLD,LOW,HIGH,Volatile,0.03388736303141724,9.10142844063896,0,0,2,RegimeSwitching
2024-02-08,0.0010843671565188037,0.026466088734620547,0.007173648104071617,0.0,0.006823189140666862,0.007173648216412299,0.026466088734620547,0.026466088734620547,HOLD,LOW,HIGH,Volatile,0.034207929519471506,9.130713326590408,0,0,2,RegimeSwitching
2024-02-09,0.0011108252359290556,0.02560688594982341,0.006934184581041336,0.0,0.006622013277811709,0.006934184699156187,0.02560688594982341,0.02560688594982341,HOLD,LOW,HIGH,Volatile,0.03460321638587427,8.63857051304409,0,0,2,RegimeSwitching
2024-02-12,0.0015138565994275298,0.022165624333537602,0.006626901216804981,0.0,0.0062644596897297004,0.006626901347959627,0.022165624333537602,0.022165624333537602,HOLD,LOW,HIGH,Volatile,0.034263464438653864,8.60642787388393,0,0,2,RegimeSwitching
2024-02-13,-0.00040021050110298855,0.02330048911927828,0.00707204919308424,0.0,0.005873836313192447,0.0070720492652641305,0.02330048911927828,0.02330048911927828,HOLD,LOW,HIGH,Volatile,0.034283156672203385,8.610714503696986,0,0,2,RegimeSwitching
2024-02-14,0.0003876323324944006,0.026649284540899508,0.0074625881388783455,0.0,0.006722306845704232,0.007462588228068026,0.026649284540899508,0.026649284540899508,HOLD,LOW,HIGH,Volatile,0.034993845156339416,7.022856576102122,0,0,2,RegimeSwitching
2024-02-15,0.0019948544629545526,0.017351811307085924,0.0059197451919317245,0.0,0.005590373991262486,0.0059197453591281765,0.017351811307085924,0.017351811307085924,HOLD,LOW,HIGH,Volatile,0.037936840813090206,7.557856968470982,0,0,2,RegimeSwitching
2024-02-16,0.002645120250900088,0.015163412264587277,0.004109576810151339,0.0,0.004687023265898958,0.004109577401617274,0.015163412264587277,0.015163412264587277,HOLD,LOW,HIGH,Volatile,0.037923907530221415,7.382143293108259,0,0,2,RegimeSwitching
2024-02-20,-9.282779542372924e-05,0.025020286595471678,0.0025235721841454506,0.0,0.003838738497344243,0.0025235725216110937,0.025020286595471678,0.025020286595471678,HOLD,LOW,HIGH,Volatile,0.03835625942006805,7.744285583496094,0,0,2,RegimeSwitching
2024-02-21,-0.0002859547234727337,0.030351846267737424,0.0017240603920072317,0.0,0.0039048690599120216,0.0017240608540927405,0.030351846267737424,0.030351846267737424,HOLD,LOW,HIGH,Volatile,0.03839085699595866,7.699286324637275,0,0,2,RegimeSwitching
2024-02-22,0.0014036801371988738,0.023779754428948145,0.0011529311304911971,0.0,0.003583709125620406,0.0014036840490072504,0.023779754428948145,0.023779754428948145,HOLD,LOW,HIGH,Volatile,0.038570613190955214,7.79642922537667,0,0,2,RegimeSwitching
2024-02-23,0.00120253292671189,0.017065229285302217,0.00040575856110081077,0.0,0.002430794069924552,0.0012025341155969386,0.017065229285302217,0.017065229285302217,HOLD,LOW,HIGH,Volatile,0.025492241445184933,7.740001133510039,0,0,2,RegimeSwitching
2024-02-26,-0.0003945815274499424,0.027011713087638136,0.00022656586952507496,0.0,0.0027511795590218096,0.00022656743695059618,0.027011713087638136,0.027011713087638136,HOLD,LOW,HIGH,Volatile,0.02670053013147165,7.519286019461494,0,0,2,RegimeSwitching
2024-02-27,0.0025607542946213158,0.011587927012357913,-2.8592068701982498e-05,0.0,0.0021652674648148804,0.002560754569768993,0.011587927012357913,0.011587927012357913,HOLD,LOW,HIGH,Volatile,0.02525428343682786,7.373572213309141,0,0,2,RegimeSwitching
2024-02-28,0.00033127107842618786,0.01613402142326542,-1.5812693163752556e-06,0.0,0.0017910665830886234,0.0003312740015455117,0.01613402142326542,0.01613402142326542,HOLD,LOW,HIGH,Volatile,0.02533836003478608,7.355715070451999,0,0,2,RegimeSwitching
2024-02-29,0.0012142012431522599,0.014515619139415277,6.225320976227522e-05,0.0,0.001996222994710514,0.001214202034573809,0.014515619139415277,0.014515619139415277,HOLD,LOW,MEDIUM,Volatile,0.024648729131742885,7.412144252232133,0,0,1,RegimeSwitching
2024-03-01,0.0006107800646325114,0.0055405002431378105,0.0005856365896761417,0.0,0.001106490216297939,0.0006108167034039052,0.0055405002431378105,0.0055405002431378105,HOLD,LOW,MEDIUM,Volatile,0.02462503078881016,7.510716029575879,0,0,1,RegimeSwitching
2024-03-04,0.000950378853865164,0.005312998458988936,0.0008241835748776793,0.0,0.0013358017506310584,0.0009503864253629275,0.005312998458988936,0.005312998458988936,HOLD,LOW,HIGH,Volatile,0.030136702534344636,8.115716116768962,0,0,2,RegimeSwitching
2024-03-05,-0.0019542235838405503,0.011129099163919303,0.002195504028350115,0.0,0.001521936528719606,0.0021955041573017402,0.011129099163919303,0.011129099163919303,HOLD,LOW,HIGH,Volatile,0.030337825173895404,8.44071524483816,0,0,2,RegimeSwitching
2024-03-06,0.0003411562198321433,0.012118778572694562,0.002856096252799034,0.0,0.0028449248389792532,0.0028560965421701007,0.012118778572694562,0.012118778572694562,HOLD,LOW,HIGH,Volatile,0.030297804572999187,8.607858930315277,0,0,2,RegimeSwitching
2024-03-07,0.00044773068832553467,0.018467981254513443,0.0031748744659125805,0.0,0.0037042801953926876,0.003174874766947488,0.018467981254513443,0.018467981254513443,HOLD,LOW,HIGH,Volatile,0.030260574564535948,8.191430228097087,0,0,2,RegimeSwitching
2024-03-08,0.00153443200073695,0.007665738994919881,0.0028593437746167183,0.0,0.0028458922691625673,0.002859344320276818,0.007665738994919881,0.007665738994919881,HOLD,LOW,HIGH,Volatile,0.030307866171526414,8.352858407156797,0,0,2,RegimeSwitching
2024-03-11,-5.036467039654189e-05,0.011848820005889554,0.0028221106622368097,0.0,0.002649150564588214,0.002822110899368592,0.011848820005889554,0.011848820005889554,HOLD,LOW,HIGH,Volatile,0.0300398929001061,8.156429835728224,0,0,2,RegimeSwitching
2024-03-12,0.0015578521722582111,0.0065395948175954975,0.0024294559843838215,0.0,0.002518432952905666,0.0024294568858852714,0.0065395948175954975,0.0065395948175954975,HOLD,LOW,HIGH,Volatile,0.029495111069151137,8.122857230050212,0,0,2,RegimeSwitching
2024-03-13,0.0005548175070480084,0.01046692746509001,0.001649998826906085,0.0,0.002138622668770981,0.0016499996249400902,0.01046692746509001,0.01046692746509001,HOLD,LOW,HIGH,Volatile,0.03080419831451512,8.224999564034588,0,0,2,RegimeSwitching
2024-03-14,-0.0017130352482419035,0.018733340549382593,0.0013766895281150937,0.0,0.0019796056370920325,0.0013766897939509908,0.018733340549382593,0.018733340549382593,HOLD,LOW,HIGH,Volatile,0.031106953510112407,8.55285644531249,0,0,2,RegimeSwitching
2024-03-15,-0.0014879325707512102,0.005851246715289988,0.0017440487863495946,0.0,0.000925346771421236,0.001744048852209483,0.005851246715289988,0.005851246715289988,HOLD,LOW,HIGH,Volatile,0.026986100032222623,8.16785648890903,0,0,2,RegimeSwitching
2024-03-18,-0.00010156070845961909,0.0013663368158360748,0.001379077904857695,0.0,0.0008085768028127123,0.0013662696554629006,0.0013663368158360748,0.0013663368158360748,HOLD,LOW,HIGH,Volatile,0.03128426615653646,8.439998081752227,0,0,2,RegimeSwitching
2024-03-19,0.0013876677585009248,0.01278058470980347,0.0006874884711578488,0.0,0.002204282962757229,0.0013876690948803705,0.01278058470980347,0.01278058470980347,HOLD,LOW,HIGH,Volatile,0.030811641286369876,8.405712672642295,0,0,2,RegimeSwitching
2024-03-20,-0.0015059400122097591,0.01047872095815269,-8.975458331406116e-05,0.0,0.00045617418201838057,-8.975397279073378e-05,0.01047872095815269,0.01047872095815269,HOLD,LOW,HIGH,Volatile,0.031506815932762874,8.305712018694193,0,0,2,RegimeSwitching
2024-03-21,0.001455074125192398,0.006511168748132521,-0.0008967171888798475,0.0,0.0007716213322180301,0.0014550743523360115,0.006511168748132521,0.006511168748132521,HOLD,LOW,HIGH,Volatile,0.03128281306783705,8.331425258091516,0,0,2,RegimeSwitching
2024-03-22,-0.0013603576042310545,0.010390088864508117,-0.0012395407538861036,0.0,-8.616868755641758e-05,-0.0012395326976477202,0.010390088864508117,0.010390088864508117,HOLD,LOW,HIGH,Volatile,0.030908388483720805,7.659997122628346,0,0,2,RegimeSwitching
2024-03-25,0.00021586732625636644,0.00429683567074734,-0.0017304650973528624,0.0,-0.00036042644625668423,0.00021586759459598439,0.00429683567074734,0.00429683567074734,HOLD,LOW,HIGH,Volatile,0.029433746722656418,7.369998386928011,0,0,2,RegimeSwitching
2024-03-26,0.00014581500564880324,0.0014481802824535758,-0.002138975076377392,0.0,-0.0008905738318115936,0.0001458146762864659,0.0014481802824535758,0.0014481802824535758,HOLD,LOW,HIGH,Volatile,0.030470172918819635,7.637140546526226,0,0,2,RegimeSwitching
2024-03-27,0.0010469037330276482,0.00424586242426835,-0.0023582952562719584,0.0,-0.00036792588090035295,0.0010469037141174536,0.00424586242426835,0.00424586242426835,HOLD,LOW,HIGH,Volatile,0.030487976920329028,7.606426783970418,0,0,2,RegimeSwitching
2024-03-28,0.00028489460754711423,0.0015582568616556685,-0.002639194717630744,0.0,-0.0010820706566038066,0.0002848941652091134,0.0015582568616556685,0.0015582568616556685,HOLD,LOW,HIGH,Volatile,0.03069120403329666,7.35642678397042,0,0,2,RegimeSwitching
2024-04-01,-0.00046045560581946504,-0.0033936133297584607,-0.0026656119152903557,0.0,-0.0018930135657814124,-0.0026656109985011,-0.0033936133297584607,-0.0033936133297584607,HOLD,LOW,HIGH,Volatile,0.030602789899883028,7.247141156877786,0,0,2,RegimeSwitching
2024-04-02,0.00046635177110839886,0.0067065294690390135,-0.002561710076406598,0.0,-0.0004414691645522867,0.0004663519409341728,0.0067065294690390135,0.0067065294690390135,HOLD,LOW,HIGH,Volatile,0.02821758309299167,7.5878568376813575,0,0,2,RegimeSwitching
2024-04-03,-0.0018006473824441404,0.0031487036580967963,-0.0022931748535484076,0.0,-0.0015424048203964871,-0.0018006455622761196,0.0031487036580967963,0.0031487036580967963,HOLD,LOW,HIGH,Volatile,0.027254682650127923,7.384286063058032,0,0,2,RegimeSwitching
2024-04-04,0.0012270829095675662,-0.001734137859001584,-0.0021056849509477615,0.0,-0.0007861712905769119,-0.0017341355194314646,-0.001734137859001584,-0.001734137859001584,HOLD,LOW,HIGH,Volatile,0.027165649157916208,7.278572082519527,0,0,2,RegimeSwitching
2024-04-05,-1.168588797447335e-05,0.0150705213296866,-0.001650027697905898,0.0,0.0007048242792517121,-1.1685344639914767e-05,0.0150705213296866,0.0150705213296866,HOLD,LOW,HIGH,Volatile,0.028074142529035177,7.720001220703121,0,0,2,RegimeSwitching
2024-04-08,-0.0011283424567642966,0.010297162467597236,-0.0007190564647316933,0.0,0.00026013746334977773,-0.0007190541240917972,0.010297162467597236,0.010297162467597236,HOLD,LOW,HIGH,Volatile,0.030109564046826732,7.609287806919639,0,0,2,RegimeSwitching
2024-04-09,0.0023330965884903127,-0.0002592638153892493,-0.00044641271233558655,0.0,0.0006413933067835429,-0.0002592589139904776,-0.0002592638153892493,-0.0002592638153892493,HOLD,LOW,HIGH,Volatile,0.03038412698368463,7.675001961844304,0,0,2,RegimeSwitching
2024-04-10,6.651754628447207e-05,0.0024356566862942593,-0.0005803251406177878,0.0,-2.0510466654580407e-05,6.651866575260668e-05,0.0024356566862942593,0.0024356566862942593,HOLD,LOW,HIGH,Volatile,0.03107572884460913,7.777860369001112,0,0,2,RegimeSwitching
2024-04-11,-0.0004080324404942972,-0.003118343433370583,-0.0005234517157077789,0.0,-0.0007467944764912144,-0.0005234598471479977,-0.003118343433370583,-0.003118343433370583,HOLD,LOW,HIGH,Volatile,0.02944139649886771,7.848576136997764,0,0,2,RegimeSwitching
2024-04-12,0.0018142408031991413,-0.006613866683984644,-0.0005793484160676599,0.0,-0.0002817804126129847,-0.0005793486678431075,-0.006613866683984644,-0.006613866683984644,HOLD,LOW,HIGH,Volatile,0.028130449230302744,7.685719081333701,0,0,2,RegimeSwitching
2024-04-15,-0.00024687454798579813,-0.0019849312847536587,-0.0006914264522492886,0.0,-0.0006539814619637354,-0.0006914279197333004,-0.0019849312847536587,-0.0019849312847536587,HOLD,LOW,HIGH,Volatile,0.03114490017937344,7.911432538713724,0,0,2,RegimeSwitching
2024-04-16,-0.0009989570096757636,0.00013229138154507652,0.0002906706649810076,0.0,-0.0002214274103611724,0.00013228602871542355,0.00013229138154507652,0.00013229138154507652,HOLD,LOW,HIGH,Volatile,0.028098761353153714,7.633575439453121,0,0,2,RegimeSwitching
2024-04-17,0.0006325319082257912,-0.0036658123541603114,0.0005280009936541319,0.0,0.00013551349947999597,0.0005279918450199374,-0.0036658123541603114,-0.0036658123541603114,HOLD,LOW,HIGH,Volatile,0.028045730247317203,7.536432538713727,0,0,2,RegimeSwitching
2024-04-18,0.0007694677873490356,0.006185775283109453,0.0005549922352656722,0.0,0.0012183627183317753,0.0007694722222526285,0.006185775283109453,0.006185775283109453,HOLD,LOW,HIGH,Volatile,0.027951377079149794,7.695004054478237,0,0,2,RegimeSwitching
2024-04-19,-0.0003926593080413721,0.0019755940037541973,0.0003756120568141341,0.0,0.00024534185192397434,0.0003756127308316897,0.0019755940037541973,0.0019755940037541973,HOLD,LOW,HIGH,Volatile,0.028008749349539654,7.565004621233259,0,0,2,RegimeSwitching
2024-04-22,0.0006091943314003237,0.003257617656443713,0.00032817921601235867,0.0,0.0007384339845273463,0.0006091974874864945,0.003257617656443713,0.003257617656443713,HOLD,LOW,HIGH,Volatile,0.028626286266906213,7.312146868024554,0,0,2,RegimeSwitching
2024-04-23,-0.00021286849595667878,0.002778301603501518,0.00018916756380349398,0.0,0.0003017351793672435,0.00018916965290069636,0.002778301603501518,0.002778301603501518,HOLD,LOW,HIGH,Volatile,0.02896321194443375,7.355717250279018,0,0,2,RegimeSwitching
2024-04-24,0.0019521103186712655,0.004529798938970656,-8.96095298230648e-06,0.0,0.0012131724322631782,0.001952110440433461,0.004529798938970656,0.004529798938970656,HOLD,LOW,HIGH,Volatile,0.03921508637444563,8.363574436732701,0,0,2,RegimeSwitching
2024-04-25,0.0046046923342664,0.016120441916149742,-5.764595698565245e-05,0.0,0.0034037246341288145,0.004604692461836569,0.016120441916149742,0.016120441916149742,HOLD,LOW,HIGH,Volatile,0.04083830734381366,8.500717163085938,0,0,2,RegimeSwitching
2024-04-26,0.0008080185610682571,-0.012891048191985555,-0.00048610661178827286,0.0,-0.0012684239770317813,-0.0004861073027186956,-0.012891048191985555,-0.012891048191985555,HOLD,LOW,HIGH,Volatile,0.040622181068338016,8.225716727120536,0,0,2,RegimeSwitching
2024-04-29,-0.00031698211453267853,0.0020044491378634084,-0.000769277336075902,0.0,-0.00030924376140092355,-0.0003169803437171354,0.0020044491378634084,0.0020044491378634084,HOLD,LOW,HIGH,Volatile,0.051911940983291036,9.888573782784599,0,0,2,RegimeSwitching
2024-04-30,0.006118936144065408,0.011044242361120228,-0.0007534470641985536,0.0,0.003105587260466992,0.0061189360865823526,0.011044242361120228,0.011044242361120228,HOLD,LOW,HIGH,Volatile,0.052316521927248234,10.198573521205356,0,0,2,RegimeSwitching
2024-05-01,-0.0034831574687552457,-0.01419160511270792,-0.00044505030382424593,0.0,-0.0030311758260903304,-0.0034831577043242467,-0.01419160511270792,-0.01419160511270792,HOLD,LOW,HIGH,Volatile,0.052542481029144,10.161430358886719,0,0,2,RegimeSwitching
2024-05-02,0.0010550964741722724,0.014998438538103311,7.494678720831871e-05,0.0,0.0019913762851267764,0.0010550974206385477,0.014998438538103311,0.014998438538103311,HOLD,LOW,HIGH,Volatile,0.05245981852978304,10.471430097307476,0,0,2,RegimeSwitching
2024-05-03,0.0009977784710873624,-0.010314017459199814,0.0005096790264360607,0.0,-0.0004193551248693826,0.0005096770784062726,-0.010314017459199814,-0.010314017459199814,HOLD,LOW,HIGH,Volatile,0.051631041212345394,10.235001700265064,0,0,2,RegimeSwitching
2024-05-06,0.0009998215100525888,0.008203823549964991,0.0005452361074276268,0.0,0.0015101159507982821,0.0009998235614507708,0.008203823549964991,0.008203823549964991,HOLD,LOW,HIGH,Volatile,0.050767059583171584,10.137858799525663,0,0,2,RegimeSwitching
2024-05-07,0.0013770201179095082,0.004471687519147206,0.0002481810515746474,0.0,0.0011178636428510749,0.0013770206792809933,0.004471687519147206,0.004471687519147206,HOLD,LOW,HIGH,Volatile,0.05137952708773015,10.338572910853793,0,0,2,RegimeSwitching
2024-05-08,-0.0009187472988335129,-0.0015786102094184635,0.00023331050761044025,0.0,-0.00039649710339721353,-0.0009187466544534923,-0.0015786102094184635,-0.0015786102094184635,HOLD,LOW,HIGH,Volatile,0.05108742213073676,10.403573172433033,0,0,2,RegimeSwitching
2024-05-09,0.0007226063434372623,0.011406609154720365,1.5895231626927853e-05,0.0,0.0014627366533196363,0.00072260766086924,0.011406609154720365,0.011406609154720365,HOLD,LOW,HIGH,Volatile,0.05108011791417281,10.370001656668524,0,0,2,RegimeSwitching
2024-05-10,0.00041202085280715576,-0.005011049873527827,-0.00016355805564671755,0.0,-0.0004424047402940164,-0.00016355958080524997,-0.005011049873527827,-0.005011049873527827,HOLD,LOW,HIGH,Volatile,0.051080538052672105,10.160001482282365,0,0,2,RegimeSwitching
2024-05-13,0.0002347053950737635,-0.001710110624726207,-0.0001758240396156907,0.0,-0.00017629915181106105,-0.00017582581276772013,-0.001710110624726207,-0.001710110624726207,HOLD,LOW,HIGH,Volatile,0.04946059460080764,10.21571568080357,0,0,2,RegimeSwitching
2024-05-14,0.0017764623380147181,0.0036975604193623017,-0.0003568726824596524,0.0,0.0008815148008924491,0.0017764622863310152,0.0036975604193623017,0.0036975604193623017,HOLD,LOW,HIGH,Volatile,0.049324267333068654,9.095001220703123,0,0,2,RegimeSwitching
2024-05-15,0.0016260336103286225,-0.0008286653319600009,-0.0008350210264325142,0.0,0.00011171251237650681,-0.0008285460543383181,-0.0008286653319600009,-0.0008286653319600009,HOLD,LOW,HIGH,Volatile,0.049542839852701595,8.692858014787944,0,0,2,RegimeSwitching
2024-05-16,-0.00044199618728926813,-0.0009106025063172783,-0.000849805073812604,0.0,-0.0006993077194080654,-0.0008497915892325289,-0.0009106025063172783,-0.0009106025063172783,HOLD,LOW,HIGH,Volatile,0.04856109940037309,8.59357234409877,0,0,2,RegimeSwitching
2024-05-17,0.0012407332666363722,0.002923620509446618,-0.001214183634147048,0.0,0.0001564275529218923,0.001240733080138973,0.002923620509446618,0.002923620509446618,HOLD,LOW,HIGH,Volatile,0.048158187684713555,6.900715419224328,0,0,2,RegimeSwitching
2024-05-20,0.0012077349633477482,-0.00039358138801482106,-0.001330869970843196,0.0,-0.0002582812219980048,-0.00039358094708622616,-0.00039358138801482106,-0.00039358138801482106,HOLD,LOW,HIGH,Volatile,0.0473886610845111,6.402143205915179,0,0,2,RegimeSwitching
2024-05-21,2.4354582608576377e-05,-0.0017151534429226893,-0.001377950655296445,0.0,-0.0008736657793483029,-0.0013779484192986697,-0.0017151534429226893,-0.0017151534429226893,HOLD,LOW,HIGH,Volatile,0.04889317211272752,6.7821426391601545,0,0,2,RegimeSwitching
2024-05-22,0.0033072558177042097,0.002831597458081302,-0.0015607685782015324,0.0,0.000763751490796273,0.0028315955920979966,0.002831597458081302,0.002831597458081302,HOLD,LOW,HIGH,Volatile,0.04376380374079133,6.7750004359654,0,0,2,RegimeSwitching
2024-05-23,-0.001481799945499566,-0.005304507020578049,-0.0014847118873149157,0.0,-0.0018776766552801346,-0.001484915221962768,-0.005304507020578049,-0.005304507020578049,HOLD,LOW,HIGH,Volatile,0.04344997632932791,6.937857491629464,0,0,2,RegimeSwitching
2024-05-24,-1.612770765099976e-07,-0.00901194710491291,-0.0005301616620272398,0.0,-0.0012014758115855807,-0.0005301634238536075,-0.00901194710491291,-0.00901194710491291,HOLD,LOW,HIGH,Volatile,0.04385348580197809,6.93642970493862,0,0,2,RegimeSwitching
2024-05-28,0.002384399026998044,0.008393638692195863,-0.0002944252919405699,0.0,0.001631705750254858,0.0023843992336626137,0.008393638692195863,0.008393638692195863,HOLD,LOW,HIGH,Volatile,0.029210956862388032,6.845001220703125,0,0,2,RegimeSwitching
2024-05-29,-0.00022381075060436345,0.006649096425852538,-0.00041360314935445786,0.0,0.00038800793947403383,-0.00022380568208605543,0.006649096425852538,0.006649096425852538,HOLD,LOW,HIGH,Volatile,0.02647744604868174,6.599286760602679,0,0,2,RegimeSwitching
2024-05-30,0.0008628226862112799,0.0016032783900607867,-0.0005224855849519372,0.0,0.00022936696739983705,0.0008628220601492986,0.0016032783900607867,0.0016032783900607867,HOLD,LOW,HIGH,Volatile,0.026439721139207513,6.816429138183594,0,0,2,RegimeSwitching
2024-05-31,0.0013202577807013619,0.0032358084777109443,-0.0004988695727661252,0.0,0.0005857415142914761,0.0013202578083131885,0.0032358084777109443,0.0032358084777109443,HOLD,LOW,HIGH,Volatile,0.02645190857703826,6.901429312569754,0,0,2,RegimeSwitching
2024-06-03,0.0003951934378582091,0.0016272509125080583,-0.0005255630239844322,0.0,5.0497387440620535e-05,0.0003951937112329806,0.0016272509125080583,0.0016272509125080583,HOLD,LOW,HIGH,Volatile,0.026479351425536497,6.988572256905692,0,0,2,RegimeSwitching
2024-06-04,0.00045301610266852265,0.002662081136394,-9.102281183004379e-05,0.0,0.00040215123975377446,0.0004530174817702396,0.002662081136394,0.002662081136394,HOLD,LOW,HIGH,Volatile,0.026055954226351038,6.714285714285714,0,0,2,RegimeSwitching
2024-06-05,0.000583242876665893,0.0005622978497240037,4.684086889028549e-05,0.0,0.0003062235005126137,0.000562256196314906,0.0005622978497240037,0.0005622978497240037,HOLD,LOW,MEDIUM,Volatile,0.024679804105449073,6.509284973144531,0,0,1,RegimeSwitching
2024-06-06,0.0009229922460425422,0.004900504678539924,-0.00017291877884417772,0.0,0.0007717906515741815,0.0009229929055762478,0.004900504678539924,0.004900504678539924,HOLD,LOW,MEDIUM,Volatile,0.02464379383910038,6.697856358119419,0,0,1,RegimeSwitching
2024-06-07,0.0013352084928481857,0.0006307039703377782,-0.0005606827326118946,0.0,0.00029104925100138833,0.0006307033928693377,0.0006307039703377782,0.0006307039703377782,HOLD,LOW,MEDIUM,Volatile,0.024345075171381642,6.475713457380023,0,0,1,RegimeSwitching
2024-06-10,0.0004138316621604906,-0.0009334154256651731,-0.0009753941558301449,0.0,-0.00043701751489622114,-0.0009333934281840252,-0.0009334154256651731,-0.0009334154256651731,HOLD,LOW,MEDIUM,Volatile,0.024366710136487404,6.559285845075335,0,0,1,RegimeSwitching
2024-06-11,7.388473336457206e-05,-0.002249030193394357,-0.000929276691749692,0.0,-0.0006797992569758962,-0.0009292769300442285,-0.002249030193394357,-0.002249030193394357,HOLD,LOW,MEDIUM,Volatile,0.024336631604961616,6.214285714285714,0,0,1,RegimeSwitching
2024-06-12,0.00044722817662451545,-0.0015104784177322056,-0.0006312731420621276,0.0,-0.0003073826807644039,-0.0006312729327488674,-0.0015104784177322056,-0.0015104784177322056,HOLD,LOW,MEDIUM,Volatile,0.024771236263455895,6.37642778669085,0,0,1,RegimeSwitching
2024-06-13,0.002369508572539023,0.0033502955521236503,-0.0006695883348584175,0.0,0.0009134274350110045,0.0023695078838530136,0.0033502955521236503,0.0033502955521236503,HOLD,LOW,HIGH,Volatile,0.025094229955999723,6.744285583496094,0,0,2,RegimeSwitching
2024-06-14,0.0011722925497357278,0.0029702970736266566,-0.0006856423569843173,0.0,0.0004057637380206643,0.0011722925318347877,0.0029702970736266566,0.0029702970736266566,HOLD,LOW,HIGH,Volatile,0.025803297645432006,6.9392852783203125,0,0,2,RegimeSwitching
2024-06-17,-0.0005307264862592665,-0.0033401738329291884,-0.0003830990754067898,0.0,-0.0007449281948807458,-0.000530732813853046,-0.0033401738329291884,-0.0033401738329291884,HOLD,LOW,HIGH,Volatile,0.028060230250131064,7.348570687430241,0,0,2,RegimeSwitching
2024-06-18,0.0029665579909138734,-0.002858157087993923,-0.0007569295121356845,0.0,0.00045767095107894897,-0.000756929305097182,-0.002858157087993923,-0.002858157087993923,HOLD,LOW,HIGH,Volatile,0.028048095939685633,7.409285409109929,0,0,2,RegimeSwitching
2024-06-20,-0.0005429104356480765,0.002895263593433895,-0.0013298552948981524,0.0,-0.0005914372125630507,-0.0005429094588149797,0.002895263593433895,0.002895263593433895,HOLD,LOW,MEDIUM,Volatile,0.024309557442524495,7.2850003923688575,0,0,1,RegimeSwitching
2024-06-21,0.00037832967660164456,0.01022381259172466,-0.0015463598538190126,0.0,0.00040784476782243837,0.0003783300940778566,0.01022381259172466,0.01022381259172466,HOLD,LOW,MEDIUM,Volatile,0.023012570817675743,7.053571428571424,0,0,1,RegimeSwitching
2024-06-24,0.0013033423751780183,0.007051563117353808,-0.0019446494989097118,0.0,0.0002320721155862804,0.0013033425089647352,0.007051563117353808,0.007051563117353808,HOLD,LOW,MEDIUM,Volatile,0.02134992646861052,6.917857578822541,0,0,1,RegimeSwitching
2024-06-25,0.0005489136413512651,0.005943914845732232,-0.0019295199308544397,0.0,-0.00016446745826953176,0.0005489138592185236,0.005943914845732232,0.005943914845732232,HOLD,LOW,MEDIUM,Volatile,0.02100078556029521,7.075001307896197,0,0,1,RegimeSwitching
2024-06-26,0.0017088888841835142,0.0036299594531621687,-0.002194476779550314,0.0,-9.304535934859313e-05,0.00170888862023973,0.0036299594531621687,0.0036299594531621687,HOLD,LOW,MEDIUM,Volatile,0.022871360510108664,7.6021445138113775,0,0,1,RegimeSwitching
2024-06-27,0.002007457238075787,-0.002428551585856086,-0.00238635647110641,0.0,-0.0007016412489289888,-0.0023863340715450237,-0.002428551585856086,-0.002428551585856086,HOLD,LOW,MEDIUM,Volatile,0.0227851466756908,7.435715811593186,0,0,1,RegimeSwitching
2024-06-28,0.00023245177401406156,0.000283791633355494,-0.0025410351809114218,0.0,-0.0011834178623484188,0.0002324333864810132,0.000283791633355494,0.000283791633355494,HOLD,LOW,MEDIUM,Volatile,0.022696525066242697,7.733572823660704,0,0,1,RegimeSwitching
2024-07-01,0.0007823850603838999,0.000615030707384624,-0.0022248250897973776,0.0,-0.0007758094519178106,0.0006150251544769849,0.000615030707384624,0.000615030707384624,HOLD,LOW,HIGH,Volatile,0.025539581344498317,8.444285801478783,0,0,2,RegimeSwitching
2024-07-02,0.002783596666452357,0.005391473807274052,-0.0019745766185224056,0.0,0.0006145063577194403,0.00278359649336893,0.005391473807274052,0.005391473807274052,HOLD,LOW,HIGH,Volatile,0.03194142600588052,9.45142909458704,0,0,2,RegimeSwitching
2024-07-03,0.0032542394861894575,-0.023548013362836396,-0.0020453420002013445,0.0,-0.0022264861876977867,-0.002045342142322783,-0.023548013362836396,-0.023548013362836396,HOLD,LOW,HIGH,Volatile,0.03333364863662571,9.904287065778439,0,0,2,RegimeSwitching
2024-07-05,0.001506742441150797,-0.023776250795896313,-0.0018905261531472206,0.0,-0.0028424760451686523,-0.0018905264016404457,-0.023776250795896313,-0.023776250795896313,HOLD,LOW,HIGH,Volatile,0.03312913378813508,9.627142769949756,0,0,2,RegimeSwitching
2024-07-08,0.0005445364801587345,-0.007541671426306716,-0.0016467003151774406,0.0,-0.0014125236343630132,-0.0016467006015460006,-0.007541671426306716,-0.007541671426306716,HOLD,LOW,HIGH,Volatile,0.033246616878160044,10.040713718959243,0,0,2,RegimeSwitching
2024-07-09,0.0006610067396673317,-0.007203872310637306,-0.0010162810795009136,0.0,-0.0010098658027133836,-0.0010162815134299318,-0.007203872310637306,-0.007203872310637306,HOLD,LOW,HIGH,Volatile,0.03314572042653567,10.290712629045743,0,0,2,RegimeSwitching
2024-07-10,0.002229180522980123,-0.01467573491424147,-0.0005721480119973421,0.0,-0.0009503141674296728,-0.0005721482978222574,-0.01467573491424147,-0.01467573491424147,HOLD,LOW,HIGH,Volatile,0.03199987385961414,10.623570033482126,0,0,2,RegimeSwitching
2024-07-11,0.000517160600511694,-0.00432937523895411,-0.0003450460499152541,0.0,-0.00042465582596290356,-0.00034504695618880766,-0.00432937523895411,-0.00432937523895411,HOLD,LOW,HIGH,Volatile,0.03945157558388411,12.466427394321968,0,0,2,RegimeSwitching
2024-07-12,-0.0025324324895192036,-0.01886814530803098,0.002853037789463997,0.0,-0.0014581941685271676,-0.002532432613927,-0.01886814530803098,-0.01886814530803098,HOLD,LOW,HIGH,Volatile,0.039257403811430586,13.5728563581194,0,0,2,RegimeSwitching
2024-07-15,0.003290739124254945,0.006476364933965553,0.0038629313930869102,0.0,0.0039125945672447765,0.0038629327523189414,0.006476364933965553,0.006476364933965553,HOLD,LOW,HIGH,Volatile,0.03915743366328073,14.3671428135463,0,0,2,RegimeSwitching
2024-07-16,0.0011107470778618776,-0.021802925264569527,0.004218311049044132,0.0,0.0003391192100972661,0.0011107467999116349,-0.021802925264569527,-0.021802925264569527,HOLD,LOW,HIGH,Volatile,0.03795477806911782,14.85714176722934,0,0,2,RegimeSwitching
2024-07-17,0.0012674552891493642,-0.005260716283588496,0.0035856780596077442,0.0,0.0017818345745265595,0.001267455011291581,-0.005260716283588496,-0.005260716283588496,HOLD,LOW,HIGH,Volatile,0.038682017389662655,14.92071424211773,0,0,2,RegimeSwitching
2024-07-18,-0.0005446529684367717,-0.0066608034344677,0.0032005258835852146,0.0,0.0007434226473914848,-0.0005446530718561202,-0.0066608034344677,-0.0066608034344677,HOLD,LOW,HIGH,Volatile,0.038222705596688215,15.297144208635588,0,0,2,RegimeSwitching
2024-07-19,0.0014747080829866253,-0.008363426133962062,0.002613863442093134,0.0,0.0010434344899315337,0.0014747073083063152,-0.008363426133962062,-0.008363426133962062,HOLD,LOW,HIGH,Volatile,0.03959486688830758,15.6307155064174,0,0,2,RegimeSwitching
2024-07-22,-0.0007444514677282938,-0.010123887580538561,0.0024039160925894976,0.0,-9.885844497361542e-05,-0.0007444516785580914,-0.010123887580538561,-0.010123887580538561,HOLD,LOW,HIGH,Volatile,0.04038515335286946,15.535002572195863,0,0,2,RegimeSwitching
2024-07-23,0.00342519328904345,0.00634384439945013,0.0015908604254946113,0.0,0.0027863743420926002,0.0034251934912176625,0.00634384439945013,0.00634384439945013,HOLD,LOW,HIGH,Volatile,0.04102062636469456,14.727144513811382,0,0,2,RegimeSwitching
2024-07-24,-0.000633321678509849,-0.014567286716532027,0.0011856183409690857,0.0,-0.0011388283488179105,-0.000633322155919994,-0.014567286716532027,-0.014567286716532027,HOLD,LOW,HIGH,Volatile,0.052372491031581904,15.768572126116075,0,0,2,RegimeSwitching
2024-07-25,-0.003849328510763164,-0.010367189513098927,0.001719703315757215,0.0,-0.001668133897302184,-0.0038493285368856236,-0.010367189513098927,-0.010367189513098927,HOLD,LOW,HIGH,Volatile,0.05162534608761253,15.775715419224332,0,0,2,RegimeSwitching
2024-07-26,0.003513625529650099,0.005010144887065744,0.0021251270081847906,0.0,0.0029565373681848866,0.003513625581491277,0.005010144887065744,0.005010144887065744,HOLD,LOW,HIGH,Volatile,0.05165474715984203,15.210001264299667,0,0,2,RegimeSwitching
2024-07-29,0.0004736551229389243,0.01228843678618127,0.002050393959507346,0.0,0.002500512446182568,0.002050394495268527,0.01228843678618127,0.01228843678618127,HOLD,LOW,HIGH,Volatile,0.05279548534627677,15.150002615792411,0,0,2,RegimeSwitching
2024-07-30,0.00305249603181183,0.005604973533363974,0.001680564135313034,0.0,0.002612838869300195,0.003052496368180552,0.005604973533363974,0.005604973533363974,HOLD,LOW,HIGH,Volatile,0.05248650362691443,15.341430664062496,0,0,2,RegimeSwitching
2024-07-31,-0.0014886227872390424,-0.007124167313502893,0.0018736026249825954,0.0,-0.00034719327661551693,-0.0014886229071021005,-0.007124167313502893,-0.007124167313502893,HOLD,LOW,HIGH,Volatile,0.048566248211731694,13.963572910853793,0,0,2,RegimeSwitching
2024-08-01,0.003126947770011572,0.012360356744034651,0.0015748959267511964,0.0,0.003284259644262868,0.0031269483052118775,0.012360356744034651,0.012360356744034651,HOLD,LOW,HIGH,Volatile,0.04843855932221578,13.891430446079797,0,0,2,RegimeSwitching
2024-08-02,-0.0023349609528824076,-0.003724797047016995,0.0024130321107804775,0.0,-4.542311437803542e-05,-0.00233496044493355,-0.003724797047016995,-0.003724797047016995,HOLD,LOW,HIGH,Volatile,0.04867177149484611,13.44214412144252,0,0,2,RegimeSwitching
2024-08-05,0.00022477689138224362,0.004130181435993021,0.003166163107380271,0.0,0.002134893107416777,0.0031661624119477256,0.004130181435993021,0.004130181435993021,HOLD,LOW,HIGH,Volatile,0.04909325412927312,14.360001700265064,0,0,2,RegimeSwitching
2024-08-06,-0.00019122272182203368,0.015321855407201964,0.004209121689200401,0.0,0.0036640315559941785,0.004209121826381434,0.015321855407201964,0.015321855407201964,HOLD,LOW,HIGH,Volatile,0.04803450093535655,14.212857927594866,0,0,2,RegimeSwitching
2024-08-07,0.0017097583477536618,0.009274014803001855,0.0044692642986774445,0.0,0.003904156879430189,0.0044692644527579576,0.009274014803001855,0.009274014803001855,HOLD,LOW,HIGH,Volatile,0.048367031500045184,14.360714503696991,0,0,2,RegimeSwitching
2024-08-08,-0.00096725464651409,0.012034060961149158,0.005008408799767494,0.0,0.0034360752018832686,0.005008408824761906,0.012034060961149158,0.012034060961149158,HOLD,LOW,HIGH,Volatile,0.046537774522198934,14.09857177734375,0,0,2,RegimeSwitching
2024-08-09,0.0027433186760464144,0.007086606650313948,0.004687958396971226,0.0,0.004187866596619884,0.004687958494122834,0.007086606650313948,0.007086606650313948,HOLD,LOW,HIGH,Volatile,0.045788210668661095,13.509999956403458,0,0,2,RegimeSwitching
2024-08-12,0.00046444938458068156,0.015570782482666664,0.0037877464201301336,0.0,0.003725848866630429,0.0037877466360017858,0.015570782482666664,0.015570782482666664,HOLD,LOW,HIGH,Volatile,0.04529728482960968,13.167143685477114,0,0,2,RegimeSwitching
2024-08-13,0.00028336362179240545,0.008548444555043992,0.0026302076876163483,0.0,0.0023386128133144938,0.0026302079444455377,0.008548444555043992,0.008548444555043992,HOLD,LOW,HIGH,Volatile,0.047109284448474086,11.721430097307477,0,0,2,RegimeSwitching
2024-08-14,0.002798609918616523,-0.0021192742792327034,0.001411845674738288,0.0,0.0015806432710748788,0.0014118452377095375,-0.0021192742792327034,-0.0021192742792327034,HOLD,LOW,HIGH,Volatile,0.04709997607994707,11.69857352120536,0,0,2,RegimeSwitching
2024-08-15,-0.0010643043047147286,-0.003022937182631995,0.0006560069741681218,0.0,-0.00038486726325196027,-0.0010643043752904954,-0.003022937182631995,-0.003022937182631995,HOLD,LOW,HIGH,Volatile,0.049722627311807356,12.237859453473774,0,0,2,RegimeSwitching
2024-08-16,0.003467145061336825,-0.002462245940328201,-0.0002252162666991353,0.0,0.0009634081252871576,-0.0002252160907598557,-0.002462245940328201,-0.002462245940328201,HOLD,LOW,HIGH,Volatile,0.04920873319020333,11.84714508056641,0,0,2,RegimeSwitching
2024-08-19,0.00023066599454052265,-0.004955522919578745,-0.0009719766676425934,0.0,-0.0009206353672192184,-0.0009719772468577665,-0.004955522919578745,-0.004955522919578745,HOLD,LOW,HIGH,Volatile,0.04821602971514596,11.595716203962057,0,0,2,RegimeSwitching
2024-08-20,0.0017746849196548361,0.003192219112299967,-0.001764786196872592,0.0,0.0001072650790209372,0.001774684497566847,0.003192219112299967,0.003192219112299967,HOLD,LOW,HIGH,Volatile,0.04809664809433783,11.352859497070321,0,0,2,RegimeSwitching
2024-08-21,0.0001043744833683464,-0.000771744667946443,-0.0019077640026807785,0.0,-0.0010170564768173362,-0.0007717449280246312,-0.000771744667946443,-0.000771744667946443,HOLD,LOW,HIGH,Volatile,0.03787031432659049,10.50000217982701,0,0,2,RegimeSwitching
2024-08-22,0.0012622064258991043,0.005354829640214784,-0.00212520407512784,0.0,-5.130975158364908e-05,0.0012622064767129483,0.005354829640214784,0.005354829640214784,HOLD,LOW,HIGH,Volatile,0.03987036645686389,10.74285888671875,0,0,2,RegimeSwitching
2024-08-23,-0.001430718722029883,0.003690251315290542,-0.001283895457163453,0.0,-0.0008271598103755878,-0.0012838889387338209,0.003690251315290542,0.003690251315290542,HOLD,LOW,HIGH,Volatile,0.04123624885127119,9.682144165039064,0,0,2,RegimeSwitching
2024-08-26,0.0032299146695196684,-0.0012776162279505834,-0.0009805380832403898,0.0,0.0006073935698815568,-0.0009805349770215693,-0.0012776162279505834,-0.0012776162279505834,HOLD,LOW,HIGH,Volatile,0.039775240952127706,9.616431100027897,0,0,2,RegimeSwitching
2024-08-27,-0.0010454689827875813,-0.008354342105948556,-0.0005674920976161957,0.0,-0.0015545967987904146,-0.0010454709294392308,-0.008354342105948556,-0.008354342105948556,HOLD,LOW,HIGH,Volatile,0.038964410113245446,9.381430489676328,0,0,2,RegimeSwitching
2024-08-28,0.0006114806473694028,0.000734856605951404,0.0001325185876339674,0.0,0.00037878359663344593,0.0006114747504268881,0.000734856605951404,0.000734856605951404,HOLD,LOW,HIGH,Volatile,0.03760217798986639,9.403573172433028,0,0,2,RegimeSwitching
2024-08-29,0.0004454433716574921,-0.0007201583103660172,0.000842877256218344,0.0,0.0005288391441365362,0.00044544172456718146,-0.0007201583103660172,-0.0007201583103660172,HOLD,LOW,HIGH,Volatile,0.03469834406527063,9.644287109374995,0,0,2,RegimeSwitching
2024-08-30,0.0011178510055366657,0.002662996783617756,0.0014926790026947856,0.0,0.0014693281779912313,0.0014926808034184643,0.002662996783617756,0.002662996783617756,HOLD,LOW,HIGH,Volatile,0.034387046331341875,9.855716160365507,0,0,2,RegimeSwitching
2024-09-03,0.0020846064942617436,0.0017202726004141016,0.0011875570053234696,0.0,0.001587360177936958,0.001720271740812616,0.0017202726004141016,0.0017202726004141016,HOLD,LOW,HIGH,Volatile,0.03304891741013498,9.77214377267019,0,0,2,RegimeSwitching
2024-09-04,-0.0003224734710121826,-0.004115666551546272,0.001445622998289764,0.0,0.00019217963381501512,-0.0003224737724619827,-0.004115666551546272,-0.004115666551546272,HOLD,LOW,HIGH,Volatile,0.034119210460478236,9.912143162318628,0,0,2,RegimeSwitching
2024-09-05,0.0023352460843391694,-0.006901621560484145,0.0012282057432457805,0.0,0.0008150282517876473,0.001228204964538829,-0.006901621560484145,-0.006901621560484145,HOLD,LOW,HIGH,Volatile,0.03332019155820404,9.990000043596535,0,0,2,RegimeSwitching
2024-09-06,0.0019162498810316431,-0.011141323678528563,0.0008727607782930136,0.0,3.441828702027412e-05,0.0008727599050246067,-0.011141323678528563,-0.011141323678528563,HOLD,LOW,HIGH,Volatile,0.03911142573134157,10.996429443359363,0,0,2,RegimeSwitching
2024-09-09,-0.0025274906768839502,-0.012941196125352472,0.0029842043295502663,0.0,-0.0007776062052002868,-0.002527490762241671,-0.012941196125352472,-0.012941196125352472,HOLD,LOW,HIGH,Volatile,0.0394479932971278,11.014286586216512,0,0,2,RegimeSwitching
2024-09-10,0.0026257547365398483,0.0001579429234434423,0.0031087694223970175,0.0,0.0026186554611356137,0.002625753079634374,0.0001579429234434423,0.0001579429234434423,HOLD,LOW,HIGH,Volatile,0.04026041493861442,11.119285583496088,0,0,2,RegimeSwitching
2024-09-11,0.001952914452184238,0.0030064536551683307,0.0021645179949700832,0.0,0.0021700350303608664,0.0021645214916353192,0.0030064536551683307,0.0030064536551683307,HOLD,LOW,HIGH,Volatile,0.0389009185332443,11.538570949009486,0,0,2,RegimeSwitching
2024-09-12,0.0006313699377456875,-0.001171072284370147,0.0012109186500310898,0.0,0.0007423812658967388,0.0006313687723860424,-0.001171072284370147,-0.001171072284370147,HOLD,LOW,HIGH,Volatile,0.03795740856878943,11.048570905412946,0,0,2,RegimeSwitching
2024-09-13,0.0009788152860602832,0.004242361975879541,0.0002030861796811223,0.0,0.0009180194730062935,0.0009788162656279775,0.004242361975879541,0.004242361975879541,HOLD,LOW,HIGH,Volatile,0.035697644459273155,10.72928510393415,0,0,2,RegimeSwitching
2024-09-16,0.0008101743049307424,0.00542375894694184,-0.0007414659485220909,0.0,0.0004910747506014375,0.0008101747319231716,0.00542375894694184,0.00542375894694184,HOLD,LOW,HIGH,Volatile,0.03591783816945083,10.547140938895092,0,0,2,RegimeSwitching
2024-09-17,0.0003057198319324073,0.006931628190457931,-0.0013908734545111656,0.0,0.00011995397612287725,0.000305720269777734,0.006931628190457931,0.006931628190457931,HOLD,LOW,HIGH,Volatile,0.0353327009824414,10.497141156877797,0,0,2,RegimeSwitching
2024-09-18,0.0011426233009172288,0.0037053646327788385,-0.001715414458885789,0.0,-5.747252912268147e-05,0.001142623260660089,0.0037053646327788385,0.0037053646327788385,HOLD,LOW,HIGH,Volatile,0.035291318861411285,10.464997427804136,0,0,2,RegimeSwitching
2024-09-19,0.0006696266496784462,-0.0001404067793653521,-0.001724354224279523,0.0,-0.0006406467072559692,-0.00014040738030429595,-0.0001404067793653521,-0.0001404067793653521,HOLD,LOW,HIGH,Volatile,0.03856425509513186,11.029283796037955,0,0,2,RegimeSwitching
2024-09-20,0.003147597694235621,-0.004385044011674168,-0.0021438717376440763,0.0,-0.00034094611249460734,-0.002143871480758838,-0.004385044011674168,-0.004385044011674168,HOLD,LOW,HIGH,Volatile,0.03632024913347541,11.01356942313059,0,0,2,RegimeSwitching
2024-09-23,-0.000705280003434246,-0.0011934336891967665,-0.002228116150945425,0.0,-0.0015359608887603087,-0.0011934347647597921,-0.0011934336891967665,-0.0011934336891967665,HOLD,LOW,HIGH,Volatile,0.03651250340534097,11.119998386928021,0,0,2,RegimeSwitching
2024-09-24,0.0026536811731153525,0.0031185784796719028,-0.0024932469241321087,0.0,6.429953345728689e-05,0.0026536792255311176,0.0031185784796719028,0.0031185784796719028,HOLD,LOW,HIGH,Volatile,0.035384019039723574,10.869284493582597,0,0,2,RegimeSwitching
2024-09-25,0.000836031073767107,0.0029021428316206915,-0.002605714602395892,0.0,-0.0007144000845634909,0.0008360308806157063,0.0029021428316206915,0.0029021428316206915,HOLD,LOW,HIGH,Volatile,0.03477633436971377,10.096426827566969,0,0,2,RegimeSwitching
2024-09-26,0.0010041518661106203,0.0049559950175919,-0.002706104889512062,0.0,-0.0004893185389018507,0.0010041518825700604,0.0049559950175919,0.0049559950175919,HOLD,LOW,HIGH,Volatile,0.03456566944903751,9.177140372140077,0,0,2,RegimeSwitching
2024-09-27,0.00035487990732991227,0.0007715469659101651,-0.0023098045494407415,0.0,-0.0009675476732174173,0.00035487789379281105,0.0007715469659101651,0.0007715469659101651,HOLD,LOW,HIGH,Volatile,0.03464123986239407,8.994284493582597,0,0,2,RegimeSwitching
2024-09-30,0.001725340180295398,0.007113915933621622,-0.002150398213416338,0.0,0.00029530126339885024,0.0017253402526687357,0.007113915933621622,0.007113915933621622,HOLD,LOW,HIGH,Volatile,0.034138290471663335,8.919998168945318,0,0,2,RegimeSwitching
2024-10-01,0.0007001938767110412,0.006356249818318611,-0.0018181782215833664,0.0,-6.7194408654255204e-06,0.0007001940967387173,0.006356249818318611,0.006356249818318611,HOLD,LOW,HIGH,Volatile,0.03403535620431741,9.189999171665743,0,0,2,RegimeSwitching
2024-10-02,0.00033402404358511613,0.0009486294033226682,-0.0009097687434405088,0.0,-0.00023990137414303897,0.0003340232245029057,0.0009486294033226682,0.0009486294033226682,HOLD,LOW,HIGH,Volatile,0.034680100365663415,9.825713021414627,0,0,2,RegimeSwitching
2024-10-03,-6.084092038170644e-05,-0.002829859740957883,-0.0001701426226645708,0.0,-0.0004025250660607418,-0.00017015123158485622,-0.002829859740957883,-0.002829859740957883,HOLD,LOW,HIGH,Volatile,0.03435680409127197,10.22785622732981,0,0,2,RegimeSwitching
2024-10-04,0.00022684782912641137,0.0062443257534465215,0.0008460956159979105,0.0,0.001164974207500352,0.0008460970404847237,0.0062443257534465215,0.0062443257534465215,HOLD,LOW,HIGH,Volatile,0.02786153839659406,10.48071398053852,0,0,2,RegimeSwitching
2024-10-07,0.0024252512714225305,-0.0034715697044750975,0.0007793373661115766,0.0,0.0009734975251413983,0.0007793369944169876,-0.0034715697044750975,-0.0034715697044750975,HOLD,LOW,HIGH,Volatile,0.02936447366443665,10.577856881277915,0,0,2,RegimeSwitching
2024-10-08,-0.0007446777796652472,0.001412147964813401,0.0010145287960767746,0.0,0.0003792771164838727,0.0010145268614841277,0.001412147964813401,0.001412147964813401,HOLD,LOW,HIGH,Volatile,0.027988129371105005,10.352858407156827,0,0,2,RegimeSwitching
2024-10-09,0.001781357871030131,0.005565219389067244,0.000672376248985529,0.0,0.001603479996074987,0.00178135850699451,0.005565219389067244,0.005565219389067244,HOLD,LOW,HIGH,Volatile,0.02824961156826017,9.701429094587066,0,0,2,RegimeSwitching
2024-10-10,0.000237850179719016,0.0067177507858449306,0.0005173607496544719,0.0,0.0010495989905937278,0.0005173641406927293,0.0067177507858449306,0.0067177507858449306,HOLD,LOW,HIGH,Volatile,0.028356609039368257,9.871428353445879,0,0,2,RegimeSwitching
2024-10-11,0.0007470125021506967,0.00396419156573845,0.0004137346404604614,0.0,0.000908150049455503,0.0007470151741157139,0.00396419156573845,0.00396419156573845,HOLD,LOW,HIGH,Volatile,0.03527419373770331,10.77428545270648,0,0,2,RegimeSwitching
2024-10-14,-0.0018448328748686968,0.002825553280222859,0.0007415932486765087,0.0,-3.767992033354146e-05,0.0007415931556160727,0.002825553280222859,0.002825553280222859,HOLD,LOW,HIGH,Volatile,0.03519944651594295,10.77642822265625,0,0,2,RegimeSwitching
2024-10-15,0.0021211118051309165,-5.542665725636643e-06,0.0008958562975749373,0.0,0.0012738722577606905,0.0008958565896796015,-5.542665725636643e-06,-5.542665725636643e-06,HOLD,LOW,HIGH,Volatile,0.0351770663731283,10.945714678083151,0,0,2,RegimeSwitching
2024-10-16,0.0008178750999856256,0.00612049114120903,0.000830978387966752,0.0,0.001371654595793159,0.0008310444105593585,0.00612049114120903,0.00612049114120903,HOLD,LOW,HIGH,Volatile,0.03524406607917006,10.493572780064179,0,0,2,RegimeSwitching
2024-10-17,0.0010960214381909707,-0.00033330738056829067,0.00037190329749137163,0.0,0.0005775127283778321,0.00037190333431088126,-0.00033330738056829067,-0.00033330738056829067,HOLD,LOW,HIGH,Volatile,0.030868825620339636,10.322143554687502,0,0,2,RegimeSwitching
2024-10-18,0.000710890247948605,0.00872532691081086,-0.00014178361743688583,0.0,0.0011008112975269906,0.0007108912932420007,0.00872532691081086,0.00872532691081086,HOLD,LOW,HIGH,Volatile,0.030566077748015296,9.890716552734377,0,0,2,RegimeSwitching
2024-10-21,0.0008641566376635955,-0.002086921245847882,-0.0007359110750257969,0.0,-0.00026019583507228873,-0.0007359109601263419,-0.002086921245847882,-0.002086921245847882,HOLD,LOW,HIGH,Volatile,0.028015105977042487,9.142144339425228,0,0,2,RegimeSwitching
2024-10-22,0.0006157155075130629,0.002921081033191891,-0.0011434706393629313,0.0,-4.786942304706382e-05,0.0006157156419175432,0.002921081033191891,0.002921081033191891,HOLD,LOW,HIGH,Volatile,0.027472976240629055,8.21857452392578,0,0,2,RegimeSwitching
2024-10-23,0.0008389950613587435,0.0025245841492415517,-0.0016350720543414354,0.0,-0.0002548446941976175,0.0008389948726636626,0.0025245841492415517,0.0025245841492415517,HOLD,LOW,HIGH,Volatile,0.02724558988325509,7.835003444126666,0,0,2,RegimeSwitching
2024-10-24,0.0002958146847442647,-0.0022361119117390218,-0.0017569304909557104,0.0,-0.0010172514878219038,-0.0017569288994142259,-0.0022361119117390218,-0.0022361119117390218,HOLD,LOW,HIGH,Volatile,0.053773626294033317,10.56143188476561,0,0,2,RegimeSwitching
2024-10-25,0.007162801394985094,-0.0028768218676517403,-0.0020301106851547956,0.0,0.0014164713211506181,-0.002030109615653329,-0.0028768218676517403,-0.0028768218676517403,HOLD,LOW,HIGH,Volatile,0.0540026863315452,10.903573172433022,0,0,2,RegimeSwitching
2024-10-28,-0.0004383559330002866,0.02586095564127101,-0.002527244621887803,0.0,0.0012045455314334099,-0.0004383554927556599,0.02586095564127101,0.02586095564127101,HOLD,LOW,HIGH,Volatile,0.0543258365345188,11.307145254952548,0,0,2,RegimeSwitching
2024-10-29,-0.00021573141527815272,0.042540590261276386,-0.0020107622258365154,0.0,0.0032755982928592284,-0.00021573088219191988,0.042540590261276386,0.042540590261276386,HOLD,LOW,HIGH,Volatile,0.05429534020930922,11.41786084856304,0,0,2,RegimeSwitching
2024-10-30,0.0008033420770633108,-0.013841092780551338,-0.0014063327107578516,0.0,-0.0018397711303712108,-0.001406333082497113,-0.013841092780551338,-0.013841092780551338,HOLD,LOW,HIGH,Volatile,0.05368239811516647,11.209289550781234,0,0,2,RegimeSwitching
2024-10-31,0.0007724266685002926,0.0011506990052295725,-0.0009312585461884737,0.0,-6.153509387105344e-05,0.0007724246250774812,0.0011506990052295725,0.0011506990052295725,HOLD,LOW,HIGH,Volatile,0.05355563448538966,10.217146737234918,0,0,2,RegimeSwitching
2024-11-01,4.472970075025781e-05,-0.010521828931040741,-0.00020310794934630394,0.0,-0.0011724056798337766,-0.00020311185505464947,-0.010521828931040741,-0.010521828931040741,HOLD,LOW,HIGH,Volatile,0.05286681385594333,10.160003662109366,0,0,2,RegimeSwitching
2024-11-04,0.0011435957664730574,-0.0016717310527153487,0.0001949342549778521,0.0,0.00036703654487186947,0.00019493373821975857,-0.0016717310527153487,-0.0016717310527153487,HOLD,LOW,HIGH,Volatile,0.05246733496305724,10.37143162318637,0,0,2,RegimeSwitching
2024-11-05,0.00014758897829727927,0.0012830058723966328,0.0006399964913725853,0.0,0.00051704394387831,0.0006399969636320034,0.0012830058723966328,0.0012830058723966328,HOLD,LOW,HIGH,Volatile,0.0529400383883492,10.98214503696985,0,0,2,RegimeSwitching
2024-11-06,0.002239607317139483,0.001396244878613313,0.0007562998798675835,0.0,0.0013925348864457113,0.001396245253455288,0.001396244878613313,0.001396244878613313,HOLD,LOW,HIGH,Volatile,0.060872389971894286,13.408572605678,0,0,2,RegimeSwitching
2024-11-07,0.004595725005432335,-0.008731387613571631,0.0005594658432528377,0.0,0.001152555879335106,0.0005594657032309508,-0.008731387613571631,-0.008731387613571631,HOLD,LOW,HIGH,Volatile,0.060859863485263864,14.207144601004448,0,0,2,RegimeSwitching
2024-11-08,3.119501181907038e-05,-0.0015144876342464268,0.00020997115643694997,0.0,-3.666447914057123e-05,3.119012622557878e-05,-0.0015144876342464268,-0.0015144876342464268,HOLD,LOW,HIGH,Volatile,0.05755727824193137,16.123572213309135,0,0,2,RegimeSwitching
2024-11-11,0.0029459605194035515,0.001796232155277128,0.0006671411101706326,0.0,0.0016596512461682,0.0017962321711189814,0.001796232155277128,0.001796232155277128,HOLD,LOW,HIGH,Volatile,0.05932037155865775,18.540000915527333,0,0,2,RegimeSwitching
2024-11-12,0.002485607630143638,0.02727237773079481,0.0010372729739174247,0.0,0.004300688993888235,0.0024856082792988473,0.02727237773079481,0.02727237773079481,HOLD,LOW,HIGH,Volatile,0.06229058009609896,19.97428676060267,0,0,2,RegimeSwitching
2024-11-13,-0.002097403460008203,-0.013775474115323684,0.0021310336887836456,0.0,-0.0011355181402256916,-0.0020974036107744756,-0.013775474115323684,-0.013775474115323684,HOLD,LOW,HIGH,Volatile,0.0623208674731173,18.090715680803566,0,0,2,RegimeSwitching
2024-11-14,0.0018520244396970252,0.0344173543675963,0.0033336777705699205,0.0,0.005970970722324324,0.003333678412412678,0.0344173543675963,0.0344173543675963,HOLD,LOW,HIGH,Volatile,0.06466848337583397,18.49785940987723,0,0,2,RegimeSwitching
2024-11-15,-0.001027088848856421,0.009178816884434416,0.004753521177917719,0.0,0.002987893960191546,0.00475352112497849,0.009178816884434416,0.009178816884434416,HOLD,LOW,HIGH,Volatile,0.06458644501427417,18.795000348772316,0,0,2,RegimeSwitching
2024-11-18,0.0025380331065512213,0.014865910380990657,0.005100809969007969,0.0,0.005123083073484681,0.0051008102565209155,0.014865910380990657,0.014865910380990657,HOLD,LOW,HIGH,Volatile,0.06473319878698898,20.106426783970424,0,0,2,RegimeSwitching
2024-11-19,0.002126695362449113,0.0006258767170938811,0.00519940722733736,0.0,0.0035463500767939334,0.0021266957026317445,0.0006258767170938811,0.0006258767170938811,HOLD,LOW,HIGH,Volatile,0.06444768810367313,20.613570077078684,0,0,2,RegimeSwitching
2024-11-20,0.0008456812100433639,0.005423004836282505,0.004627770744264126,0.0,0.003255904557187661,0.004627769754191433,0.005423004836282505,0.005423004836282505,HOLD,LOW,HIGH,Volatile,0.06417643699699722,20.742142813546316,0,0,2,RegimeSwitching
2024-11-21,0.00027383820982186625,0.006509871394297199,0.003866031765937805,0.0,0.0027578839841158314,0.0038660316662124674,0.006509871394297199,0.006509871394297199,HOLD,LOW,HIGH,Volatile,0.049510911183171157,21.123571123395646,0,0,2,RegimeSwitching
2024-11-22,0.0008068679240664913,-0.00017489195400615675,0.0032287267968058586,0.0,0.0019465688873995586,0.0008068685280096878,-0.00017489195400615675,-0.00017489195400615675,HOLD,LOW,HIGH,Volatile,0.049613459553277846,22.104285103934153,0,0,2,RegimeSwitching
2024-11-25,0.0020844819043369434,0.00502939772444411,0.00269177183508873,0.0,0.002699487997167154,0.002691773048925581,0.00502939772444411,0.00502939772444411,HOLD,LOW,HIGH,Volatile,0.05035286117780475,22.910712105887285,0,0,2,RegimeSwitching
2024-11-26,-0.0008228845246569989,0.012652200933169615,0.0028851586394011974,0.0,0.002467369183970448,0.0028851588065756653,0.012652200933169615,0.012652200933169615,HOLD,LOW,HIGH,Volatile,0.05014339213000276,20.99285452706474,0,0,2,RegimeSwitching
2024-11-27,0.0013597238306678747,0.005768745097199395,0.002475669141858816,0.0,0.0023864209275909877,0.0024756697328739744,0.005768745097199395,0.005768745097199395,HOLD,LOW,HIGH,Volatile,0.05035886702121577,21.116424560546882,0,0,2,RegimeSwitching
2024-11-29,0.00043195540804641093,-0.0025399056185251906,0.0019766357727348804,0.0,0.0009168635043991725,0.00043195509776353705,-0.0025399056185251906,-0.0025399056185251906,HOLD,LOW,HIGH,Volatile,0.0495474556282337,19.742139543805813,0,0,2,RegimeSwitching
2024-12-02,0.0022989435178460537,0.01571591164882626,0.0008039577514864504,0.0,0.0029171100207659693,0.0022989441113337285,0.01571591164882626,0.01571591164882626,HOLD,LOW,HIGH,Volatile,0.049473838542302744,18.129281180245545,0,0,2,RegimeSwitching
2024-12-03,0.0016765357977796937,0.0037868724696442525,-0.0005472186021506786,0.0,0.0007547798833023593,0.001676535773656175,0.0037868724696442525,0.0037868724696442525,HOLD,LOW,HIGH,Volatile,0.04910299090026188,16.857851300920764,0,0,2,RegimeSwitching
2024-12-04,9.245480310591831e-05,-0.004405539039179358,-0.0017108118627220392,0.0,-0.0012956127921657057,-0.0017108120458369982,-0.004405539039179358,-0.004405539039179358,HOLD,LOW,HIGH,Volatile,0.048952733688452,15.957850864955361,0,0,2,RegimeSwitching
2024-12-05,0.0017268136375845349,0.0020154237434753326,-0.0024743627291172743,0.0,-0.00039614140198478273,0.0017268104344606572,0.0020154237434753326,0.0020154237434753326,HOLD,LOW,HIGH,Volatile,0.04025300276975062,15.788565499441972,0,0,2,RegimeSwitching
2024-12-06,0.0017892377621740922,0.0009237185049615497,-0.0027563159819692373,0.0,-0.0006292504603345997,0.0009237176238380928,0.0009237185049615497,0.0009237185049615497,HOLD,LOW,HIGH,Volatile,0.04108170330470329,16.11285182407925,0,0,2,RegimeSwitching
2024-12-09,0.0023216191375314784,0.0012732146889814372,-0.003061114577576518,0.0,-0.0005447177097452193,0.0012732139675768262,0.0012732146889814372,0.0012732146889814372,HOLD,LOW,HIGH,Volatile,0.03816025965717184,16.038565499441976,0,0,2,RegimeSwitching
2024-12-10,0.0004690600151592009,0.007717012277470615,-0.0020046078134328127,0.0,-5.071208564269992e-05,0.0004690602811586844,0.007717012277470615,0.007717012277470615,HOLD,LOW,HIGH,Volatile,0.03406996567033447,16.41785103934153,0,0,2,RegimeSwitching
2024-12-11,0.0018754747533906986,0.00178151256906814,-0.0008161356672644615,0.0,0.000486568929694444,0.00178150253292379,0.00178151256906814,0.00178151256906814,HOLD,LOW,HIGH,Volatile,0.03159940790031982,17.24570792061943,0,0,2,RegimeSwitching
2024-12-12,0.0025298854726905936,-0.008385700317826879,-9.409617632627487e-05,0.0,5.91780766699794e-05,-9.409643656141858e-05,-0.008385700317826879,-0.008385700317826879,HOLD,LOW,HIGH,Volatile,0.03221249211822205,17.359279087611622,0,0,2,RegimeSwitching
2024-12-13,-0.0001514514414372568,-0.004757145170534999,0.0006352601922117174,0.0,-0.00022349592987009492,-0.00015145249229974806,-0.004757145170534999,-0.004757145170534999,HOLD,LOW,HIGH,Volatile,0.028153872491633303,17.1278512137277,0,0,2,RegimeSwitching
2024-12-16,0.0025168009093399233,-0.0003193697171542873,0.0009724270785227418,0.0,0.001432841474934069,0.0009724272047675467,-0.0003193697171542873,-0.0003193697171542873,HOLD,LOW,HIGH,Volatile,0.029615131804961316,17.36428179059712,0,0,2,RegimeSwitching
2024-12-17,0.0024413827247325177,-0.007097857741942627,0.0010422657942399383,0.0,0.0007403060396637346,0.0010422652033416629,-0.007097857741942627,-0.007097857741942627,HOLD,LOW,HIGH,Volatile,0.028681223249729635,18.44856698172435,0,0,2,RegimeSwitching
2024-12-18,0.0015099376176926208,-0.004443400305729276,0.0012561611365526915,0.0,0.0007657001555231763,0.0012561574022770736,-0.004443400305729276,-0.004443400305729276,HOLD,LOW,HIGH,Volatile,0.03686263512582441,21.703567504882834,0,0,2,RegimeSwitching
2024-12-19,-0.0022113332862604383,-0.007043336380074103,0.004448631312698126,0.0,0.0007027958651594423,-0.0022113332294984222,-0.007043336380074103,-0.007043336380074103,HOLD,LOW,HIGH,Volatile,0.036782579343887414,23.40213884626118,0,0,2,RegimeSwitching
2024-12-20,0.0015690464195368104,0.016983363903611173,0.006112107075750828,0.0,0.005487241097350293,0.006112107203801131,0.016983363903611173,0.016983363903611173,HOLD,LOW,HIGH,Volatile,0.03807672823262765,24.444994245256716,0,0,2,RegimeSwitching
2024-12-23,-0.00012901703544913716,0.006989875004562495,0.006971411406993866,0.0,0.004243771867987929,0.006971362680192732,0.006989875004562495,0.006989875004562495,HOLD,LOW,HIGH,Volatile,0.03767218740029551,25.17428152901788,0,0,2,RegimeSwitching
2024-12-24,0.0020519562448576044,-0.0008610037243863855,0.0061483317986130714,0.0,0.0038504587872058875,0.0020519563439163843,-0.0008610037243863855,-0.0008610037243863855,HOLD,LOW,HIGH,Volatile,0.038058848979576405,26.794281005859396,0,0,2,RegimeSwitching
2024-12-26,0.0030177151812003896,0.008597523160293403,0.004735999740660191,0.0,0.004473846583611819,0.004736000063128321,0.008597523160293403,0.008597523160293403,HOLD,LOW,HIGH,Volatile,0.03862304500398754,26.566423688616087,0,0,2,RegimeSwitching
2024-12-27,-0.0003545547229468793,-0.0027942166044544908,0.0034427063073962927,0.0,0.0013395077868780638,-0.00035455457659882677,-0.0027942166044544908,-0.0027942166044544908,HOLD,LOW,HIGH,Volatile,0.04080153849778018,27.11142403738841,0,0,2,RegimeSwitching
2024-12-30,-0.00042583380521970865,-0.0024679716090879053,0.003109523793682456,0.0,0.0011750385360395767,-0.0004258335987127632,-0.0024679716090879053,-0.0024679716090879053,HOLD,LOW,HIGH,Volatile,0.04168593088291681,26.334283011300236,0,0,2,RegimeSwitching
2024-12-31,0.0005061646156739729,0.008432830628519067,0.002471099141985178,0.0,0.0023308051028191443,0.0024710994827102863,0.008432830628519067,0.008432830628519067,HOLD,LOW,HIGH,Volatile,0.04230443499243759,26.723567417689747,0,0,2,RegimeSwitching
2025-01-02,0.00031255602068147516,-0.00036036555577488507,0.002804360818117857,0.0,0.0015199605897781802,0.0003125571013420468,-0.00036036555577488507,-0.00036036555577488507,HOLD,LOW,HIGH,Volatile,0.04480958110254633,27.21713692801341,0,0,2,RegimeSwitching
2025-01-03,-0.00068253249891758,-0.0006101109702082681,0.0030864067375659943,0.0,0.0012561865578883992,-0.0006100978035669879,-0.0006101109702082681,-0.0006101109702082681,HOLD,LOW,HIGH,Volatile,0.047794024874144005,28.52428109305247,0,0,2,RegimeSwitching
2025-01-06,0.00443210584619633,0.005472160306658581,0.003027863334864378,0.0,0.003819857290069126,0.0044321055976683146,0.005472160306658581,0.005472160306658581,HOLD,LOW,HIGH,Volatile,0.04744073307038835,28.819994245256705,0,0,2,RegimeSwitching
2025-01-07,0.0001266452372486464,0.0012719847250505399,0.0030397996306419373,0.0,0.0017375421878246785,0.0012719850316014643,0.0012719847250505399,0.0012719847250505399,HOLD,LOW,HIGH,Volatile,0.047202409820940594,28.626421247209827,0,0,2,RegimeSwitching
2025-01-08,-0.0003338605187353668,0.004708797248046866,0.0033864036668092012,0.0,0.0020926908406042524,0.003386403180400236,0.004708797248046866,0.004708797248046866,HOLD,LOW,HIGH,Volatile,0.047202415500662814,27.81356593540737,0,0,2,RegimeSwitching
2025-01-10,0.0015793727082001022,0.01539479201088493,0.003336173016577959,0.0,0.0039048992251267526,0.0033361735022328773,0.01539479201088493,0.01539479201088493,HOLD,LOW,HIGH,Volatile,0.046750925289733916,24.989279610770094,0,0,2,RegimeSwitching
2025-01-13,0.0009903560938922973,0.012047595018982995,0.0029985795263201,0.0,0.003160156166539407,0.0029985799132924208,0.012047595018982995,0.012047595018982995,HOLD,LOW,HIGH,Volatile,0.04504239726562223,24.08785138811384,0,0,2,RegimeSwitching
2025-01-14,0.0017724755909527235,0.0024390145281624697,0.002274224068969488,0.0,0.0020983433364059898,0.0022742200584926395,0.0024390145281624697,0.0024390145281624697,HOLD,LOW,HIGH,Volatile,0.04506778840636017,23.992139543805802,0,0,2,RegimeSwitching
2025-01-15,0.00020021003184696098,-0.011396344366778187,0.002172590233385563,0.0,1.4476013019632466e-05,0.00020020961157652265,-0.011396344366778187,-0.011396344366778187,HOLD,LOW,HIGH,Volatile,0.047512863623734504,25.01642499651228,0,0,2,RegimeSwitching
2025-01-16,0.003854930419138566,0.0009860700140331279,0.0014493216294795275,0.0,0.0023262918100939584,0.0014493233635057942,0.0009860700140331279,0.0009860700140331279,HOLD,LOW,HIGH,Volatile,0.04582343749086675,24.08142525809152,0,0,2,RegimeSwitching
2025-01-17,-0.0010392824249334303,-0.0066829455732426305,0.0006559077883139253,0.0,-0.0007528983327419811,-0.001039282837015511,-0.0066829455732426305,-0.0066829455732426305,HOLD,LOW,HIGH,Volatile,0.04557633881661491,24.910709926060267,0,0,2,RegimeSwitching
2025-01-21,0.002495126650065641,-0.007945951813302854,-4.088040441274643e-06,0.0,0.00013730567817763807,-4.088314363705454e-06,-0.007945951813302854,-0.007945951813302854,HOLD,LOW,HIGH,Volatile,0.041457698866690824,24.85785348074777,0,0,2,RegimeSwitching
2025-01-22,0.0004695738621969405,0.01218773587733807,-0.0004277297994121909,0.0,0.0012187354763313328,0.0004695748888454391,0.01218773587733807,0.01218773587733807,HOLD,LOW,HIGH,Volatile,0.041660947941744395,24.679282052176344,0,0,2,RegimeSwitching
2025-01-23,0.00040634113880666837,0.005780255439011693,-0.0008251946419477463,0.0,0.00032970916039476385,0.00040634176346963333,0.005780255439011693,0.005780255439011693,HOLD,LOW,HIGH,Volatile,0.040961031214320806,23.70714024135044,0,0,2,RegimeSwitching
2025-01-24,0.0010694021227805105,0.007371748796344727,-0.0012439896818250418,0.0,0.0005342001661918855,0.0010694023960521571,0.007371748796344727,0.007371748796344727,HOLD,LOW,HIGH,Volatile,0.04067455093877713,22.442855834960934,0,0,2,RegimeSwitching
2025-01-27,0.0006359283303681875,-0.0008864298707350016,-0.0015175375156104565,0.0,-0.0006245921703399854,-0.0008864289472376069,-0.0008864298707350016,-0.0008864298707350016,HOLD,LOW,HIGH,Volatile,0.03696129494212654,21.377855573381698,0,0,2,RegimeSwitching
2025-01-28,0.00042044713474477177,0.004692316481552404,-0.0012501995079219341,0.0,5.1129494345748924e-06,0.00042044749861971605,0.004692316481552404,0.004692316481552404,HOLD,LOW,HIGH,Volatile,0.03694342707340946,20.61785670689174,0,0,2,RegimeSwitching
2025-01-29,0.0013952946599732022,0.002778666389966509,-0.0010523926466703415,0.0,0.0002837927777687877,0.0013952943463605516,0.002778666389966509,0.002778666389966509,HOLD,LOW,HIGH,Volatile,0.035693693765453095,19.88785661969866,0,0,2,RegimeSwitching
2025-01-30,0.0002333287100564108,0.002510538211707382,-0.0006774791982024908,0.0,1.5576278751740116e-06,0.00023332936682886213,0.002510538211707382,0.002510538211707382,HOLD,LOW,HIGH,Volatile,0.035786846960762494,20.81571306501116,0,0,2,RegimeSwitching
2025-01-31,0.0021496746175177234,0.007605333858144999,-2.18383502215147e-06,0.0,0.001609892354641292,0.0021496748985720755,0.007605333858144999,0.007605333858144999,HOLD,LOW,HIGH,Volatile,0.03512669497076551,20.652856009347097,0,0,2,RegimeSwitching
2025-02-03,0.0010293078315309575,0.002959167908244794,0.00031361449509859085,0.0,0.0008616800105264976,0.0010293087072485285,0.002959167908244794,0.002959167908244794,HOLD,LOW,HIGH,Volatile,0.0342737260035421,21.118571690150674,0,0,2,RegimeSwitching
2025-02-04,-0.000806246209683408,-0.005151907694500469,0.0004662428400479257,0.0,-0.0006025455671990143,-0.0008062467643029619,-0.005151907694500469,-0.005151907694500469,HOLD,LOW,HIGH,Volatile,0.029444078023895603,20.011428833007816,0,0,2,RegimeSwitching
2025-02-05,0.002269960713708645,0.0022335184160312397,2.5708810426294804e-05,0.0,0.0011162207563202282,0.0022334928552447415,0.0022335184160312397,0.0022335184160312397,HOLD,LOW,HIGH,Volatile,0.030396021149584215,18.814285278320312,0,0,2,RegimeSwitching
2025-02-06,-0.00042354623191777027,-0.0007549916944525872,0.00017634651158005,0.0,-0.00015034922906264427,-0.0004235448943455084,-0.0007549916944525872,-0.0007549916944525872,HOLD,LOW,HIGH,Volatile,0.02915704717565845,18.521429879324774,0,0,2,RegimeSwitching
2025-02-07,0.0010696854439829616,0.007981478326120872,0.0001113570760935545,0.0,0.001291709343997466,0.0010696863406551747,0.007981478326120872,0.007981478326120872,HOLD,LOW,HIGH,Volatile,0.029990676242852413,18.1135733468192,0,0,2,RegimeSwitching
2025-02-10,-1.228056574976836e-05,-0.0008616434113309263,0.0008770636050030589,0.0,0.00035580166412117796,-1.2280513063476284e-05,-0.0008616434113309263,-0.0008616434113309263,HOLD,LOW,HIGH,Volatile,0.030533696952978865,17.063572474888396,0,0,2,RegimeSwitching
2025-02-11,0.0003861281314324278,0.002198362446834263,0.0013259153347462416,0.0,0.0010546520763756798,0.0013259152529773908,0.002198362446834263,0.002198362446834263,HOLD,LOW,HIGH,Volatile,0.03255287809823077,17.93642970493862,0,0,2,RegimeSwitching
2025-02-12,-0.0007829154394454099,-0.000954333495038874,0.0024147084914147854,0.0,0.0008378984766883538,-0.0007829099855600614,-0.000954333495038874,-0.000954333495038874,HOLD,LOW,HIGH,Volatile,0.033385497449915695,18.37357221330916,0,0,2,RegimeSwitching
2025-02-13,0.0024597382870775696,0.009549047208953724,0.0026448401622474194,0.0,0.0032859830108398023,0.0026448453621360324,0.009549047208953724,0.009549047208953724,HOLD,LOW,HIGH,Volatile,0.03076367530018934,19.022142682756705,0,0,2,RegimeSwitching
2025-02-14,0.002515143342865056,0.012790812503984896,0.0020225588232278824,0.0,0.0033228672125111434,0.0025151452674662188,0.012790812503984896,0.012790812503984896,HOLD,LOW,HIGH,Volatile,0.030245785707092705,18.794285365513396,0,0,2,RegimeSwitching
2025-02-18,0.00039927073008560836,0.010429093205711715,0.0012805269798263907,0.0,0.00188560252303635,0.0012805280027179326,0.010429093205711715,0.010429093205711715,HOLD,LOW,HIGH,Volatile,0.028931491104033057,18.43642970493862,0,0,2,RegimeSwitching
2025-02-19,0.0008609157984380096,0.009947022044460104,0.0005082421121187508,0.0,0.0016176056403132593,0.0008609185078979933,0.009947022044460104,0.009947022044460104,HOLD,LOW,HIGH,Volatile,0.02956756063875136,18.40500095912389,0,0,2,RegimeSwitching
2025-02-20,0.0016230095015252386,0.0029836401701112906,-0.0001872096909210086,0.0,0.0008358073728956802,0.0016230093194602206,0.0029836401701112906,0.0029836401701112906,HOLD,LOW,HIGH,Volatile,0.029484627289715334,17.42000034877233,0,0,2,RegimeSwitching
2025-02-21,0.00025062975586536405,0.004447572055768314,-0.0005597549024969339,0.0,0.00026837346924588003,0.0002506307486544159,0.004447572055768314,0.004447572055768314,HOLD,LOW,HIGH,Volatile,0.030809717614253888,17.480715070452018,0,0,2,RegimeSwitching
2025-02-24,-0.0003479289598076684,0.005259858086534782,-9.695859625935555e-05,0.0,0.000359220501580539,-9.695482983270988e-05,0.005259858086534782,0.005259858086534782,HOLD,LOW,HIGH,Volatile,0.03091066258568111,16.58499799455916,0,0,2,RegimeSwitching
2025-02-25,0.0008065604385394693,0.013363455823859111,0.00038582744309678674,0.0,0.0018864535158335373,0.0008065627244744365,0.013363455823859111,0.013363455823859111,HOLD,LOW,HIGH,Volatile,0.035353056741851345,18.062140328543535,0,0,2,RegimeSwitching
2025-02-26,-0.0015898848394695591,0.014845247360533897,0.002175000961869955,0.0,0.0020348805384720952,0.002175001148428633,0.014845247360533897,0.014845247360533897,HOLD,LOW,HIGH,Volatile,0.035632588123162716,18.36785452706474,0,0,2,RegimeSwitching
2025-02-27,0.0006353033879704204,0.023052326517774904,0.003564184997230768,0.0,0.004448835978101251,0.0035641852871170494,0.023052326517774904,0.023052326517774904,HOLD,LOW,HIGH,Volatile,0.03576301778174604,18.464996337890636,0,0,2,RegimeSwitching
2025-02-28,0.000143669545079572,0.02579425318782691,0.00426320917904377,0.0,0.004900911849866647,0.004263209375231297,0.02579425318782691,0.02579425318782691,HOLD,LOW,HIGH,Volatile,0.03648328973105966,18.469996861049115,0,0,2,RegimeSwitching
2025-03-03,0.002451310568691784,0.011878631338582744,0.003925024066120386,0.0,0.004179064749221849,0.003925024618061236,0.011878631338582744,0.011878631338582744,HOLD,LOW,HIGH,Volatile,0.036050336864601754,19.50214059012277,0,0,2,RegimeSwitching
2025-03-04,-0.0004643583031478817,0.013545214132752798,0.004279739689081907,0.0,0.003411924152938925,0.004279739791877047,0.013545214132752798,0.013545214132752798,HOLD,LOW,HIGH,Volatile,0.03568721277558204,19.30071149553572,0,0,2,RegimeSwitching
2025-03-05,-0.0004149087293391921,0.024538409098750755,0.004477567970752716,0.0,0.004666459166550908,0.0044775681252212625,0.024538409098750755,0.024538409098750755,HOLD,LOW,HIGH,Volatile,0.03590569032782977,18.867854527064736,0,0,2,RegimeSwitching
2025-03-06,0.002139423269605756,0.020477175172774906,0.0037346992176026106,0.0,0.0048487470782753676,0.003734699783947341,0.020477175172774906,0.020477175172774906,HOLD,LOW,HIGH,Volatile,0.03681437583617374,18.64642769949777,0,0,2,RegimeSwitching
2025-03-07,-0.0013456448324715826,0.038280110798702395,0.0032596054952591658,0.0,0.0051022847024975535,0.003259605683755299,0.038280110798702395,0.038280110798702395,HOLD,LOW,HIGH,Volatile,0.03693153032056804,18.7192851475307,0,0,2,RegimeSwitching
2025-03-10,0.0012885742328723761,0.03086666749323555,0.002782027469947934,0.0,0.005105376912028729,0.002782028103037427,0.03086666749323555,0.03086666749323555,HOLD,LOW,HIGH,Volatile,0.04984084820505221,21.118570600237174,0,0,2,RegimeSwitching
2025-03-11,-0.004864711545522118,0.03419526326740616,0.005187958478927612,0.0,0.004316166904318221,0.0051879585439121865,0.03419526326740616,0.03419526326740616,HOLD,LOW,HIGH,Volatile,0.05166945093385365,21.57357134137835,0,0,2,RegimeSwitching
2025-03-12,0.003629517433397442,0.028509039427448372,0.0065210843458771706,0.0,0.007677982920055223,0.006521084645996086,0.028509039427448372,0.028509039427448372,HOLD,LOW,HIGH,Volatile,0.05460351057627581,22.070714678083146,0,0,2,RegimeSwitching
2025-03-13,0.0030016973098714755,0.020417342352196097,0.006523216143250465,0.0,0.006602917141223705,0.006523216355095163,0.020417342352196097,0.020417342352196097,HOLD,LOW,HIGH,Volatile,0.05395551058268954,21.722856794084827,0,0,2,RegimeSwitching
2025-03-14,-0.0007969490751399793,0.03443560099427252,0.006306718103587627,0.0,0.006477955403436868,0.006306718208772246,0.03443560099427252,0.03443560099427252,HOLD,LOW,HIGH,Volatile,0.052801386435804544,21.237144470214847,0,0,2,RegimeSwitching
2025-03-17,0.002458335864382231,0.028768178349647445,0.005559795536100864,0.0,0.006761917426485886,0.00555979581523774,0.028768178349647445,0.028768178349647445,HOLD,LOW,HIGH,Volatile,0.053082009584211325,20.08714403424944,0,0,2,RegimeSwitching
2025-03-18,-0.0011579526115128524,0.02272070838928284,0.005070055834949017,0.0,0.004496885772547485,0.005070055938813734,0.02272070838928284,0.02272070838928284,HOLD,LOW,HIGH,Volatile,0.05350128016748677,19.713572910853802,0,0,2,RegimeSwitching
2025-03-19,-0.0005627271720174718,0.02624663724213229,0.0044813696295022964,0.0,0.004787818931106355,0.0044813697817347314,0.02624663724213229,0.02624663724213229,HOLD,LOW,HIGH,Volatile,0.05494882031678103,19.69571576799666,0,0,2,RegimeSwitching
2025-03-20,0.0029080121342897588,0.01791214721983927,0.003928562626242638,0.0,0.004978914392084841,0.003928563532687324,0.01791214721983927,0.01791214721983927,HOLD,LOW,HIGH,Volatile,0.055183607781826384,18.815001351492754,0,0,2,RegimeSwitching
2025-03-21,0.0005108391781502154,0.01854426605757735,0.003046697936952114,0.0,0.0036707314483706514,0.0030466982664671565,0.01854426605757735,0.01854426605757735,HOLD,LOW,HIGH,Volatile,0.056999400673489374,17.981428963797438,0,0,2,RegimeSwitching
2025-03-24,0.002632328986067806,0.020863798047559178,0.00210796226747334,0.0,0.004244558655755815,0.0026323308310399634,0.020863798047559178,0.020863798047559178,HOLD,LOW,HIGH,Volatile,0.06373420557054847,18.49000113351005,0,0,2,RegimeSwitching
2025-03-25,0.004280596752054002,0.012319014083091284,0.0011149266501888633,0.0,0.0034877862374113407,0.004280596943371795,0.012319014083091284,0.012319014083091284,HOLD,LOW,HIGH,Volatile,0.06157419237691057,18.852859497070316,0,0,2,RegimeSwitching
2025-03-26,0.0010704726654504862,0.012631096495962413,8.094357326626778e-05,0.0,0.001756123872311591,0.0010704735875082835,0.012631096495962413,0.012631096495962413,HOLD,LOW,HIGH,Volatile,0.0622388799792837,19.03500148228237,0,0,2,RegimeSwitching
2025-03-27,-0.0013704786499730641,0.019927372551894168,0.00010812259279191494,0.0,0.0015844499869824996,0.00010812321774232837,0.019927372551894168,0.019927372551894168,HOLD,LOW,HIGH,Volatile,0.061913130383723244,19.35714394705636,0,0,2,RegimeSwitching
2025-03-28,0.0015864266973509224,0.02317368938859597,0.0010665870504453778,0.0,0.003547189727336254,0.0015864285673292463,0.02317368938859597,0.02317368938859597,HOLD,LOW,HIGH,Volatile,0.06161163503325969,17.418571472167972,0,0,2,RegimeSwitching
2025-03-31,-0.00037192943517087786,0.00838133886787309,0.0019188955193385482,0.0,0.0017049806939250934,0.0019188958007894013,0.00838133886787309,0.00838133886787309,HOLD,LOW,HIGH,Volatile,0.061427887916628225,17.429285321916854,0,0,2,RegimeSwitching
2025-04-01,0.0006831545949950518,0.003582376149547491,0.002157647628337145,0.0,0.001737811209372477,0.0021576476047134832,0.003582376149547491,0.003582376149547491,HOLD,LOW,HIGH,Volatile,0.061265387978468255,17.21714346749442,0,0,2,RegimeSwitching
2025-04-02,0.00217110914398179,0.018749574859173456,0.002485776785761118,0.0,0.004042730993161757,0.002485779882168039,0.018749574859173456,0.018749574859173456,HOLD,LOW,HIGH,Volatile,0.06213424254484908,18.505000523158483,0,0,2,RegimeSwitching
2025-04-03,0.0021831942037501186,-0.0027861309558684867,0.0028052940033376217,0.0,0.001989285270578174,0.00218319280259544,-0.0027861309558684867,-0.0027861309558684867,HOLD,LOW,HIGH,Volatile,0.0620655555380618,19.244285583496094,0,0,2,RegimeSwitching
2025-04-04,-0.0015097594154579615,0.007605923513800724,0.0031026180367916822,0.0,0.0017941305925884903,0.003102618031545108,0.007605923513800724,0.007605923513800724,HOLD,LOW,HIGH,Volatile,0.06683480431021255,20.251428876604354,0,0,2,RegimeSwitching
2025-04-07,-0.0021397314836102185,0.010095260882055116,0.005202270112931728,0.0,0.002884664851291247,0.005202270044806797,0.010095260882055116,0.010095260882055116,HOLD,LOW,HIGH,Volatile,0.05514747335464897,21.824286324637278,0,0,2,RegimeSwitching
2025-04-08,0.0011286146118338438,0.014973807368279862,0.008076924830675125,0.0,0.0061174016503537714,0.008076924829602584,0.014973807368279862,0.014973807368279862,HOLD,LOW,HIGH,Volatile,0.055708574275925495,23.005714416503906,0,0,2,RegimeSwitching
2025-04-09,-0.0005487757817294926,0.015431688029648023,0.011542442254722118,0.0,0.007295589446338297,0.011542442080425982,0.015431688029648023,0.015431688029648023,HOLD,LOW,HIGH,Volatile,0.07073626496061908,26.21142905099051,0,0,2,RegimeSwitching
2025-04-10,0.008059370642770661,0.008160303514382643,0.013508973643183708,0.0,0.010862222445150442,0.008160313042576951,0.008160303514382643,0.008160303514382643,HOLD,LOW,HIGH,Volatile,0.07260922350665129,27.490001133510045,0,0,2,RegimeSwitching
2025-04-11,-0.003750812883222967,0.042260212725556384,0.01437397301197052,0.0,0.010283442177457712,0.014373973031280091,0.042260212725556384,0.042260212725556384,HOLD,LOW,HIGH,Volatile,0.07212612313302857,26.522142682756698,0,0,2,RegimeSwitching
2025-04-14,0.0017004593829719767,0.030314233793460356,0.014384470880031586,0.0,0.011151943867585425,0.014384470896090875,0.030314233793460356,0.030314233793460356,HOLD,LOW,HIGH,Volatile,0.0711805985453678,26.44714137486049,0,0,2,RegimeSwitching
2025-04-15,0.0008284055184825036,0.009955055579907907,0.01472423691302538,0.0,0.008890374562456765,0.009955055479861427,0.009955055579907907,0.009955055579907907,HOLD,LOW,HIGH,Volatile,0.06987052215040626,25.702855791364396,0,0,2,RegimeSwitching
2025-04-16,0.001086987473008421,0.014209770398650661,0.014736194163560867,0.0,0.009434859959475215,0.014209768582421569,0.014209770398650661,0.014209770398650661,HOLD,LOW,HIGH,Volatile,0.07031000681167372,25.716427394321986,0,0,2,RegimeSwitching
2025-04-17,-0.000872446473999625,0.003653133306647567,0.015221950598061085,0.0,0.007841405175425462,0.003653133441091805,0.003653133306647567,0.003653133306647567,HOLD,LOW,HIGH,Volatile,0.07031120573927857,25.08285631452288,0,0,2,RegimeSwitching
2025-04-21,0.0013610724972484382,0.007098509007171119,0.015204064548015594,0.0,0.009046304524716237,0.0070985090580625125,0.007098509007171119,0.007098509007171119,HOLD,LOW,HIGH,Volatile,0.070494615116075,24.967857360839844,0,0,2,RegimeSwitching
2025-04-22,-0.0010871445662088183,0.003894453314356799,0.015132357366383076,0.0,0.007737859138409394,0.0038944534260463137,0.003894453314356799,0.003894453314356799,HOLD,LOW,HIGH,Volatile,0.0660551056497006,24.753570556640625,0,0,2,RegimeSwitching
2025-04-23,0.0029445416268287106,0.0015680919498301598,0.015286963433027267,0.0,0.009126932340478459,0.00294454227127317,0.0015680919498301598,0.0015680919498301598,HOLD,LOW,HIGH,Volatile,0.06677287509893877,23.87928662981306,0,0,2,RegimeSwitching
2025-04-24,0.00207799479235294,0.0032927989447924496,0.014644363895058632,0.0,0.008642475536467202,0.0032927996785393804,0.0032927989447924496,0.0032927989447924496,HOLD,LOW,HIGH,Volatile,0.06627417389534139,23.100001743861608,0,0,2,RegimeSwitching
2025-04-25,0.0014559124347832194,-0.0060595929148229725,0.012669723480939865,0.0,0.006426630333142299,0.0014559124786462244,-0.0060595929148229725,-0.0060595929148229725,HOLD,LOW,HIGH,Volatile,0.06966277231690954,22.818572998046875,0,0,2,RegimeSwitching
2025-04-28,0.003264282111266595,-0.009000978131230802,0.009572360664606094,0.0,0.005231219659330922,0.003264282034307756,-0.009000978131230802,-0.009000978131230802,HOLD,LOW,HIGH,Volatile,0.06909183032022903,21.724999564034597,0,0,2,RegimeSwitching
2025-04-29,0.00015882296369223504,-0.004008130745373205,0.005718904547393322,0.0,0.0025779719601081406,0.0001588230237717715,-0.004008130745373205,-0.004008130745373205,HOLD,LOW,HIGH,Volatile,0.06901128206265661,20.382857186453684,0,0,2,RegimeSwitching
2025-04-30,0.0014715075813428343,0.012716145653025417,0.0019889078103005886,0.0,0.002896726628613658,0.0019889096423952248,0.012716145653025417,0.012716145653025417,HOLD,LOW,HIGH,Volatile,0.06921241226994704,18.127142769949778,0,0,2,RegimeSwitching
2025-05-01,-0.0003057784056504654,-0.009893419995730277,-0.0004666377790272236,0.0,-0.00137735130278842,-0.00046664381323969725,-0.009893419995730277,-0.009893419995730277,HOLD,LOW,HIGH,Volatile,0.06824037452207375,16.569284711565295,0,0,2,RegimeSwitching
2025-05-02,0.001002792882845624,-0.0018718793882154102,-0.0012324200943112373,0.0,-0.00043913257450305283,-0.0012324189823497995,-0.0018718793882154102,-0.0018718793882154102,HOLD,LOW,HIGH,Volatile,0.06712454405928754,16.46857125418528,0,0,2,RegimeSwitching
2025-05-05,0.0015849731655733057,-0.005458288057670877,-0.0006748675368726254,0.0,-0.0002996406794958514,-0.0006748677700223801,-0.005458288057670877,-0.005458288057670877,HOLD,LOW,HIGH,Volatile,0.06203544838885368,16.25000000000001,0,0,2,RegimeSwitching
2025-05-06,-3.904961834563607e-05,0.004080883670792671,0.0004941885708831251,0.0,0.000659236813136304,0.0004941901605582093,0.004080883670792671,0.004080883670792671,HOLD,LOW,HIGH,Volatile,0.06182438586893783,16.085714067731598,0,0,2,RegimeSwitching
2025-05-07,0.0005781681050367172,0.0122931221046844,0.001715474994853139,0.0,0.0023695563790006834,0.0017154757780587255,0.0122931221046844,0.0122931221046844,HOLD,LOW,HIGH,Volatile,0.06029822077310314,15.135714939662398,0,0,2,RegimeSwitching
2025-05-08,0.0011040186046114757,0.01177349789932512,0.002726608421653509,0.0,0.003036210873059402,0.0027266089266827355,0.01177349789932512,0.01177349789932512,HOLD,LOW,HIGH,Volatile,0.04006831094776716,15.629999433244986,0,0,2,RegimeSwitching
2025-05-09,0.0017166623008450228,0.008639647703255952,0.0034176004119217396,0.0,0.003302479362677728,0.003417600807719722,0.008639647703255952,0.008639647703255952,HOLD,LOW,HIGH,Volatile,0.03673187545933904,15.889999389648446,0,0,2,RegimeSwitching
2025-05-12,0.0019267804555245399,0.008593170269910813,0.004068039357662201,0.0,0.0037117502151861837,0.004068039603350961,0.008593170269910813,0.008593170269910813,HOLD,LOW,HIGH,Volatile,0.038787899766193366,16.50856998988561,0,0,2,RegimeSwitching
2025-05-13,0.002349145492868886,0.006919303627786763,0.004279055632650852,0.0,0.0038095517599097337,0.004279055771807688,0.006919303627786763,0.006919303627786763,HOLD,LOW,HIGH,Volatile,0.03951646346914163,16.459284101213736,0,0,2,RegimeSwitching
2025-05-14,0.001693305474193089,0.004748963517420584,0.004461889620870352,0.0,0.0034272085040404753,0.004461886522478126,0.004748963517420584,0.004748963517420584,HOLD,LOW,HIGH,Volatile,0.03989201375726309,16.858568464006705,0,0,2,RegimeSwitching
2025-05-15,0.001611407345290756,-0.0010299062186002112,0.004290650598704815,0.0,0.0027117806201232453,0.0016114073506424895,-0.0010299062186002112,-0.0010299062186002112,HOLD,LOW,HIGH,Volatile,0.0374515578987823,15.831425258091526,0,0,2,RegimeSwitching
2025-05-16,0.00012759848254245915,0.005093057410338093,0.004083074629306793,0.0,0.0026667106090422967,0.0040830738938338025,0.005093057410338093,0.005093057410338093,HOLD,LOW,HIGH,Volatile,0.03720760379183877,14.892142159598222,0,0,2,RegimeSwitching
2025-05-19,0.0015902420165957566,-0.0018854987055806122,0.0036806645803153515,0.0,0.002302809904593692,0.0015902418262237921,-0.0018854987055806122,-0.0018854987055806122,HOLD,LOW,HIGH,Volatile,0.0339531322504867,15.089285714285722,0,0,2,RegimeSwitching
2025-05-20,2.9693968127148776e-05,0.0015495075167851825,0.0032623307779431343,0.0,0.001842931436888906,0.0015495075907454576,0.0015495075167851825,0.0015495075167851825,HOLD,LOW,HIGH,Volatile,0.0336031743727989,14.52571323939733,0,0,2,RegimeSwitching
2025-05-21,0.0012150926691711474,0.005886436934315431,0.0033249666448682547,0.0,0.0027781537208651595,0.003324966728285181,0.005886436934315431,0.005886436934315431,HOLD,LOW,HIGH,Volatile,0.03407724928422262,14.817855834960941,0,0,2,RegimeSwitching
2025-05-22,3.939073818478298e-05,-0.005466652472041685,0.0036701716016978025,0.0,0.001331791633941004,3.939064446624273e-05,-0.005466652472041685,-0.005466652472041685,HOLD,LOW,HIGH,Volatile,0.03377560727986457,14.88285391671317,0,0,2,RegimeSwitching
2025-05-23,0.0016494988803320417,-0.006902308702930647,0.0033719358034431934,0.0,0.001649814348223361,0.001649498417339576,-0.006902308702930647,-0.006902308702930647,HOLD,LOW,HIGH,Volatile,0.02824752646398065,14.679997035435267,0,0,2,RegimeSwitching
2025-05-27,0.0006377078824273059,0.0018097776926930965,0.002611155854538083,0.0,0.0017698462951984077,0.0018097772996869712,0.0018097776926930965,0.0018097776926930965,HOLD,LOW,HIGH,Volatile,0.03106274923695401,15.78999764578683,0,0,2,RegimeSwitching
2025-05-28,0.002978921779520681,0.007807692909164364,0.0017404071986675262,0.0,0.002842471946969074,0.0029789223786315802,0.007807692909164364,0.007807692909164364,HOLD,LOW,HIGH,Volatile,0.031614262216878575,15.944996425083705,0,0,2,RegimeSwitching
2025-05-29,-2.5518529426064927e-05,-0.011675544786913725,0.0010368822840973735,0.0,-0.0006830529887346239,-2.551938309986256e-05,-0.011675544786913725,-0.011675544786913725,HOLD,LOW,HIGH,Volatile,0.029890753427659608,15.811425345284599,0,0,2,RegimeSwitching
2025-05-30,0.00116993637118647,-0.0024683961353059876,0.0006157464813441038,0.0,0.0005106002869064494,0.0006157450074252395,-0.0024683961353059876,-0.0024683961353059876,HOLD,LOW,HIGH,Volatile,0.03139645247732241,15.537852696010049,0,0,2,RegimeSwitching
2025-06-02,-0.00013846738509832744,-0.001717074743751071,0.0009162728674709797,0.0,0.00023913030556533318,-0.00013846769873666242,-0.001717074743751071,-0.001717074743751071,HOLD,LOW,HIGH,Volatile,0.031591359180319474,14.876425606863844,0,0,2,RegimeSwitching
2025-06-03,0.0008130880059896981,0.0006005133616496511,0.0008950739866122603,0.0,0.0008331674580016673,0.0008130807592213501,0.0006005133616496511,0.0006005133616496511,HOLD,LOW,HIGH,Volatile,0.030631237741212014,14.299281529017861,0,0,2,RegimeSwitching
2025-06-04,0.0011225316284498841,-0.0011411667147528688,0.0007885093800723553,0.0,0.000717831487479763,0.0007885069217602834,-0.0011411667147528688,-0.0011411667147528688,HOLD,LOW,HIGH,Volatile,0.03177531670552581,14.466426304408486,0,0,2,RegimeSwitching
2025-06-05,-0.0002027077801512587,-0.0032272590848159,0.0011357595212757587,0.0,0.00017109839355345036,-0.00020270819575079113,-0.0032272590848159,-0.0032272590848159,HOLD,LOW,HIGH,Volatile,0.048422877622148905,17.743569510323663,0,0,2,RegimeSwitching
2025-06-06,-0.0034819878579346966,0.01945476586149565,0.005281132645905018,0.0,0.0033746952613374214,0.005281132689449995,0.01945476586149565,0.01945476586149565,HOLD,LOW,HIGH,Volatile,0.04860695087028303,18.565710885184156,0,0,2,RegimeSwitching
2025-06-09,0.003008206943279446,-0.003233254451607902,0.006518582813441753,0.0,0.004163038641622386,0.0030082068187394337,-0.003233254451607902,-0.003233254451607902,HOLD,LOW,HIGH,Volatile,0.048532479559463076,19.377851213727684,0,0,2,RegimeSwitching
2025-06-10,0.0019960831564841707,0.00518805975191619,0.006533682346343994,0.0,0.004650513488403031,0.005188059322957906,0.00518805975191619,0.00518805975191619,HOLD,LOW,HIGH,Volatile,0.04788504069493206,19.798566545758934,0,0,2,RegimeSwitching
2025-06-11,0.002300726990309135,-0.007754763078114809,0.005733548663556576,0.0,0.0030223297783403356,0.002300726798601586,-0.007754763078114809,-0.007754763078114809,HOLD,LOW,HIGH,Volatile,0.04659762430598,19.644995553152906,0,0,2,RegimeSwitching
2025-06-12,0.000594991765514396,-0.009272004244597915,0.00503529654815793,0.0,0.0018522871075529472,0.0005949916417334504,-0.009272004244597915,-0.009272004244597915,HOLD,LOW,HIGH,Volatile,0.04578805858908345,19.63214111328125,0,0,2,RegimeSwitching
2025-06-13,0.00023747625400754766,0.004477285026631932,0.004809613339602947,0.0,0.0030177079214603643,0.004477282271306644,0.004477285026631932,0.004477285026631932,HOLD,LOW,HIGH,Volatile,0.04601870198172367,20.326426914760045,0,0,2,RegimeSwitching
2025-06-16,0.0016467793918703857,0.0045855183769199755,0.004683376289904118,0.0,0.0035059527949485554,0.004585508702708693,0.0045855183769199755,0.0045855183769199755,HOLD,LOW,HIGH,Volatile,0.045822601651370864,19.0614253452846,0,0,2,RegimeSwitching
2025-06-17,0.0011398636321238282,0.009009213538155914,0.004076375160366297,0.0,0.0034564380030711523,0.004076375298033771,0.009009213538155914,0.009009213538155914,HOLD,LOW,HIGH,Volatile,0.0463542977386197,19.439998081752236,0,0,2,RegimeSwitching
2025-06-18,-0.0003480806092097873,-0.004963078838021196,0.0037816662807017565,0.0,0.0012919243203885892,-0.00034808063464722417,-0.004963078838021196,-0.004963078838021196,HOLD,LOW,HIGH,Volatile,0.046572617301288546,19.59428405761719,0,0,2,RegimeSwitching
2025-06-20,0.001719008763591583,0.0008317052644396228,0.0034387456253170967,0.0,0.002508679372557006,0.0017190093072585954,0.0008317052644396228,0.0008317052644396228,HOLD,LOW,HIGH,Volatile,0.04623599205914658,19.32214137486049,0,0,2,RegimeSwitching
2025-06-23,0.0008037193960024136,0.0005724046745903519,0.0030086941551417112,0.0,0.0019097090921501312,0.0008037232289570792,0.0005724046745903519,0.0005724046745903519,HOLD,LOW,HIGH,Volatile,0.04950367709161275,20.799998692103795,0,0,2,RegimeSwitching
2025-06-24,0.003306033716916218,-0.004292987825466211,0.002414335496723652,0.0,0.002065134470014414,0.002414334526823872,-0.004292987825466211,-0.004292987825466211,HOLD,LOW,HIGH,Volatile,0.04980405596879915,21.022142682756698,0,0,2,RegimeSwitching
2025-06-25,-0.00036787817395658945,0.0008738661841241444,0.0016976003535091877,0.0,0.0008186059924322065,0.000873865777103994,0.0008738661841241444,0.0008738661841241444,HOLD,LOW,HIGH,Volatile,0.047902689917083484,21.331427437918528,0,0,2,RegimeSwitching
2025-06-26,-4.244788916397198e-05,0.0024487571891625773,0.0013213689671829343,0.0,0.0009134023679954082,0.0013213688139102962,0.0024487571891625773,0.0024487571891625773,HOLD,LOW,HIGH,Volatile,0.04782629420957777,17.659999302455358,0,0,2,RegimeSwitching
2025-06-27,0.0010323343591801906,0.0021841476288542157,0.00022243830608204007,0.0,0.0007361657365177871,0.001032334724173979,0.0021841476288542157,0.0021841476288542157,HOLD,LOW,HIGH,Volatile,0.047782347335851946,17.01999991280692,0,0,2,RegimeSwitching
2025-06-30,0.0007537862832547016,0.008453298698903685,-0.001004592515528202,0.0,0.0006471234085156369,0.0007537867214696644,0.008453298698903685,0.008453298698903685,HOLD,LOW,HIGH,Volatile,0.04741632652244702,15.662857055664062,0,0,2,RegimeSwitching
2025-07-01,0.00041269728792515795,0.001016317593650011,-0.001882623415440321,0.0,-0.0007011763307098802,0.00041269607201437753,0.001016317593650011,0.001016317593650011,HOLD,LOW,HIGH,Volatile,0.04873547460096418,16.034286499023438,0,0,2,RegimeSwitching
2025-07-02,-0.0005790573079671041,-0.002920349083131106,-0.001970008946955204,0.0,-0.001533345341864902,-0.0019700086148099647,-0.002920349083131106,-0.002920349083131106,HOLD,LOW,HIGH,Volatile,0.05022837089188413,16.25714329310826,0,0,2,RegimeSwitching
2025-07-03,0.002758237326930065,-0.005247547105058212,-0.0019124385435134172,0.0,-0.000461018414731262,-0.0019124384578629344,-0.005247547105058212,-0.005247547105058212,HOLD,LOW,HIGH,Volatile,0.04966898602367946,15.54214259556362,0,0,2,RegimeSwitching
2025-07-07,0.0005258489238357728,0.0025428552850262575,-0.0019192122854292393,0.0,-0.000518935909409863,0.0005258488371960632,0.0025428552850262575,0.0025428552850262575,HOLD,LOW,HIGH,Volatile,0.03854509715324233,16.03428649902344,0,0,2,RegimeSwitching
2025-07-08,-0.0011554755389483842,-0.00027951440303159873,-0.0014180818106979132,0.0,-0.00119966601164876,-0.0011554728987396843,-0.00027951440303159873,-0.00027951440303159873,HOLD,LOW,HIGH,Volatile,0.037801286729097335,16.275000435965403,0,0,2,RegimeSwitching
2025-07-09,0.0018191805946154854,0.003558894995647815,-0.0005775984609499574,0.0,0.0007705281722625889,0.0018191804373472484,0.003558894995647815,0.003558894995647815,HOLD,LOW,HIGH,Volatile,0.03636423393594141,15.718571254185267,0,0,2,RegimeSwitching
2025-07-10,0.0006151376095343276,0.0035975049673774746,-2.526876050978899e-05,0.0,0.0005946737375997173,0.0006151388311026526,0.0035975049673774746,0.0035975049673774746,HOLD,LOW,HIGH,Volatile,0.035667391642224655,15.770714896065849,0,0,2,RegimeSwitching
2025-07-11,0.002346088951254234,0.007125106786845612,8.261820767074823e-05,0.0,0.00167930690925109,0.0023460891835031363,0.007125106786845612,0.007125106786845612,HOLD,LOW,HIGH,Volatile,0.03580282594447305,15.332144601004464,0,0,2,RegimeSwitching
2025-07-14,0.0009276722507477546,-0.0027553741786392628,-4.761829040944576e-05,0.0,4.794630746449049e-05,-4.761894460992282e-05,-0.0027553741786392628,-0.0027553741786392628,HOLD,LOW,HIGH,Volatile,0.0355671604187517,13.514286586216517,0,0,2,RegimeSwitching
2025-07-15,0.0011636413535421424,-0.0007149339634244201,0.00014521705452352762,0.0,0.00044797853469969373,0.0001452172344288294,-0.0007149339634244201,-0.0007149339634244201,HOLD,LOW,HIGH,Volatile,0.035499044729489206,13.148572649274554,0,0,2,RegimeSwitching
2025-07-16,0.0002609715826666192,0.00870179276134318,0.0006004343158565462,0.0,0.0013057466418033657,0.0006004371210292097,0.00870179276134318,0.00870179276134318,HOLD,LOW,HIGH,Volatile,0.036325621557105,12.442858014787946,0,0,2,RegimeSwitching
2025-07-17,0.002088150305227596,0.0015592983816125024,0.0004726542392745614,0.0,0.0012057906283540745,0.0015592974164201606,0.0015592983816125024,0.0015592983816125024,HOLD,LOW,HIGH,Volatile,0.03522437772850562,12.431429181780137,0,0,2,RegimeSwitching
2025-07-18,0.0004533205973221158,0.003035074139565434,0.00021468359045684338,0.0,0.0005973970259430788,0.0004533243659311536,0.003035074139565434,0.003035074139565434,HOLD,LOW,HIGH,Volatile,0.035709863961838756,12.406428745814736,0,0,2,RegimeSwitching
2025-07-21,0.0019172902297928721,0.011015299802973862,-0.0002592788077890873,0.0,0.001740623367128833,0.0019172905789197926,0.011015299802973862,0.011015299802973862,HOLD,LOW,HIGH,Volatile,0.03572502755018428,12.559286934988844,0,0,2,RegimeSwitching
2025-07-22,0.0005812247813157363,-0.0036993799076238325,-0.0005874937633052468,0.0,-0.00045926532080487435,-0.0005874942963395426,-0.0036993799076238325,-0.0036993799076238325,HOLD,LOW,HIGH,Volatile,0.030789605748688314,11.802858625139512,0,0,2,RegimeSwitching
2025-07-23,0.0012775654555835215,-0.0060816749636901715,-0.0009298122022300959,0.0,-0.0006127649631642376,-0.0009298124608170388,-0.0060816749636901715,-0.0060816749636901715,HOLD,LOW,HIGH,Volatile,0.03038089546614675,11.189287458147325,0,0,2,RegimeSwitching
2025-07-24,0.0008493848276137435,-0.001139852299425573,-0.0013649417087435722,0.0,-0.0004904887833484877,-0.001139848398065404,-0.001139852299425573,-0.001139852299425573,HOLD,LOW,HIGH,Volatile,0.034894687252442255,13.079286847795759,0,0,2,RegimeSwitching
2025-07-25,-0.0015850736061911955,0.0002062317806538675,-0.0011338377371430397,0.0,-0.0011690481462674055,-0.001133836275901814,0.0002062317806538675,0.0002062317806538675,HOLD,LOW,HIGH,Volatile,0.035914425691510904,12.490001133510045,0,0,2,RegimeSwitching
2025-07-28,0.002594460297783983,-0.0032640428104900713,-0.0007867177482694387,0.0,0.0002574906488998132,-0.0007867176405139196,-0.0032640428104900713,-0.0032640428104900713,HOLD,LOW,HIGH,Volatile,0.036555494553286966,12.825001307896205,0,0,2,RegimeSwitching
2025-07-29,0.0014618685592929848,-0.0046743892677628554,-0.0007519155042245984,0.0,-0.00030557076960620886,-0.0007519157007209029,-0.0046743892677628554,-0.0046743892677628554,HOLD,LOW,HIGH,Volatile,0.03643527935568792,12.925000871930804,0,0,2,RegimeSwitching
2025-07-30,0.0002782558421681086,-0.003556186860224403,-0.0007427339442074299,0.0,-0.0006405063064789666,-0.000742734566551872,-0.003556186860224403,-0.003556186860224403,HOLD,LOW,HIGH,Volatile,0.03409951657135693,12.798573085239955,0,0,2,RegimeSwitching
2025-07-31,0.0008201917292771253,0.00875376949586698,-0.0004908600822091103,0.0,0.0009668925710762276,0.0008201923648469877,0.00875376949586698,0.00875376949586698,HOLD,LOW,HIGH,Volatile,0.033299321874716126,13.286429268973214,0,0,2,RegimeSwitching
2025-08-01,-4.371039045231184e-05,0.002318945599847644,0.0002651192480698228,0.0,0.00035829012474237863,0.00026512197884810944,0.002318945599847644,0.002318945599847644,HOLD,LOW,HIGH,Volatile,0.03352244560574973,13.397857666015621,0,0,2,RegimeSwitching
2025-08-04,0.0006419800699804584,0.01414892638513041,0.0007062548538669944,0.0,0.0020684123968345977,0.0007062698681999319,0.01414892638513041,0.01414892638513041,HOLD,LOW,HIGH,Volatile,0.029765339514653565,13.311427525111602,0,0,2,RegimeSwitching
2025-08-05,0.0016698181559391845,0.0073379270758802805,0.0005334332818165421,0.0,0.0016722943302137391,0.0016698188580133709,0.0073379270758802805,0.0073379270758802805,HOLD,LOW,HIGH,Volatile,0.029673523788156547,12.899285452706469,0,0,2,RegimeSwitching
2025-08-06,0.0006719017181318115,0.001792161698614404,0.00011854234617203474,0.0,0.0005039300945929834,0.0006719026277100021,0.001792161698614404,0.001792161698614404,HOLD,LOW,HIGH,Volatile,0.030534830216759824,13.346429007393965,0,0,2,RegimeSwitching
2025-08-07,0.0019515390833969816,0.0002011679383127187,-0.0004206638550385833,0.0,0.0005554113529941675,0.00020116897065450477,0.0002011679383127187,0.0002011679383127187,HOLD,LOW,HIGH,Volatile,0.028894291410182786,12.971429007393965,0,0,2,RegimeSwitching
2025-08-08,0.0008247787265574123,-0.0021254928395708327,-0.0011021767277270555,0.0,-0.00046699156238047914,-0.0011021762708331448,-0.0021254928395708327,-0.0021254928395708327,HOLD,LOW,HIGH,Volatile,0.029190805875594698,13.189285278320304,0,0,2,RegimeSwitching
2025-08-11,0.0015052499547934329,-0.0006462319565681134,-0.0014711811672896147,0.0,-0.0002418733494875566,-0.0006462312116678309,-0.0006462319565681134,-0.0006462319565681134,HOLD,LOW,HIGH,Volatile,0.02969996249071015,13.412857055664054,0,0,2,RegimeSwitching
2025-08-12,0.00153088112085177,-0.0031424972079278834,-0.0017649426590651274,0.0,-0.0006400839745022129,-0.001764942237423643,-0.0031424972079278834,-0.0031424972079278834,HOLD,LOW,HIGH,Volatile,0.029208268960507797,13.755000523158474,0,0,2,RegimeSwitching
2025-08-13,0.0008331692106047918,0.005073513032360786,-0.001997863408178091,0.0,-0.000180012424100856,0.0008331693278646873,0.005073513032360786,0.005073513032360786,HOLD,LOW,HIGH,Volatile,0.028399582505219793,12.228572300502227,0,0,2,RegimeSwitching
2025-08-14,0.0007388327510588074,-0.002086384542955874,-0.002179706236347556,0.0,-0.0010481345221863836,-0.002086374405831556,-0.002086384542955874,-0.002086384542955874,HOLD,LOW,HIGH,Volatile,0.0284909419136538,11.638571602957585,0,0,2,RegimeSwitching
2025-08-15,0.0006093467344862971,0.006122423677587265,-0.002308913739398122,0.0,-0.00031722493301649735,0.000609346895600381,0.006122423677587265,0.006122423677587265,HOLD,LOW,HIGH,Volatile,0.027886894632100295,11.458572387695309,0,0,2,RegimeSwitching
2025-08-18,0.0005537855567492115,0.004024244897990489,-0.0020397580228745937,0.0,-0.00041713214639457134,0.0005537856540446388,0.004024244897990489,0.004024244897990489,HOLD,LOW,HIGH,Volatile,0.028036289747883514,11.364286150251113,0,0,2,RegimeSwitching
2025-08-19,0.0014201791682686886,0.004977323117024609,-0.0021956346463412046,0.0,-6.561829206941025e-05,0.0014201791637122726,0.004977323117024609,0.004977323117024609,HOLD,LOW,HIGH,Volatile,0.028229508735337926,11.354997907366068,0,0,2,RegimeSwitching
2025-08-20,0.0002758587616198939,-0.0026362714324475243,-0.0018920865841209888,0.0,-0.0011354624888216215,-0.0018920857048110426,-0.0026362714324475243,-0.0026362714324475243,HOLD,LOW,HIGH,Volatile,0.02845359077389848,11.462140764508925,0,0,2,RegimeSwitching
2025-08-21,0.000567444315265784,-0.006328705440278327,-0.0014276271685957909,0.0,-0.001166321432947739,-0.0014276274653755186,-0.006328705440278327,-0.006328705440278327,HOLD,LOW,MEDIUM,Volatile,0.020684449547547515,11.08571297781808,0,0,1,RegimeSwitching
2025-08-22,0.0006872210742585146,-0.0017547297090225343,-0.00134469592012465,0.0,-0.0006058897925505586,-0.001344693984799065,-0.0017547297090225343,-0.0017547297090225343,HOLD,LOW,MEDIUM,Volatile,0.02340953931259426,11.876427786690849,0,0,1,RegimeSwitching
2025-08-25,0.002716220171017333,-0.00367797302590946,-0.00150846759788692,0.0,-0.0001082400432782008,-0.001508467373968758,-0.00367797302590946,-0.00367797302590946,HOLD,LOW,MEDIUM,Volatile,0.022906417137812763,12.415712629045759,0,0,1,RegimeSwitching
2025-08-26,0.0009107268480076171,-0.0074543296023861436,-0.0016996031627058983,0.0,-0.001289849910737257,-0.0016996033717961046,-0.0074543296023861436,-0.0074543296023861436,HOLD,LOW,MEDIUM,Volatile,0.02268875772768828,12.032854352678571,0,0,1,RegimeSwitching
2025-08-27,0.0011511508415845261,0.0015585313203177278,-0.0019064981024712324,0.0,-0.000373594305889685,0.0011511487257023182,0.0015585313203177278,0.0015585313203177278,HOLD,LOW,MEDIUM,Volatile,0.022667452743559434,12.032141549246651,0,0,1,RegimeSwitching
2025-08-28,0.0005926103686702798,0.0017469186460109096,-0.0018696885090321302,0.0,-0.0005500108802688997,0.0005926099096437764,0.0017469186460109096,0.0017469186460109096,HOLD,LOW,MEDIUM,Volatile,0.021081264114166606,11.969284057617188,0,0,1,RegimeSwitching
2025-08-29,0.0006413792379470353,0.003379010135389775,-0.0014333869330585003,0.0,-0.00013931613669024214,0.0006413793544522405,0.003379010135389775,0.003379010135389775,HOLD,LOW,MEDIUM,Volatile,0.02242627584211717,11.973567417689733,0,0,1,RegimeSwitching
2025-09-02,-4.830829007062599e-05,-0.002413927510785009,-0.0003705054987221956,0.0,-0.0004574642138099676,-0.0003705080943717338,-0.002413927510785009,-0.002413927510785009,HOLD,LOW,MEDIUM,Volatile,0.022425837397322883,11.684280395507812,0,0,1,RegimeSwitching
2025-09-03,0.0008029191545789919,-0.0015539142943209083,3.193959128111601e-05,0.0,0.00016470845790926504,3.19389273661804e-05,-0.0015539142943209083,-0.0015539142943209083,HOLD,LOW,MEDIUM,Volatile,0.022527303749921537,11.972850254603795,0,0,1,RegimeSwitching
2025-09-04,0.0014052339611945353,0.004537507179523697,0.0002794467145577073,0.0,0.0011515210252205396,0.0014052345288335267,0.004537507179523697,0.004537507179523697,HOLD,LOW,MEDIUM,Volatile,0.021399122830949968,11.782849993024554,0,0,1,RegimeSwitching
2025-09-05,0.0011391570844157656,0.00021908791092532229,-0.00016181031242012978,0.0,0.00037760401613548664,0.00021908943807238368,0.00021908791092532229,0.00021908791092532229,HOLD,LOW,MEDIUM,Volatile,0.022619889636057443,12.144278390066964,0,0,1,RegimeSwitching
2025-09-08,0.0018005194941531867,0.00027797135366457247,-0.0007688318146392703,0.0,0.00032687494817366155,0.00027797165120045284,0.00027797135366457247,0.00027797135366457247,HOLD,LOW,MEDIUM,Volatile,0.02248860351264438,12.638565063476562,0,0,1,RegimeSwitching
2025-09-09,0.00021265712534311164,-0.006022741499380828,-0.0009288305882364511,0.0,-0.0010155535869075956,-0.0009288312665182834,-0.006022741499380828,-0.006022741499380828,HOLD,LOW,MEDIUM,Volatile,0.021667993399619997,12.227850777762276,0,0,1,RegimeSwitching
2025-09-10,0.0010520525799545407,0.001433786513588014,-0.001379313413053751,0.0,-0.0001544239746209316,0.0010520503849332826,0.001433786513588014,0.001433786513588014,HOLD,LOW,MEDIUM,Volatile,0.021648119493596747,11.762850080217634,0,0,1,RegimeSwitching
2025-09-11,0.0009349835143948288,0.0019956356064031217,-0.001736082835122943,0.0,-0.000324274974043826,0.0009349829474550636,0.0019956356064031217,0.0019956356064031217,HOLD,LOW,HIGH,Volatile,0.025135422319816646,12.846420288085938,0,0,2,RegimeSwitching
2025-09-12,0.00255096859684675,-0.005119734464896829,-0.0022673325147479773,0.0,-0.0007093620139685666,-0.002267332371867803,-0.005119734464896829,-0.005119734464896829,HOLD,LOW,HIGH,Volatile,0.02892223432010598,13.369277954101566,0,0,2,RegimeSwitching
2025-09-15,0.0024141075432640973,-0.007623720075631576,-0.002696053124964237,0.0,-0.0012399889367016056,-0.0026960531177227815,-0.007623720075631576,-0.007623720075631576,HOLD,LOW,HIGH,Volatile,0.028962130847497825,14.45927865164621,0,0,2,RegimeSwitching
2025-09-16,0.0012878437748867746,-0.017588633332881732,-0.0023915378842502832,0.0,-0.0025449792476640153,-0.002391538090094042,-0.017588633332881732,-0.017588633332881732,HOLD,LOW,HIGH,Volatile,0.029208663352063242,14.818564278738844,0,0,2,RegimeSwitching
2025-09-17,0.0013963143626572027,-0.008242110598579636,-0.0024655607994645834,0.0,-0.0015769404572413715,-0.002465560885218321,-0.008242110598579636,-0.008242110598579636,HOLD,LOW,HIGH,Volatile,0.028403079535462984,15.704990931919648,0,0,2,RegimeSwitching
2025-09-18,0.0009370241507861998,-0.009049653403165832,-0.0024875993840396404,0.0,-0.0018481068008407752,-0.0024875995235272372,-0.009049653403165832,-0.009049653403165832,HOLD,LOW,HIGH,Volatile,0.028684863495745574,15.874278477260049,0,0,2,RegimeSwitching
2025-09-19,0.00022829117527770645,0.006810322664317477,-0.0019499578047543764,0.0,-0.000208807275209848,0.00022829148205831255,0.006810322664317477,0.006810322664317477,HOLD,LOW,HIGH,Volatile,0.02816135786941466,15.55785042898996,0,0,2,RegimeSwitching
2025-09-22,0.0018107291109361258,-0.0035294838246842804,-0.0019122811499983072,0.0,-0.0006479278170254568,-0.0019122808008659729,-0.0035294838246842804,-0.0035294838246842804,HOLD,LOW,HIGH,Volatile,0.02604319923865803,16.31785147530692,0,0,2,RegimeSwitching
2025-09-23,0.0013710195476540556,-0.006549090211551886,-0.0018002858851104975,0.0,-0.0010711027347587807,-0.0018002859897486526,-0.006549090211551886,-0.006549090211551886,HOLD,LOW,HIGH,Volatile,0.026917437727076023,16.491424560546875,0,0,2,RegimeSwitching
2025-09-24,0.00021838004884477762,-0.0011650648156799812,-0.0012373875360935926,0.0,-0.0006703003736029565,-0.0011650520825103343,-0.0011650648156799812,-0.0011650648156799812,HOLD,LOW,HIGH,Volatile,0.02766624208690341,17.273566109793528,0,0,2,RegimeSwitching
2025-09-25,0.002327734380680251,-0.003082966039018497,-0.001162974163889885,0.0,-1.9160619439228914e-05,-0.0011629739299070367,-0.003082966039018497,-0.003082966039018497,HOLD,LOW,HIGH,Volatile,0.03020624141443885,17.728567940848215,0,0,2,RegimeSwitching
2025-09-26,-0.0007359973562408877,-0.00977035686785422,-0.0006956391735002398,0.0,-0.0016473825652288513,-0.0007360208538276242,-0.00977035686785422,-0.00977035686785422,HOLD,LOW,HIGH,Volatile,0.03052304925824706,18.14642551967076,0,0,2,RegimeSwitching
2025-09-29,0.0025458897588353227,-0.004496720627529392,-0.000582405598834157,0.0,0.00021633700006251644,-0.0005824056629507613,-0.004496720627529392,-0.004496720627529392,HOLD,LOW,HIGH,Volatile,0.028443020886612044,18.469999040876115,0,0,2,RegimeSwitching
2025-09-30,0.0008374321434945516,-0.0032438626651689457,-0.0006760252872481942,0.0,-0.0003591435045340899,-0.0006760255579853524,-0.0032438626651689457,-0.0032438626651689457,HOLD,LOW,HIGH,Volatile,0.02781670195869968,18.58571515764509,0,0,2,RegimeSwitching
2025-10-01,0.0010293512867868113,-0.00025486420755475755,-0.0009372676722705364,0.0,-0.00011085781209138916,-0.00025486352390223353,-0.00025486420755475755,-0.00025486420755475755,HOLD,LOW,HIGH,Volatile,0.0280916691624156,18.596431187220983,0,0,2,RegimeSwitching
2025-10-02,0.0019457470635410134,-0.003149494641675692,-0.001108711352571845,0.0,-0.00014506286250700554,-0.0011087111902196847,-0.003149494641675692,-0.003149494641675692,HOLD,LOW,HIGH,Volatile,0.03198814371984854,19.117858886718743,0,0,2,RegimeSwitching
2025-10-03,-0.0009150362142703744,-0.005178180552645732,0.0004175942740403116,0.0,-0.0006720052077691439,-0.0009150367290828705,-0.005178180552645732,-0.005178180552645732,HOLD,LOW,HIGH,Volatile,0.032043157266125354,19.148572649274545,0,0,2,RegimeSwitching
2025-10-06,0.0009437612055546865,0.005633228643588118,0.0016069089761003852,0.0,0.0017673730151821286,0.0016069102312837099,0.005633228643588118,0.005633228643588118,HOLD,LOW,HIGH,Volatile,0.03293429937391647,19.89928763253348,0,0,2,RegimeSwitching
2025-10-07,0.002704219080848836,0.003938392768384733,0.0012633149744942784,0.0,0.0020932117786354883,0.002704218964947708,0.003938392768384733,0.003938392768384733,HOLD,LOW,HIGH,Volatile,0.03541660962950825,20.05357360839843,0,0,2,RegimeSwitching
2025-10-08,-0.0008648375325581274,-0.01494996008628267,0.0013552719028666615,0.0,-0.0011803751826326104,-0.0008648379115941623,-0.01494996008628267,-0.01494996008628267,HOLD,LOW,HIGH,Volatile,0.03535822127573685,20.085000174386153,0,0,2,RegimeSwitching
2025-10-09,0.0017331186467906003,-0.005925373587999824,0.0008970769122242928,0.0,0.0005146028895451271,0.0008970758654980589,-0.005925373587999824,-0.005925373587999824,HOLD,LOW,HIGH,Volatile,0.033775558836195534,20.077144077845976,0,0,2,RegimeSwitching
2025-10-10,0.0006265405565801148,0.005194767539441365,6.451457738876343e-05,0.0,0.0008098511301445945,0.0006265421107411829,0.005194767539441365,0.005194767539441365,HOLD,LOW,HIGH,Volatile,0.032947033162863903,20.989286150251107,0,0,2,RegimeSwitching
2025-10-13,-0.000582676216717223,-0.008717527804475395,0.0008474586647935212,0.0,-0.0006891227414070682,-0.0005826767920778675,-0.008717527804475395,-0.008717527804475395,HOLD,LOW,HIGH,Volatile,0.03409962501503548,21.42857360839843,0,0,2,RegimeSwitching
2025-10-14,0.003004597075974131,-0.004978429639031649,0.0005269754328764975,0.0,0.0009114351956998664,0.0005269752111628632,-0.004978429639031649,-0.004978429639031649,HOLD,LOW,HIGH,Volatile,0.03381476673032702,21.405718122209812,0,0,2,RegimeSwitching
2025-10-15,5.8371046502133945e-05,0.002733983765296237,4.9496651627123356e-05,0.0,0.0003298638060375917,5.846263532056245e-05,0.002733983765296237,0.002733983765296237,HOLD,LOW,HIGH,Volatile,0.03387667863929663,20.725003923688607,0,0,2,RegimeSwitching
2025-10-16,0.001522332685103264,0.003971640853986987,-0.0005479861283674836,0.0,0.0007141702398135383,0.001522332759709068,0.003971640853986987,0.003971640853986987,HOLD,LOW,HIGH,Volatile,0.03367873264062779,20.62428937639508,0,0,2,RegimeSwitching
2025-10-17,0.00045184749698822045,0.002419385786175086,-0.0007820007158443332,0.0,2.25984347090824e-05,0.00045184779841599094,0.002419385786175086,0.002419385786175086,HOLD,LOW,HIGH,Volatile,0.03376160630375327,21.08000183105468,0,0,2,RegimeSwitching
2025-10-20,0.0017545505985873673,-0.0014733238752923771,-0.0012463750317692757,0.0,-0.00011617423945217025,-0.0012463709969840365,-0.0014733238752923771,-0.0014733238752923771,HOLD,LOW,HIGH,Volatile,0.033745341410492735,20.980715070452003,0,0,2,RegimeSwitching
2025-10-21,0.001279732615074657,0.00015395787043128253,-0.0020006566774100065,0.0,-0.0005173212081785819,0.0001539574474189384,0.00015395787043128253,0.00015395787043128253,HOLD,LOW,HIGH,Volatile,0.03351874311326991,19.960000174386156,0,0,2,RegimeSwitching
2025-10-22,0.0005351257689396245,-0.003548634110211179,-0.002546499716117978,0.0,-0.0014652513753171692,-0.0025464990445287295,-0.003548634110211179,-0.003548634110211179,HOLD,LOW,HIGH,Volatile,0.03241461894868859,18.628572736467635,0,0,2,RegimeSwitching
2025-10-23,0.0008300756511510133,0.004494852338389266,-0.002779842121526599,0.0,-0.0006415962556925354,0.0008300756552931548,0.004494852338389266,0.004494852338389266,HOLD,LOW,HIGH,Volatile,0.03103154262072503,19.007858276367188,0,0,2,RegimeSwitching
2025-10-24,0.0016485080119788033,0.000993388495262557,-0.0028658218216151,0.0,-0.0007322740069798232,0.000993387232455029,0.000993388495262557,0.000993388495262557,HOLD,LOW,HIGH,Volatile,0.030865471285734632,18.849999564034597,0,0,2,RegimeSwitching
2025-10-27,-0.0001553836908054528,-0.0018662516719204316,-0.002270987257361412,0.0,-0.001415951480411432,-0.0018662497971341676,-0.0018662516719204316,-0.0018662516719204316,HOLD,LOW,HIGH,Volatile,0.032308368401609396,19.25285775320871,0,0,2,RegimeSwitching
2025-10-28,0.0023994920475188452,0.00183805326405319,-0.0021152044646441936,0.0,2.818707926978631e-05,0.00183805174206483,0.00183805326405319,0.00183805326405319,HOLD,LOW,HIGH,Volatile,0.032524006067599864,19.202859061104913,0,0,2,RegimeSwitching
2025-10-29,0.0011232169100700547,0.00242534579238375,-0.0022683239076286554,0.0,-0.00048030800239114786,0.0011232164379520327,0.00242534579238375,0.00242534579238375,HOLD,LOW,HIGH,Volatile,0.03170564070056612,19.24143110002791,0,0,2,RegimeSwitching
2025-10-30,0.0008982543121686199,0.004333881400097412,-0.0024791574105620384,0.0,-0.00047791996459459164,0.0008982543171797743,0.004333881400097412,0.004333881400097412,HOLD,LOW,HIGH,Volatile,0.03129315051814378,18.542861938476573,0,0,2,RegimeSwitching
2025-10-31,-0.0003479249709609138,-0.008733112109291707,-0.0021126081701368093,0.0,-0.002117259530346985,-0.002112608585168996,-0.008733112109291707,-0.008733112109291707,HOLD,LOW,HIGH,Volatile,0.03209643727542761,18.150002615792424,0,0,2,RegimeSwitching
2025-11-03,0.002343749630827947,0.0006487496874805427,-0.002010664204135537,0.0,-6.237295913691853e-05,0.0006487494739454135,0.0006487496874805427,0.0006487496874805427,HOLD,LOW,HIGH,Volatile,0.03038270528310192,18.30928911481586,0,0,2,RegimeSwitching
2025-11-04,0.001375715193734581,-0.001269095712538104,-0.00201847474090755,0.0,-0.0006363687101388015,-0.0012690947594645608,-0.001269095712538104,-0.001269095712538104,HOLD,LOW,HIGH,Volatile,0.031020673589791766,19.06571524483818,0,0,2,RegimeSwitching
2025-11-05,-0.0006692680973447872,-0.01102012222741524,-0.001306760124862194,0.0,-0.002063812817763625,-0.0013067615856738103,-0.01102012222741524,-0.01102012222741524,HOLD,LOW,HIGH,Volatile,0.03208616537188729,19.60714285714287,0,0,2,RegimeSwitching
2025-11-06,0.002460274110652798,-0.0016558340574669395,-0.0008249669335782528,0.0,0.00035222469568320066,-0.0008249660371126798,-0.0016558340574669395,-0.0016558340574669395,HOLD,LOW,HIGH,Volatile,0.03315308346639519,20.642859322684167,0,0,2,RegimeSwitching
2025-11-07,-0.0003233786957729471,0.004742567314987876,0.00028685724828392267,0.0,0.0005119613825401631,0.0002868586573112333,0.004742567314987876,0.004742567314987876,HOLD,LOW,HIGH,Volatile,0.03207067012064151,21.610002790178584,0,0,2,RegimeSwitching
2025-11-10,0.00022688500118848336,-0.006526167900475229,0.0010280535789206624,0.0,-5.9292331970292416e-05,0.00022688390415698275,-0.006526167900475229,-0.006526167900475229,HOLD,LOW,HIGH,Volatile,0.030861917427263085,22.53143310546876,0,0,2,RegimeSwitching
2025-11-11,0.002235549244242692,0.007261194593344444,0.0009434201056137681,0.0,0.002091938003956788,0.0022355498180629246,0.007261194593344444,0.007261194593344444,HOLD,LOW,HIGH,Volatile,0.03079158514408656,22.26929146902903,0,0,2,RegimeSwitching
2025-11-12,0.0003366809099464215,0.0037148612663430885,0.00044229021295905113,0.0,0.0007393195718560037,0.0004422992004778898,0.0037148612663430885,0.0037148612663430885,HOLD,LOW,HIGH,Volatile,0.031017923299965135,20.860004970005594,0,0,2,RegimeSwitching
2025-11-13,0.0005069661570501756,-0.005003457072876956,0.00038126856088638306,0.0,-0.00012594719033336176,0.0003812609155158262,-0.005003457072876956,-0.005003457072876956,HOLD,LOW,HIGH,Volatile,0.034477552762744265,21.770721435546882,0,0,2,RegimeSwitching
2025-11-14,-0.0006733180471093742,-0.002393240602214986,0.00123183848336339,0.0,0.00012546329577483748,-0.0006733179907039559,-0.002393240602214986,-0.002393240602214986,HOLD,LOW,HIGH,Volatile,0.033943785038630714,21.982864379882823,0,0,2,RegimeSwitching
2025-11-17,0.0016438461605974373,-0.0055684701918169745,0.0017081014811992645,0.0,0.0009326843599769064,0.0016438312060519445,-0.0055684701918169745,-0.0055684701918169745,HOLD,LOW,HIGH,Volatile,0.03373357429969467,22.68429347446988,0,0,2,RegimeSwitching
2025-11-18,0.0011721204169369143,0.006246987196908681,0.0019807200878858566,0.0,0.0021100246751267447,0.0019807210872536114,0.006246987196908681,0.006246987196908681,HOLD,LOW,HIGH,Volatile,0.03386183876588024,22.83857945033483,0,0,2,RegimeSwitching
2025-11-19,0.0003649988084099186,0.0025468761349988355,0.0017216482665389776,0.0,0.0012852633959791618,0.0017216477937068218,0.0025468761349988355,0.0025468761349988355,HOLD,LOW,HIGH,Volatile,0.033950864210502675,22.222863333565858,0,0,2,RegimeSwitching
2025-11-20,0.0012726248157537666,0.00810730134713186,0.0011875679483637214,0.0,0.0019341669706422105,0.0012726361562475036,0.00810730134713186,0.00810730134713186,HOLD,LOW,HIGH,Volatile,0.03356424251463179,23.38715035574778,0,0,2,RegimeSwitching
2025-11-21,0.00031574065686420236,-0.008034920623691353,0.0019923110958188772,0.0,0.0003133056644759393,0.000315740180841458,-0.008034920623691353,-0.008034920623691353,HOLD,LOW,HIGH,Volatile,0.032925358438646087,23.29929024832591,0,0,2,RegimeSwitching
2025-11-24,0.0008482880412724289,0.006954652113998547,0.002132846973836422,0.0,0.002136497719547171,0.0021328475437984453,0.006954652113998547,0.006954652113998547,HOLD,LOW,HIGH,Volatile,0.035087790692445095,23.717862810407382,0,0,2,RegimeSwitching
2025-11-25,0.002729854453681476,-0.00012423775910909657,0.0015054992400109768,0.0,0.0018080272538728397,0.0015054990374303058,-0.00012423775910909657,-0.00012423775910909657,HOLD,LOW,HIGH,Volatile,0.03476909966892233,22.92572021484376,0,0,2,RegimeSwitching
2025-11-26,0.0005084424532529467,-0.0030726838954599563,0.00046197371557354927,0.0,0.00011517037000187234,0.0004619533663520187,-0.0030726838954599563,-0.0030726838954599563,HOLD,LOW,HIGH,Volatile,0.03507962470419584,21.332146780831486,0,0,2,RegimeSwitching
2025-11-28,0.0013636267839893742,-0.0003091705767311787,-0.0007872709538787603,0.0,8.890156404846718e-05,-0.00030916909091873135,-0.0003091705767311787,-0.0003091705767311787,HOLD,LOW,HIGH,Volatile,0.03362213645613104,20.096431187220993,0,0,2,RegimeSwitching
2025-12-01,0.0010204206647370072,0.003716534748672583,-0.002086224500089884,0.0,-0.00029330450799370947,0.0010204206157912973,0.003716534748672583,0.003716534748672583,HOLD,LOW,HIGH,Volatile,0.03242698190823362,19.255000523158493,0,0,2,RegimeSwitching
2025-12-02,0.0008759705111533914,-0.0003531146917013981,-0.003100733971223235,0.0,-0.0012885415780896988,-0.00035311514030627944,-0.0003531146917013981,-0.0003531146917013981,HOLD,LOW,HIGH,Volatile,0.031729075824497105,19.384283883231042,0,0,2,RegimeSwitching
2025-12-03,0.0008894301981946457,-0.0015540959590941688,-0.003586630104109645,0.0,-0.0016562500759522139,-0.0015540958764911016,-0.0015540959590941688,-0.0015540959590941688,HOLD,LOW,HIGH,Volatile,0.03104397427060185,19.592143467494434,0,0,2,RegimeSwitching
2025-12-04,0.0019922510762625527,-0.0022233318081186894,-0.004032551310956478,0.0,-0.0015298434833432104,-0.0022233314931070836,-0.0022233318081186894,-0.0022233318081186894,HOLD,LOW,HIGH,Volatile,0.029958485105319736,17.804999215262292,0,0,2,RegimeSwitching
2025-12-05,0.001066555636473406,0.0009661576875285173,-0.0045707980170845985,0.0,-0.0018324465522668487,0.0009661481022304566,0.0009661576875285173,0.0009661576875285173,HOLD,LOW,HIGH,Volatile,0.028818523214871928,16.219284057617198,0,0,2,RegimeSwitching
2025-12-08,0.0008375154247998555,0.00322552673760086,-0.004634461365640163,0.0,-0.001720019254829062,0.0008375151890743191,0.00322552673760086,0.00322552673760086,HOLD,LOW,HIGH,Volatile,0.02861679393440653,15.828569684709834,0,0,2,RegimeSwitching
2025-12-09,4.387429659643302e-05,-0.007274862220904854,-0.0037357367109507322,0.0,-0.002647907659189144,-0.0037357366929922035,-0.007274862220904854,-0.007274862220904854,HOLD,LOW,HIGH,Volatile,0.0275829224314151,15.93428257533483,0,0,2,RegimeSwitching
2025-12-10,0.0015464290860768043,-0.0032888297008563834,-0.0026681330054998398,0.0,-0.0011120090211890923,-0.0026681316367410802,-0.0032888297008563834,-0.0032888297008563834,HOLD,LOW,HIGH,Volatile,0.027583103469816118,15.93356977190291,0,0,2,RegimeSwitching
2025-12-11,0.001195377438833507,0.001314237717906786,-0.0018097271677106619,0.0,-0.00033220971165478824,0.0011953694973404843,0.001314237717906786,0.001314237717906786,HOLD,LOW,HIGH,Volatile,0.0272370919871121,14.284999302455365,0,0,2,RegimeSwitching
2025-12-12,0.0005701143481246502,0.013624129285407693,-0.0011650423984974623,0.0,0.0010277690118958476,0.0005701148471849146,0.013624129285407693,0.013624129285407693,HOLD,LOW,MEDIUM,Volatile,0.022087548537871374,14.449286324637281,0,0,1,RegimeSwitching
2025-12-15,0.0017505439355529895,0.001483385980081668,-0.0006242407253012061,0.0,0.0005061148185066613,0.001483382738802952,0.001483385980081668,0.001483385980081668,HOLD,LOW,MEDIUM,Volatile,0.022977708595456076,13.89071437290737,0,0,1,RegimeSwitching
2025-12-16,0.0016456663648828076,-0.004576212796857783,-0.0002974697854369879,0.0,8.076648800780335e-06,-0.00029747006593554585,-0.004576212796857783,-0.004576212796857783,HOLD,LOW,MEDIUM,Volatile,0.02349962811632824,14.686429704938623,0,0,1,RegimeSwitching
2025-12-17,0.001460447471628053,-0.004424041415505477,-9.306997526437044e-05,0.0,5.73110117346651e-05,-9.307038734881902e-05,-0.004424041415505477,-0.004424041415505477,HOLD,LOW,HIGH,Volatile,0.025996507776547117,16.04571533203125,0,0,2,RegimeSwitching
2025-12-18,-0.0004769266939518536,-0.00497696055876101,0.001212256378494203,0.0,-7.563371995796648e-05,-0.0004769270631321117,-0.00497696055876101,-0.00497696055876101,HOLD,LOW,HIGH,Volatile,0.026649689981344562,17.250714983258927,0,0,2,RegimeSwitching
2025-12-19,0.0022541500276381608,-0.0010894002961804442,0.0015479018911719322,0.0,0.0015473099276429045,0.0015479008581248766,-0.0010894002961804442,-0.0010894002961804442,HOLD,LOW,HIGH,Volatile,0.025859789597432434,17.779285975864955,0,0,2,RegimeSwitching
2025-12-22,0.0005665349612255906,-0.0011335746039822315,0.0014091558987274766,0.0,0.0008229050455122022,0.0005665343647683489,-0.0011335746039822315,-0.0011335746039822315,HOLD,LOW,HIGH,Volatile,0.02543232107844014,17.989998953683028,0,0,2,RegimeSwitching
2025-12-23,0.0014249052154502299,-0.004045698078010081,0.0010765966726467013,0.0,0.0006820316629760988,0.0010765940131676668,-0.004045698078010081,-0.004045698078010081,HOLD,LOW,MEDIUM,Volatile,0.022155794111530975,17.307854788643965,0,0,1,RegimeSwitching
2025-12-24,0.0006803896192561113,0.0032790292470647768,0.0005242644110694528,0.0,0.000868488152971787,0.0006803955588521121,0.0032790292470647768,0.0032790292470647768,HOLD,LOW,MEDIUM,Volatile,0.022212011444384047,17.654998779296864,0,0,1,RegimeSwitching
2025-12-26,0.0010314807891986736,-0.0032552045214760492,4.2034429498016834e-05,0.0,8.222446588554877e-05,4.203372397056914e-05,-0.0032552045214760492,-0.0032552045214760492,HOLD,LOW,MEDIUM,Volatile,0.022968585036430546,18.230712890624982,0,0,1,RegimeSwitching
2025-12-29,0.0004388474903075243,-0.00915941240200967,-8.283450733870268e-05,0.0,-0.0008187105093218869,-8.283630674547874e-05,-0.00915941240200967,-0.00915941240200967,HOLD,LOW,MEDIUM,Volatile,0.024519632985275444,17.976427350725434,0,0,1,RegimeSwitching
2025-12-30,0.0003122672755694613,-0.007730431632733883,-0.00026428629644215107,0.0,-0.0008129219820748859,-0.00026428789098887327,-0.007730431632733883,-0.007730431632733883,HOLD,LOW,MEDIUM,Volatile,0.024731869887129648,17.447856358119413,0,0,1,RegimeSwitching
2025-12-31,0.000968385851264772,-0.0057477659670664505,-0.0005083596333861351,0.0,-0.00048121355500488155,-0.0005083601188466027,-0.0057477659670664505,-0.0057477659670664505,HOLD,LOW,MEDIUM,Volatile,0.024887184147543692,17.017854963030125,0,0,1,RegimeSwitching
