Date,Close,High,Low,Open,Volume
2010-01-04,132.64991760253906,133.54661369142175,129.9138350257644,130.32770195568546,9135000
2010-01-05,134.99517822265625,135.08714349054944,132.25910625265445,132.58865625891465,11659400
2010-01-06,133.5542755126953,134.41266056402952,133.17107145059643,134.41266056402952,7381100
2010-01-07,136.16773986816406,136.9954621054793,133.31670050445402,133.60027948314342,8727400
2010-01-08,133.59255981445312,135.98374873162103,133.31665250136018,135.14070705427784,7268100
2010-01-11,131.48495483398438,134.1673828385766,130.68789565818136,134.1673828385766,7704900
2010-01-12,128.61859130859375,130.65722762369825,128.01312246259795,130.29701494176595,10360100
2010-01-13,129.57662963867188,130.03646750527017,127.31571627367144,128.76422718820731,11269500
2010-01-14,129.1626739501953,130.84110849204754,128.1510219831932,128.75647885128018,10521400
2010-01-15,126.61827850341795,128.60327253711375,126.13543769191298,128.44999326671083,10896300
2010-01-19,127.88284301757812,128.29669820389282,125.61427012691632,126.4649834991072,7705300
2010-01-20,128.59559631347656,128.8944949729944,125.93617124746096,127.07045184070068,8893900
2010-01-21,123.29212188720705,131.05584311949718,120.1498543027751,129.74527954273773,51738300
2010-01-22,118.11882781982422,122.43370971994398,116.68564823074472,121.62131890058426,30175600
2010-01-25,118.77788543701172,121.32236511488811,118.41001294309244,119.65926148206415,17877000
2010-01-26,115.63565826416016,119.94286805860636,115.4976987245712,118.72428198212532,15985900
2010-01-27,116.1108398,117.2067979332244,113.6353446845666,115.53603370590966,19899000
2010-01-28,117.48268127441406,118.94652341216997,114.92288127175068,118.20310669066914,16160700
2010-01-29,113.98023223876952,118.70130971480413,113.28279794685186,118.36408822445,18502800
2010-02-01,117.3600845336914,118.98486608028996,114.35576596900904,114.82327541140242,12980800
2010-02-02,120.28008270263672,120.70926934474906,117.7585936385383,117.7585936385383,17246600
2010-02-03,120.50235748291016,122.5793288413614,120.41039224154116,121.031181009704,16785200
2010-02-04,115.48238372802734,119.6056636492871,115.30611311378182,119.00020630759438,18895000
2010-02-05,118.14945220947266,118.37937693303483,114.0951476108826,115.5896524668082,18759200
2010-02-08,115.80429077148438,118.4867196353358,115.5896973979332,118.23380351055152,10257300
2010-02-09,116.86954498291016,117.66660405404431,114.69293765722531,117.03048409315484,14017300
2010-02-10,117.7432861328125,119.0615090674047,116.31009496069812,117.0841746655164,10555300
2010-02-11,118.0651855,119.03852723530748,116.68564844800636,118.3334214001938,11163400
2010-02-12,117.97325134277344,118.41010978834562,115.8349768358496,116.77765598884052,10293200
2010-02-16,120.63257598876952,120.89316351331864,118.48664362980726,119.02312671954785,11497100
2010-02-17,120.52532958984376,121.23809518027105,119.4140402206739,121.09247577499777,10070000
2010-02-18,119.35274505615234,120.01185657231144,118.7013051064062,119.26077981488488,10991100
2010-02-19,119.69764709472656,120.32610753724424,118.40242684331152,118.4177465898634,8693000
2010-02-22,120.10381317138672,121.06948312456532,119.58264960537517,120.47934563928224,7375500
2010-02-23,120.09617614746094,122.78627671734829,119.49071874673072,120.1804815267487,15696000
2010-02-24,121.34540557861328,122.05049968365456,120.22644451758356,120.58665728894148,8361500
2010-02-25,119.89688873291016,119.89688873291016,118.27210725302656,119.7359379,10519900
2010-02-26,120.0965805053711,120.58818098648278,119.25931372978964,120.02744021406914,7812700
2010-03-01,120.2425308227539,121.58675235057264,119.95832773606178,120.21948796278868,6522800
2010-03-02,121.94014739990234,122.70827431265764,120.52679669339736,120.7341825,11986400
2010-03-03,121.14891052246094,122.47776606378564,120.77252432421474,122.16283139100902,10006000
2010-03-04,125.67323303222656,125.85758769367088,121.44853540311652,121.556072692121,15439500
2010-03-05,128.41542053222656,129.2373217556498,126.74090989409936,126.8254043028561,12226700
2010-03-08,130.45863342285156,131.1115457936521,128.63049988183948,128.95311168319458,9344500
2010-03-09,129.69821166992188,132.27142935405556,129.04529921774875,129.9824148282943,12958700
2010-03-10,132.0717315673828,132.37897761702203,129.71357652796846,130.7812723733901,13107200
2010-03-11,133.27769470214844,133.3237921616988,131.4265177738892,131.65694646820907,8910600
2010-03-12,134.3914794921875,135.45148658031982,133.65407255546944,134.42987645832733,10216900
2010-03-15,133.2930450439453,134.5758154163444,130.8734503,133.6156568992177,13958600
2010-03-16,135.33628845214844,135.51295436788527,133.31611083412926,133.90757186417162,11687700
2010-03-17,135.68191528320312,136.63439671920597,134.86002571528547,135.8509041141179,10138600
2010-03-18,136.30410766601562,136.53454806596028,134.92916575679905,135.34394910015092,6883500
2010-03-19,136.6497344970703,136.8878636181466,135.15188978436927,136.6497344970703,10896600
2010-03-22,135.31321716308594,135.92003216570654,134.5988532,135.35162584644576,7320400
2010-03-23,134.29153442382812,135.8124213518097,133.1086132526483,135.3822724607182,10804800
2010-03-24,133.96896362304688,135.15956220166308,133.3775028570305,133.3775028570305,8396100
2010-03-25,134.3453369140625,137.28726318239077,134.25316547318675,134.6065088643466,9534300
2010-03-26,132.78607177734375,134.79088312792032,132.04867663729513,134.71407748286933,11811500
2010-03-29,133.69241333007812,133.9842934,131.84122573988938,133.55414447188045,11785600
2010-03-30,131.64151000976562,134.25313515742062,131.11917794782718,133.85370613601816,8184600
2010-03-31,131.0654754638672,131.85664510503588,130.46633751658769,130.5815518446474,8243200
2010-04-01,130.75051879882812,132.1177832929259,130.19746667529617,131.9027088,6480600
2010-04-05,133.00881958007812,133.17011962033652,130.4048706,131.10385696249352,6135000
2010-04-06,132.80909729003906,133.5695469169952,132.23300228434945,132.5863457116062,7743600
2010-04-07,135.46682739257812,136.6497373719175,132.73997522093342,132.80142676437336,13887200
2010-04-08,137.87869262695312,138.87725931880502,134.6371981913281,135.2670674827365,10668800
2010-04-09,137.58685302734375,139.03093499782943,136.34249150339625,138.4778828270342,8462000
2010-04-12,136.60365295410156,138.55470138480285,136.60365295410156,137.7712088492867,6040800
2010-04-13,137.68667602539062,138.26277090415795,136.0428857734684,136.38854035659276,6466400
2010-04-14,142.0419464111328,142.8254386977575,140.6209194641843,141.2661428904965,12556400
2010-04-15,141.5427246,142.56433463020394,141.07416680614796,142.51823717816671,7838700
2010-04-16,123.43795013427734,143.18649143462605,119.48210258070944,141.04341152060965,102043700
2010-04-19,125.45049285888672,125.7654159849974,119.05967132689422,119.52055216224068,54299200
2010-04-20,122.8848648071289,128.0543642,121.36397773502452,127.84696677541932,42196600
2010-04-21,122.0783233642578,125.31214067166584,120.59584503529116,124.18299392380852,30371000
2010-04-22,122.1705093383789,124.43647993126302,120.0504729197969,121.31019977866896,24823000
2010-04-23,120.90313720703124,123.45332346251708,120.59589121704455,123.04621725147726,14916000
2010-04-26,116.7783203,120.58823452308285,116.38657985104436,120.38083699846034,30940700
2010-04-27,117.55410766601562,119.97371385807564,115.33422192170389,115.41103928171222,34516800
2010-04-28,120.60354614257812,121.09514666879384,118.82149863030156,120.33470888082265,21226100
2010-04-29,123.0845718383789,123.7067523131162,121.62512472561774,122.55456277599436,18464300
2010-04-30,111.5320053100586,117.13933310788435,110.0725691268243,116.67845235492383,73187900
2010-05-03,114.83493041992188,115.7182713502638,112.56127045316975,113.55983740965334,28282700
2010-05-04,114.79654693603516,117.02412166943294,113.55218528127536,114.47393508927094,30313400
2010-05-05,113.82864379882812,116.15606566317312,113.0681945054636,113.75951524143436,18355200
2010-05-06,109.3198013305664,114.16667909899132,106.81570070118718,113.28332633119372,22984700
2010-05-07,109.8344268798828,112.5689557037216,108.68991402511983,111.67024898716886,21268500
2010-05-10,110.47964477539062,115.14216691013846,108.45946816750902,114.5199862704727,23098200
2010-05-11,109.05094909667967,111.76243542394973,108.72833728750491,109.38123795344788,15497900
2010-05-12,113.06818389892578,113.41383837414764,109.2890040804351,110.79453671739968,15457000
2010-05-13,111.10950469970705,114.02838803709822,110.93283886874818,113.95925945811624,11517900
2010-05-14,110.01876068115234,110.72543568915022,108.9971509798252,110.15702955265238,10977400
2010-05-17,109.5655288696289,110.8406212696765,106.40852948337998,110.2030750696527,16330100
2010-05-18,105.50984954833984,110.41817709071016,104.92607766629618,110.37209137905926,18025300
2010-05-19,107.61455535888672,107.6375982222322,104.5420485588692,105.96307592146734,18079900
2010-05-20,104.54204559326172,107.14599456358144,104.27319656761348,106.15510458510232,16279200
2010-05-21,108.01399230957033,110.18779266961776,104.65728177500242,105.29482845761862,25553400
2010-05-24,104.9952392578125,109.80370812355544,104.8569703586908,109.07399011131358,16556800
2010-05-25,109.50414276123048,109.98806634294502,103.0826029464332,103.48970916827184,21490900
2010-05-26,107.76815032958984,111.99284608097967,107.29959269560848,110.83296756436276,17073900
2010-05-27,111.61837768554688,111.69538713203244,108.60748927783597,110.0628785,12910200
2010-05-28,111.08702850341795,112.27290802400216,110.19378249114828,111.21023890165873,10683700
2010-06-01,109.23897552490234,112.73498717958503,109.11576506350478,111.0870854458806,9455200
2010-06-02,111.52600860595705,111.65691530355488,108.68453074340523,109.34677222830892,7668400
2010-06-03,110.91764831542967,111.8494110577496,109.73178021156156,111.5875977004012,7454900
2010-06-04,109.53926849365234,112.32683697932764,109.12344796954358,109.47766327711888,14900400
2010-06-07,106.79021453857422,110.32474258177888,106.15108525679238,109.56239109206886,12238600
2010-06-08,106.09716033935548,107.56024612005726,103.99493362287512,107.1444255744875,14587000
2010-06-09,105.3425064086914,107.3600272,104.8958774230048,106.72088634297124,8950600
2010-06-10,103.0092544555664,106.08944436856838,101.10723624428832,105.95853770726484,21931000
2010-06-11,104.44925689697266,104.76497923570064,102.4163316853976,102.67044880559376,9241800
2010-06-14,102.75514221191406,105.5812151800484,102.72433373133909,105.5812151800484,10951400
2010-06-15,105.41950225830078,105.80452602367076,102.64733819763268,103.67150282351597,10649300
2010-06-16,105.54271697998048,106.46677170448912,104.5031598211557,104.77266941789102,7077700
2010-06-17,105.74292755126952,106.55917601518244,104.1258231133344,105.45800198839994,8104300
2010-06-18,106.4051742553711,107.59105416753506,105.8969518,106.12796839278096,10154900
2010-06-21,106.06635284423828,107.9221584935983,105.7352262906226,107.53713472194796,8691000
2010-06-22,103.79469299316406,106.07403866737413,103.6406858496345,105.91232352917336,9002200
2010-06-23,104.01036071777344,105.01912144347384,102.20843995774705,103.10939446276184,8232200
2010-06-24,103.94100952148438,104.71105703083008,102.50102443900552,103.2941724336322,9967900
2010-06-25,107.54485321044922,108.49970473731074,104.28754332447886,105.48882747923054,14332300
2010-06-28,105.23470306396484,108.09928094606556,105.13459312050644,108.09928094606556,9908100
2010-06-29,103.00154876708984,104.61095696266348,102.54722356474736,103.94100765159016,10338100
2010-06-30,101.08416748046876,103.41741113174756,100.89165555049529,102.93997355541626,9139800
2010-07-01,100.98406219482422,102.99388730684932,99.72118435,101.40759081038436,11645300
2010-07-02,100.93785095214844,101.93891528265397,99.8674851506836,101.73099911978092,6566400
2010-07-06,101.84648895263672,103.48669406209038,100.93014220016548,102.98616783385016,7820100
2010-07-07,104.5956039428711,104.82662065464544,101.70022817196046,101.9851421248166,9300400
2010-07-08,104.31066131591795,105.6274362,102.84756371020538,105.43492432083924,9895700
2010-07-09,106.31275177001952,106.65157453663282,103.64068611058252,104.23362595215576,6919900
2010-07-12,105.68905639648438,106.50530515240678,104.7495971774048,105.96627406358976,4728900
2010-07-13,107.99915313720705,108.73069585302228,106.351252090532,106.65157012123476,8983900
2010-07-14,107.08282470703124,107.49094902297246,105.99705469669948,107.25993237715798,6068500
2010-07-15,111.82635498046876,112.61950336330104,106.12800532225658,107.82210832199549,21621900
2010-07-16,112.5578155517578,117.04719284522814,112.46541363319248,116.63906870491172,29604600
2010-07-19,112.18055725097656,113.73605708847548,110.9638920736225,113.71295659460148,10875900
2010-07-20,114.66780090332033,115.29923388020984,109.0002496046774,109.48537164485003,20571400
2010-07-21,113.18928527832033,116.25407101187731,113.08917534418656,115.54562872798934,11337000
2010-07-22,112.85047912597656,115.41473906660704,111.01006581573348,114.6446914598109,13307300
2010-07-23,113.48963928222656,114.28278751163856,111.32580702043286,112.92749597400564,7306900
2010-07-26,114.12105560302734,114.73709605263768,111.81862072572578,113.4973189071698,6089000
2010-07-27,113.37411499023438,115.2453369354621,113.19700731640457,114.80640412423766,7151200
2010-07-28,113.3509521484375,114.467518304029,113.02753371543788,113.1969450493884,4845600
2010-07-29,117.49388885498048,117.93280996901986,113.68215478570689,114.17498488304734,15657700
2010-07-30,116.13858795166016,118.13300847198248,116.12318370922686,116.54671225118577,8792400
2010-08-02,117.6170654296875,118.3101035153373,116.74690794993298,117.67867064285528,6523100
2010-08-03,117.963623,118.5565631362637,116.59293891815592,117.1396662700624,5648500
2010-08-04,120.4431610107422,121.08999824496128,117.81729558969204,118.2947213935211,12283700
2010-08-05,120.06584930419922,120.29686598984672,118.89537338024952,119.84254061640456,5680200
2010-08-06,119.49598693847656,120.1736326205592,118.41022869785986,119.00315691968768,8082600
2010-08-09,119.66535186767578,120.281392089322,119.04161540263031,120.07347601764354,4209800
2010-08-10,118.5103530883789,119.1803026721124,117.9559177259774,118.60276681544389,5861700
2010-08-11,114.92959594726562,117.04722669336265,114.66778260229196,116.8316143210322,7734400
2010-08-12,115.06053161621094,115.961486059783,113.82075428787756,113.82075428787756,4949300
2010-08-13,114.02864837646484,115.85365740219432,114.02864837646484,115.0297125920525,4218700
2010-08-16,113.7822266,114.87569271967284,113.19699462978588,113.64362363764414,3760100
2010-08-17,114.42134857177734,115.34540316820966,114.07482956686418,114.49065002276164,4391600
2010-08-18,114.89112091064452,115.46096047048812,113.75914978838516,114.38288658024317,4460600
2010-08-19,113.23551940917967,115.24534442541864,112.6425793756544,114.48299295374328,5290900
2010-08-20,114.15188598632812,114.7140175700617,113.3895344618153,113.53584541853968,5276800
2010-08-23,112.99678802490234,114.3520675585616,112.88898183188392,114.05944571322854,3729200
2010-08-24,110.84835052490234,112.03423041804484,110.7482523261262,111.50289568994798,6372300
2010-08-25,111.41046905517578,111.91100699093208,109.92428298822117,109.97048395921564,5638400
2010-08-26,109.2004395,111.78010340469798,109.0849370224546,111.6106920063861,6818100
2010-08-27,107.61416625976562,109.1465654,106.45909470778246,108.67683584758868,11252000
2010-08-30,105.49894714355467,108.16227976417969,105.4912197931501,107.17414483119128,6205800
2010-08-31,105.70735168457033,106.54109257029133,104.82729382400288,105.18241026365068,7064100
2010-09-01,107.87662506103516,108.33980657565009,106.37898009350786,107.31307047131956,6897700
2010-09-02,107.90750885009766,108.19313806551526,106.88077265315589,108.02330129432212,4992000
2010-09-03,113.70507049560548,114.24546659158226,109.1040705672779,109.32793986285812,13588500
2010-09-07,112.09935760498048,112.89449703170474,111.28104791289564,112.82500979461184,6211300
2010-09-08,113.89810180664062,115.53470997135584,112.21518843384192,112.2306314,8310300
2010-09-09,115.13324737548828,116.32209294806798,114.6391800002026,115.63503032025667,6729800
2010-09-10,116.09819793701172,116.3761115103056,114.8784667975271,115.38026141070668,4417200
2010-09-13,119.17069244384766,119.4254475643921,117.57269804342508,117.58814096028982,7653600
2010-09-14,117.75025939941406,118.69207714907034,117.5186627466388,118.52995595827916,5688200
2010-09-15,117.77345275878906,117.95873249176854,116.31440872763396,117.08638994580066,5698200
2010-09-16,117.51869201660156,117.71168731206708,116.69267827734812,117.55729343159426,4388600
2010-09-17,116.55369567871094,117.70395168430292,116.22946505111702,117.42603803500867,4835600
2010-09-20,117.2639617919922,117.64995246514488,115.71228352653849,116.55374036693128,5640500
2010-09-21,116.87789154052734,119.32508110806508,116.63857937083252,117.42600310619328,6876000
2010-09-22,114.30723571777344,116.22174535635378,114.01387915962565,115.75855203080414,8986100
2010-09-23,111.86776733398438,113.38084346766892,111.14981889278594,112.98713740604074,9152400
2010-09-24,113.69733428955078,113.94437380624257,112.5702488882489,112.90219498687442,5623700
2010-09-27,112.70922088623048,114.569697838897,112.53938413157658,113.4889174202363,5205900
2010-09-28,111.94495391845705,113.24188804674051,111.21157436792797,113.10292534965912,5504800
2010-09-29,111.48953247070312,111.95272593981169,110.03820392836228,111.95272593981169,6944900
2010-09-30,111.61299896240234,113.465748394451,111.39684525464644,112.13022474735348,6854400
2010-10-01,114.02157592773438,114.63916300013211,111.79827895839357,112.0916236886749,7439800
2010-10-04,113.1492691040039,114.61602839953784,111.7056565183089,114.02159968778108,5866700
2010-10-05,115.46521759033205,116.01331756916112,112.76328376819788,113.91352805645714,8724700
2010-10-06,116.44562530517578,117.59588137499811,115.12554423193684,115.60416874042151,6330600
2010-10-07,116.65404510498048,117.61902131960724,115.82030424200356,117.42602607668188,4471500
2010-10-08,117.85064697265624,118.42190549343792,116.27579880626344,116.6849478796062,5225100
2010-10-11,117.49552917480467,118.18259193005268,116.77759235640404,117.85836125921068,4454400
2010-10-12,119.81916809082033,120.00443597941556,116.57683868647004,116.80071975784855,6378000
2010-10-13,119.44860076904295,120.96168850855032,119.18613009141724,120.66061643021642,5626200
2010-10-14,117.0246124267578,119.10895904628796,116.22175726364505,119.0626420648868,6891100
2010-10-15,116.32978057861328,117.87374207166386,116.30662209857684,117.87374207166386,6901500
2010-10-18,118.6535186767578,119.17847206496154,116.45337912804185,116.51512726359584,6972300
2010-10-19,120.98480224609376,123.28530116762444,118.96993238107326,119.76507146770116,14491200
2010-10-20,123.20817565917967,123.70995861101429,119.54898137914655,120.59116046925912,10631200
2010-10-21,122.97659301757812,124.67494910145084,122.05021804269272,123.19274678573484,6350900
2010-10-22,121.78778076171876,123.50158040276796,121.58706983942967,123.43210490422574,4051700
2010-10-25,121.5020980834961,123.09237717611092,120.6374830691415,123.02290170806376,5728300
2010-10-26,122.19686889648438,122.53654242562187,120.83818655942976,120.9848648360569,4068500
2010-10-27,123.63272857666016,123.97240203582126,121.20099360779147,121.34767185420132,6570900
2010-10-28,126.01812744140624,126.44270738169824,123.85657923300757,124.18080969734385,9918800
2010-10-29,124.38928985595705,126.29608367756748,124.25032716452084,125.17670191595045,4536600
2010-11-01,124.72895050048828,125.80200340144695,123.64817025222152,124.88334431324272,4514400
2010-11-02,125.6939468383789,125.8328977584332,124.90652295292035,125.10723376394148,3332400
2010-11-03,125.5473175048828,125.97189777909122,123.95703797599506,125.97189777909122,4462800
2010-11-04,128.44989013671875,128.45760570441968,125.59356341485284,126.31149993429662,8162600
2010-11-05,132.06275939941406,132.1476659780017,128.0870512632201,128.14109557267628,11989300
2010-11-08,130.6191864013672,132.47966348911405,130.54199536696214,131.19817216713523,5516100
2010-11-09,128.5734405517578,131.89296127596788,128.14884863712126,131.46836936133133,7343900
2010-11-10,129.09066772460938,130.1945949343351,127.81690374731114,128.38816216596814,6328100
2010-11-11,129.46893310546875,130.37986499199783,127.98671928348104,127.98671928348104,3931500
2010-11-12,128.01760864257812,129.7854399219684,127.106664951479,128.44991611110177,4735600
2010-11-15,129.09066772460938,130.73499107451798,127.38458447926574,127.9018103516018,5199000
2010-11-16,127.45404052734376,128.92079940155236,127.1143670753394,127.9944247557631,5914100
2010-11-17,127.29200744628906,127.94046896908254,126.60494449915052,127.4695598628752,3726300
2010-11-18,129.19100952148438,130.4107289888092,127.84004293399138,127.90951838855536,4987500
2010-11-19,128.66607666015625,129.49981758482306,127.91725411983964,129.30682232761765,4584500
2010-11-22,124.32756042480467,126.89825894091778,122.32040482210772,126.83649903842743,11364000
2010-11-23,121.80319213867188,124.21176970028088,121.71055816460944,122.8222129713515,7315000
2010-11-24,123.71764373779295,124.05731718815824,122.3975631132738,122.71407808106804,4258200
2010-11-26,122.14280700683594,123.01514910804488,122.02701459494652,122.3280866453516,1876900
2010-11-29,122.96110534667967,123.5169324852226,121.20099000112468,121.57926484747802,4819900
2010-11-30,120.80255889892578,123.27060334187487,120.80255889892578,122.29576946702304,5416900
2010-12-01,122.5897979736328,123.17005894082146,121.46796246482268,122.58979797363284,6024000
2010-12-02,125.7231445,126.30340519831732,122.8914696426575,123.13905319388095,7208600
2010-12-03,125.57616424560548,125.7231655280156,124.52395758804587,124.80248322697152,4658000
2010-12-06,125.8392105102539,126.2570048632313,124.94174951823088,125.0732738721874,3686300
2010-12-07,125.01911926269533,127.47943116465888,124.9030718262312,127.28601090026136,5527700
2010-12-08,128.53939819335938,128.53939819335938,125.25125298853992,125.3054163408769,5259500
2010-12-09,128.7792510986328,129.7850391581145,128.23767654520108,129.20477817827197,5746400
2010-12-10,130.3419952392578,130.3419952392578,128.35363007043858,128.74821480339637,4543600
2010-12-13,131.12350463867188,132.23760760990973,129.90108675664368,130.17187993633948,5325200
2010-12-14,129.4600830078125,131.51807793477994,129.0809749511273,131.2704942719393,4892700
2010-12-15,127.8198471069336,129.42909324728348,127.7424742823972,128.92620530410358,4358100
2010-12-16,127.23954010009766,128.3613748155849,126.27243917201707,128.19116410780822,4164400
2010-12-17,126.91465759277344,127.65739673178751,126.20287231249726,126.82181962743596,5343000
2010-12-20,128.4697266,129.12734829930065,126.61288516377164,126.6825254,3719100
2010-12-21,130.1564178466797,130.6593178369701,128.81795233811943,128.8488943995423,4546900
2010-12-22,131.21632385253906,131.27820795391025,129.90105649237793,130.4967942656502,3858500
2010-12-23,129.66896057128906,131.2936838417449,129.33627155051002,130.8294822525162,2494000
2010-12-27,131.3942871,131.52581150422657,128.7482986710603,129.04228951613598,2715000
2010-12-28,130.89910888671875,132.47741315668975,130.62058321490778,131.52578869693426,2862900
2010-12-29,129.6921844482422,131.35559432036132,128.87208425806483,131.0615916840946,3329800
2010-12-30,129.69992065429688,130.17186667582948,129.1970325780219,130.04807484598254,1745400
2010-12-31,130.1022491455078,130.59740470111973,129.21250857473788,129.65351257863458,1636300
2011-01-03,133.88552856445312,134.04026243705914,131.40975118644346,131.95132564328344,5717100
2011-01-04,133.90872192382812,134.6205070964212,133.07314494588763,134.5199247788969,3335500
2011-01-05,134.6204833984375,134.99959130853884,133.07312152029454,133.11180792833497,4140600
2011-01-06,133.23562622070312,135.07697919435702,133.0576710693977,135.01508329026427,5375200
2011-01-07,132.05958557128906,133.7616810724166,131.03058862884404,133.61467982271975,4916100
2011-01-10,131.3400879,132.52381892648637,130.90682840108562,131.52577558847145,3650300
2011-01-11,131.0306396484375,132.6321534853704,130.22601644921124,131.91263568460977,4572300
2011-01-12,132.81785583496094,133.31301135179817,130.89138531508678,131.0538635683884,5592900
2011-01-13,132.74050903320312,133.5373998441307,132.2995050165368,133.10412839066484,3183800
2011-01-14,135.39418029785156,135.39418029785156,132.44645746137945,132.44645746137945,5885100
2011-01-18,135.14657592773438,135.65720816252843,133.88548406993144,135.2007393,4981200
2011-01-19,128.8101806640625,132.67858646663638,128.32275775519815,131.1080146552264,13372700
2011-01-20,128.1911621,129.25110093228946,126.89137234347348,128.856528,8914900
2011-01-21,128.58578491210938,130.90682800368333,127.75020798249048,128.33821312116802,5876500
2011-01-24,128.66319274902344,129.25893061016092,128.2376657053538,128.4233534531657,4624300
2011-01-25,125.32088470458984,127.49492711321572,123.8818371173037,126.14872930298728,11259800
2011-01-26,124.80252075195312,125.98625212194648,124.59362350858989,125.10425596772713,6738000
2011-01-27,126.90689849853516,127.0771092696935,124.64775130594845,124.66322823208164,6036000
2011-01-28,125.15839385986328,127.72700895266397,124.88760075483631,127.00749120198022,4570000
2011-01-31,126.58972930908205,126.66710216051275,124.74063149210816,124.85669076925426,3792800
2011-02-01,127.9126968383789,128.62448202904514,126.5819644106961,126.7753847,4138400
2011-02-02,127.69613647460938,128.92628725075772,127.03850246435888,127.77349754288156,2986200
2011-02-03,127.3789063,127.64969946435814,125.21259595145904,127.64969946435814,4710400
2011-02-04,127.5258331298828,127.64188055086854,125.9243078876728,127.56451953868954,3354500
2011-02-07,129.30528259277344,130.055754,127.34787101161696,127.49486045468284,5036700
2011-02-08,130.4038848876953,130.5354091905899,128.63214946629557,129.22015435621333,4718700
2011-02-09,128.4387969970703,130.15637000805788,127.3943345804018,130.15637000805788,5663900
2011-02-10,127.9204102,128.9339303,127.40977787711822,127.7734088814604,4265800
2011-02-11,128.9416961669922,129.73858676302103,127.5103813964116,127.74248808967288,4257100
2011-02-14,129.6070556640625,129.82368541841217,128.05194916373694,128.54710457445566,3547200
2011-02-15,129.9087677001953,130.31881764837837,129.06545832037992,129.45229878511367,4025900
2011-02-16,130.60508728027344,131.4483967341224,129.97840756125842,130.41166703092634,4606300
2011-02-17,129.3285369873047,130.51226813939775,129.20474517658516,130.39620888980937,4448100
2011-02-18,130.0093994140625,130.21056410592928,129.08872859102183,129.2357181202726,3728100
2011-02-22,126.06359100341795,128.2453654052997,125.60712202146796,128.17573694475192,5448200
2011-02-23,126.17969512939452,127.50269550139744,125.1584418328768,125.8238083008509,4560400
2011-02-24,126.45045471191406,126.80634144581862,124.81025437814633,125.4910857929612,4619300
2011-02-25,127.75017547607422,128.33818046513213,126.51229322547904,126.92234312288382,4636200
2011-02-28,126.98265075683594,128.89770329508977,126.4631847406617,128.33946868625793,4235200
2011-03-01,125.06759643554688,127.5331345611563,125.05984744933122,126.80432761943204,7015500
2011-03-02,125.3622589111328,126.63379100956116,124.9125691429608,125.2769727,4658400
2011-03-03,127.53313446044922,128.06809844122654,126.13754795936794,126.1530577623003,4581200
2011-03-04,124.82721710205078,126.37786576170356,124.33101000418227,126.28483062788774,7810800
2011-03-07,123.3929672241211,125.47859333668724,122.88901071365498,125.14520927018329,7004100
2011-03-08,125.05980682373048,125.4319591599148,123.30756640611489,123.60994239748516,4845900
2011-03-09,125.87391662597656,126.93610723069328,125.2769135465212,125.4862544396699,4125200
2011-03-10,124.26126861572266,124.82725222319704,124.0441786887321,124.67218967970577,4563400
2011-03-11,124.57911682128906,125.25365708270928,123.92784717554864,123.93560799094564,2883900
2011-03-14,122.83465576171876,124.43958316719426,122.5167817055657,124.00540333687616,4376100
2011-03-15,121.9198226928711,122.54008488825468,120.05904793723772,120.99718430393416,5243600
2011-03-16,119.69459533691406,121.91202379197348,118.82622388669016,121.90426297575372,7223400
2011-03-17,120.75678253173828,121.2219819318022,119.36119616205876,120.89633525345016,5293900
2011-03-18,124.02092742919922,124.2457663563366,120.3613943941346,121.41583631661956,10170600
2011-03-21,124.21467590332033,125.71879467897062,123.97431550120228,125.30787386353684,4663300
2011-03-22,124.66443634033205,125.76540767534031,124.144970281695,124.54814238336644,3538900
2011-03-23,123.68750762939452,124.23023237419967,122.68734430186164,124.0674208660142,3603300
2011-03-24,123.98221588134766,124.43965476358372,123.1448635137434,124.32336075302196,2734400
2011-03-25,122.4779815673828,124.4473000992325,122.26864069221637,124.4473000992325,4020700
2011-03-28,121.31507873535156,123.50148863361775,121.26856113780606,122.65638739682586,3686800
2011-03-29,122.86565399169922,123.0439752844468,120.58619844858045,121.41580120401268,3769400
2011-03-30,123.33089447021484,124.38532460884385,122.09037033104016,123.29987485995224,2967200
2011-03-31,122.96648406982422,124.1062122,121.97406954620136,122.02058712847833,3317700
2011-04-01,124.23021697998048,125.60254438862135,123.7882882534416,123.87357440495062,3787900
2011-04-04,123.1990737915039,124.73422501228708,122.96648587670144,124.6411780158516,2816800
2011-04-05,123.20684814453124,123.39291849681494,122.20667267894328,122.85795440348356,3173700
2011-04-06,125.51729583740234,125.59483302764164,123.16031431860664,123.9666467,4198700
2011-04-07,125.91273498535156,127.46338448926238,125.2692258520834,125.59486082824266,4589200
2011-04-08,124.79622650146484,126.85858051131612,124.68768155357796,126.75779637932172,3280800
2011-04-11,125.19171142578124,126.3081811646434,124.4706531233832,124.4706531233832,3126900
2011-04-12,124.3775634765625,125.1683978338274,123.62549771308277,124.2457597,3328100
2011-04-13,124.18374633789062,127.13773132742236,123.92013879925604,125.9902541712073,5145000
2011-04-14,120.78780364990234,122.19115099062851,120.36913360799612,122.12136279154956,7982300
2011-04-15,120.27610778808594,121.68719239419065,119.88844549193972,121.09018914558143,5608300
2011-04-18,119.2293701171875,120.08223158089098,117.47714145509032,119.43871099109836,5992900
2011-04-19,117.74079132080078,121.0281718025815,115.94979343192412,121.02041098524391,13463800
2011-04-20,118.39205169677734,119.51626988333464,117.4616646,118.75645516718406,7181300
2011-04-21,119.02008056640624,119.65585244632258,118.39206950437648,118.69444563907656,3977500
2011-04-25,117.99662017822266,118.3067452003656,117.21353497696818,118.29899621549096,3711600
2011-04-26,118.83397674560548,119.36119167069496,117.67873910490752,117.76402526402632,4400000
2011-04-27,118.5161361694336,119.28371189472358,117.8493564426558,119.08988071636396,4207000
2011-04-28,116.7638702392578,118.31451918357456,116.4537333520869,118.27575059386416,5906700
2011-04-29,117.08172607421876,117.74850548980427,116.01953549830752,116.5157426,6075500
2011-05-02,117.30660247802734,118.67893019373106,117.12828115061242,118.0043898152254,4362700
2011-05-03,117.7485352,118.46959313676054,116.82589705252305,117.05074779621994,3557400
2011-05-04,117.4771499633789,118.20595675232576,117.03520940094955,118.04313343182262,3768000
2011-05-05,116.6165542602539,117.24456517669944,116.25989980508692,116.97319688490856,4100200
2011-05-06,116.37616729736328,117.82601976740904,115.9342268,117.4383576669255,5429300
2011-05-09,115.61640167236328,116.19789512792656,115.36830394985722,116.0660913643273,3152400
2011-05-10,116.6088409423828,116.8724603559785,115.15123841620208,115.53890080208836,4033800
2011-05-11,114.6549835205078,116.2986675697294,114.47665037893208,116.2986675697294,5310500
2011-05-12,110.67759704589844,113.8021545309456,109.05717131901604,113.1896532,20659200
2011-05-13,109.67740631103516,110.49924836818808,107.96393400223478,110.39845239987255,14256700
2011-05-16,109.01061248779295,111.17376230113116,108.7469932075796,109.23545135241868,6458800
2011-05-17,109.17346954345705,110.05733923171232,107.83216111972663,108.74703859067682,7071400
2011-05-18,109.1967315673828,109.95655831681285,108.708285034768,109.26650795339684,4768900
2011-05-19,108.03377532958984,109.55341743189724,107.32822678814284,109.49913900693062,7331500
2011-05-20,104.6610336303711,108.26628696600132,104.50595930283028,107.13430825970842,11284500
2011-05-23,105.32010650634766,106.36679960440117,103.61439449847802,103.61439449847802,8406500
2011-05-24,105.70774841308594,106.03338331091004,104.6920751252387,105.65348184537226,6605300
2011-05-25,105.63021850585938,106.67689952582258,105.06422307949111,105.1882778439428,6528800
2011-05-26,105.64571380615234,105.98685848450826,104.9324166743687,105.59919622828802,5332300
2011-05-27,107.78333282470705,108.01653149715791,105.89443662492968,105.90998636602032,5275700
2011-05-31,109.39241027832033,110.6128102681236,108.73169436812329,109.4623782013838,7023200
2011-06-01,105.84782409667967,108.82496565175605,105.7934177815634,108.7860972203987,6768100
2011-06-02,104.45642852783205,106.28312626405628,102.21773963610548,106.22093914362162,12423400
2011-06-03,105.19485473632812,106.62512256209388,103.29818955560604,103.36814560055626,5457600
2011-06-06,104.0832748413086,105.10934423176288,103.49251516439595,104.74400242100812,5287800
2011-06-07,103.3759536743164,105.52912492123713,103.3759536743164,104.45642969940396,6191500
2011-06-08,102.28771209716795,104.85287488667998,102.21775602333148,103.09613293144176,6795100
2011-06-09,103.79569244384766,105.01609234536,102.4742488580743,102.59862308898884,4498100
2011-06-10,105.65348052978516,106.68731899693444,103.0105935831778,103.546947,7556800
2011-06-13,106.90499877929688,107.2470220533384,105.6535109961805,105.81675369005735,5272900
2011-06-14,106.57073974609376,108.0087768290181,106.13542991707216,107.42578593732388,5849900
2011-06-15,104.82174682617188,106.95159888144998,104.16878813923924,105.77007944238248,5715200
2011-06-16,105.7856445,106.407503894425,104.27763943036942,104.6507621648629,5230700
2011-06-17,106.6717758178711,107.88439488824642,106.65623793510775,107.13817324231354,6758300
2011-06-20,105.04719543457033,106.28313340113095,104.44088579584316,106.042165706378,4019900
2011-06-21,105.68458557128906,106.64068723575129,104.3942296547432,105.32701263429018,4213300
2011-06-22,104.56526184082033,107.09932494207106,104.49529391131848,105.39698944218615,4224400
2011-06-23,102.88622283935548,104.02888582265828,102.3265506899427,103.46144473207936,6706600
2011-06-24,101.75911712646484,103.73350767778705,101.68916106785834,103.23602260384116,5774800
2011-06-27,101.6036605834961,102.4975752306529,100.89629543572204,101.63474821306644,5831800
2011-06-28,100.47654724121094,102.0933769729244,99.73032543333196,102.0933769729244,8056000
2011-06-29,103.01836395263672,103.56248634789786,100.66308197952308,100.84186251061344,8170800
2011-06-30,103.45366668701172,104.00556990996677,102.21772893286156,103.4225790605398,4980900
2011-07-01,106.22093963623048,106.27535781473084,103.45367799944644,103.71796436678412,5103500
2011-07-05,104.54967498779295,105.75452491560982,103.3836934823529,105.63791964847948,4458300
2011-07-06,104.07553100585938,104.50306002167444,103.2438035214371,103.99002520269636,3029100
2011-07-07,104.94613647460938,105.87115064913122,104.72071853355708,105.0083235972054,3857500
2011-07-08,104.22322845458984,104.4719650721576,103.51586331232168,103.63246860950868,4141600
2011-07-11,102.62195587158205,103.71796983175705,101.88350304817924,103.18939706923078,4722900
2011-07-12,101.29271697998048,103.11942642364846,101.12948618091704,102.15554392939691,4330900
2011-07-13,100.98957061767578,102.42761960680193,100.81855900185602,101.62697970590956,4410500
2011-07-14,100.96622467041016,102.76183429074295,100.8574002,102.37317378899206,5357200
2011-07-15,101.17610168457033,102.22547789182572,100.41431858365608,102.07001606789645,5255100
2011-07-18,100.5309600830078,101.17613815279228,99.10846075242004,100.72529039820864,5836500
2011-07-19,99.87800598144533,100.9973385543301,97.55381130665651,97.73259779336726,15297700
2011-07-20,103.18936920166016,104.00555867488583,99.17062080371512,99.49709422,8578300
2011-07-21,105.38922119140624,105.7001449608596,103.57806117493574,103.7879412428566,7671000
2011-07-22,105.31925964355467,106.08103114177392,104.5030699649722,104.96168665240148,4925500
2011-07-25,106.37643432617188,106.59408336109227,103.77240298989742,104.29320688495574,5856700
2011-07-26,106.95938873291016,108.2419638110554,105.7312199643757,106.18983656943576,5464700
2011-07-27,104.7206802368164,106.68730130841396,104.5030313178158,106.3297284494978,5250000
2011-07-28,105.5913314819336,107.37140405173724,104.66631715888929,104.91506568921298,4429700
2011-07-29,104.91505432128906,106.18209180574904,103.48478600985072,104.23878860184428,5340300
2011-08-01,104.2776107788086,106.7572667467775,103.96668711314165,106.43079333953392,5880700
2011-08-02,102.0078582763672,104.7518011775152,101.96898984397244,102.66858604413676,7594500
2011-08-03,102.6685562133789,103.59357007509774,101.60363026886738,102.10111522042496,6499400
2011-08-04,98.12124633789062,102.52088073722688,98.10569659461449,101.70469119942152,8193300
2011-08-05,97.30504608154295,100.45319267239104,95.10522615894916,99.30276087723531,11167300
2011-08-08,91.45960235595705,97.50715949124096,87.14546793,94.89536015269064,17378000
2011-08-09,95.40063477,95.72710825068842,86.7490459,93.67498072958952,15913400
2011-08-10,85.76959991455078,93.02200657406404,85.53640716299856,92.95205052774502,18592000
2011-08-11,91.80162811279295,93.08420921712268,87.25430049788744,87.79065399781383,11842200
2011-08-12,90.53460693359376,93.96259056213326,89.61736762140235,93.13863193491557,9607900
2011-08-15,92.60228729248048,93.04536021041612,90.16927368072729,91.3896679234968,7257200
2011-08-16,90.84552001953124,93.10752135977238,89.78058796668186,91.41296110725094,7413100
2011-08-17,91.1409149169922,92.30689677094092,90.59679242401228,91.22642072738766,4828600
2011-08-18,87.94613647460938,89.00329397795716,87.09108418,87.17659000380912,9284600
2011-08-19,86.87343597,89.62515427230551,86.36817590914104,86.95894179729424,6829000
2011-08-22,82.79247283935547,88.99549195755444,81.69644723089412,88.74674944031695,11286600
2011-08-23,83.06452178955078,84.57252641378396,80.18843648753776,82.41156907155212,24482500
2011-08-24,85.74628448486328,86.08053277887304,82.69918734395375,83.09562274626511,10169800
2011-08-25,85.38093566894531,91.80160878012568,84.03617366197855,89.01102924082673,11939500
2011-08-26,86.86564636230469,87.51082439842516,83.73304279359846,84.44040202016586,7355700
2011-08-29,90.2236557,90.58899754980148,87.31647658059025,88.34254014829902,5177900
2011-08-30,89.80263519,90.44196609456806,88.29786776,89.91958720078208,5298800
2011-08-31,90.61349487304688,91.84537825,89.40500070587727,89.97416397163214,6488100
2011-09-01,87.44802094,90.0911087374528,87.01140054,90.0911087374528,9855500
2011-09-02,83.47170258,85.17138818411023,82.4893199,84.65680763301548,8380900
2011-09-06,81.52252960205078,82.33338946626154,80.64150208968516,80.82862177,7749300
2011-09-07,84.46968841552734,84.82054449586154,81.86558596484309,82.64525821212732,6526400
2011-09-08,81.70182800292969,84.20457436038568,81.66284202431869,83.52625759216062,6508800
2011-09-09,79.72147369384766,82.50490290419458,79.69808448216489,81.38217315601224,8613700
2011-09-12,80.24386596679688,80.30624117397198,77.7956956,78.58316622764268,8769600
2011-09-13,81.15607452392578,82.00592029501423,79.13672642891551,80.62590315095073,7119200
2011-09-14,81.50691986083984,82.55167759,80.71944939540974,81.79540067153279,6602200
2011-09-15,84.18119812011719,84.35272693494808,81.94353703755924,81.99811384696669,6354500
2011-09-16,83.80696868896484,85.49886199634798,82.57509105179996,85.03885227455694,7999300
2011-09-19,81.71743774414062,82.33337946855798,80.50115106973125,82.11507221401544,5821600
2011-09-20,80.00217438,82.07609958148323,79.93979916644363,81.86559067990017,4978100
2011-09-21,76.29872894,80.17370108285752,76.18957530076675,80.15810430631268,8586100
2011-09-22,73.27359008789062,74.87191440045532,71.26203454583859,74.81733758877607,12381300
2011-09-23,74.20915985107422,75.25391717529722,72.35354316629042,72.38472480270651,17489100
2011-09-26,77.29671478271484,77.75672455334909,74.06887179,74.99668377482718,7038600
2011-09-27,77.61638641357422,81.14830127975581,77.01603536064297,78.90284105871356,8583800
2011-09-28,75.09804535,78.59877276044956,75.01228090922505,77.95164918909089,5676800
2011-09-29,77.86584473,77.95160912237608,75.78411596722624,76.91464393548475,5949200
2011-09-30,73.71800231933594,76.71973883212415,73.64782873440814,76.62617603502918,5780200
2011-10-03,70.23285675048828,74.63020645246688,70.07691877796307,73.08645324080717,7745200
2011-10-04,73.74137878417969,74.24036838557566,65.70295646322906,68.86063043,12000000
2011-10-05,73.51527404785156,74.48986405387078,70.80981123939421,73.18781323,8455400
2011-10-06,76.35327911376953,76.40785591577236,71.54270431,73.28916791921023,7604000
2011-10-07,72.26781463623047,76.46244872850183,71.92475698127856,76.46244872850183,7636900
2011-10-10,74.95769500732422,75.15261308378354,73.25021075404368,74.00649384245428,6123500
2011-10-11,75.39430236816406,77.03941125166283,73.28918972356028,73.72580426948058,7065300
2011-10-12,77.27330017089844,78.84823515205689,75.15259116577056,76.56379572426594,8237900
2011-10-13,74.96548461914062,76.42346785336508,73.69461510242287,76.30652177992339,6571500
2011-10-14,75.41767883300781,76.28310932240632,73.79595956677659,75.46445725,5557400
2011-10-17,75.55026245117188,76.32213652,74.20142648007197,74.46651820926016,7227800
2011-10-18,79.72147369384766,80.88318347869257,75.27734502133616,76.55600681302109,16777200
2011-10-19,78.58315277,81.81879322089877,78.21670593,79.17570524,9959400
2011-10-20,78.63777923583984,79.65914844255003,76.62622249192962,79.28490892,7351200
2011-10-21,79.59673309326172,80.35301608899132,78.42722477782671,79.32384901,5854800
2011-10-24,81.07032012939453,81.65507429494623,79.97877783067932,80.03335464819372,5616600
2011-10-25,78.31027221679688,80.43877384341714,78.02958976847366,80.34521699,5150100
2011-10-26,82.90254211425781,83.22220461,79.02757053133702,79.44859421,11751700
2011-10-27,90.75385284423828,91.63488036233748,85.76394915808257,86.02124243317937,16477900
2011-10-28,90.33281707763672,92.05589184,88.88262638184823,89.14771206142656,8249500
2011-10-31,85.41307830810547,88.79685226281734,85.35850150072064,87.93921416887304,8071700
2011-11-01,80.72724151611328,83.50287199871136,80.08011231308156,80.68825553581482,10225400
2011-11-02,82.74660492,83.61983989,81.67065947070418,82.99609977486766,5602800
2011-11-03,83.95513153076172,84.75819322046563,79.59675934464697,84.22801570467632,8295100
2011-11-04,81.8967514,83.08964866755647,80.93775218188694,82.90252904441039,6074600
2011-11-07,82.30998992919922,82.76220121091782,80.89098683,81.82659104718005,4696900
2011-11-08,84.65680694580078,85.18698426747666,82.80118334572182,82.96491973855076,6138600
2011-11-09,77.70992279052734,81.86557683260479,77.05500103111123,81.85777844544225,10596500
2011-11-10,77.57736206054688,79.47976359648246,76.51700769118197,79.4251868,8536500
2011-11-11,79.26145935058594,79.68247700115245,78.16991734746904,78.66110857208022,4770400
2011-11-14,77.41365814208984,78.44282527050714,76.70415354185805,78.37265167507358,4826400
2011-11-15,77.77227020263672,78.76245087512797,76.45462281901604,76.64174835349696,5664100
2011-11-16,74.53667449951172,77.17976325571259,74.26379037,77.08620638192501,8889900
2011-11-17,72.00272369384766,75.19158596162232,71.58949839558754,74.84072991614418,8994900
2011-11-18,71.65966033935547,72.81357163207005,71.19185235473675,72.09627478001227,6228700
2011-11-21,71.18408203,71.95595592818056,69.31286735673964,70.31084693023118,7802900
2011-11-22,69.70271301269531,71.57392794259599,69.08677110939647,70.72408194239897,7087400
2011-11-23,68.52538299560547,69.60912677989016,68.29927736420723,69.37522871006274,6608600
2011-11-25,69.19589233398438,71.29321198822326,68.40842192186383,68.65791673234231,3675000
2011-11-28,70.77864074707031,73.09426811262661,69.67930604783832,72.29120671,8730600
2011-11-29,69.51067352294922,71.4517467,69.38544627037925,70.71601643261025,5877300
2011-11-30,75.02864837646484,75.14605304649868,71.51437267,72.32054225254566,10871200
2011-12-01,73.90943145751953,74.84083465134728,72.94671994096753,74.02683617487251,6036600
2011-12-02,76.11659240722656,80.16309773752701,74.77036483029914,74.77036483029914,15122900
2011-12-05,78.12810516357422,79.98308237,77.52543657121787,77.92460411865063,8527400
2011-12-06,79.17689514160156,79.91261941967589,77.48628247583346,77.98720342018356,6401800
2011-12-07,82.28418731689453,83.04339747790647,77.52543724702547,78.48031391225229,10620400
2011-12-08,78.20635223388672,81.93978539166639,77.78369908556553,81.14926713435554,9218200
2011-12-09,79.40387725830078,81.07101034220528,78.88730509911785,79.14559416443394,7014600
2011-12-12,76.72705841064453,77.83847617876027,76.32788505367849,77.75237984742549,6133300
2011-12-13,74.38684844970703,78.22203013528862,73.06410061429553,77.63501271315215,10105700
2011-12-14,72.98580169677734,74.9112173,72.35964765825281,73.40062620943468,8376300
2011-12-15,71.92921447753906,74.43382016846243,71.92921447753906,74.15205128180217,8163200
2011-12-16,70.52037048339844,73.25195701511173,70.36383486603503,72.56319193868131,10053500
2011-12-19,68.64190673828125,71.16216935150688,68.01575835648234,70.92736595,9545300
2011-12-20,71.20912170410156,71.61611778,68.99410810358772,70.30119865612934,8610800
2011-12-21,72.00745391845703,72.17181804234924,69.87853693413174,71.25607251,6422500
2011-12-22,73.90158844,74.31641318491954,71.84311588762785,72.10140502103148,8280500
2011-12-23,73.40848541259766,74.35553946180028,72.57883604104578,74.19900387256594,3919500
2011-12-27,71.92921447753906,73.44762906515155,71.87442641465796,73.18151732300075,3672000
2011-12-28,70.53600311279297,72.35184311177706,70.47338649902997,71.74134605621028,3917400
2011-12-29,71.23262786865234,71.56135627840685,70.63778171901211,70.90389348744625,4290500
2011-12-30,70.77864074707031,71.33434980336855,70.55165998242182,70.85690853487509,4182800
2012-01-03,74.63729858398438,75.47477642,72.65709437783005,72.76667047032046,8645200
2012-01-04,74.15201568603516,74.45726417,73.32236656882675,74.14419308898657,7406200
2012-01-05,74.02680969238281,74.98169229378928,72.39881332183573,73.53371125019268,8131300
2012-01-06,73.11888122558594,73.54153444307741,72.33619140907199,73.41630717758886,5940900
2012-01-09,74.11291504,74.44164339273286,72.75885877,73.17368349,5018200
2012-01-10,76.96189880371094,77.86199337719495,75.95222812264974,76.20268865017616,7682700
2012-01-11,78.08116149902344,78.75427542352416,76.31228030407144,76.65666583887214,7223000
2012-01-12,79.21605682373047,79.40390075798516,76.90712363535307,78.70730711248346,6858700
2012-01-13,77.45498657226562,77.82285175592871,75.92091518813095,76.70360503543127,7615800
2012-01-17,76.45310974121094,79.70909491953303,75.88174378518382,77.18883977382059,8041500
2012-01-18,81.64236450195312,82.83205624542262,76.54705861687476,77.48628391207801,17960300
2012-01-19,84.28005219,84.76532209301476,82.08851798509882,83.16080534253167,11480900
2012-01-20,85.10968017578125,85.64973800420024,83.43472461933986,83.99826218439468,8439700
2012-01-23,84.67923736572266,86.80032666,84.15483050045101,84.91404079492757,7091800
2012-01-24,85.21142578,85.39144105977276,83.16077671397004,83.58342984866658,4543900
2012-01-25,84.74182891845703,85.27405826465046,82.9103375,83.14514685132649,7927600
2012-01-26,84.96879577636719,86.33068021560197,84.55397117197741,85.00793265172233,6909600
2012-01-27,87.48123931884766,87.81779618324829,84.23308131460719,84.35048001,8403600
2012-01-30,85.88455200195312,86.42460388840514,85.13316456,86.38547298235885,6356900
2012-01-31,87.24641418457031,88.05258354963753,85.43840304654778,86.63591722739116,8028400
2012-02-01,88.79616547,91.30077669,87.35601893769056,88.13870882623078,11333000
2012-02-02,88.74922943115234,90.33026676772111,88.21699992747348,89.49278263,6624200
2012-02-03,91.98951721191406,92.02082551571404,90.322390341841,90.48675445820466,7454500
2012-02-06,91.87994384765624,92.04430796887378,91.05029467252528,91.09725414388784,3421900
2012-02-07,90.77636719,91.55905700091664,90.25196047420933,91.39468688522368,5727300
2012-02-08,90.90941619873048,91.60600960266716,89.64928521600251,91.26945277,4958200
2012-02-09,90.69809723,91.87996056878576,90.04846919495196,91.72342498812375,4769800
2012-02-10,89.32056427001953,90.52590730752982,88.64745055,89.63363542037592,5849400
2012-02-13,89.6414566,90.84679954219249,89.21098082201087,90.68243541036432,3990000
2012-02-14,88.34219360351562,89.10922620904549,87.19163872377196,88.96051921818905,4870300
2012-02-15,88.57701110839844,90.20500747029445,88.37351604,88.66310747176937,6111800
2012-02-16,89.80582427978516,89.99367412767226,87.36383597174456,88.01346395514432,6372400
2012-02-17,90.72158813476562,91.30077698211662,89.87628161931285,90.36937410093532,5182300
2012-02-21,91.28511810302734,92.28696616048842,90.73723757831804,90.96421836,5320400
2012-02-22,89.50839996,91.68427650506273,89.45361192,90.96420337081966,4508500
2012-02-23,90.63546752929688,90.65111869549357,88.61612671736644,89.71189347,5609600
2012-02-24,90.69026947021484,91.55122705777138,90.09542354893334,91.04247749239047,4877500
2012-02-27,90.97202301,91.30075123864624,89.17966295,89.63361841910981,4370200
2012-02-28,91.93765258789062,93.15448839473872,90.477452015467,91.06624237565444,6448200
2012-02-29,90.39111328,92.73842296552456,90.39111328,91.46663937225546,6650700
2012-03-01,95.09355926513672,95.17991565741652,90.94062417903332,91.04268500053756,10485800
2012-03-02,94.17506408691406,95.91788468401596,94.0965599,95.31339582305468,7044100
2012-03-05,93.13092041015624,94.1671910783372,92.25166407926608,93.89242347493403,5612700
2012-03-06,89.23708344,91.25467190069963,88.79745512798863,91.16046925746264,8161100
2012-03-07,91.38028717041016,91.63935642894306,89.72382274449862,90.01429488189794,5595000
2012-03-08,91.9847641,93.17019716612562,91.12905822238967,92.42439835632328,4784100
2012-03-09,92.07894134521484,93.02100331,91.25463263466467,92.33801048161448,5000600
2012-03-12,91.84343719482422,92.53428833305436,91.28604974706067,92.40082464258774,4060000
2012-03-13,97.77062225341795,98.01398707,92.95039135131036,92.95039135131036,11884700
2012-03-14,94.49694061279295,98.02968318199297,94.06515856965191,97.75490952391084,14837200
2012-03-15,96.60872650146484,96.99340720691312,94.30067221620348,95.56460942,7245600
2012-03-16,96.50667572021484,96.95415620156572,95.03862277778998,96.64013344512097,7425700
2012-03-19,97.58217621,98.91676508769508,95.93355866544704,96.50665049537584,8020700
2012-03-20,98.93249512,100.37699748473348,96.76575055009792,96.94630960261226,8247000
2012-03-21,98.90893555,100.10222078510776,97.74705917171153,99.45062463459156,4820500
2012-03-22,97.9276123,98.57920841592416,97.41732612131555,97.966867391672,5028400
2012-03-23,99.05808258,99.54481806259652,97.74704425334592,98.80686561972485,5160600
2012-03-26,100.54183959960938,100.65174664554593,99.26219815272924,99.90594198870818,4444000
2012-03-27,99.17585754394533,101.0521358275068,99.07379670684446,100.95007499040594,5447000
2012-03-28,99.19940185546876,99.89024706559742,97.41732631772112,98.9952861838114,5187900
2012-03-29,97.15828704833984,99.38783758688362,96.47528789573629,98.64989088202776,5538800
2012-03-30,97.63714599609376,98.50070400237668,96.50666657580462,97.88836297954852,4651400
2012-04-02,98.05324554,98.55567962397588,96.85996011340563,97.4566028289196,4084700
2012-04-03,96.33394622802734,97.68423965,95.54104025290106,97.59788326153615,5594800
2012-04-04,94.17506408691406,95.48610264798228,94.0965599,94.85021091262897,5633800
2012-04-05,92.63636016845705,94.66964689381145,92.34588807,93.77468592727506,6103700
2012-04-09,91.8669891357422,92.62849224769148,90.80716774868785,91.11333823851498,4043300
2012-04-10,89.93576813,92.80906812,89.84941172383381,92.07111558121905,5770400
2012-04-11,91.01128387451172,91.86698960960014,90.72081182314554,91.35670945,4177500
2012-04-12,94.51263427734376,94.52833870874728,91.06624829100674,91.51372875423658,5514600
2012-04-13,90.35184478759766,94.27711404046718,90.19483641,94.19860985,6368200
2012-04-16,92.42440032958984,92.95823723299384,90.24979762,91.94551696082362,7137600
2012-04-17,91.74138641357422,94.02588983,91.25465091,93.71187310428212,12894400
2012-04-18,90.5402832,91.68646137,89.67672496,90.09280264320375,6637400
2012-04-19,89.18212127685547,90.658026432772,88.29501253,90.3597021193918,9240300
2012-04-20,88.27145385742188,89.62959361837198,88.17724524235894,89.42548393663029,5369600
2012-04-23,87.72979736328125,87.87895956178772,86.41090621032087,86.76417817,7047600
2012-04-24,89.58250427246094,89.69241134330697,87.17238895121804,87.58061435871959,4701900
2012-04-25,89.48045349121094,90.36756231470362,88.49128381908231,90.36756231470362,5080600
2012-04-26,89.93576813,90.71297575990978,88.77389177,89.04865942341002,4587600
2012-04-27,89.81800842285156,90.27333507631246,88.97799510423455,89.67669849881607,4008400
2012-04-30,90.39895629882812,90.51671557979206,89.18997259393755,89.64530528593903,4240300
2012-05-01,90.5402832,91.44309654036596,89.61391920317558,90.1556024139306,4308600
2012-05-02,89.31558990478516,89.86513129207924,88.53053591392501,89.57465916,3956400
2012-05-03,87.55706024169922,89.71595846011621,86.99182047710502,89.48044588,4854800
2012-05-04,85.56303405761719,87.06249007738434,85.41387786998932,86.96828144,5500100
2012-05-07,86.38733673095703,87.03108072556532,85.01349232872708,85.20190359826246,3267400
2012-05-08,85.86132813,86.50507194041197,84.60523737245359,85.56300387600216,4065900
2012-05-09,84.22840881347656,85.28823006807201,83.73382716,84.23626102721727,4777100
2012-05-10,83.46693420410156,85.85349888736953,83.30992581275594,85.22545334301462,4694200
2012-05-11,80.17755126953125,81.48074359603383,79.75362145209617,81.19027150182299,10631800
2012-05-14,78.32479095458984,79.34536297719436,77.97151924879469,79.18050245,10075600
2012-05-15,78.40332794189453,79.89492542,78.33266998285717,78.61528984003587,5656700
2012-05-16,77.09229278564453,80.18540715660666,77.09229278564453,78.93717429491551,5797200
2012-05-17,76.21300506591797,78.45825884521412,76.21300506591797,77.38273325501808,6375200
2012-05-18,74.96476745605469,76.85674952894168,74.58009286465035,76.56627753735997,7184700
2012-05-21,75.76555633544922,76.58201314003078,73.79506929736765,74.42311483611843,5314700
2012-05-22,76.56629943847656,78.46612827845563,75.82834691820146,76.05601325,5839700
2012-05-23,76.96668243408203,77.33565871274054,74.98049709354397,75.95396221908922,5469700
2012-05-24,76.04030609,77.32779375177326,75.23954791865086,77.18648383833275,5177300
2012-05-25,75.91469574,76.76255523292446,75.76553959909265,75.78909025343346,3096000
2012-05-29,77.19255828857422,77.20833176114577,75.23631669352045,76.52207436920409,4528000
2012-05-30,74.62895965576172,76.43532668709062,74.47120081329946,76.26178834951371,5713200
2012-05-31,75.48873138427734,76.23810069108973,73.91111939281397,74.85769019855928,4833000
2012-06-01,73.07499694824219,74.30553254393047,72.72003660890532,74.20298992,5384700
2012-06-04,71.78139496,73.37478151729593,71.42643442364015,73.16969615045825,5332600
2012-06-05,72.73577880859375,73.35893608460395,71.55257016206788,71.74977160315552,4682900
2012-06-06,74.90505219,74.99182136722173,73.28011298839438,73.39054539876291,6399600
2012-06-07,74.14781188964844,76.90863467277364,73.58775999010268,76.23026059318502,6068400
2012-06-08,74.57374572753906,74.81038399843071,73.27221417423509,73.85592913083826,3366700
2012-06-11,73.20120239257812,76.32487356633048,73.09077002922166,75.73326904058695,4941700
2012-06-12,74.17932891845703,74.17932891845703,72.98034023506025,73.28798016130911,3668500
2012-06-13,73.13813781738281,74.47910642666606,72.78317129037312,73.61142050194655,4694700
2012-06-14,74.00579071044922,74.37653055361861,72.97245660825527,73.31164348,4461000
2012-06-15,75.45721435546875,75.54397751273339,73.16178510917068,73.89537522,6186200
2012-06-18,73.85593414,75.14957603636596,73.61140610778254,75.12591280948232,4081400
2012-06-19,76.01725006103516,76.88493561349807,74.26609946312799,74.38442158803504,5295200
2012-06-20,76.15923309326172,76.98747591,75.22844163338132,76.52208318533535,4941300
2012-06-21,74.06890869140625,76.41166423618648,74.04524546660873,76.35644803895424,5577700
2012-06-22,73.85593414,75.18901875991514,73.48520022503156,75.18901875991514,6720200
2012-06-25,71.95488739013672,72.88567875,71.51315793685735,72.85412578751969,4211300
2012-06-26,71.80500793457031,72.43605513054386,71.33172555,72.16785796591587,4248000
2012-06-27,73.57196807861328,73.98215076448435,71.79715373171918,71.93125538947417,3576100
2012-06-28,73.74551391601562,73.76917714680664,72.04169509979079,72.64118367354853,4413500
2012-06-29,75.61495971679688,75.86737744973509,74.55795632,75.73328184557398,6245300
2012-07-02,76.61672211,76.75082369631166,75.40196018450153,76.16710294236755,3515900
2012-07-03,77.77626801,77.91036357690179,76.22231927024481,76.61672225812002,2251100
2012-07-05,75.66230010986328,77.46866728907563,75.63863688,77.46866728907563,3736900
2012-07-06,75.30734252929688,75.72540892818955,74.54219941368659,74.65263182025768,3312800
2012-07-09,74.51851654052734,75.21266377284552,73.88746922524666,74.81037095890126,4121300
2012-07-10,74.34495544433594,75.17320403955452,73.47727016531874,74.82612752,3668600
2012-07-11,75.03913879394531,75.30733606,73.95058830068044,74.05313094993623,4516400
2012-07-12,74.16355133,74.73149271959245,73.54039977006022,74.41596905700983,3187000
2012-07-13,76.85336303710938,77.19254983230829,74.77880558,74.87345844103608,4592400
2012-07-16,77.05058288574219,77.42132273,75.69383538159275,77.09002559941918,4503000
2012-07-17,77.28722381591797,79.26712278081044,76.65617653283734,79.06992125711186,9502200
2012-07-18,76.12770844,77.15315315881776,75.86740087499757,76.79030293,4443200
2012-07-19,74.93659210205078,76.23023384215286,74.58163170460243,76.19868087067304,6164100
2012-07-20,74.27398681640625,75.17322530774386,74.22665435710059,74.51851478671871,5543900
2012-07-23,73.48518371582031,73.69026898148044,71.89968167155448,72.52283925132177,4761200
2012-07-24,74.51851654052734,74.62105917156234,73.52461913,73.65871472391025,5301700
2012-07-25,75.69384766,76.26967887150086,74.81827223,74.98392082173325,4578900
2012-07-26,77.35032653808594,77.46075891391757,76.31699244218434,76.86127059314961,5077400
2012-07-27,80.17425537109375,80.49766877631252,77.39766041,77.62641491593499,6397200
2012-07-30,79.57477569580078,80.60022627,79.15670932853422,79.78775676244389,3659600
2012-07-31,79.59054565429688,80.28469293392655,78.88061888074742,79.08571017490918,3664000
2012-08-01,78.95161437988281,80.26892538624541,78.73863934114588,79.88240599214221,3092800
2012-08-02,77.15312957763672,78.11547407,76.29333374085586,77.69740776084402,3980200
2012-08-03,79.65363311767578,79.95337723337451,78.09179457814353,78.36787547656502,3283100
2012-08-06,80.47398376464844,81.12869417510466,79.47220281387216,79.86660580550428,2768700
2012-08-07,81.43634033203125,82.33557880737703,80.71852990821904,80.75796660247384,3845000
2012-08-08,80.85263061523438,81.49156167283654,80.59232314061373,80.85263061523438,2351100
2012-08-09,81.72033691,82.03586066,80.69489226669792,80.78166144692072,2850200
2012-08-10,81.26278686523438,81.54675749058502,80.55286632,81.53887376407272,3121600
2012-08-13,81.72820281982422,82.01217350532515,80.89207025591212,80.89207025591212,2008600
2012-08-14,81.45213317871094,83.32160009643745,81.17605220121061,82.15417024354633,3148200
2012-08-15,81.34956359863281,82.43023002480867,81.28646369,81.52310188789882,2452500
2012-08-16,81.63352966308594,81.98060622211389,80.93149281822454,81.45210765676647,2417900
2012-08-17,81.72033691,81.72822666265954,81.08929544294158,81.60201475756644,2509700
2012-08-20,83.04553223,83.21907059,81.35748710556634,81.49947249042185,3860800
2012-08-21,83.07706451416016,84.67045030907734,82.62744524,83.36892495982367,4459800
2012-08-22,82.56433105,83.88952551150429,81.77552497,82.64321045916567,4202400
2012-08-23,82.09895324707031,82.81676378156806,81.75976632998939,82.50124008831145,3583100
2012-08-24,82.79309844970703,82.99818974781898,80.63966088292968,81.68876856048374,3527100
2012-08-27,82.91929626464844,83.49512132574232,82.49334026457358,82.91929626464844,2466800
2012-08-28,83.21242523,83.89378043825587,82.55483724648442,82.76082990165607,2611100
2012-08-29,83.60858154296875,84.21071081,83.22036940592007,83.47389656301205,2266900
2012-08-30,82.96684265136719,83.34713036656814,82.35678895990947,82.98268545426545,2823700
2012-08-31,83.75913239,84.44048789170589,83.43429743806766,83.51352960196266,3264100
2012-09-04,84.30579376220703,84.97130034604368,83.61651390503495,83.62443833,3249200
2012-09-05,87.10251617,87.15005063130913,84.60685442459778,84.69400495879428,6371600
2012-09-06,89.95467376708984,90.14481758747124,87.15795115,87.63331372248625,6521500
2012-09-07,92.16514587402344,92.49789917840218,89.96262727185227,90.16069557844416,6137100
2012-09-10,90.85787963867188,92.10174816784428,90.74696188788434,91.95121434410515,4225100
2012-09-11,92.45034790039062,93.29807985660068,91.12724725918775,91.2936299256736,3898500
2012-09-12,93.67838287353516,93.85268394726673,92.45036302194764,93.01287627699456,4233700
2012-09-13,95.60361481,95.90468252066589,93.23471940330413,93.48032218471342,5261600
2012-09-14,96.15026092529295,97.13267784642537,95.45306279490286,96.07103482665651,6187700
2012-09-17,94.99356842041016,95.95221837334346,94.68458232171947,95.32632175060542,3598300
2012-09-18,94.97770690917967,95.35800069625652,94.08244038930788,94.62118639500396,3033300
2012-09-19,94.2963409423828,95.36591445441351,94.2963409423828,95.36591445441351,4818300
2012-09-20,93.19508361816406,93.34561744310638,92.09382448042555,93.20300804173051,4448100
2012-09-21,92.47411346435548,93.78928361406604,92.34734687208449,93.77344081231408,8188700
2012-09-24,92.37905883789062,93.036647079657,91.03219674388508,92.17306610242638,3697500
2012-09-25,89.92298889160156,93.21092317452435,89.92298889160156,92.79893781403018,4547700
2012-09-26,89.59025573730469,90.0339268,88.65537311085461,89.70117350276784,5185100
2012-09-27,91.29363250732422,91.79276238720462,90.09729842683925,90.11314122932384,3898900
2012-09-28,90.06558227539062,91.11930666859703,89.70906189311775,91.11930666859703,3653700
2012-10-01,92.58504486083984,94.29635179686278,92.22059992117352,92.43451102146462,5338600
2012-10-02,92.89400482177734,93.67835336191,92.76723824642988,93.13168912827231,3681300
2012-10-03,93.41693878173828,93.62292547,92.07799509836556,93.18717882133578,3036400
2012-10-04,94.99356842041016,95.35801341,93.43278908,94.01115123597226,3743200
2012-10-05,94.52606964111328,96.18192300298077,93.94771385877252,95.73032773057363,3938300
2012-10-08,94.64495086669922,94.85094358055626,93.60707496,93.71006829711976,2140400
2012-10-09,94.77963256835938,95.65905622810344,94.29634547446166,94.58948870923112,3260600
2012-10-10,95.13613891601562,95.27082386912716,94.32801710822034,94.67661915,2829600
2012-10-11,96.64936065673828,97.40202347055438,95.66694404187056,95.82539618974658,4707200
2012-10-12,95.23121643066406,96.87914579487727,94.98561372,96.35624873472251,4054900
2012-10-15,98.63801574707033,98.72516628470922,95.66699117637542,96.41964832,6412000
2012-10-16,97.62390899658205,99.8026603931166,96.93462910599855,98.42410665651478,10115900
2012-10-17,98.97076416015624,99.07376354204146,97.48921718,97.70312828151424,6712400
2012-10-18,99.15299224853516,100.20671705586432,97.60013750094916,98.08342463680496,5375100
2012-10-19,97.94077301,99.16879231502465,97.46540445918166,98.60627931045552,5876400
2012-10-22,97.26734924316406,98.52706640055374,96.59391843189783,96.67314451947686,3643000
2012-10-23,94.28050994873048,96.3879595430932,93.58331171506887,95.44515250934516,5818500
2012-10-24,94.89054107666016,96.14233395344964,94.89054107666016,94.93808157023288,3662000
2012-10-25,94.85093688964844,96.80785242183563,94.00320491094074,95.73036052,4128800
2012-10-26,94.6291046142578,95.37383724641222,93.78929098586303,94.47064636146432,3960900
2012-10-31,96.96630859,97.13268522689756,94.80340632,94.85886519598336,3679700
2012-11-01,98.91531372070312,98.93908095,96.94255502732038,97.30699999574608,3336200
2012-11-02,97.64768981933594,99.73929096760064,97.49715594945071,99.31146263574206,3188800
2012-11-05,98.30525970458984,98.60632134331506,96.74448053984364,97.60013704303924,2568700
2012-11-06,100.02449798583984,100.40479180610755,98.47956756,98.50333479389936,3986000
2012-11-07,93.47239685058594,97.54468070454934,93.46447242593358,97.29115351675816,7075800
2012-11-08,91.32528686523438,94.9459734728362,91.31736849,94.44684376373364,6252100
2012-11-09,92.0225067138672,93.36936834561942,90.19235204207962,90.88163170231785,4823100
2012-11-12,92.88609313964844,93.36145577,92.14136056330736,92.52957268,2453600
2012-11-13,92.27605438232422,93.76552572238444,91.17479519174908,91.81653450644792,3156600
2012-11-14,90.50928497314452,93.05248111576464,90.22406614924653,92.41866621,3885700
2012-11-15,91.45998383,92.18887342956336,90.24780727814034,90.72316980047228,3702900
2012-11-16,91.7769012451172,92.35526319363171,90.50134728,91.53129854984172,4515900
2012-11-19,93.72589874267578,94.43102123230696,92.84647522512438,92.8543936,3868600
2012-11-20,93.5595245361328,94.08242766708368,92.98909299950076,93.43276398729142,3304000
2012-11-21,93.25054168701172,93.67045151,92.56126795679688,93.63083543557762,2075200
2012-11-23,95.31835174560548,95.31835174560548,93.7021142859306,94.01902466,1977500
2012-11-26,95.81749725341795,95.82541563122489,93.88434922540262,94.40725229969392,3371000
2012-11-27,93.81304931640624,96.13440341562696,93.78927604885016,95.46889699357664,3875200
2012-11-28,94.94286346435548,94.94286346435548,92.74691523708188,93.28794578379576,3811200
2012-11-29,94.46549224853516,95.833975670361,94.29840401,95.47594331102349,2980800
2012-11-30,93.7175750732422,95.03037022283571,93.63801301845984,93.85283117339172,4264300
2012-12-03,94.20289611816406,95.18947879081628,93.94033591707442,94.21880609844465,3613900
2012-12-04,92.75485992,94.19495314248272,92.45251561892763,93.9801349883026,3591600
2012-12-05,93.19245147705078,93.80509202585216,92.29338875462524,93.1049313986506,3283000
2012-12-06,93.24813842773438,93.47092065502264,92.45250582657556,93.26405447906676,2330900
2012-12-07,92.74691009521484,93.88466518,92.4047877674336,93.70166697403889,3960500
2012-12-10,93.09700012207033,93.22429821971365,91.99107096229544,92.77874577266674,3331900
2012-12-11,94.56892395019533,95.31682079470032,93.12087236139008,93.53459878524995,5696500
2012-12-12,93.95628356933594,95.46003529205709,93.94833161110463,94.91104666424138,5372400
2012-12-13,94.28247833251952,94.80759884705296,93.55844964,93.73348980736114,3329100
2012-12-14,94.96671295166016,95.5316114,94.12334429078815,94.24268433133015,3717200
2012-12-17,98.25270844,98.25270844,95.49981923663712,95.62712341862536,5476700
2012-12-18,101.65802001953124,101.84101827012238,99.048344897591,99.31090522966612,8040300
2012-12-19,101.2442398071289,102.87528892758088,100.89415955020588,102.37403654695116,5525400
2012-12-20,103.2094955444336,103.2094955444336,100.74303489309428,101.32384348143766,4402500
2012-12-21,102.19105529785156,102.59682356209188,99.95532351573829,100.75095613295557,6393300
2012-12-24,101.47500610351562,102.23881284851284,101.36361799925749,101.73756637935116,1359300
2012-12-26,101.17266082763672,102.87531438366808,101.13287676307124,101.96829355737832,2210100
2012-12-27,100.78279876708984,102.07968403170288,99.11197120975253,101.48295947049697,3263500
2012-12-28,99.86781311035156,100.7430139301742,99.72459898,100.0349013179146,1859200
2012-12-31,101.49090576171876,101.58638387145224,99.28700584291704,99.78825226107736,3623000
2013-01-02,104.7530288696289,104.7530288696289,103.12993098069886,104.4666005445468,4449000
2013-01-03,104.18014526367188,104.84847380247388,103.48794871565488,104.78482173110352,4584600
2013-01-04,107.0205535888672,107.12398972815824,103.68686266531904,104.17218697333544,5234600
2013-01-07,106.82166290283205,107.02057111688195,105.72369781674428,106.71027478857982,3556900
2013-01-08,105.85897064208984,106.57503546945355,105.5804942423396,106.384091323701,2760200
2013-01-09,106.86939239501952,106.95690033912992,106.03397561393332,106.13739961169644,3666500
2013-01-10,109.29607391357422,109.91666652669764,106.71823140995168,107.46612818484223,5960700
2013-01-11,109.1051254272461,109.13694539621274,108.30949265876129,109.01760533709704,3211700
2013-01-14,108.3095245361328,109.25632975175373,107.93557605365402,109.152893576482,2855800
2013-01-15,107.8798370361328,109.20854221485044,107.5058886884252,107.84801706926892,4322800
2013-01-16,112.2558364868164,112.64570095592116,109.71776573942296,110.54523070642212,10650800
2013-01-17,112.1921844482422,112.94008127397348,111.08625526604638,112.09671239062337,6596000
2013-01-18,114.92913818359376,115.21556643397368,112.37516407973123,112.462684160136,7349000
2013-01-22,116.12259674072266,116.38515700350123,114.04599479001229,114.57906727248071,5158400
2013-01-23,115.81227111816406,116.1146153696937,115.21554671039084,115.98731124900868,3948700
2013-01-24,115.33489990234376,116.75112487149492,114.61882332241127,115.36671986260356,4638200
2013-01-25,114.93710327148438,115.5815638052994,114.01416644114596,114.71431495003084,4639400
2013-01-28,114.69046020507812,115.56566111789397,114.32447592545896,114.9132364119053,3045600
2013-01-29,117.03765106201172,117.35589949261156,114.44387900506514,114.65075141131452,4519800
2013-01-30,117.07736206054688,117.29218631658485,116.09078515505551,116.8068498213246,4083100
2013-01-31,117.64226531982422,117.75365342528649,116.36924799420449,116.36924799420449,3680900
2013-02-01,119.26539611816406,119.66321266577688,117.56274177999713,118.15946660141634,4563800
2013-02-04,117.37176513671876,118.50951432074828,116.65568826487602,117.95257373624452,4679400
2013-02-05,119.70294952392578,119.94164178640514,117.89685971098304,118.0321279673558,4219200
2013-02-06,120.23603057861328,120.25194663468152,118.68454897278583,119.14601747561542,3940600
2013-02-07,119.55176544189452,121.33398706506333,118.54927260783236,119.94958179292752,4890800
2013-02-08,120.61790466308594,120.91228483441822,119.62336393248788,119.96548011642652,3612300
2013-02-11,121.12711334228516,121.62835363287998,120.10870456914016,120.47468877240684,3751400
2013-02-12,122.61497497558594,122.78206321037632,120.76910099676805,121.31808958771634,4309000
2013-02-13,122.9411849975586,123.20374528127236,121.9545959442457,122.61497263230272,4369100
2013-02-14,124.06302642822266,124.69158318824864,122.2251165,122.40015665921196,5035800
2013-02-15,123.3151626586914,124.54838409255578,122.59113371723832,124.43699595851656,4254400
2013-02-19,126.22715759277344,126.50563397024956,123.52201052755498,123.872090953961,5103400
2013-02-20,123.46627044677734,126.10777670740528,122.97298208212143,125.8850005336645,5029700
2013-02-21,120.04505920410156,122.4876451487194,119.18577447747263,122.30465303687156,8318000
2013-02-22,122.5990219116211,122.63085401358812,120.97593678260512,121.23053289639265,4772700
2013-02-25,117.47516632080078,123.87206019197518,117.43539439709092,123.47424383174166,6294200
2013-02-26,118.15374755859376,119.3193236714594,117.12389930803958,118.24156502039624,5686600
2013-02-27,121.06770324707033,121.38704509775192,117.96217531636223,118.04999280259392,4695000
2013-02-28,119.55882263183594,121.66642967211747,119.55882263183594,120.8281864235214,4956000
2013-03-01,120.17351531982422,121.10756696414838,117.53102514815116,118.24952266481884,4538400
2013-03-04,121.49080657958984,121.72233091743492,119.51892721833552,119.75841835176892,3209200
2013-03-05,122.11351776123048,123.71019025601744,121.98578103805286,122.50469472620084,4589300
2013-03-06,123.04759216308594,123.7820601829192,121.98580329849592,122.99170276838016,3593200
2013-03-07,125.03543853759766,125.4904961162932,123.34296932907311,123.50263416695624,3886300
2013-03-08,122.12950134277344,124.72409469124588,121.35511404577451,124.45266323377017,6615000
2013-03-11,122.38489532470705,123.19920134969608,121.63445763321114,121.70630494027633,3586400
2013-03-12,121.2273178100586,122.78407046248886,120.1176313366196,122.38490249101238,3432200
2013-03-13,121.27528381347656,122.04167992542764,120.213494953986,121.3710802820588,3356400
2013-03-14,122.95977783203124,123.21523914992372,121.47487161548752,121.56268910824832,3886600
2013-03-15,123.61434173583984,124.2450339894944,120.78823769189704,120.82815692771476,7301200
2013-03-18,121.30715942382812,122.23323215826626,120.46092516642962,121.7701957910472,3788100
2013-03-19,118.82439422607422,122.2173241366231,118.01009981832868,121.83412605170476,4726900
2013-03-20,119.854248,120.93199488163442,119.15170811430524,119.76643055530378,2883800
2013-03-21,116.06209564208984,119.92603909379376,116.05410448556005,119.18358025334312,4704000
2013-03-22,117.03609466552734,117.91425719809727,116.24573742273482,116.96423514771422,3456800
2013-03-25,116.64491271972656,118.68067264146222,115.50328552090598,118.14578880317234,3775400
2013-03-26,116.98818969726562,118.4251973956591,115.65496961036976,118.38527814649508,3860400
2013-03-27,118.0260238647461,118.65671630039252,116.44532155969112,116.46129169495462,3964800
2013-03-28,117.47517395019533,118.99999910655688,117.45921599602885,118.24956108482314,3701300
2013-04-01,116.58901977539062,118.20166239998244,115.43942581600494,117.09197550750235,2581100
2013-04-02,117.09996032714844,117.74662294997572,115.57514728227396,115.97431542440084,3374100
2013-04-03,114.48941802978516,117.25165495862072,113.50745555576734,117.1638374735048,4373300
2013-04-04,114.15410614013672,115.71883838715692,113.55535394546536,114.57722338317292,3423800
2013-04-05,114.7129364013672,114.80075387512996,112.03850512175548,112.25405931765395,3864300
2013-04-08,114.81672668457033,115.0562178170965,113.23601212003004,114.8247057,2908700
2013-04-09,116.97225189208984,117.810507542351,115.01633016257826,115.21591426113343,3262800
2013-04-10,119.31937408447266,119.54290732138786,117.54706614775364,117.59496438685724,3127600
2013-04-11,119.00799560546876,120.2214579853692,118.3294048919673,119.3193462687076,2951800
2013-04-12,119.04792785644533,119.4311381242956,117.36343745500191,118.4731246363174,3131400
2013-04-15,116.92430877685548,120.90799805864978,116.18184988076196,118.75249305795974,5554900
2013-04-16,115.04025268554688,118.49703775355464,113.47550835467796,118.25754663596987,8274400
2013-04-17,112.2460938,114.64110275876264,110.21033365622262,114.15411710638172,6361500
2013-04-18,110.64942169189452,112.48558553015827,109.70737847542787,111.83893504326502,4819700
2013-04-19,110.74520111083984,111.63933377667476,110.05065249946053,111.21621655576044,3962600
2013-04-22,111.3838882446289,111.64734069549708,109.60358945679054,110.97672891981188,3187100
2013-04-23,114.11417388916016,114.4734227287028,111.70319524911932,112.11833346765292,3698200
2013-04-24,114.9045181274414,115.31965634318446,114.1221520983297,114.37762551775408,2785200
2013-04-25,115.5671387,116.59699914476865,114.76082353192916,115.048225,2637400
2013-04-26,115.0482177734375,116.08605715704252,114.2179535755389,115.35956837035476,2235200
2013-04-29,115.84658813476562,116.47726849079154,114.88858695193004,115.39153056847228,2715300
2013-04-30,116.61298370361328,116.98819053985288,115.40748815105758,115.91044389452888,2586300
2013-05-01,113.8507080078125,116.42135114079107,113.68305207233922,116.42135114079107,3509000
2013-05-02,114.69695281982422,114.69695281982422,112.0784112312338,113.90659564861248,4331900
2013-05-03,116.05414581298828,117.22770116652066,115.80666350525546,116.00624758331682,4018800
2013-05-06,118.51302337646484,119.38320703512623,116.2697002831977,116.4932334765851,3740400
2013-05-07,119.2076187133789,119.70258347301332,117.79455961826088,119.27946607881314,3137600
2013-05-08,119.95799255371094,120.5407867481969,118.47308674029895,119.05588093478494,3519200
2013-05-09,118.5848617553711,120.43700771099914,118.35334960173982,119.83027654362677,2819500
2013-05-10,119.0319366455078,119.09579282399652,117.75459380613952,118.60881941856644,2632400
2013-05-13,119.45502471923828,120.01385750696124,117.40329526374832,117.89028073197284,2975200
2013-05-14,123.35890197753906,123.69420168968712,119.35125120190612,119.35125120190612,5825300
2013-05-15,124.22911071777344,124.76399457089435,122.77613282110418,122.9757168938349,4177800
2013-05-16,123.31898498535156,125.72996354810304,122.91183793780766,123.52654799714288,3233800
2013-05-17,126.28083038330078,126.69596867113611,123.74212679052997,124.0694475978933,4177000
2013-05-20,126.8556137084961,128.12497748853391,125.7539180672685,125.80181628884664,4010100
2013-05-21,128.31655883789062,129.12288610077042,126.56022184195844,126.671988409473,4077900
2013-05-22,127.20687103271484,131.3023391168317,126.5602207418842,128.22076128883955,6176200
2013-05-23,125.66612243652344,126.8476567734496,123.43875729296047,124.82786686831852,5619800
2013-05-24,126.71189880371094,126.87156357734888,123.973599818337,124.19714511939976,3317100
2013-05-28,128.69805908203125,130.2837567295991,128.06538574946188,128.87424906733216,4471200
2013-05-29,130.4359588623047,131.4450494675872,127.66499234527512,127.92927739808034,4969100
2013-05-30,131.62118530273438,132.50212289584815,128.93830268794213,130.2677315988002,4336200
2013-05-31,129.80320739746094,132.80642816647264,129.79520320799276,131.30080957716442,4404800
2013-06-03,130.98849487304688,131.13265584618534,127.96925304933808,129.38677688786382,4557300
2013-06-04,129.48297119140625,132.7344713552151,128.53796275148974,130.90851248813286,3977300
2013-06-05,126.7759780883789,130.45191784794986,126.17533385759393,129.2826583684943,4138300
2013-06-06,127.8812026977539,127.96929770648684,125.20633566188933,126.77602521200052,3243900
2013-06-07,132.9506378173828,133.07877822840896,128.60998221004434,128.91431263119594,5690300
2013-06-10,134.13587951660156,134.70448256844196,132.37397992463193,133.5031940576292,3914200
2013-06-11,130.78831481933594,133.26296683006564,130.69221562517686,132.42207444089033,3858100
2013-06-12,129.62710571289062,132.1257831832619,128.99443215038067,132.1257831832619,3243300
2013-06-13,132.79847717285156,133.2549605581265,128.99439600828083,129.09849939361496,3768500
2013-06-14,130.4759979248047,133.03074109079364,130.4679937309191,132.7344270551632,2970600
2013-06-17,131.42898559570312,132.67832381942634,130.45994072106967,131.4049608006423,2628300
2013-06-18,131.46102905273438,132.03764863794464,130.58009128987626,131.46102905273438,2060700
2013-06-19,129.3867950439453,132.08568631725385,129.34674964466873,131.46903360492684,3557100
2013-06-20,124.46150207519533,128.1294378191489,124.0050066,127.45670696129083,6488600
2013-06-21,123.53250122070312,125.94308242063843,121.97082860878032,125.73486347909493,5390200
2013-06-24,120.75347900390624,122.21104776628364,119.09570777804896,121.72252344945912,4013200
2013-06-25,122.57951354980467,123.58058760168817,121.37022049438066,122.09098892367986,3274600
2013-06-26,121.45830535888672,123.7807920772891,120.72952057712952,123.71672187690088,3580400
2013-06-27,122.9398956298828,124.12517608523557,122.2191272130981,122.55548662227378,2654900
2013-06-28,121.12993621826172,122.34724544520174,120.92972144765302,122.28317525219018,3011300
2013-07-01,121.53035736083984,123.41238096255589,121.49031196545756,122.35524118113096,2496100
2013-07-02,120.86566925048828,122.6836230599319,120.04878944313936,121.05787985814143,3091600
2013-07-03,120.47325134277344,121.26610640104457,119.5522680915649,119.8245573042527,1267700
2013-07-05,122.72364807128906,122.76368124860733,121.33014889267736,121.97083859158413,2243700
2013-07-08,123.1801528930664,123.97300790866102,122.43535969489652,123.79681790519555,2699100
2013-07-09,125.68683624267578,126.08726581540247,122.66759384267714,124.12516335306984,3127100
2013-07-10,124.79783630371094,126.23136827112845,123.8688371030783,125.39047625310822,2430100
2013-07-11,126.30343627929688,127.92917853123367,125.02205741721542,126.93610930211383,2965700
2013-07-12,128.22552490234375,128.36166945522837,126.97618691574375,127.0322406868668,2844600
2013-07-15,130.54006958007812,130.85240422707747,129.06649135937056,130.3799001595914,4129900
2013-07-16,128.32969665527344,131.58118340798524,127.68099036734178,131.2768529682254,5972700
2013-07-17,129.33872985839844,129.7311551717698,127.73701184157618,128.00930097160267,3715000
2013-07-18,131.3889617919922,131.8054120083933,129.3387641422358,129.40283434630842,3462700
2013-07-19,131.62921142578125,132.02163681164137,130.2036831050972,131.14068685160476,3329700
2013-07-22,133.14283752441406,133.20690772467734,131.24480519466158,131.3008589823037,2741100
2013-07-23,133.15081787109375,134.07181308727974,132.52614880557442,133.34302843746087,2545400
2013-07-24,132.1737823486328,133.65537659255514,131.69327421394954,133.54325680578168,2548100
2013-07-25,132.87054443359375,132.94261882421887,131.09263614399595,131.5651401093928,2236200
2013-07-26,132.3499755859375,132.66231015821273,131.55713286716065,132.1818020117111,2372200
2013-07-29,130.67617797851562,132.00560701834556,129.75519490088143,131.84543764225353,2823600
2013-07-30,130.08352661132812,131.3488853474219,130.00344804026744,130.9324474495726,2553300
2013-07-31,131.3649444580078,132.91861338966848,130.08356474402262,130.1636555587002,3700300
2013-08-01,134.13587951660156,134.46422242225168,132.04563701898184,132.73437625398668,3251900
2013-08-02,134.24002075195312,134.4642603596267,133.3110333287947,133.60734733461868,1866700
2013-08-05,134.8005828857422,135.89775572504567,133.29496416542565,133.9676827433867,2618400
2013-08-06,131.9655762,134.76858333307905,131.71731177853383,134.6004097,3598500
2013-08-07,130.90040588378906,131.5250749489782,129.77920813092118,131.34088079389394,2131000
2013-08-08,130.4119110107422,133.28699264593467,130.40390681788173,131.94155503687165,2818400
2013-08-09,129.8433074951172,131.4210011,129.7552124933015,130.05953068309427,2012000
2013-08-12,129.4908905029297,130.04348515465696,128.57791175403105,129.52291948528654,1982000
2013-08-13,131.10861206054688,131.78133058403498,128.89823374031926,129.7311338152312,2309600
2013-08-14,130.81231689453125,131.9815765076358,130.48396174467058,131.22076283903974,1667400
2013-08-15,128.7381134033203,129.71516258218855,128.19353502566463,129.66711298652967,2206900
2013-08-16,128.66604614257812,129.97143837086168,128.16150091990724,128.36171572634592,2024300
2013-08-19,127.04024505615234,128.77009090895285,126.96015428198184,128.2735623254777,2228400
2013-08-20,127.78507995605467,128.16148472219876,126.35955169198834,127.1123612242765,2288700
2013-08-21,125.82292175292967,127.52073843366428,125.34240160322156,127.16035443145071,3053800
2013-08-22,127.66496276855467,127.86517756034272,125.8950586322864,126.38358321305483,2302700
2013-08-23,127.05632019042967,127.96929928302627,126.53576654523114,127.80912987066849,1495800
2013-08-26,126.4556655883789,128.69807384199575,126.33554159377913,126.86411161030188,1885200
2013-08-27,122.71568298339844,125.3585214591224,122.4754227183063,124.70982729747496,3672000
2013-08-28,122.90843963623048,123.8565409463246,121.68714557937132,122.9325431,2343200
2013-08-29,123.43881225585938,124.2824576501694,122.20144442661253,122.42641816644844,2133000
2013-08-30,122.2335433959961,123.71997558519683,121.59075627573472,123.55125147546678,2234000
2013-09-03,124.34664916992188,125.3751033234281,123.3503411050418,124.12167559010118,2464800
2013-09-04,125.13411712646484,126.34736884608816,124.0172791895507,124.3466970338555,2194200
2013-09-05,125.47962951660156,126.99017775858538,124.99754826032726,125.3350088177635,2443900
2013-09-06,125.87334442138672,126.7170019771626,123.27006140188767,126.13045198248965,2464000
2013-09-09,128.1472168,128.31594097765472,126.27510419108492,126.47597448449396,2150400
2013-09-10,132.6868438720703,133.00020095282449,130.61386154548646,130.9513220739797,5265900
2013-09-11,132.6225586,133.20909623206765,131.5941039977358,132.51810215098195,2233100
2013-09-12,131.24862670898438,132.82344260876053,131.02365300901636,132.4458055566398,2690000
2013-09-13,131.77085876464844,132.34936595467067,130.93524407914117,132.0761854094226,2231500
2013-09-16,134.2054443359375,135.44281206965502,132.72704208539687,133.62693697526535,3553100
2013-09-17,134.5187988,134.6473587,133.10467656320444,134.33400161547104,2653700
2013-09-18,135.032959,135.86054309087993,133.08853724073236,133.7795311050138,3422400
2013-09-19,134.80801391601562,136.59174235582682,134.084886066425,136.34266525785992,3534700
2013-09-20,136.3909149169922,136.3909149169922,131.79500210510403,134.98482301063143,20410100
2013-09-23,132.77523803710938,135.35441749571413,132.34939407898216,135.12943153165608,4816200
2013-09-24,130.9432373046875,133.69916993973683,130.9432373046875,132.99211533274743,3422600
2013-09-25,130.41297912597656,131.5217866589876,129.4889810218975,131.17628350675645,3614600
2013-09-26,130.3968963623047,131.7146044114337,129.3925453413178,130.88702015095205,2711400
2013-09-27,128.43641662597656,129.3202381900907,128.0989438856999,129.11133758624072,3679100
2013-09-30,127.1186981201172,127.86592935195934,125.80099014664536,126.72498812884352,2803600
2013-10-01,127.75347137451172,128.80602946006195,126.59645684194932,127.64098453163184,2465300
2013-10-02,127.48829650878906,128.21946697603488,126.56429849687636,126.70088876106338,2431000
2013-10-03,126.0260009765625,127.8820401429433,124.9091628661346,127.4561961896242,2949500
2013-10-04,125.7849349975586,126.34736916502406,125.41532839599824,126.21077888579283,2984500
2013-10-07,123.9369125366211,125.50369763367762,123.91280909360052,124.67611339625432,2618000
2013-10-08,122.97272491455078,125.2224733508659,122.93254842708856,124.23418325189444,2917200
2013-10-09,124.0895996,124.79666676708194,122.79599479228642,123.38253245166808,3227500
2013-10-10,126.9580078,127.14281723984254,125.34301567799348,126.0099062710874,3639000
2013-10-11,128.55694580078125,128.9506558609486,126.56431657370996,127.34369403843884,3124900
2013-10-14,128.1230469,128.49264115745115,126.54821919719404,127.12672632290698,2428100
2013-10-15,126.6527099609375,128.5890897921877,126.5562839,128.40429260085403,3038000
2013-10-16,130.3647918701172,130.56566211953185,126.54825713123856,127.41601807992755,3649300
2013-10-17,127.20710754394533,127.914162430012,125.3349954937381,125.72869330548706,7522100
2013-10-18,127.50435638427734,128.31586749124403,125.8893523036847,127.62487358724276,4982100
2013-10-21,128.37216186523438,129.07921680317014,127.1508673213133,127.4883278676309,2695400
2013-10-22,127.95436096191406,129.12744872375382,127.13480683405749,129.07119916373458,3239400
2013-10-23,126.74108123779295,127.01426180062118,125.79296740307464,126.9660549083745,2735800
2013-10-24,128.5248260498047,128.83818314914365,127.61688859729698,128.11504289364424,2591000
2013-10-25,130.23623657226562,130.3567660822637,128.48465382031708,128.55696417022745,3721000
2013-10-28,129.72201538085938,130.31659578210227,128.75784055571668,130.16393241825963,3341500
2013-10-29,130.2522735595703,131.0557543631553,129.36843977156917,130.22013972189032,3702100
2013-10-30,130.2041016,130.9433026286574,129.4809612894142,130.61387246847875,2344200
2013-10-31,129.24794006347656,131.24861194907325,129.24794006347656,130.23621815292145,2785000
2013-11-01,130.2041016,130.64601857491675,129.1354703,129.38454749039505,2738400
2013-11-04,131.09596252441406,131.16024247544635,129.83449147318095,130.50138217247562,1711000
2013-11-05,130.12380981445312,130.67018353978654,129.18373805102016,129.89883600406677,2529400
2013-11-06,131.3851776123047,132.01189162574457,130.4290335440675,130.58972724441094,3593700
2013-11-07,128.26773071289062,131.93964546520826,128.24362725912417,131.80304288033238,3490300
2013-11-08,131.10397338867188,131.5217868780618,128.4605266945837,128.87029752870092,3856000
2013-11-11,131.642334,132.37350469172384,130.29249168786762,130.56567230594916,2289000
2013-11-12,130.87899780273438,132.07618870700466,130.26835675808474,131.04773417909738,2239600
2013-11-13,130.91920471191406,131.53788855544485,129.52114326631346,129.98716374818034,3398300
2013-11-14,131.12808227539062,131.7306929588806,130.49333774991197,131.40930549841093,3648200
2013-11-15,132.0922393798828,132.91179323346296,131.11199181740216,131.11199181740216,2667200
2013-11-18,133.12074279785156,134.70360154607633,131.9315942,132.3654808621794,3555000
2013-11-19,133.85989379882812,134.9847619106934,133.08051651412757,133.27334404179425,2691900
2013-11-20,132.57435607910156,134.38218820745294,132.46186923707666,133.98847813029263,2793100
2013-11-21,134.23756408691406,134.43843431825726,132.58238308212336,132.7752229178654,3158500
2013-11-22,135.06521606445312,135.1777029599034,133.0002631677883,133.9965844275994,2680500
2013-11-25,136.1739501953125,136.99350421052736,135.38654228430417,135.38654228430417,3101700
2013-11-26,135.01693725585938,137.14616918956793,134.98480341141644,136.0775380246766,2953400
2013-11-27,135.6054229736328,136.08103052548145,134.51715673088063,135.46838413498529,2285300
2013-11-29,136.185791,137.34660472885648,135.1781419312788,135.3393633246934,2018700
2013-12-02,136.81455993652344,138.3139422318134,135.9761890292626,136.9435419684718,3121100
2013-12-03,135.4683380126953,137.65291422085502,135.35548181338524,136.30669659322675,3288200
2013-12-04,135.99234008789062,136.98386350408526,134.87183461581867,134.87183461581867,2328200
2013-12-05,133.4611358642578,135.39582994900525,133.29185766584158,134.95246178580854,3564100
2013-12-06,134.79124450683594,135.39583412062098,132.82431099525687,135.08950478017292,2708500
2013-12-09,135.16204833984375,136.33898816325436,134.49296771220438,135.4280692376093,2589500
2013-12-10,136.8226318359375,138.8137475854311,135.04111498664636,135.3232493747886,4235400
2013-12-11,135.1056365966797,136.9032796838223,134.7267594378979,136.64531553298883,2977100
2013-12-12,135.6940460205078,136.2019050511713,134.23497224078238,134.2913941884101,2911900
2013-12-13,135.74241638183594,136.46791876725374,135.1055876035606,135.90363776743953,2490600
2013-12-16,137.80609130859375,138.24140261703124,136.3067089247394,136.48405615404295,2980000
2013-12-17,137.43527221679688,138.06404423338134,136.80650020021238,138.06404423338134,2856700
2013-12-18,140.94186401367188,141.0063550193315,137.03219366122025,137.8463695444199,4509600
2013-12-19,140.8854522705078,141.71575404033032,140.26473705895037,140.75647024985128,3094400
2013-12-20,141.19989013671875,141.7077370414892,140.0632587253249,140.7968303993797,3754300
2013-12-23,142.2559051513672,142.43325242041598,141.47396827430853,141.78029761183046,1585300
2013-12-24,142.00601196289062,142.42518524037135,141.42560494747875,142.41712847363766,781300
2013-12-26,142.23971557617188,142.48961053409934,141.21594085460953,142.36064082382816,1320100
2013-12-27,142.15914916992188,142.2397537229082,141.53037707476622,142.19138853103544,1716900
2013-12-30,141.6593017578125,142.77980678125013,141.28042480812343,142.28001689034156,1241000
2013-12-31,142.89268493652344,143.03779278870516,142.05432638086106,142.05432638086106,1663900
2014-01-02,142.59442138671875,143.79554339414634,142.16717920496583,142.64278656949793,1982100
2014-01-03,143.61013793945312,144.1744312487724,142.05433370769924,142.15913314521342,2147400
2014-01-06,144.59359741210938,146.01237508072612,144.19860687515364,144.4162502035323,2954000
2014-01-07,143.72305297851562,145.89151659373434,143.10234976480675,145.6899867008762,2734700
2014-01-08,143.84393310546875,144.21474110360847,142.89270591379693,143.89229829649528,2208600
2014-01-09,143.00555419921875,144.35984097491337,142.36872538532936,144.35984097491337,2149500
2014-01-10,143.8036346435547,144.06159874744316,142.68312920565083,143.00557203510593,2506500
2014-01-13,141.78028869628906,143.73109623274647,141.62712403715952,143.73109623274647,2823800
2014-01-14,142.36068725585938,143.08618977681903,141.64324150054392,142.08659731868286,2208800
2014-01-15,144.0937957763672,144.8918581503502,142.6830872862489,142.6830872862489,3540200
2014-01-16,141.2080078,144.12615763343004,140.66790900754629,144.09391825271575,4712200
2014-01-17,142.10272216796875,142.9088415414201,140.66783066725782,141.07894711957204,3451000
2014-01-21,139.6199188232422,141.5465442657936,138.12053580474208,141.15155351548742,5141200
2014-01-22,140.00686645507812,140.78074679508532,139.28136363040508,139.82146236440136,2476900
2014-01-23,137.64488220214844,138.99110007179578,136.25029913844517,138.99110007179578,3977700
2014-01-24,135.1378631591797,137.00806617427185,134.79929446860058,135.85530897263683,4156200
2014-01-27,132.75979614257812,135.10560637531066,131.74407790138406,134.68642087417652,5589600
2014-01-28,134.01734924316406,134.25918752142837,132.6791880971199,133.0338825985201,3170400
2014-01-29,132.1229705810547,133.89644317978542,131.89725812310832,132.1794048457445,3473700
2014-01-30,133.6868133544922,133.95283418281494,132.66305076415125,133.27569696548625,2829400
2014-01-31,132.3003387451172,133.79972162433265,131.6393270996611,132.04238688116624,3415500
2014-02-03,128.83404541015625,133.42892484961115,128.79373696849947,133.13065222167862,5079700
2014-02-04,130.39785766601562,131.05082465201704,128.85817910260312,129.70459455406262,3346600
2014-02-05,129.3176727294922,131.11531554817842,129.23706816969985,129.45471155150446,3212900
2014-02-06,130.3898468017578,130.59137670407893,129.05975436660214,129.91423918437818,3798000
2014-02-07,130.53492736816406,131.3168642829951,129.1967783194374,131.22013387717112,4879900
2014-02-10,129.7852020263672,130.40591730625854,129.2047951699188,129.80132785582515,4321700
2014-02-11,132.5179901123047,132.97748415230234,129.22902092735842,129.9545358904482,4996300
2014-02-12,131.80050659179688,133.1950895477069,131.58285093496323,132.60662589816872,3046600
2014-02-13,132.2519531,132.52603078201886,130.67196591361525,131.03471720089394,3119600
2014-02-14,131.9778594970703,132.60663159903945,131.34101832943173,131.66347344608576,3287900
2014-02-18,132.72756958007812,133.48532387143652,131.97788435590908,132.23583619741413,3399900
2014-02-19,131.60702514648438,133.9608918950955,131.38131273911097,132.13101004248983,3669700
2014-02-20,132.60665893554688,132.98553608796675,131.1314587613092,131.79248266141454,2631900
2014-02-21,132.60665893554688,133.53369144867187,132.32451218786142,132.4454375,2594500
2014-02-24,134.25112915039062,134.95246144326958,132.2680821715359,132.2680821715359,3242900
2014-02-25,131.7843780517578,134.0576403531769,131.52642627523323,133.90447572005098,3682300
2014-02-26,131.6792449951172,132.56896220162784,130.03729965366756,132.0513047394259,3978300
2014-02-27,133.76605224609375,134.09766748711215,131.3071700968476,131.56600499336915,3806600
2014-02-28,134.6315155029297,135.7396355182747,133.11090356629649,133.30501741160856,4291500
2014-03-03,133.24839782714844,133.70943052691877,132.37484854440063,132.8277972816934,3122900
2014-03-04,136.47567749023438,136.4999417220372,134.4293116620057,134.78520351768523,3400500
2014-03-05,139.03968811035156,139.84852867490724,136.08742498649434,136.53228976538549,4451200
2014-03-06,139.60586547851562,140.7382371625938,139.51689253605764,139.6948384209736,3403500
2014-03-07,140.9485321044922,142.02429138196703,140.01837052554046,140.72205776627916,4088900
2014-03-10,140.34188842773438,141.1345608780571,139.5006998717501,140.41469344103822,2179100
2014-03-11,137.41392517089844,140.7059122443252,137.3815769782577,140.7059122443252,3832300
2014-03-12,137.27642822265625,137.49481864135592,135.73153970780405,136.79921522862176,2550000
2014-03-13,134.83372497558594,138.50586819537776,134.7285840905462,137.89114144316997,3421400
2014-03-14,133.74180603027344,135.3999194844696,133.48297109889074,134.99549916063074,2762100
2014-03-17,134.9469757080078,136.5323088667793,134.5344714054674,134.57491590773904,3198000
2014-03-18,135.95797729492188,136.69402500702162,135.0844281984614,135.29473459730409,1941300
2014-03-19,136.0308074951172,137.6323207847429,134.91461584886898,136.28155845075386,3534100
2014-03-20,136.87200927734375,137.86687977383576,135.29477255316658,135.78816581990185,3950500
2014-03-21,135.03590393066406,137.5028696486274,135.00355574472323,137.25213109632912,4779100
2014-03-24,134.04100036621094,135.86897479468678,133.53952338625786,135.1814680224805,2723000
2014-03-25,132.0432586669922,135.4161232725844,131.67928278070673,134.74478393738053,4437500
2014-03-26,130.8137969970703,133.4587094213425,130.80571303353318,133.2484152920155,2590300
2014-03-27,131.26669311523438,132.0917137163092,130.03726468680125,130.87036924816906,3890200
2014-03-28,131.27481079101562,132.80351878612336,130.45787401722384,131.2020181107548,2630500
2014-03-31,132.5285186767578,132.76307698744293,131.21010473407816,132.0189452207427,2494300
2014-04-01,134.2028350830078,134.50210216498348,132.82780848823737,133.26457699549724,3325500
2014-04-02,135.29478454589844,135.51316264419154,134.049163,134.18666441730997,2407600
2014-04-03,134.34030151367188,135.61827084991188,133.45866842372268,135.32708780694676,2337300
2014-04-04,132.0351563,135.10874094191996,131.7197088803796,135.08447670902066,3262500
2014-04-07,128.2497559,132.00277552431388,128.15269894262065,131.8005653864574,4650800
2014-04-08,126.63209533691406,128.4115423708632,125.75854591837265,128.36301390459914,6839900
2014-04-09,127.92623138427734,128.60565452157388,126.51884430679624,127.07694629169266,4010000
2014-04-10,126.16297149658205,128.50861697945334,126.0254700558166,128.1284608553661,4806600
2014-04-11,123.526123,124.95777419803976,122.6606577814479,124.92541366632524,6460700
2014-04-14,125.15997314453124,125.4754204199738,124.09229784800232,125.20850159584155,3053700
2014-04-15,125.30554962158205,126.19527897232604,123.83346655444385,125.3702583327202,3639600
2014-04-16,127.16590881347656,127.22252123264072,125.46733876771926,126.45412519934176,3194200
2014-04-17,127.34387969970705,130.57924244678523,127.27108699996084,130.24761480314666,4525200
2014-04-21,127.63502502441406,128.015181,126.36513959830638,127.39237042189195,4551700
2014-04-22,129.78660583496094,130.06969272209645,127.2064015961961,127.50566875577502,4547300
2014-04-23,129.77845764160156,130.1747939354518,128.83211572388748,129.62477596966116,2040600
2014-04-24,130.10198974609375,131.12112425767722,129.89168333280423,130.2556590625179,2934200
2014-04-25,127.99092864990234,130.03729418329658,127.72400979659956,129.80272352042738,3302100
2014-04-28,126.61589813232422,128.46814995985554,124.56144850304683,128.2821200834154,3897800
2014-04-29,127.99092864990234,128.10416582931015,126.69677887787569,127.01222618779222,2160500
2014-04-30,129.26889038085938,129.70565880604093,127.95047645982194,128.10415812447368,2745700
2014-05-01,129.7137451171875,130.2233185740677,129.1718234712334,129.25271245680773,2079500
2014-05-02,128.5086212158203,130.90278290396515,128.25788256016293,129.78659107097653,2561500
2014-05-05,126.46223449707033,126.90708695968482,124.98205469755254,126.58355565197824,3015700
2014-05-06,124.9982452392578,126.05783699885238,124.7070620728674,126.05783699885238,3073100
2014-05-07,125.79092407226562,126.42990287077076,124.32692420595151,125.7019510910124,3260900
2014-05-08,127.31148529052734,127.97474040135064,125.5320387214281,125.98498741080688,2719600
2014-05-09,127.1497573852539,127.71594341494396,125.9203160479771,127.44903684103492,2637000
2014-05-12,129.05052185058594,129.37405315795678,127.72402374328024,127.72402374328024,2256100
2014-05-13,129.6409912109375,130.1424685140963,128.71082930825338,129.05862489801055,1901500
2014-05-14,128.96963500976562,130.13436748286577,128.8321335847369,129.5762654776779,2128700
2014-05-15,126.69679260253906,128.5733087410621,126.11442637623384,128.3549183207156,2769300
2014-05-16,126.52690887451172,126.96368964005455,125.24085548849604,125.86366610651211,2845600
2014-05-19,127.52987670898438,127.78871158611716,126.18719855319196,126.38132471104156,1618000
2014-05-20,126.46223449707033,127.7240238758256,125.86368800169204,127.37621599520917,2034900
2014-05-21,128.88877868652344,129.21231005034682,127.09315123086373,127.11741546605396,4226300
2014-05-22,129.29318237304688,129.6571581958486,128.32256372300378,128.56521838551456,1645100
2014-05-23,129.54383850097656,129.80266092541325,129.01808501003293,129.3416285,1210200
2014-05-27,130.8461914,132.18885787479493,129.88366879322035,130.32043743394078,3248800
2014-05-28,130.82179260253906,131.16266308159487,129.6774337474026,130.59454561650185,1855200
2014-05-29,130.45657348632812,131.4791849107156,129.5475731695075,130.78120849545792,1779200
2014-05-30,129.70179748535156,130.37542698944097,129.17426242486437,130.1968739939458,2206300
2014-06-02,129.88034057617188,130.01831108325408,128.15975262428498,129.6774405862217,2162500
2014-06-03,131.31683349609375,131.42233303560022,129.27159879142974,129.7342165632109,2408600
2014-06-04,131.79571533203125,132.07165634275228,130.5539683997542,131.02469785664843,2098400
2014-06-05,131.9498748779297,132.63972716201073,131.12203975300434,132.0634983355447,1859600
2014-06-06,134.8798065185547,134.93661207908363,132.2096355728631,132.2096355728631,3478100
2014-06-09,134.7255859,135.42356236000737,134.43340947263573,134.75804448513742,2377500
2014-06-10,135.0177764892578,135.74821153561152,134.30356452639947,134.61197648927617,1684500
2014-06-11,134.26296997070312,134.8554468338784,133.662394,133.98702896770843,2004100
2014-06-12,134.6931152,135.25310872279857,133.93020940140997,134.53078535874184,2309900
2014-06-13,134.6363067626953,135.59400108330388,134.2548538194061,134.86355374371465,1761100
2014-06-16,134.6038818359375,135.15576396081983,133.46763426300683,134.3360523162617,1756400
2014-06-17,136.52731323242188,136.95746011643556,134.27917841957492,134.4333843561137,2450000
2014-06-18,137.85836791992188,138.05315636605707,135.77255010533364,136.2595150286554,2873200
2014-06-19,137.75289916992188,138.1018936973725,137.10361652985554,137.97203469255197,2306900
2014-06-20,137.84213256835938,138.84852096484855,137.50126207536283,138.23170946095468,4688200
2014-06-23,138.1667938232422,138.4751934140747,137.3308467815052,138.11808741876305,1738500
2014-06-24,136.5354004,138.4183174504008,136.30815348810413,137.6067178316755,1608000
2014-06-25,136.65716552734375,137.17658885548448,135.86178888110558,136.2026716632242,1601200
2014-06-26,136.35691833496094,136.43808329261782,135.02589476401155,135.5372067523754,2131200
2014-06-27,135.3586426,136.06473059211962,135.02588361685036,135.74009555636027,3111200
2014-06-30,135.8942871,136.2757400471241,135.0258693,135.43166922928427,1885200
2014-07-01,135.38294982910156,136.5678908913074,134.77425002778324,135.0096209,2947800
2014-07-02,135.44790649414062,136.19457691428454,135.18820096645354,135.537183,1877600
2014-07-03,137.5337371826172,137.8908307689521,136.12154876817195,136.21082526076387,1801200
2014-07-07,136.1702117919922,137.13601752365412,135.45600001381595,137.13601752365412,1774000
2014-07-08,133.84092712402344,135.35861479999113,132.88323291221448,135.32615625668942,2422200
2014-07-09,133.64614868164062,134.1818076,132.80209026849963,134.10876655040386,1943800
2014-07-10,132.63165283203125,132.92382928844086,131.09772953188866,131.65773543867638,2204100
2014-07-11,133.75164794921875,134.02758890581745,131.78757794232152,132.3070013128726,2293300
2014-07-14,135.5371856689453,136.12153859788128,135.0989271642593,135.68326770916337,3007700
2014-07-15,137.29837036132812,138.09373489291488,135.65893489562083,137.72851737012743,4802300
2014-07-16,138.35345458984375,138.7754901,137.1604015853315,137.32271911040095,3295100
2014-07-17,138.08560180664062,139.2705430694202,137.09544897150505,138.1424197420485,3815500
2014-07-18,139.1649932861328,139.42469873501668,137.687876,138.30469963666147,2558600
2014-07-21,139.3679199,139.67633181158646,138.0125497295576,138.10993774355902,2227400
2014-07-22,142.04620361328125,142.33838004312122,139.90358058913162,139.90358058913162,3849500
2014-07-23,143.50711059570312,143.8317456254661,141.72970470527423,142.20043416725335,3436100
2014-07-24,143.05258178710938,143.91288801075538,142.52504685044883,143.49085263100855,2012800
2014-07-25,142.35464477539062,143.2149512367748,141.80276268200905,142.76856872946084,2114900
2014-07-28,142.8010254,143.21494933921085,141.76217832411376,142.03000782495346,2303400
2014-07-29,142.46823120117188,143.7424489008942,142.39519018736166,142.97954306590515,3055600
2014-07-30,142.64683532714844,144.0427885506369,142.3222002,142.80916526144242,2345600
2014-07-31,140.30125427246094,142.2491012341155,140.23632480200277,141.57547191014595,3797600
2014-08-01,138.17494201660156,140.21205417780007,137.48507685321226,139.90365450516367,3140000
2014-08-04,139.34356689453125,139.50588437219335,138.01254376325454,138.43457911239977,2103900
2014-08-05,137.5012969970703,139.40856231802852,137.07114990494537,139.02710925383687,2746200
2014-08-06,137.7609863,138.66186280955654,136.36503335898726,136.47053293621337,1711700
2014-08-07,137.24154663085938,138.84039940812346,136.94937017450576,138.21546402402765,1920900
2014-08-08,139.8062286376953,139.99290557702668,136.90069879631395,137.44448176075866,2250900
2014-08-11,139.96849060058594,140.73950784368066,139.2867374363911,140.20384906610923,2098000
2014-08-12,139.86293029785156,140.49597685818387,139.09191332144934,139.4165481,1362900
2014-08-13,139.89547729492188,140.31751273004423,139.0027247938938,139.9198243023297,1708200
2014-08-14,140.1876220703125,140.4879224004955,139.3435637749483,140.24443999743855,1431400
2014-08-15,139.51405334472656,141.7053835393629,139.14072423082018,140.27695942623288,2446000
2014-08-18,141.66473388671875,141.72966335053235,140.16326944809805,140.60965177179844,1877700
2014-08-19,141.18592834472656,142.1111517634901,140.9180988835013,141.95694579635753,1916100
2014-08-20,141.2427215576172,141.36445658206748,140.08213971108768,140.6259101270173,1755100
2014-08-21,142.15170288085938,142.77663820698078,140.76387412995038,141.4131565,2075200
2014-08-22,142.41146850585938,143.6369801811218,141.89204494463166,142.31408045813998,2682000
2014-08-25,144.35926818847656,145.97435642466246,143.21492175768336,143.4178217297857,3063500
2014-08-26,144.3835906982422,145.39809038663353,144.31054969284506,144.84620850048276,3110600
2014-08-27,144.75811767578125,145.2058844357024,144.1068216997539,145.2058844357024,2073700
2014-08-28,144.6278839111328,144.70930058226477,143.19504242526585,144.13942115166083,1961800
2014-08-29,145.81643676757812,146.13394177090723,144.79065423892283,145.17329006632386,2560600
2014-09-02,146.35382080078125,146.72017097688806,145.22219863495275,145.93861316841227,1986300
2014-09-03,146.2154083251953,148.22627817361104,146.07699751276684,146.93182278970465,2397700
2014-09-04,146.6061248779297,147.84358563935538,146.17464405589126,146.4839999294222,1678500
2014-09-05,146.33749389648438,146.46775556506486,144.8150994650636,146.19909553203124,2562800
2014-09-08,146.63059997558594,147.2900326977717,145.90603640865564,146.1991189987869,1746400
2014-09-09,144.42433166503906,145.43384108314928,143.78932148310392,144.85581262398375,2598500
2014-09-10,146.4352264404297,146.68760073253483,145.01052163569673,145.18149167813831,2457800
2014-09-11,147.3551788330078,147.7133923050541,145.31988630769004,145.53970137870746,1905300
2014-09-12,149.1217803955078,149.36601793249216,147.05392908357294,147.05392908357294,3358600
2014-09-15,149.78121948242188,150.1231470799101,148.5844666799942,148.91012088410517,2308000
2014-09-16,149.83001708984375,150.25336120999094,148.82052043267535,149.71604126008495,2137600
2014-09-17,150.4650421142578,151.23845043132883,149.35784299618297,149.65092548103905,2820300
2014-09-18,152.96441650390625,153.4040341429379,151.01867770317256,151.28733775797312,3566600
2014-09-19,151.5885772705078,153.52617963353413,151.32806629987755,153.26565624046478,5442900
2014-09-22,150.84764099121094,152.1990773641363,150.69296929087733,151.42566917274038,1826100
2014-09-23,150.6848602294922,152.1258502974507,150.26152848063325,150.26152848063325,1977600
2014-09-24,152.89930725097656,153.15168152590667,150.18015953294866,150.82330647801447,2834200
2014-09-25,149.87083435058594,152.89121466844412,149.35794895505742,152.61441779816616,3074600
2014-09-26,150.70933532714844,151.10012043198515,149.16251799343183,150.4081160118048,1932500
2014-09-29,149.6591033935547,150.2534052212021,148.33208894075048,149.0729382624042,1745400
2014-09-30,149.44744873046875,150.60349326434516,148.72287274727557,150.13130396080044,2037700
2014-10-01,147.1109161376953,149.67539173537415,146.80969687053886,149.13807161901047,4196300
2014-10-02,148.8856964111328,149.33345074942827,147.0213618316548,147.02951095067382,2782600
2014-10-03,153.11097717285156,153.4936007017704,150.26156791440906,150.29412712577545,3271400
2014-10-06,152.63059997558594,154.275119236761,152.3619399659062,153.92505500812203,1934800
2014-10-07,149.63475036621094,151.88170946406368,149.4882028041536,151.88170946406368,2927100
2014-10-08,151.94674682617188,152.23982934748156,148.29135821628657,149.82190165228553,3154500
2014-10-09,147.57496643066406,151.56413406866582,147.15162218592693,151.27920062162994,4892900
2014-10-10,146.8503875732422,148.9426612213868,146.58986424296324,147.81918852125824,4405600
2014-10-13,145.5396728515625,149.13806784031232,145.31985782363088,147.35514995001225,3436500
2014-10-14,145.482666,147.99828388295518,144.72554337344135,146.1176761098552,3557200
2014-10-15,144.2941131591797,144.8721293191095,139.63736255079283,143.68352536006367,6330500
2014-10-16,140.50025939941406,143.52062535304503,139.42561940929855,140.0443560420686,7797500
2014-10-17,144.0254364013672,144.5383216461248,142.55188667062515,143.12176606615537,4951000
2014-10-20,144.7825164794922,144.91277813785453,143.1380096268004,143.46365135027082,2307900
2014-10-21,146.68756103515625,146.8341085207953,145.2058748988847,145.9060158532037,2649500
2014-10-22,143.96029663085938,147.19234180101853,143.96029663085938,146.9888125707689,3088300
2014-10-23,146.5898895263672,147.4365781,145.49083914608673,145.5641066869511,3397000
2014-10-24,149.2683105,149.38228639456938,146.5491511705624,146.76082947516318,2900900
2014-10-27,149.72422790527344,149.92775711103155,148.42163601944685,148.86940275660206,2383700
2014-10-28,151.68629455566406,151.68629455566406,149.14624091513593,149.9277987481693,3027700
2014-10-29,151.4908905029297,152.4922509191278,150.9291477940451,151.49902720072535,3379000
2014-10-30,152.2154541015625,152.32129328508674,150.75004104000888,151.0024153184688,2794800
2014-10-31,154.67408752441406,154.68222422203186,153.15168034402282,154.06349979722182,3357000
2014-11-03,155.35787963867188,156.2941088,154.47863217826946,154.96710713041549,2298100
2014-11-04,154.90203857421875,155.4719179658394,153.7215714581962,155.06485948290478,2027300
2014-11-05,154.55197143554688,156.2046279852956,154.3647280000295,155.96853951637712,3141100
2014-11-06,155.49639892578125,155.85461251299185,154.50317486031324,154.99165019240834,1915400
2014-11-07,155.2602539,155.88711503340147,154.11234598909337,155.69987160726788,1981400
2014-11-10,156.14759826660156,156.20457998057793,155.09738068147155,155.09738068147155,1553900
2014-11-11,156.21275329589844,156.8640368718973,155.11369052213396,156.15575915065767,1620100
2014-11-12,154.82879638671875,155.40682503940647,154.13680425033718,155.21958156984937,2322200
2014-11-13,154.87762451171875,155.65103318701665,154.03093586443958,155.36608726443544,1749600
2014-11-14,154.66587829589844,155.36601911454437,154.3727958038505,154.9752465992919,1691600
2014-11-17,154.62521362304688,155.65100884597132,154.0471975926909,154.2914351420747,1593400
2014-11-18,154.38917541503906,155.21957838409568,154.34846707315987,154.37288959379902,1810300
2014-11-19,154.0227813720703,154.67407738955433,153.20866445582485,154.44612564680068,2260100
2014-11-20,154.47866821289062,154.56822156092602,152.68761367461988,152.90742869660437,2850000
2014-11-21,154.34840393066406,156.03363170000546,154.16929723761996,155.91965584283528,2367900
2014-11-24,154.73922729492188,155.40679678880903,154.41357303484537,154.79620902641037,2028800
2014-11-25,153.7541046142578,155.08925571511776,153.21678452645835,155.08925571511776,3677900
2014-11-26,153.47727966308594,154.61703804367033,152.83412053070035,154.61703804367033,2024000
2014-11-28,153.8775177001953,154.7595727803088,153.6406629996113,153.86934256162942,1195200
2014-12-01,153.70596313476562,154.04898239151052,151.57433367620223,153.54262241185353,2469000
2014-12-02,155.3312225341797,155.94375955192606,154.20415043365514,154.61250844548607,3116100
2014-12-03,155.9519500732422,156.66250161493335,154.6288738665272,154.97189316226442,3049600
2014-12-04,156.7686309814453,157.08714971742253,155.14337414544997,155.81307477351365,3123400
2014-12-05,159.62722778320312,160.8359646407463,157.25057992096498,157.39759536237247,3625500
2014-12-08,160.5827637,161.75883720192184,158.8594916864513,159.62720704423757,2715000
2014-12-09,160.8032989501953,161.07281687013892,157.54459587680847,158.1898088414897,4568400
2014-12-10,156.80953979492188,160.06824253014202,156.48285823852348,159.6517092143161,6506700
2014-12-11,158.06729125976562,159.21070173093256,157.21791166190482,157.62626987401367,3179500
2014-12-12,154.21237182617188,157.33222149207913,153.59983462469285,156.57268134405373,3838900
2014-12-15,151.53353881835938,155.8376372655461,151.4273741721876,155.37211544869584,4729100
2014-12-16,149.71226501464844,152.66877407336943,148.96905018053948,150.24313809419849,4181900
2014-12-17,151.11703491210938,152.3176090203912,149.97363693379495,150.3656573,5074800
2014-12-18,156.4910430908203,156.53188140668263,153.387518016849,153.54269613986324,4209600
2014-12-19,157.85491943359375,159.25967241287026,156.83402409761382,157.02186535004577,4798200
2014-12-22,158.8023223876953,158.85132337269144,157.43023249729367,158.37762641422552,3056400
2014-12-23,159.66807556152344,160.1581104457869,159.03920036787642,159.53739793077253,2346100
2014-12-24,159.98654174804688,160.68891820411943,159.26782747799106,160.5745784304379,694200
2014-12-26,159.62722778320312,160.47661987063654,159.5863894682508,160.14992581312214,1016300
2014-12-29,160.23155212402344,160.86042708290617,159.1126549259114,159.7251920715231,1219900
2014-12-30,159.83953857421875,160.4847389114545,158.91664524807712,159.6680226828975,1136200
2014-12-31,158.3041534423828,160.75430283020097,158.25515244856314,160.6072873866377,1566800
2015-01-02,158.77781677246094,159.85587579389977,157.3812264346202,159.50469377135656,1877700
2015-01-05,153.82032775878906,158.47560765605388,153.11795132080871,157.67522926089967,3413200
2015-01-06,150.70860290527344,154.08164398259478,150.21856831906163,153.78762572328716,3429200
2015-01-07,152.95460510253906,153.53447907331844,151.72136815782787,152.6034231271557,1896800
2015-01-08,155.3966522216797,155.8458487899022,154.56359790080384,154.64527453579151,1962500
2015-01-09,153.01185607910156,156.24604675355553,152.6933371117371,155.56817049745035,1980700
2015-01-12,151.14967346191406,153.15878833973844,150.36562042479463,153.01994808087255,2084200
2015-01-13,151.03529357910156,154.66968998173317,149.76121853137272,152.38288254273627,2745300
2015-01-14,147.19679260253906,149.05890498896756,145.4571951528065,147.97267068653372,5204700
2015-01-15,145.7756805419922,148.3156684489194,144.96712700921844,147.15592046619736,3146000
2015-01-16,144.7466583251953,147.09064309806575,142.1576685778998,144.33830008501425,5124100
2015-01-20,143.43988037109375,145.64501177513026,142.29647013270736,145.02431190544698,3606600
2015-01-21,144.6813201904297,145.69405311719004,141.14494878051426,142.55786480878356,3737000
2015-01-22,148.67503356933594,149.12423003823935,144.76296787565445,146.03704334228803,6228200
2015-01-23,147.40907287597656,149.44268770642964,147.35189677512037,148.17677543505343,3123800
2015-01-26,147.35191345214844,147.81744759890483,145.4244630075591,145.9634986105091,2736500
2015-01-27,144.1422576904297,145.89819267039604,143.98707960658035,144.75479488745532,3335600
2015-01-28,141.3327178955078,145.35095944994447,141.26737911469198,145.1549431,3017300
2015-01-29,143.73390197753906,143.98708202930013,141.3490919,141.4389187725694,2421400
2015-01-30,140.81004333496094,143.48887147973937,140.73654186770733,142.21479619894234,3037400
2015-02-02,143.3255615234375,143.41540082341504,140.68755865232595,141.28377058040542,2975300
2015-02-03,147.2049560546875,147.4009599984738,143.66857284435022,143.75023700022712,3766900
2015-02-04,146.0125732421875,147.58884254987632,145.8083941,145.96357224667156,2980500
2015-02-05,147.63783264160156,148.31570877441823,146.38008235976207,146.55159829350518,2434400
2015-02-06,149.81028747558594,150.78218201280498,147.9400124,148.68322728617792,3250900
2015-02-09,148.82200622558594,149.41820547912937,147.9481140315373,148.38914769686417,2421900
2015-02-10,150.73312377929688,150.9291401327178,148.92818814884575,149.74490426161793,2556300
2015-02-11,153.25682067871094,153.69785449393032,150.07163184480513,150.33298706302443,4079600
2015-02-12,154.9964141845703,155.17609276263198,153.05262545577645,153.74683927666038,3086700
2015-02-13,154.35939025878906,156.26234085108254,153.82035447650458,155.06992949591705,2720400
2015-02-17,155.1924285888672,155.69062601036293,153.79583828857542,154.1796959311427,2123300
2015-02-18,154.08985900878906,155.20875632420174,153.39565764824525,154.80039818431666,1850700
2015-02-19,154.4492188,155.05359329349858,152.94646376098376,153.28130797009493,1470400
2015-02-20,156.40933227539062,156.51550938100647,152.7667845992806,153.82851826913432,2317100
2015-02-23,155.42926025390625,155.7804547052277,154.57988087706673,155.7804547052277,1691100
2015-02-24,156.98922729492188,157.8549446843785,154.9147606615982,155.20061638623915,2627300
2015-02-25,156.58084106445312,157.1770404,155.55178307175134,156.4420007968577,2775700
2015-02-26,157.46566772460938,157.68687690112674,155.66325360417446,156.08108204761834,2449300
2015-02-27,155.49119567871094,157.7114506929005,155.49119567871094,156.63819554812142,2572400
2015-03-02,157.1297607421875,157.23627117988886,155.48301186576904,155.6632545290059,1659400
2015-03-03,156.70375061035156,158.01459162415594,156.13025688548555,156.2367548264585,1487800
2015-03-04,155.3928680419922,156.33504773639652,154.82756272559425,155.94998505714642,1648500
2015-03-05,155.72879028320312,156.25312913932603,154.90132173718513,155.76975679564893,1330100
2015-03-06,153.13162231445312,156.81018138188992,152.86125842399227,153.6805383946421,4103600
2015-03-09,153.96734619140625,154.67192777422608,152.85313694541054,153.4512080850937,2233700
2015-03-10,149.6907196044922,152.50084522984943,149.6907196044922,152.0502385,2768500
2015-03-11,150.8950195,152.25502764818418,149.9364632082225,150.17406146422445,2098600
2015-03-12,155.62229919433594,155.66326571187372,152.33698950791089,152.33698950791089,3114800
2015-03-13,155.12252807617188,155.4502476949517,152.5172227383045,154.7374653373713,3095100
2015-03-16,157.2198486328125,157.7032334002535,155.58128840734818,155.69598712308178,2127700
2015-03-17,156.13021850585938,156.6791346862423,154.6800891927746,156.45792555344775,1883200
2015-03-18,157.56398010253906,158.1538503680174,155.0078172797531,155.39287998860686,2790100
2015-03-19,155.63865661621094,157.1051626361908,154.91768605824623,157.1051626361908,2097100
2015-03-20,158.22760009765625,158.8748260004045,155.5813158656133,156.04831161287663,3473800
2015-03-23,157.26902770996094,159.14517380798267,157.26902770996094,158.34228273776242,1590500
2015-03-24,156.71194458007812,157.7196559117278,156.6136349383248,157.25267261217348,1799100
2015-03-25,153.4921875,156.67098694204327,153.4921875,156.54809988288667,2542000
2015-03-26,153.4020538330078,154.0001249749033,151.58325049623863,152.81217099398938,2377200
2015-03-27,154.07383728027344,154.41793347499944,152.6073311764728,153.36106748414272,1539600
2015-03-30,156.4989471435547,157.30183844360036,154.9996624957419,155.0406290164153,2403800
2015-03-31,154.0001220703125,156.11386678672363,154.0001220703125,155.94181241974428,2146600
2015-04-01,157.4902344,157.5721674,153.1726365840016,153.9755277052987,4031400
2015-04-02,156.9331512451172,157.89989604337475,156.3596575087588,157.0806157053697,2296300
2015-04-06,157.34275817871094,157.8261304757373,154.80298466687955,155.8106957694244,1997000
2015-04-07,157.62132263183594,158.64542291727102,157.4984355980734,157.72783306191295,1778000
2015-04-08,157.76063537597656,158.81751411646047,157.4656939252865,158.15388647648757,1997300
2015-04-09,159.66952514648438,159.83337869390385,157.63771365578916,158.00638726278908,1986500
2015-04-10,160.28395080566406,160.46419341937485,159.01406420950963,159.47285904396554,1764800
2015-04-13,160.23480224609375,161.7095089151832,159.57118737030905,160.0217939,2196100
2015-04-14,161.98812866210938,162.6189780976126,160.3413794876542,161.38185663956614,3267400
2015-04-15,164.75726318359375,165.60930914257972,161.7177279572503,162.38954376246335,5066100
2015-04-16,164.02810668945312,166.20738268456407,162.79098549354788,166.06810654022715,5976900
2015-04-17,161.68495178222656,162.4222989585983,160.2921654471764,162.0863910777345,4578400
2015-04-20,162.2993927001953,163.5283128493602,162.1519158,163.09409539675303,2616600
2015-04-21,161.26710510253906,163.44639334746552,161.0540967595191,163.01217585897112,1868300
2015-04-22,162.47964477539062,163.16783709866928,161.04590451794857,162.14373691478212,1938100
2015-04-23,163.2907715,164.2575288390181,161.88980902713897,162.34860404240283,2053400
2015-04-24,162.20932006835938,163.11872175170248,161.76690168120547,163.0367887166811,1445700
2015-04-27,161.0049591064453,163.29074551584455,160.88205956754186,162.84013887564768,1767100
2015-04-28,161.7996826171875,161.89799225988597,159.2680968066665,160.74280395327435,1909400
2015-04-29,162.6763458251953,163.63490257925665,160.1529602,160.40693517599772,2480600
2015-04-30,160.9230194091797,163.6512240435698,160.0873500839336,162.5451907,2732800
2015-05-01,161.8324432373047,162.68450178462658,161.2589495042375,162.58617964379664,2029500
2015-05-04,163.28253173828125,163.62662789132057,162.1355320602609,162.43047340589786,1581600
2015-05-05,161.63577270507812,164.17554612990406,161.16878952769076,162.4714419,2287500
2015-05-06,160.78372192382812,162.70083438494498,158.94852997314922,162.0126420913988,2433700
2015-05-07,161.71774291992188,162.17653790191932,159.60399818038312,160.79195215188912,1795300
2015-05-08,164.2657012939453,164.95389375044385,163.11871386644782,163.11871386644782,3192500
2015-05-11,165.27340698242188,165.45364964368184,164.09364138189284,164.09364138189284,1966700
2015-05-12,164.2902832,164.70811167003848,162.27486059657093,164.24931668647253,2247500
2015-05-13,165.02760314941406,165.28977881156126,163.73315144653913,164.24110116541976,2143300
2015-05-14,166.00257873535156,166.21559962485046,165.02763312911685,165.7649929369404,1957000
2015-05-15,166.2893066,166.2893066,165.34713939158706,165.9452104496401,1742900
2015-05-18,167.6738739013672,168.09989056680448,166.0189245434065,166.02711284424169,2164600
2015-05-19,168.28013610839844,168.93556272201744,167.5837554886718,167.94424075122342,2370100
2015-05-20,168.01795959472656,168.73893006246314,167.25602262291918,168.09169180132093,1831200
2015-05-21,167.91151428222656,168.12453518549248,167.2806648783822,167.62477364500765,2225000
2015-05-22,170.2464599609375,170.6233219228684,167.6493427404379,167.6739201509453,3040400
2015-05-26,169.08306884765625,170.01704787045773,167.95245805644524,170.01704787045773,3336300
2015-05-27,171.2787628173828,171.78671267801997,168.6652562741458,169.5009258039256,3011500
2015-05-28,171.33627319335938,171.4266756061226,170.35007303426153,171.00754398706522,3084900
2015-05-29,169.4542694091797,171.1636888110796,168.98581713923602,171.13080836746164,2255500
2015-06-01,170.78553771972656,171.6155991361693,170.0294509874692,170.38284657570904,2088200
2015-06-02,169.6514434814453,170.81023418569478,169.01041299403298,169.99662531947715,2230700
2015-06-03,171.18011474609375,172.7251695347843,169.93093378608611,170.54731042537674,2417000
2015-06-04,171.65679931640625,172.63478569571313,170.11997074333323,170.6130771238931,3462500
2015-06-05,172.95523071289062,174.17976978426464,171.3937487101118,173.1606895311621,3225100
2015-06-08,172.41281127929688,173.9825196137115,172.13339030443447,173.5305077189572,2180700
2015-06-09,171.78005981445312,172.9470647202605,170.6294825897002,172.58545509362995,2278800
2015-06-10,175.15782165527344,175.37970823352236,172.05949799897542,172.35535931018975,2677300
2015-06-11,175.82345581054688,176.37408398716832,174.9440859716208,175.19063908329622,2024100
2015-06-12,175.1002655029297,175.8810067015136,174.2373357401941,175.44543489998108,2006200
2015-06-15,174.0318603515625,174.50852638992748,172.89773602324468,173.3168675641216,1903800
2015-06-16,175.51116943359375,175.51939581349018,173.51411539202672,174.10583789476064,1954200
2015-06-17,174.9933624267578,176.2836497049714,174.6975137945258,175.53577666626964,1778400
2015-06-18,176.3658905029297,176.7028335028874,174.23732718200887,175.42077222246473,2167200
2015-06-19,175.20709228515625,176.69461236420688,175.20709228515625,175.97139319375495,4163400
2015-06-22,177.9355469,178.18209995999862,176.6945801521284,176.74388826108597,2006100
2015-06-23,179.4888458251953,179.79293344966135,178.04242003985215,178.2725329479701,2735600
2015-06-24,176.22616577148438,178.3382888523096,175.6262294170198,177.6808179982676,3945200
2015-06-25,174.90304565429688,177.3521120524074,174.63183842125216,176.81791142724106,2434700
2015-06-26,175.19065856933594,176.37410360483983,174.68112461135482,175.5604820078775,2762600
2015-06-29,170.65411376953125,173.58807213202942,170.65411376953125,172.70048840573284,3292800
2015-06-30,171.59104919433594,173.2347203923055,171.06507491259433,172.49507336930563,4167300
2015-07-01,172.53614807128906,174.63183111884507,171.7225264061773,173.9250520823419,2820300
2015-07-02,171.9279327392578,173.1031636741427,171.35265056913022,172.53609534208456,1816600
2015-07-06,170.97462463378906,171.3773284790396,169.51175868031677,169.88159462850376,2816800
2015-07-07,171.1143341064453,171.73892442280078,166.99693120904357,170.92530295763606,3304200
2015-07-08,167.70370483398438,169.9473116318223,167.40784363227522,169.54462037130924,2185100
2015-07-09,168.32008361816406,170.57191682563072,168.01600857394902,170.22674750890278,2256200
2015-07-10,170.276123,170.92536766491008,169.4460610501397,170.71169491952736,1840600
2015-07-13,172.68405151367188,172.84020224726208,171.47595246351014,172.1252094568365,2041700
2015-07-14,174.36056518554688,174.8536587987959,172.33884500461568,172.59361191915923,2090700
2015-07-15,175.01808166503906,175.55226968753254,173.7606619,175.49473518715223,2536700
2015-07-16,173.55523681640625,175.98787572170292,172.02663463172354,173.72782781092442,4405200
2015-07-17,174.60716247558594,174.8865835145353,172.41285082324623,173.2100322004121,2849000
2015-07-20,174.5496368408203,175.87279246329763,173.5798769951386,174.7879636119782,2175400
2015-07-21,173.81817626953125,174.88656473100343,173.20179975793718,174.21265372569204,1985300
2015-07-22,175.2564239501953,175.6426876462922,174.0236706750474,174.06476495892863,2301300
2015-07-23,173.44837951660156,176.37411180133276,173.16073208424964,175.59337060808144,2192700
2015-07-24,170.40757751464844,173.7770951761685,170.03774154746773,173.7770951761685,2453900
2015-07-27,168.49264526367188,169.16654356296107,167.2434523296074,168.8460283574021,2910500
2015-07-28,169.49534606933594,170.2678608510218,168.1475364460901,170.23499295103642,2018100
2015-07-29,169.98846435546875,171.04863925122962,169.02691825433254,169.7665778,1987300
2015-07-30,170.28431701660156,170.40759986857165,168.55846995095365,169.32277096426597,1342900
2015-07-31,168.5338134765625,170.50621367770697,168.39409040495312,170.44867917290136,1644000
2015-08-03,168.2215118408203,169.25702006458783,166.7011111,169.09265547132208,2075500
2015-08-04,168.6160430908203,170.24327440092372,168.31196786939486,168.4845463582293,1451500
2015-08-05,169.0515594482422,170.76097878908675,168.4187426034559,170.07063998034602,1535500
2015-08-06,168.55023193359375,169.87338752934937,167.9009874361474,169.29810521384996,1485800
2015-08-07,167.19418334960938,169.8240539260054,166.27373178292376,168.72279758154772,1691100
2015-08-10,169.27342224121094,169.7665284503956,167.93382665375495,168.13928548421327,1640300
2015-08-11,165.7642059326172,167.5886816147548,164.9095025917178,167.24351223437924,2554000
2015-08-12,165.2957305908203,165.64089989672806,161.5563776,164.28486418757876,2771900
2015-08-13,164.9752655029297,165.96967945179543,164.02193329756923,164.9588252813987,3353600
2015-08-14,166.02719116210938,166.46276292126709,164.9752428524213,165.04920502883382,3567100
2015-08-17,166.47923278808594,166.71755957903983,164.18630458925645,165.19715880088506,1600700
2015-08-18,165.3368377685547,166.91477275300596,165.3368377685547,166.10936504171798,1665400
2015-08-19,165.14785766601562,166.62716422140045,163.66033726928993,164.38355659419267,2721400
2015-08-20,161.6960906982422,163.72602483500245,161.6960906982422,163.07676794386103,3140000
2015-08-21,154.29139709472656,159.92918897324208,154.15990040864585,159.15666161778557,5406200
2015-08-24,147.48660278320312,153.59283446412718,141.43789306575735,146.6647672919209,7183600
2015-08-25,146.46754455566406,153.9544675,146.0484129057847,152.7710222285245,7204800
2015-08-26,151.54647827148438,152.08889277229562,147.19897350397738,150.42878136385028,5561800
2015-08-27,155.49948120117188,156.0336691938825,152.3929318591786,153.5270687214902,3798500
2015-08-28,154.831543,155.73868354016074,153.60278211901095,154.69959296137293,2413100
2015-08-31,155.53245544433594,156.89315318496872,154.36141531691283,154.78200422773563,2858000
2015-09-01,150.18862915039062,153.77594230105512,149.33097941308753,151.93693499647657,5494500
2015-09-02,152.1595458984375,153.23987195853456,150.51020927247168,152.45642699444895,3043800
2015-09-03,152.6131591796875,154.94697267595544,151.96991872018674,152.56368108025566,2902200
2015-09-04,148.7537078857422,150.7741431917316,147.7228722619269,150.30407610721934,4295600
2015-09-08,153.2893524169922,153.6439537570132,151.4503329904943,151.66475480859074,3060100
2015-09-09,153.1243896484375,158.1301318,152.7780305046955,156.3158642290579,4756800
2015-09-10,153.3141326904297,154.88925263622917,152.37401104958874,152.9347796,3042600
2015-09-11,152.7863311767578,153.23990135258896,151.17823017466765,152.91826856872868,2536800
2015-09-14,151.68951416015625,153.2728760475656,151.16172686435314,153.05846678420366,2746000
2015-09-15,154.58409118652344,155.05415822103157,151.8956766956369,152.3822280382938,3092800
2015-09-16,155.56541442871094,156.10969848062314,153.87484204025318,155.00464607227187,2717800
2015-09-17,153.75942993164062,157.15707250118413,153.38833164595977,155.40876683105955,3712600
2015-09-18,149.21551513671875,151.22770821904828,148.8938949364082,151.07926135089758,6529900
2015-09-21,151.20298767089844,152.07713434364382,149.84227697738024,151.16175172562023,2947200
2015-09-22,148.20938110351562,149.26495547255806,146.7991928383048,149.17424146036976,4166900
2015-09-23,147.9537811279297,148.59702156222278,146.5848283745601,148.28364350017742,2732600
2015-09-24,145.8920440673828,146.7744324362145,144.16849067008266,146.5105451740784,3910000
2015-09-25,148.30015563964844,149.3557304394898,146.92296058959673,147.78061039567626,3026500
2015-09-28,142.68417358398438,147.1703730608067,142.46150952474898,147.1703730608067,3898500
2015-09-29,141.72752380371094,142.9150484142486,138.12372661533837,142.67588751114303,4419100
2015-09-30,143.29434204101562,144.38291010612227,141.97488046979808,143.97057600572214,2931500
2015-10-01,145.1580810546875,145.28177623509373,142.7005610808344,143.82211018911792,3613000
2015-10-02,145.9745635986328,146.04879332549507,140.0864311352527,141.95843211442184,4469900
2015-10-05,149.01759338378906,149.31447454304362,146.65079884804257,146.98066121012872,3411900
2015-10-06,148.7042236328125,149.4958983123995,148.00325040426125,148.6052548602825,1859100
2015-10-07,150.2792969,151.56577737617226,148.88560547091694,149.92469555527862,2572200
2015-10-08,149.32272338867188,150.47725419385512,148.23415498654882,149.41342483874013,3253400
2015-10-09,147.7723388671875,150.32880346538352,146.96416732432672,149.23200552036474,3334900
2015-10-12,148.6300048828125,149.42993435952064,147.62390827465265,149.10007198257512,3059800
2015-10-13,149.24024963378906,151.02977865105038,148.02798601186336,148.08571884311783,2918800
2015-10-14,148.03623962402344,150.27109682169038,147.73111630218187,149.04233621238208,3252000
2015-10-15,152.5306396484375,153.1821220061248,144.943682,145.74361113150903,5720100
2015-10-16,152.71206665039062,153.92433003342904,151.43384087811964,152.6625885667465,2977500
2015-10-19,153.1739044189453,153.80064783719774,151.03800382122313,151.31014588773076,2665700
2015-10-20,152.98423767089844,153.36359068975628,151.6565209800587,152.728592468022,2736200
2015-10-21,148.1929473876953,153.5697902731999,148.06925212899932,153.5697902731999,3613800
2015-10-22,151.37612915039062,151.89567426792397,148.60524282928128,148.6299818745504,2609600
2015-10-23,152.9759979248047,153.6852132972277,152.09359664065798,152.69561367100633,2935700
2015-10-26,154.22128295898438,155.0377095,153.8996626820392,154.29551270246807,2573700
2015-10-27,153.64398193359375,154.07281306498945,152.15133400360295,153.38833671907938,1932300
2015-10-28,157.7755584716797,157.9074958473671,153.52850881925855,153.97383678545577,3231900
2015-10-29,156.5962677001953,158.30333717266168,156.1344554516363,157.51165004410336,3068100
2015-10-30,154.62530517578125,156.76119303791722,154.4108959493091,156.4890509907951,2791600
2015-11-02,156.42306518554688,157.04156636342117,154.7737287112154,155.30152846310258,2531500
2015-11-03,157.25601196289062,158.22911458999766,155.9035563525503,156.06848750826194,2443200
2015-11-04,158.04769897460938,159.07029235395646,156.9426463026411,157.5116695305261,2174300
2015-11-05,158.3528289794922,159.3919066287822,157.5116636919101,158.7816474854868,2186300
2015-11-06,164.2492218017578,164.49662486568502,161.5525523134921,161.6350241959487,4270800
2015-11-09,162.2617645263672,164.8512230331795,161.8989209676479,164.14200764171156,2604400
2015-11-10,163.12771606445312,163.46583325672574,161.0413052277597,162.11337707108123,2149900
2015-11-11,162.78131103515625,164.05129495975817,162.23702681742296,163.52350763501624,1637500
2015-11-12,158.97134399414062,161.79170864281437,158.55075502233697,161.79170864281437,3166900
2015-11-13,157.00863647460938,159.47439983948286,156.7364943574072,158.85589845950776,2484000
2015-11-16,158.46829223632812,158.46829223632812,155.0459106216936,156.67876321137356,4626600
2015-11-17,157.15707397460938,159.16101228613914,156.9509068602491,158.88887018517053,1783800
2015-11-18,159.70529174804688,160.0269119335656,157.51991285062437,157.5529066346703,2509200
2015-11-19,159.18569946289062,160.15881446897373,158.06415022288726,159.83719437870857,1835800
2015-11-20,157.89926147460938,159.56509518622818,157.60238034366188,159.1610031352759,2932100
2015-11-23,156.01905822753906,157.91579857018405,155.4665317621652,157.75910951903657,2671700
2015-11-24,155.59019470214844,156.5220740758565,153.85014377209924,155.05416524388423,2679400
2015-11-25,155.98602294921875,156.49732591436057,155.1613545485706,155.85408556853034,1495600
2015-11-27,157.0745849609375,157.66834719219966,155.73862623231796,155.99427141288683,1092700
2015-11-30,157.24009704589844,158.11723690083028,156.5946540346644,157.63728983130454,3415000
2015-12-01,159.76394653320312,159.83013480673108,157.23180945545238,158.23308070735874,4140900
2015-12-02,157.43870544433594,160.4011298637761,157.05806599677013,159.95428950651788,1817200
2015-12-03,153.25155639648438,158.5888786824396,152.86263404352596,157.76966946680614,3599000
2015-12-04,157.21524047851562,157.73655195478366,152.8791770020283,153.59082076674707,3517200
2015-12-07,153.49159240722656,157.32287419694262,153.08611652601087,157.2235791,3499900
2015-12-08,151.36488342285156,152.64749895741818,150.47119026250573,152.19237568689067,2663800
2015-12-09,149.53616333007812,152.9619815023785,148.80796594753983,150.62017639856333,3907500
2015-12-10,150.69459533691406,152.20062447807663,149.20510694758485,149.76780817312172,2212300
2015-12-11,146.10203552246094,149.07272978920693,145.20007196401107,148.68380740592485,3750100
2015-12-14,145.9696502685547,147.81496736057437,143.07342694872992,146.19307674579858,5102400
2015-12-15,150.61184692382812,151.66276552637393,147.99698123487786,148.10454663208668,3398700
2015-12-16,154.08734130859375,154.64175961487223,150.3387897052857,152.26684821152404,3191700
2015-12-17,151.10836791992188,155.47752621077126,151.10836791992188,154.64176354155296,2807900
2015-12-18,145.21664428710938,150.52086091889768,145.13389,149.94161877032468,6740800
2015-12-21,147.08670043945312,147.41769218308073,145.4979173422944,146.87982744305444,2472900
2015-12-22,148.9899902,149.5195847980936,146.50751334946966,148.03836651924306,2312800
2015-12-23,151.38975524902344,151.4311324006692,149.32930693832392,149.5278970637693,2367900
2015-12-24,150.99253845214844,151.57178060382688,150.62016939939318,150.8270424983163,1107600
2015-12-28,150.2891387939453,150.54565937186527,148.81620359525095,150.41327020768475,1723300
2015-12-29,151.86965942382812,152.4075243633106,151.01734337272367,151.28214696704327,1848900
2015-12-30,150.61184692382812,151.86963857108216,150.47117476860996,151.66276552637393,1514300
2015-12-31,149.13897705078125,151.3401102,148.9734810679749,149.9085516793054,1773900
2016-01-04,146.58201599121094,146.6233931401193,143.7850873952422,145.46489610335053,3745500
2016-01-05,144.05816650390625,146.87991896337346,143.0900017926838,146.22620544309856,4521600
2016-01-06,140.54129028320312,142.34523007688162,139.92895405747024,141.75770498368678,5539400
2016-01-07,136.22174072265625,140.25990607066612,135.377707901118,137.91810199394905,5687900
2016-01-08,135.65911865234375,139.3662814125824,135.40259800480845,137.9843705,4929800
2016-01-11,137.1403045654297,137.74438307615225,135.1625983405021,136.53623868123842,4386500
2016-01-12,137.1237335205078,139.16762757106883,135.1294743535454,138.1001682237504,4441300
2016-01-13,131.56301879882812,138.2739825443075,130.67759588639777,137.74438792312122,5252500
2016-01-14,133.54901123046875,134.4757988,129.7177169964376,132.64704745501402,4272500
2016-01-15,128.7661133,130.73554954593808,127.27662419982764,129.6680771098629,6237200
2016-01-19,129.7673797607422,131.3727046025985,128.49303424135638,130.37971612905295,5860600
2016-01-20,127.22698211669922,131.04999373395876,125.4892426761988,127.51660956562748,9369100
2016-01-21,125.48916625976562,128.39367148086427,125.3567771,127.40895390599192,5738800
2016-01-22,129.8004608154297,129.90803886994746,127.31798356864208,127.91377911799368,5583800
2016-01-25,125.05059814453124,129.52733329388235,125.05059814453124,129.4197552838063,5051700
2016-01-26,127.80619049072266,129.1715604394251,125.0506394595572,125.0506394595572,5237700
2016-01-27,127.20208740234376,131.09956814639446,126.76351759677588,127.09450938819514,5153100
2016-01-28,129.96595764160156,130.78517968406663,126.2174179840292,128.26959565298944,4292900
2016-01-29,133.6896209716797,133.71444472443048,130.5617018598071,131.2733455672268,4887900
2016-02-01,132.10916137695312,133.22628120788065,131.1161729864245,132.73806370462947,2963500
2016-02-02,125.5306396484375,129.91635346920194,124.25630645033924,129.91635346920194,6316200
2016-02-03,126.34154510498048,127.30143940697688,121.64966428384264,126.19260252011884,5893200
2016-02-04,129.4943084716797,130.70244047508845,125.78713290611024,126.02711280678945,4573100
2016-02-05,129.47775268554688,132.15054992925482,128.83230954467044,130.3879994875693,4596100
2016-02-08,123.50325775146484,127.29317498190322,120.19328769447417,127.29317498190322,8680000
2016-02-09,122.6757583618164,124.08249303188984,120.06916213863722,120.41670745995891,6919400
2016-02-10,121.8316879272461,126.92077315374814,121.81514717232989,124.1238451361896,7609600
2016-02-11,116.41991424560548,119.49818715478516,115.06282713925452,118.67069470880207,10252200
2016-02-12,120.92145538330078,121.23589387527451,118.9106425028328,118.95201964366714,9009300
2016-02-16,123.3129425048828,124.52107454887673,122.01377314940716,123.79288969583044,10198000
2016-02-17,124.9017333984375,125.67129544543708,124.38040902689916,124.78588494104396,5578800
2016-02-18,122.24542999267578,125.77882553490718,121.94753226924244,125.1582063299652,5895500
2016-02-19,121.56692504882812,122.24546232657536,120.34222706937528,121.6413963427516,5257300
2016-02-22,123.12258911132812,124.11559009635242,122.65919538580054,123.4618640269937,4287900
2016-02-23,119.91192626953124,122.510251890831,119.20028230310996,122.46887474567808,4249600
2016-02-24,120.4498062133789,120.51600712852644,116.06409344048902,118.39762834993915,5714700
2016-02-25,122.6757583618164,123.35430824620614,120.17672757341796,120.81390030910757,4299600
2016-02-26,124.3307113647461,125.75399905405226,123.30461642257453,123.8921414795386,5924500
2016-02-29,124.2725601196289,124.90418229452612,123.26695096378738,124.45540045367169,5506400
2016-03-01,128.5277099609375,128.62744911001334,125.22829072021877,125.4526879538992,6490400
2016-03-02,128.1537322998047,129.15935408682685,127.53041646888988,128.61083311208748,5047500
2016-03-03,129.0928955078125,129.36715605884285,127.45565119739848,127.98754698931904,3615800
2016-03-04,130.34776306152344,132.01825708599785,129.05957487450067,129.95715091420578,5256700
2016-03-07,129.10946655273438,129.95716679264987,128.32824216264737,129.64966843197803,2771900
2016-03-08,125.99290466308594,128.17865676482552,125.90979081771204,127.98751013813632,3830400
2016-03-09,124.58837127685548,126.74088556855096,123.98166807107188,126.41676184386088,3250900
2016-03-10,125.51090240478516,127.65511078023626,123.69912412788965,125.00393826158088,4631800
2016-03-11,127.93765258789062,128.12049291072316,126.63283870962142,127.389131619393,4058700
2016-03-14,127.56365203857422,128.36148910648055,126.43337229121396,127.70493542182032,3317900
2016-03-15,126.35026550292967,126.94034336602442,125.41113231797034,126.86553583310236,3731400
2016-03-16,125.11196899414062,127.03179272785864,124.4221771851462,125.42778645950808,4310300
2016-03-17,127.08160400390624,127.97086111390364,123.62427665198766,124.9872597663069,4431700
2016-03-18,130.9794464111328,131.46146619044262,127.87947969047288,127.91273030508351,7413200
2016-03-21,129.89068603515625,132.05982535561216,129.44190427430635,130.68022946476756,4410200
2016-03-22,128.1537322998047,129.30894379917774,127.45562161271444,129.23414894300228,3521500
2016-03-23,128.0540313720703,129.27573165890766,127.64679371599269,128.19531480016363,3633400
2016-03-24,127.1563720703125,127.18960998646816,124.77115529278916,126.65771455826616,3693400
2016-03-28,127.85452270507812,128.51939537005433,126.64114182178352,127.27276387874568,2308600
2016-03-29,128.84352111816406,129.10947526097897,125.90978264271638,127.0483686983379,2919500
2016-03-30,130.06520080566406,131.3284574,128.72714935082303,129.7577024720276,3130600
2016-03-31,130.46417236328125,130.87971630491097,129.6995730324499,129.79929952039473,2927300
2016-04-01,132.82444763183594,132.98234364880372,128.8933935224651,130.03199234050803,3373400
2016-04-04,131.12074279785156,132.9740652819278,130.80492533476055,132.94913365919905,2478100
2016-04-05,129.10946655273438,130.09014385508823,128.4445939219333,130.01534901298817,2822700
2016-04-06,128.9765167236328,129.87409306252854,127.9210317,129.0346862748629,2927400
2016-04-07,125.00389099121094,128.01242409406345,124.1395527715843,127.69660674288556,4786800
2016-04-08,124.89581298828124,127.04832630266174,124.6714158403358,126.38346653026936,3122200
2016-04-11,126.49153900146484,127.90438548367648,125.00389767357294,125.64382603958136,3464300
2016-04-12,128.24513244628906,128.89337979475323,125.74356320062046,126.88214921600655,2732900
2016-04-13,132.84942626953125,132.9657780861263,129.96554979957068,130.09020793113794,5151100
2016-04-14,133.7303466796875,134.86062664344172,132.26762397283264,132.58344140842976,3067100
2016-04-15,131.74403381347656,134.45337531590394,131.47807964614023,133.9962745,3467900
2016-04-18,132.1595458984375,132.97400814755215,130.60540355486802,130.98770940810368,3031500
2016-04-19,135.1764373779297,136.04908218025847,130.48079597126676,131.1041118755881,5832200
2016-04-20,138.77500915527344,139.1656213565846,134.58633307237997,134.63619630124677,4802200
2016-04-21,137.3954620361328,140.3707456520774,137.13781412665807,138.4176966344913,4165100
2016-04-22,138.5839080810547,139.1989176957121,137.67802530864736,137.78605811288818,2680300
2016-04-25,137.20431518554688,139.11582012613223,136.34829555813022,137.96060831078574,2473000
2016-04-26,137.82757568359375,137.9605527538784,136.4812177207879,137.4452824582646,2251600
2016-04-27,138.72512817382812,140.1712250328638,137.07125943350863,137.81924581496398,3323600
2016-04-28,136.53939819335938,139.05760569341777,136.30669464242862,137.4203618434742,2528000
2016-04-29,136.38973999023438,136.86345316622194,135.10155211364508,136.13210495119372,2890800
2016-05-02,138.1101837158203,138.94959062659922,136.29011183318005,137.19599461757366,1998400
2016-05-03,135.58363342285156,136.38978942640415,134.1126047889661,136.0158025347765,2777000
2016-05-04,133.03216552734375,135.1348156,132.21769074889417,133.9712856612161,3203900
2016-05-05,132.58340454101562,133.65551465247725,131.7273853228296,133.62226404671617,2366200
2016-05-06,132.0182647705078,133.1152938,130.48905401307815,131.4697439340838,2307000
2016-05-09,130.9046630859375,132.84941859583148,130.30627872618493,131.47811582081675,2097900
2016-05-10,134.15415954589844,134.22064807600017,131.63596511972682,131.8686686343876,2379600
2016-05-11,132.49195861816406,135.07664107269838,132.3756068834199,134.10427028632466,2096900
2016-05-12,131.37001037597656,134.19570287147488,130.73837574467544,133.2399572960123,2448100
2016-05-13,129.10118103027344,132.7413497995547,129.03469248181693,131.21215122923704,2550100
2016-05-16,129.1343994140625,130.3976434752564,128.48615208015252,129.10114880743643,3177700
2016-05-17,128.5277099609375,130.57219131819843,127.7963613956034,128.60251749309242,2701500
2016-05-18,132.92420959472656,132.97407284301937,128.52774720977257,128.6607243261506,3653300
2016-05-19,128.5692596435547,132.9324698985264,128.41966995045212,131.87698500986744,4712000
2016-05-20,128.411377,129.99045145009168,127.9210381735033,129.45023674794754,3247800
2016-05-23,129.19256591796875,129.72446147897122,127.77141321217036,128.3531720005495,2767600
2016-05-24,130.97113037109375,131.7689802816264,130.01538442247733,130.2065310759218,3038800
2016-05-25,134.01287841796875,134.87720396097663,131.3367752731886,131.36170688722024,3259900
2016-05-26,132.3258056640625,134.0794014973486,132.2842487361716,133.93811808763476,2576100
2016-05-27,133.1268768310547,133.8528828092135,132.11714584227892,132.43424502275616,2157000
2016-05-31,133.0851593017578,134.89601056671518,132.30908564536475,133.85289259841898,2916100
2016-06-01,133.49411010742188,133.97811853216706,130.18116533003223,131.76670007082893,2581600
2016-06-02,132.9182586669922,133.7944802786464,132.23397992331462,133.63592431526277,2257100
2016-06-03,129.9057159423828,130.6317218516394,128.3952834154427,130.06427188425988,4329300
2016-06-06,131.06568908691406,131.77501442383695,129.9891969081757,130.3897506568488,2540400
2016-06-07,129.48851013183594,131.40785002991683,129.48851013183594,131.18253294940664,2489700
2016-06-08,129.04623413085938,130.66515556293555,128.43705668684524,129.5135490322059,2426800
2016-06-09,127.81951904296876,128.75414879370803,127.227035087902,128.33690155021725,2711700
2016-06-10,125.0823745727539,126.55943333788072,124.81534296589976,126.30074209164312,4335700
2016-06-13,124.03089141845705,126.27568311437676,123.99750451589368,124.33965023361972,3385800
2016-06-14,121.9947280883789,124.38138238050315,121.37719770042617,123.68875055889173,5069600
2016-06-15,121.96969604492188,124.08930607026066,121.75271936671032,122.8041903866632,2981400
2016-06-16,122.36190795898438,122.66232642779792,119.77497043679152,121.00167812333238,3499200
2016-06-17,121.53582000732422,123.6971584449834,121.3856170580104,122.36197442868988,4296500
2016-06-20,123.2965087890625,125.5913676666931,123.15464631372248,123.92237939205266,3338900
2016-06-21,123.7972412109375,124.1977949313122,122.77080399825336,123.92241026937548,2424600
2016-06-22,123.62200164794922,125.27429701787798,123.49683257953576,123.5135132997414,2487600
2016-06-23,127.39395904541016,127.51078778956985,125.29102891715792,125.64151514963692,2940500
2016-06-24,118.38135528564452,122.186647,117.59692865018204,119.35771203402707,9442200
2016-06-27,116.42033386230467,117.8556655535264,115.32714800368996,116.88766152149746,7381000
2016-06-28,118.8403549194336,119.01559161917235,116.67901740015895,118.67345857998612,5041500
2016-06-29,121.41893005371094,121.46065731861714,119.27427342459174,119.83339585426272,3804100
2016-06-30,123.98919677734376,124.2395476789442,121.31046377695765,122.3953091949758,4528600
2016-07-01,123.71377563476562,125.7582840513639,123.56357277805397,123.9140588437532,3096800
2016-07-05,120.54268646240234,122.62058163577284,119.60805701897682,122.43699189033266,3943000
2016-07-06,121.4857177734375,121.78613631992296,119.01560830973752,119.28265267700291,2941800
2016-07-07,122.6706771850586,123.580273027904,121.30210687409766,121.83618278243914,2578300
2016-07-08,125.49129486083984,125.94191631643676,123.76388502540286,124.64010685207192,3281400
2016-07-11,127.0016860961914,127.66093097255684,126.32574776893624,126.41754264877164,3041600
2016-07-12,130.94882202148438,131.2242066222095,128.44533954220532,128.51210060299056,5110800
2016-07-13,131.7833709716797,132.07544914237857,130.30631212945735,131.01563755351134,4276400
2016-07-14,135.6387176513672,136.22287393304538,133.52744778389987,133.7611052032214,5087700
2016-07-15,134.8876953,136.13943710743166,134.10326841700268,135.9057796577145,3078400
2016-07-18,136.2979736328125,136.93218480095388,135.19643489862705,135.4885130357328,4734500
2016-07-19,134.69577026367188,136.9238692154663,134.12830734034466,135.2048124556578,5399700
2016-07-20,134.99615478515625,135.93078438400212,132.8681916425088,135.64705936054867,3547800
2016-07-21,133.5608367919922,135.10464385583398,133.32717936899587,134.94610060930935,2855500
2016-07-22,133.86123657226562,134.12826813260372,133.40226215080807,133.76108859543768,1811700
2016-07-25,133.9447021484375,134.62899372255092,133.19366222241672,133.21869603772575,1956100
2016-07-26,134.48709106445312,134.77081604221712,133.03506654289484,134.0865246722756,2150100
2016-07-27,134.34527587890625,135.3299732896387,133.86126753463284,134.52051259548543,2317200
2016-07-28,133.9614258,134.32026510380857,132.55112777872006,133.66934755901346,2047400
2016-07-29,132.5260772705078,133.6776838226445,132.39255508667648,133.1102209080495,2388200
2016-08-01,132.0002899169922,133.45231444720943,131.7916663615032,132.52602535150334,2316300
2016-08-02,130.23123168945312,132.23402646868456,129.65542834959132,131.55807511316567,3182800
2016-08-03,132.13385009765625,132.6428922289676,130.3313390031726,130.5566560733268,2284700
2016-08-04,131.89186096191406,132.6011736613568,131.35778498035538,132.0337235018026,2005700
2016-08-05,135.2632293701172,135.29661628547777,132.8515404370961,133.3105150229743,2676100
2016-08-08,135.88075256347656,136.84041622705516,135.19646090303664,135.27157509181475,2266600
2016-08-09,136.38978576660156,137.3411090057452,135.6053588840246,135.6053588840246,1957400
2016-08-10,135.3466797,136.52332011626294,135.19646403983518,136.3981382876461,1656100
2016-08-11,136.74029541015625,137.0657478180146,135.1297140960218,135.35503121942466,1827700
2016-08-12,136.2312469482422,136.33138222813287,135.2465494069774,135.74723853980822,1440800
2016-08-15,138.15054321289062,138.39254097349962,136.69017808956912,136.7485860731478,2222200
2016-08-16,138.2340087890625,139.16029819311214,137.45793501632184,137.68325209659758,2523800
2016-08-17,138.2506866455078,138.7931156491635,137.47461296033194,138.4760037003609,2061700
2016-08-18,138.5761719,138.9934192,137.3828507035413,137.9753347415708,1750500
2016-08-19,138.71795654296875,139.27706608560484,137.2742852542705,137.99195071994978,1840900
2016-08-22,138.74307250976562,139.2855016589402,137.5998189420882,138.5261084901223,1448100
2016-08-23,138.59280395507812,140.06986231507486,138.50934943830282,139.36053712259925,1965500
2016-08-24,137.94195556640625,139.1102428761265,137.56643555495165,138.34250939639938,2035300
2016-08-25,138.4425811767578,138.5594098541488,137.36608927318156,137.75830256157366,1441400
2016-08-26,138.5010223388672,140.2534654919404,137.99198029789812,139.16026724436512,2402200
2016-08-29,139.2520751953125,140.07822922786366,138.65123821407056,139.0267708773772,2620900
2016-08-30,141.89102172851562,142.00830729863588,139.25209000922553,139.25209000922553,2934100
2016-08-31,141.96641540527344,142.61986534230925,140.2992730984852,141.7904806761482,3688200
2016-09-01,141.17054748535156,142.47746025428623,139.6207033876334,142.41881107850963,2843300
2016-09-02,141.73184204101562,142.20099709250184,140.6595132039547,141.17893167230812,1747500
2016-09-06,141.85751342773438,142.24287481266185,140.29928358833592,141.3464807174164,2034900
2016-09-07,142.14236450195312,142.59476087287797,141.28784796600476,141.32973841267108,1584300
2016-09-08,143.80950927734375,143.99381701889553,141.33812628511555,141.87429077421987,3031600
2016-09-09,141.2208251953125,144.4461847519563,141.17054899418025,143.11415304323975,3411800
2016-09-12,143.30682373046875,143.81785641602218,139.26045268580822,139.9139026400349,2647900
2016-09-13,139.90550231933594,142.39364311377614,139.38609676061947,141.19564324307737,2788200
2016-09-14,139.20184326171875,140.62602900750042,138.72431516557546,139.9055567667163,1995900
2016-09-15,140.8103027,141.37997178179776,138.86669891410867,138.88345764584665,1645200
2016-09-16,139.06781005859375,140.7852162936624,138.74108499207208,140.61766727191272,4534900
2016-09-19,139.2436981201172,141.00298143295348,138.79967482586565,140.19035552779815,2030700
2016-09-20,139.46151733398438,140.97785663861157,139.3944951878525,140.4751969342063,1532900
2016-09-21,139.93069458007812,140.9778919069261,139.00915581918372,140.25741963472785,2333600
2016-09-22,140.76002502441406,141.85748535318874,140.4919364765053,141.1202546296052,2467700
2016-09-23,138.3389434814453,140.82708505996857,138.2719213264315,140.5338647296793,3421200
2016-09-26,135.28109741210938,137.3671184957721,134.87897733226885,137.24983293985335,2772200
2016-09-27,136.4623260498047,136.93146822989098,133.89041703284386,134.64439371038745,2602700
2016-09-28,136.93148803710938,137.21632257576815,135.4486533880707,136.83933418246477,1678100
2016-09-29,133.1616211,137.35879652561476,132.17307286724736,136.87289538976427,3733800
2016-09-30,135.1051788330078,136.06022203588242,132.19815878554877,133.99933260695977,4497200
2016-10-03,134.93765258789062,135.48219003496175,134.25068506815725,134.46012451444142,2444700
2016-10-04,135.9429473876953,137.5179231923358,135.07167220939633,135.0800579677367,2469900
2016-10-05,139.40292358398438,139.54535369061918,136.56292452629873,136.82264023950094,2548200
2016-10-06,140.03118896484375,140.14847452692976,138.0792248493767,140.05632067220736,2858000
2016-10-07,142.27638244628906,142.40204097982692,139.26883556738946,140.32440559860896,3390200
2016-10-10,143.2900848388672,143.88489848631627,142.50260326478093,142.85445999784142,2532000
2016-10-11,141.61453247070312,143.14763034113827,140.66787511943386,142.2847410760599,2680000
2016-10-12,141.8323974609375,142.41045238565377,140.99463966469236,141.6145722526853,2404000
2016-10-13,140.25735473632812,140.43328943042695,138.65723489333405,140.40815772886492,2713700
2016-10-14,142.8544464111328,144.89019148375888,141.673205,143.7592262600226,5282300
2016-10-17,141.58106994628906,143.48278375503267,141.12030059397193,142.83770666178867,3061400
2016-10-18,144.62210083007812,145.32581415707352,143.34033270477698,144.10268241743864,4482500
2016-10-19,146.19708251953125,147.17725743350329,145.0828633139475,145.2420393123405,3676000
2016-10-20,146.19708251953125,147.26941128609042,145.60228174815106,145.7698307210821,2471100
2016-10-21,146.3311004638672,146.52378110888688,144.52154120242648,144.79800271041032,2004400
2016-10-24,146.7081756591797,147.2694719805688,146.06311120838515,147.02652778716882,1943200
2016-10-25,147.06834411621094,147.41182778821195,146.30598165879385,146.64107957386028,2423300
2016-10-26,148.34176635742188,149.03709401930752,145.71119483163818,146.43166698576434,2533800
2016-10-27,148.91140747070312,149.83294590727627,147.92285967798466,149.28002284533238,3021900
2016-10-28,148.40040588378906,149.54812989953905,146.99297901336593,149.54812989953905,2042800
2016-10-31,149.32191467285156,149.53972704027012,148.4757713414254,148.85275969329706,1828200
2016-11-01,149.17108154296875,150.10936574629594,147.95633586191192,149.95857554925985,2900600
2016-11-02,147.9312744140625,148.7020100589794,147.50402253639749,148.34178033954666,2104800
2016-11-03,147.6212921142578,149.0957411,147.6212921142578,148.09043438785568,1972700
2016-11-04,147.3783416748047,148.56795614444243,146.38140790815586,147.72182541986618,1846500
2016-11-07,152.03627014160156,152.0530288755858,149.95863453845652,149.95863453845652,3338800
2016-11-08,152.40487670898438,153.0415679484284,149.5062422738872,150.88853734257307,2646200
2016-11-09,161.37728881835938,162.13963869979824,153.68666558075302,154.98519272508358,7823800
2016-11-10,168.28038024902344,171.46386197372897,162.52498910683326,162.96899965235832,11345400
2016-11-11,170.8522949,171.74031597379863,166.08545191124674,166.08545191124674,6290200
2016-11-14,175.24215698242188,177.41195923265488,171.0282365953552,171.0282365953552,8248100
2016-11-15,176.92605590820312,176.93442888350873,171.88275082669222,173.0472335525899,4893800
2016-11-16,172.79591369628906,174.32063897941657,171.59792621654813,173.709079384275,5276200
2016-11-17,175.6191864013672,175.66944982826638,172.3016596111442,172.79593368654702,3572400
2016-11-18,176.2223358154297,177.66328006987644,175.69454437828702,175.82020291895532,4278200
2016-11-21,176.83384704589844,177.3448796102962,175.24210019430257,177.15219897285047,2860200
2016-11-22,176.85906982421875,177.56278338845337,175.8370041690904,177.0685092980865,2945700
2016-11-23,177.86431884765625,178.7858573459838,175.40130939136887,177.18573721850908,3717400
2016-11-25,177.08523559570312,178.23295961163646,176.76688356312712,177.0684768615758,1974000
2016-11-28,176.2223358154297,177.40356444721542,175.5940175457524,175.92911550964644,3297400
2016-11-29,177.9450225830078,178.92823557283094,176.40717267909295,176.46600363488554,2577600
2016-11-30,184.28135681152344,185.5250908669148,180.65103156365112,180.84430953359683,6507900
2016-12-01,190.44956970214844,190.89495662040733,185.1721437679013,185.6595382,7606500
2016-12-02,187.7015686035156,190.13019242701984,185.9032106112612,189.9201038166032,5297400
2016-12-05,192.0629730224609,192.6091982,189.28140241072643,189.51670058301409,4599300
2016-12-06,194.4412384033203,195.52529012254587,191.5167953591536,193.4328026927565,5259300
2016-12-07,197.95388793945312,198.39927476256548,193.6176559931003,193.6176559931003,6595200
2016-12-08,202.9035797119141,203.7187245555389,198.32365051665963,199.0631665371336,7343700
2016-12-09,203.2397308349609,203.36577887456824,200.7438770684043,202.1976866906384,5456000
2016-12-12,199.3068848,204.0632945407496,198.6345985688892,202.1052669232981,5022000
2016-12-13,200.4665527,201.83632174188108,197.9118680750279,200.84470966500197,4680500
2016-12-14,201.62620544433597,204.30693777148628,197.7941918043526,198.04630066441243,6172400
2016-12-15,204.2061462402344,206.3658634891557,203.04645291137905,203.77757005568847,4829700
2016-12-16,200.7606964111328,204.3658246032307,200.34051913708456,204.0380868423848,6876400
2016-12-19,200.90353393554688,201.4665698486588,198.5421272842693,200.2900659869464,3743300
2016-12-20,204.2817840576172,204.75238055299263,201.8783695366988,202.12207953645645,4487700
2016-12-21,202.8951568603516,203.7018898577551,201.7522744283717,203.5674429067144,3277800
2016-12-22,201.7858887,204.0884642784341,201.30689334538204,202.71868254219305,2636500
2016-12-23,202.5001983642578,203.28172179194175,200.7690703726741,201.2984849188247,2187500
2016-12-27,202.9960174560547,203.8615815076156,202.02120322347247,203.32375517632732,1998200
2016-12-28,202.23129272460935,205.4666624776064,202.05482547134264,204.78597742656643,3053000
2016-12-29,200.15562438964844,202.58426115277345,198.8614841292557,202.31534156356403,2619000
2016-12-30,201.2229004,202.1052752588084,199.5001709475609,200.43296503859025,2355500
2017-01-03,203.0043945,205.8615940238981,199.9791139202669,203.9539861713397,4384200
2017-01-04,204.31539916992188,204.4750685808524,201.71029502091207,202.8951979751722,2728700
2017-01-05,202.79437255859372,204.39944005440705,198.97915560046928,203.970863836592,3562600
2017-01-06,205.8028106689453,206.89527407685807,202.83636032781416,203.6094849243761,3591100
2017-01-09,204.1136474609375,205.62628770655627,202.9203459401684,204.41617551006124,3022800
2017-01-10,203.84478759765625,204.57589187485175,200.88673630690624,202.4161747568588,3432900
2017-01-11,206.5255279541016,206.5927578563036,203.3657994873628,204.01287607611363,3532600
2017-01-12,204.91204833984372,206.2818303459024,203.00445276288235,205.9372819,4022300
2017-01-13,205.29856872558597,208.2145993239788,204.1304767007823,206.24816041444737,4186100
2017-01-17,198.10516357421875,204.2565515087795,197.9959133919209,204.15571307760692,6277200
2017-01-18,196.88661193847656,199.7438243774391,194.55883965781152,198.3236234965169,7590500
2017-01-19,194.4664001464844,197.2731805537844,193.80251303968396,196.7017457597284,4561800
2017-01-20,195.1302947998047,195.9958588311963,193.7353033776973,194.64288769487112,5211800
2017-01-23,195.5252685546875,196.43285290040615,193.9117895476737,194.84458350109637,3136200
2017-01-24,196.37403869628903,198.3740865634731,193.98743492945292,194.84460013293076,4448200
2017-01-25,199.3741149902344,199.44134489229603,197.05474107167453,197.92870415289065,3716800
2017-01-26,201.3321533203125,202.3489751889501,199.55900463034453,199.55900463034453,4195600
2017-01-27,199.12196350097656,199.97912854055312,198.33202834909127,199.07994321832075,3253100
2017-01-30,196.55889892578125,198.56734552997608,194.5588640725958,197.9707010567033,3803300
2017-01-31,192.7100982666016,196.9370803356747,191.73528397838004,195.6765486,5156400
2017-02-01,193.84457397460935,195.68495240972263,192.8781714137781,193.7101141750595,4024500
2017-02-02,193.6260986328125,195.23957786082468,190.8025067780929,192.0294172637096,2775700
2017-02-03,202.48341369628903,202.61787349341773,196.81102083569257,197.07994042994991,7381000
2017-02-06,201.66827392578125,204.752373472488,200.98758881688093,201.3489479279864,4639200
2017-02-07,201.36575317382807,202.8952046098152,201.17247521770423,202.6514946095438,2660200
2017-02-08,199.77740478515625,200.79423903162655,198.58410333355192,200.25641284466704,2744700
2017-02-09,202.9876251220703,204.44983369565367,199.5169570520516,199.7774648865272,3550800
2017-02-10,203.97085571289065,205.18096830651743,202.7187228275532,204.51708103675065,3072800
2017-02-13,206.9541016,207.97092330343335,205.4582716126041,205.4582716126041,2998200
2017-02-14,209.63482666015625,210.08861242095736,206.46668679446665,206.7355936,4141500
2017-02-15,210.54244995117188,211.7273530940469,208.83653102467565,210.57607131818932,4296600
2017-02-16,209.61795043945312,210.74402197247036,208.7775962525232,210.3406555531244,2286300
2017-02-17,210.4080047607422,210.55926244523823,207.66004142058,207.99617815687864,3262300
2017-02-21,211.5675811767578,212.3154959456851,210.6852194732685,210.9289165635262,2794900
2017-02-22,211.5423889160156,212.06341731276163,210.08857953600744,210.1389987434498,2378800
2017-02-23,211.08865356445312,211.6852980918549,209.51719471807132,211.18949200338477,2594700
2017-02-24,207.86170959472656,209.14745107075225,206.8112663742616,208.15582600278083,3565400
2017-02-27,209.5255584716797,209.8869046990497,207.2397935391561,207.74401129475015,2372600
2017-02-28,209.0031890869141,209.7951890463472,206.9389418061131,208.9526380863217,3627100
2017-03-01,212.9210968017578,214.9769107121793,211.69938740642468,213.76364791229943,5218300
2017-03-02,211.53086853027344,214.21018760489355,211.4550420198629,213.60354980899123,3020000
2017-03-03,213.07269287109372,214.63983803201745,211.5308232082248,211.5308232082248,3163700
2017-03-06,212.3312530517578,212.93789074360757,211.059005788846,212.4660642846815,2467000
2017-03-07,211.39602661132807,213.1653887354496,210.8989246,212.7356923824748,2497300
2017-03-08,210.8399658203125,214.65672080283707,210.3091545789323,213.6877794438683,3574400
2017-03-09,210.78941345214844,212.94635491830888,210.23333953539284,211.66567373509363,3061500
2017-03-10,209.27279663085935,212.2385665419622,208.0005365439762,212.1880155449773,3365900
2017-03-13,209.08741760253903,210.0647796533963,208.28699688321677,210.0647796533963,1801100
2017-03-14,208.71673583984372,208.80941696458063,206.77044507667625,207.9500113403208,2144200
2017-03-15,207.9247131347656,210.8736413281826,206.8967999931272,209.24752423826845,3427000
2017-03-16,209.13803100585935,210.80627855166995,208.37130643424655,208.8262912189372,2940600
2017-03-17,205.5318756103516,210.36810971320057,205.4644699932967,210.36810971320057,5438100
2017-03-20,204.01528930664065,206.3660008324882,203.49291182452055,205.0095061265065,2759100
2017-03-21,196.3143615722656,205.00105937710237,196.1374202248033,205.00105937710237,5660900
2017-03-22,194.68826293945312,196.2469745532384,193.0789874670968,194.81464044511137,6291300
2017-03-23,195.3875274658203,197.68770043094457,193.74455595952088,194.41859917798615,4770700
2017-03-24,192.4470672607422,196.90415616850865,191.2337918251054,196.31437306960387,6387300
2017-03-27,189.97840881347656,191.3180747654717,186.07740616019572,188.1416536794628,9194800
2017-03-28,193.22219848632807,193.57606831982525,189.65821179667995,190.06263262691857,4471200
2017-03-29,192.48077392578125,193.76145504918725,191.69720766458207,193.27277392504143,2636000
2017-03-30,194.81466674804688,195.4718555788157,193.2643758065568,193.3486232029343,3156800
2017-03-31,193.5508270263672,194.46078369744436,192.71669686380264,194.23329131559788,2858400
2017-04-03,192.9105224609375,193.87103028507056,190.0542744952541,193.78677002514408,3735600
2017-04-04,193.16323852539065,194.3680931,191.4949911374388,191.8657156361632,3042700
2017-04-05,191.81515502929688,196.22169295929444,191.52025705017405,195.59820061935548,5286900
2017-04-06,192.6408691,193.8878410792124,190.17220076612836,191.33491245824948,2927200
2017-04-07,192.00051879882807,192.80093964757089,190.6103019871415,190.92205458774805,2853300
2017-04-10,192.85150146484372,193.60979223643287,191.2169504374144,192.1016315751405,2653900
2017-04-11,191.8825836181641,193.2812086112369,189.9025834785989,191.91628000389096,3374700
2017-04-12,190.20590209960935,192.31227975298268,189.7677719479412,191.8067439736495,2947500
2017-04-13,188.1584930419922,192.24485762502005,187.95627617635333,189.72562553953904,3653700
2017-04-17,190.63555908203125,191.15794937430795,187.90570243593407,188.64713847427456,4190900
2017-04-18,181.64553833007807,185.2685096294206,179.61498765510518,184.78826232051216,12464000
2017-04-19,180.38172912597656,182.98520846623472,179.97730827125372,181.8814687828681,6428800
2017-04-20,183.7266845703125,184.5018300132343,181.1484803488683,181.5697558845633,5168200
2017-04-21,182.71563720703125,184.6703491288111,182.31121626740608,184.13955066314992,3845700
2017-04-24,188.0742645263672,189.41391773939952,185.6140167661329,186.3554530192642,5353500
2017-04-25,190.9473571777344,192.08479343269084,189.70037231101517,190.585053524632,3996900
2017-04-26,190.58506774902344,193.2475324711962,190.4923866081785,191.3433714985667,3765300
2017-04-27,190.25640869140625,191.0062784466996,188.32697286811413,191.0062784466996,2805800
2017-04-28,188.56292724609372,191.06530488891596,188.49552161944936,189.8351747011961,2936600
2017-05-01,189.44757080078125,190.7450935011945,186.1447600325715,189.48968805980084,3004800
2017-05-02,189.6750030517578,190.28164056373467,188.0404526920592,189.45594450543956,2602400
2017-05-03,190.6776885986328,190.99786204873467,189.0010205666505,189.1105434393384,3042200
2017-05-04,190.9136657714844,192.8515360261001,189.41392572330685,192.3207246770752,2935400
2017-05-05,191.14952087402344,191.6550565626422,189.82672263035136,191.15795461116127,2435800
2017-05-08,189.5992431640625,191.5455338417324,189.23695241911088,191.048431856484,2316800
2017-05-09,188.5291748046875,190.89675350801815,187.8298560518425,189.96994242441505,2145400
2017-05-10,189.4728546142578,189.8688545743486,187.93940577198177,188.27643385307323,2630400
2017-05-11,189.3717193603516,189.6497626761828,187.1726611863276,189.02628329186916,2440300
2017-05-12,187.73719787597656,189.14425633747103,187.4507207989289,188.3017054367218,2166100
2017-05-15,189.6750030517578,190.89671181046037,187.76242228401415,187.99833544352708,2468100
2017-05-16,190.07945251464844,191.107365448268,189.0768150747815,189.94464131043185,1710700
2017-05-17,180.07003784179688,190.0795498977118,179.56450199513648,190.0795498977118,7525700
2017-05-18,181.2832794189453,183.34752683381916,180.18796052850973,180.3059171563223,4792400
2017-05-19,181.4770355224609,183.50758625107989,180.30589030064823,181.0389054602824,3747100
2017-05-22,182.0079040527344,183.3728328094391,181.48551359448723,183.1453403978849,2506100
2017-05-23,185.0579071044922,186.02683564327256,180.86200658869967,181.96574637734935,3308800
2017-05-24,188.58816528320312,189.0684126002116,184.89778830950075,185.36119386542555,4141600
2017-05-25,187.4423370361328,189.95313561779628,187.29910489739893,189.07688816427452,2640000
2017-05-26,188.3354339599609,188.92521711988485,186.35543386274284,187.05475277247712,1787100
2017-05-30,184.6495056152344,188.04796641417133,184.30289370174845,187.53227960861025,3097800
2017-05-31,178.5966033935547,184.54814010981625,177.21016806185617,184.4974189,8312000
2017-06-01,181.7667694091797,182.5445243940822,178.1992329765158,179.73784448331145,4057900
2017-06-02,180.32962036132807,181.9358644829117,179.1460829,180.0168310885251,3692000
2017-06-05,180.90447998046875,182.4430785585021,179.79701149403067,180.13517424165713,2696600
2017-06-06,181.3609313964844,182.62056308232667,179.6278848997335,179.6532454860617,2891300
2017-06-07,182.4176788330078,183.64348789366971,181.17495841369487,182.07106692839136,2679400
2017-06-08,184.9369354248047,186.83060776729295,181.44549437716253,182.41768468760984,3765600
2017-06-09,188.0479736328125,189.2399729520193,185.77387948328104,186.68689941504024,4455400
2017-06-12,187.59994506835935,190.4066248882126,187.59994506835935,189.054012614646,3388200
2017-06-13,189.5358887,191.73390149118785,188.32699065096628,188.8173169844927,2767800
2017-06-14,191.4887542724609,191.85227767414315,187.4731628864184,188.5129989961946,3652900
2017-06-15,188.71585083007807,191.35346864117076,188.35234039145496,190.05156464796707,3378900
2017-06-16,187.5153961181641,189.08781735737335,186.94053881975535,188.22551851017104,3758300
2017-06-19,191.1674652099609,191.9367579737556,188.6143915389601,188.88490881094788,2900900
2017-06-20,190.29673767089844,191.51408487529585,189.5274319246856,190.643336753614,2264200
2017-06-21,188.0902557373047,190.15299025051095,187.616827936338,189.82328966565208,3015300
2017-06-22,185.79080200195312,187.59146848422947,185.38500674151763,187.2025974841313,3344600
2017-06-23,183.6096954345703,186.56855139846013,182.99256623112944,186.4079257250577,4448700
2017-06-26,186.3571777,187.6506192662612,184.0408118977412,184.5142267199236,2589500
2017-06-27,186.2219390869141,188.02261841204583,185.6132591150269,187.5407413928068,2899400
2017-06-28,188.70741271972656,189.89941227866808,186.6193044085336,187.56613435059697,3482800
2017-06-29,189.7134246826172,193.41621340900105,188.5467857265781,193.0611521831609,5063400
2017-06-30,187.5914306640625,191.0997955857392,187.28709072988795,190.47420436005095,3154300
2017-07-03,192.1396484,193.65289911670027,188.87645253717932,189.7556626624281,2846600
2017-07-05,192.78216552734372,193.52611067722088,190.38973018320604,193.0696070895353,2772000
2017-07-06,191.6408843994141,194.48983599729692,190.42352439925375,192.72297931075903,3076600
2017-07-07,190.4488983154297,193.16259791394603,189.7218645366675,192.9427889043453,2697600
2017-07-10,190.92233276367188,192.1904141655022,189.3330128450998,189.5950809375435,2357500
2017-07-11,191.8606719970703,192.7060594,189.9331897153756,191.09136635054097,2742900
2017-07-12,192.23263549804688,193.6106210529912,191.11673086611427,191.39569734940665,2567300
2017-07-13,194.7772674560547,194.98016509221495,191.86068327154183,192.2326558213745,2852600
2017-07-14,193.25555419921875,194.1093907825317,190.2966984615204,192.0889155,3703600
2017-07-17,193.8135528564453,194.13480426622183,192.0805186289854,193.3654985,2551800
2017-07-18,188.7834930419922,194.7434778909389,188.3185273063343,192.3256689651082,6400700
2017-07-19,188.41148376464844,189.5358505429891,187.3970214750411,188.44530648406848,4884600
2017-07-20,187.92962646484372,190.00927229891016,187.3463070798093,188.52139508024524,3497800
2017-07-21,186.13739013671875,187.93806941300977,185.21592097356776,187.5830082556375,3446600
2017-07-24,184.44664001464844,185.7569932299133,184.29447645524988,185.08914277545915,3123100
2017-07-25,187.32095336914065,188.41149750760684,186.1374031952793,186.2726682836501,3509500
2017-07-26,187.88742065429688,189.14705300017465,187.5661692,188.0564956182742,2792500
2017-07-27,187.2364044189453,188.2762402457402,186.3487450373644,187.5407444097848,2812500
2017-07-28,189.03707885742188,189.08780003797813,186.71226348494767,187.48156912228572,2483200
2017-07-31,190.4911346435547,190.63484894625103,188.5636525021405,189.3244959633771,1994900
2017-08-01,191.90298461914065,193.2725083991261,191.67472635594604,191.97906640700847,2986800
2017-08-02,191.28582763671875,192.52008612681396,190.69405898396155,191.39571923678065,1863300
2017-08-03,189.35836791992188,191.68318375549129,189.34145655650505,191.0575923049763,2106400
2017-08-04,194.26158142089844,194.26158142089844,190.26290229216164,191.09984053288804,3400300
2017-08-07,196.9076385498047,197.0851755858354,193.83887805256128,194.27003389738363,3809800
2017-08-08,196.17218017578125,199.36774402772855,195.8762893785457,196.4680580734267,3322500
2017-08-09,195.2928924560547,195.69868759981384,193.64438999573613,194.7095861236227,2571100
2017-08-10,190.63487243652344,193.97415032722324,190.60951184466307,193.6106399108321,3325500
2017-08-11,189.4936065673828,191.63243595107417,188.22552529327692,190.2713744338068,2956600
2017-08-14,192.20730590820312,194.2954141020228,191.31119720632225,191.37036762458,2266100
2017-08-15,192.40171813964844,194.95479173761052,192.32563636841485,194.0755945043166,1867000
2017-08-16,190.7278594970703,193.60217161277984,190.21217264635663,192.968131037292,2393900
2017-08-17,187.1857147216797,191.04068,186.92364663818583,189.68806761165416,3460300
2017-08-18,187.80284118652344,189.4428951159179,186.45022883105295,186.6531135895988,3149300
2017-08-21,186.65310668945312,188.0141811259408,185.31740574643612,188.0141811259408,2203300
2017-08-22,189.01173400878903,189.18080892458715,187.10961218198483,187.5576665136649,2021300
2017-08-23,188.30160522460935,190.05155053802355,187.10960582441217,187.5914699630435,2568000
2017-08-24,188.5129852294922,189.84869918304565,188.1748224503445,189.1723865243413,2263000
2017-08-25,188.0733642578125,190.16992171393693,187.7859355943902,189.0624661169469,2232500
2017-08-28,186.28111267089844,188.59746581557224,185.02148084215247,188.4453022803401,2641600
2017-08-29,186.5865478515625,186.7307530275782,183.01530492014075,184.30468635886317,2369100
2017-08-30,188.6732635498047,190.20016064975337,186.69678187926627,186.832508942294,2411400
2017-08-31,189.79299926757807,190.4292053,188.80899744051172,189.37733997589172,2240600
2017-09-01,191.6082763671875,193.0333715237196,189.61482582170603,190.48006956311116,2346900
2017-09-05,184.7372894287109,190.01355984930387,184.3301211389692,189.8863238036491,5646200
2017-09-06,185.62796020507807,187.48568392961675,184.59306400185244,185.7551962367677,3613600
2017-09-07,183.0916290283203,185.61100621021836,182.07370186092575,185.54314267323923,3594600
2017-09-08,184.25376892089844,186.00969096823852,182.7183807109195,182.81169145358515,3120900
2017-09-11,187.51959228515625,188.22366179874635,185.7636704882242,186.6798086645712,2971500
2017-09-12,191.6676788330078,193.1436815704977,188.3339652495982,188.77505880399195,3745800
2017-09-13,192.18511962890625,192.6771205226536,190.6242972413495,191.07388181011697,2383500
2017-09-14,192.4311370849609,193.49148054929583,191.7525146790574,191.79493100636,1986600
2017-09-15,191.04840087890625,192.73647194341476,189.8608216509785,192.6855645962383,4365800
2017-09-18,193.0079498291016,194.25491472769232,191.4216802,191.9645755270556,2466800
2017-09-19,194.17860412597656,195.2219785946913,192.83832827449584,193.415149,1858000
2017-09-20,194.92503356933597,196.50282499631209,193.8307649242668,194.67903960664876,2682300
2017-09-21,196.19741821289065,196.8845314823923,194.594179804672,195.00983900074445,1800800
2017-09-22,195.9769287109375,196.3671408195227,194.15314304324687,195.64610205212145,1861800
2017-09-25,195.3237305,196.68097518501423,193.7120136938755,195.75635885567723,2261800
2017-09-26,195.0522918701172,196.32470395456835,194.2803588,195.8327030620098,1770000
2017-09-27,199.14096069335935,199.85352126701147,197.57166028991247,198.5556620324817,3072100
2017-09-28,199.7432403564453,200.36247724993115,198.07213819782865,199.34455022051276,2121800
2017-09-29,201.2022705078125,201.55006622805288,198.9797950203487,199.35302500148487,1902300
2017-10-02,204.1372985839844,204.51903254867625,201.12593379510977,201.2107534977622,2501300
2017-10-03,204.9601287841797,205.88475804395333,203.3229648268309,204.49358805429543,2010800
2017-10-04,203.84884643554688,206.02891814997963,203.6876722068669,204.9600839781614,1840400
2017-10-05,208.72645568847656,208.94701537864063,203.6877022597305,204.43418808432804,3521300
2017-10-06,208.6925506591797,209.59171979320848,207.4964801950945,208.93006654576672,2396100
2017-10-09,205.9610595703125,208.9724367565888,205.29940646887783,207.9544969602504,2165200
2017-10-10,205.79139709472656,206.74993846974655,205.02794228515523,205.96104940452855,2187100
2017-10-11,205.6217498779297,206.3003721203064,204.73107193743067,205.2824452285627,2175700
2017-10-12,203.4162750244141,206.4870252870232,202.5255840034188,205.5624089733357,2148200
2017-10-13,202.33897399902344,203.11938521160897,200.9053876082132,202.73766416488115,2491000
2017-10-16,205.63026428222656,205.92715264826032,202.1862712194546,202.3983398853262,2969200
2017-10-17,200.26919555664065,207.7340164,199.5057534097872,207.3522953541043,7088400
2017-10-18,205.3078765869141,205.8338026359411,200.9307770521807,200.9307770521807,4235900
2017-10-19,203.5774383544922,204.4257130063309,201.97419978026272,203.8828177468999,2710900
2017-10-20,207.59829711914065,208.0394037,204.15430335382268,206.08836894561352,3022800
2017-10-23,205.3927459716797,208.10722227385696,204.7565399816236,207.30984202867023,1963300
2017-10-24,207.69155883789065,208.88762918150596,206.1307366136282,206.63970657284773,2285300
2017-10-25,205.0364990234375,209.09972945020695,204.2645659,208.81131913675063,2904300
2017-10-26,205.04495239257807,206.97901758699788,204.88377813576912,205.79991632422755,1948800
2017-10-27,205.0364990234375,205.65573597730452,203.306011255408,204.30698220821836,2111500
2017-10-30,204.3409118652344,205.7829764069426,203.18725764313865,203.67078048217653,1764400
2017-10-31,205.68963623046875,207.1317005658284,204.1203358733825,204.16273925152865,2658700
2017-11-01,207.19956970214844,209.86315169277995,206.0544066446697,206.8857122109619,2969600
2017-11-02,209.4220733642578,210.15159016331916,206.4531117542529,207.5643496001572,2509100
2017-11-03,207.3183441162109,208.9131047912057,206.2919389152034,208.1411717,1954600
2017-11-06,206.5463714599609,207.4709875978593,205.00250559127133,206.55484954561092,1744800
2017-11-07,203.42474365234372,207.8103220807152,202.60191619863937,206.90267492740216,2483900
2017-11-08,204.64627075195312,205.5539308911392,201.5076569602376,202.90730503351847,2349800
2017-11-09,204.25604248046875,205.5963179492239,201.7536349104773,203.1702519894647,2122400
2017-11-10,203.7131500244141,206.4021920289782,203.5859140056181,205.0195002210573,1845600
2017-11-13,203.8149414,204.3493456016288,201.17680688716365,201.8639072409672,1953900
2017-11-14,201.2447052001953,204.33242475481237,199.87898234275056,203.28903749884745,3000200
2017-11-15,201.55856323242188,202.01662590077973,198.1145698292181,199.3191184171988,2564100
2017-11-16,203.0515594482422,204.17128853347904,202.05907936468105,202.2117755779624,2304300
2017-11-17,201.9063873291016,202.8055566165214,201.14293218313676,202.6189351104176,2826400
2017-11-20,201.9996490478516,202.5510223997217,201.13440526991684,202.5510223997217,2000700
2017-11-21,201.9063873291016,203.23817213868168,201.4992060737948,203.08548887567707,2223800
2017-11-22,200.55763244628903,202.6952888617015,200.49825993278628,201.8385358551041,2177200
2017-11-24,200.15040588378903,202.36440329118636,199.8111011931009,201.3973706847165,1268500
2017-11-27,199.4378662109375,200.9393160615072,199.17490312363356,199.98076150384904,1999600
2017-11-28,203.08547973632807,203.5859587785168,198.77624205561196,200.26920109360825,3212900
2017-11-29,205.38299560546875,208.0294210283789,204.56608702825292,205.2893916329161,4500000
2017-11-30,210.72691345214844,213.4073709421956,207.6294904258246,207.68906249571648,6364600
2017-12-01,211.8416290283203,213.3137524170589,207.6379809969088,212.5479111819356,4765400
2017-12-04,213.2882080078125,216.9047047407331,212.74360666622783,216.8962000110109,3326100
2017-12-05,211.31399536132807,213.88383857043084,210.53113188381244,213.4158188326992,2526800
2017-12-06,209.28875732421875,211.1012643,208.59099305294856,209.53553727434365,2331400
2017-12-07,211.50979614257807,212.2926599463939,207.96988008541885,208.1570880585404,2667000
2017-12-08,213.03294372558597,213.3137426437637,210.3524735568216,213.1605795974849,1959100
2017-12-11,212.8457946777344,213.9264799836561,211.67999712646463,212.73516823526828,1494200
2017-12-12,219.27032470703125,219.71283035245267,213.32225938587587,213.4243680829297,3464200
2017-12-13,217.46632385253903,221.66997145395555,217.46632385253903,219.38093972882083,3482300
2017-12-14,217.39825439453125,220.86157514457395,217.39825439453125,218.80231387507857,3353200
2017-12-15,218.8363494873047,220.368031787604,216.78556706592045,218.4364064689786,5283400
2017-12-18,221.2615203857422,222.9463917791965,220.52972408378105,221.24451092592017,2575600
2017-12-19,218.2491607666016,222.7761430795,217.99386311498472,222.60597061372383,2195500
2017-12-20,217.14295959472656,220.4701395915353,216.60687598550635,220.28293166948384,2052400
2017-12-21,222.10397338867188,223.0229776411218,218.0790157436417,218.3598146636943,3337800
2017-12-22,220.36805725097656,223.06555000008456,219.30438165046183,222.6570892207756,2100600
2017-12-26,219.30435180664065,220.56375289497697,217.84073334076183,219.704294816754,1289300
2017-12-27,217.79815673828125,219.5255774099735,217.43225865930975,219.5255774099735,1567900
2017-12-28,218.2662353515625,218.6917055959125,217.0749239,218.67469613484997,1301000
2017-12-29,216.7855682373047,218.39384504876497,215.21133631253088,217.7301125858969,2519300
2018-01-02,217.55992126464844,219.4660323540033,216.07077562792983,219.34688823811905,2258300
2018-01-03,215.53468322753903,217.9598814896044,215.47512415276037,217.39824473801215,2988200
2018-01-04,218.5470428466797,221.0062734202945,216.41119979506303,217.18554580202536,2583200
2018-01-05,217.43228149414065,219.10862203518752,215.87505909819703,218.8448326046317,2594700
2018-01-08,214.27532958984372,217.14299497824237,214.11364881406072,216.7770967882676,2940500
2018-01-09,216.0878143310547,217.50037855755747,214.96456673379112,215.11774276265456,2637300
2018-01-10,216.41970825195312,217.1174727401832,214.73484962493683,216.98983685341008,2927200
2018-01-11,217.10044860839844,217.74715869822023,215.26241405713063,217.62802755050777,2422400
2018-01-12,218.7171936035156,218.9469381456101,216.21542693726744,217.62799101178183,2849200
2018-01-16,219.9340362548828,222.7506467444094,218.18110120607284,220.60628640463457,4445500
2018-01-17,215.84103393554688,222.94639168882344,211.74801256256777,222.07844180271508,8608100
2018-01-18,213.5605469,216.59839782979245,213.24570303237616,216.55586119054647,4984500
2018-01-19,217.9428558349609,217.95989126326128,212.95634446309293,213.586045,4643400
2018-01-22,222.53793334960935,223.68670813129543,217.15149181894256,217.37273165782344,5264700
2018-01-23,221.3210906982422,221.46576199582887,218.56405204769771,219.54262833686647,4003600
2018-01-24,226.07781982421875,226.16291905063852,221.4997567103952,221.8741725,4314000
2018-01-25,228.92849731445312,230.17938075508405,225.50772621719165,226.6479832496121,5055000
2018-01-26,228.1711883544922,228.9029846881753,226.3926999333203,227.61805627828736,3535400
2018-01-29,231.86422729492188,232.97895703447995,228.74126490034712,228.93699052227905,3881100
2018-01-30,228.85194396972656,231.4558198657245,227.29470828627777,230.08581810279173,3970400
2018-01-31,227.9584045410156,229.7538760705473,226.6309138103513,228.5200022745657,3710200
2018-02-01,231.6515350341797,231.9578611404644,226.35016652218565,226.47780239980423,3388200
2018-02-02,221.2785797119141,231.24308591277705,220.69142867663115,229.75394000533507,5913900
2018-02-05,211.97781372070312,224.05264994697305,205.50215522508628,219.12572256260435,6528500
2018-02-06,220.1383514404297,220.18088808448476,206.0212365160284,207.8082170333421,6739900
2018-02-07,218.77679443359372,222.90386080123628,217.5514381106516,217.7556555082614,4125000
2018-02-08,209.6291961669922,220.20638028888223,209.37391142159132,219.4830756743001,4166200
2018-02-09,212.13951110839844,214.15623633637637,203.6215867125888,212.4118053702831,5978600
2018-02-12,215.42405700683597,217.96836028295525,211.73097909176735,213.71365863398623,3692500
2018-02-13,217.44081115722656,218.18112519036467,213.22865854581747,214.4454971512891,2700500
2018-02-14,223.43995666503903,223.55058309076583,216.5473460477603,216.98983876634503,3793800
2018-02-15,227.77972412109372,228.05203128644683,223.7207476890717,226.14593306625645,3523100
2018-02-16,227.7286834716797,229.1412477621947,226.26506483067013,226.341646356412,2602500
2018-02-20,225.40560913085935,228.77532575558587,224.0611087915541,227.1074898863874,2618400
2018-02-21,224.13771057128903,229.7539227659632,223.90796599723416,224.580216227658,3017900
2018-02-22,222.4614105224609,226.62252281502032,221.85724992505212,224.98870532153336,2678900
2018-02-23,227.0053558349609,227.1840720121901,223.28675052916188,223.7973199509147,2507100
2018-02-26,230.8260955810547,231.2685752295463,227.00535561961792,227.6265514451692,2751400
2018-02-27,227.99246215820312,232.4088450476513,227.99246215820312,230.60485549909848,3140600
2018-02-28,224.3657989501953,229.96363538706063,224.0586129947563,229.66499105534012,3104300
2018-03-01,219.11785888671875,224.8948878781294,218.6229394362084,224.09275639090924,3483500
2018-03-02,220.2612762451172,221.21700055383656,215.12424506498348,217.5988939446749,3122800
2018-03-05,224.52798461914065,225.74823917778903,218.65707530333685,218.84480877709365,2445800
2018-03-06,227.77914428710935,228.5812757732904,224.6047588000953,225.93595019385552,2217300
2018-03-07,226.43089294433597,227.35247695903763,222.67624992939693,224.1610343025703,2509400
2018-03-08,227.27566528320312,228.77753280549555,224.10982167074707,227.3951438549932,2565400
2018-03-09,231.05593872070312,231.3290103153957,227.8730374628632,229.28956706359796,4410600
2018-03-12,233.2831115722656,234.93003047151333,231.05590909830596,231.2521841646168,3065600
2018-03-13,229.14450073242188,234.69114081558408,228.2143749819228,234.102341554202,2288100
2018-03-14,225.64581298828125,231.0644581,225.2020912207629,230.74018887717023,2478700
2018-03-15,227.5060272216797,229.54549598707732,226.43085041340333,226.7465779698628,2255200
2018-03-16,228.35089111328125,230.27088174589036,226.41381723068585,226.99410085788887,4114400
2018-03-19,224.02444458007807,228.26549043467529,221.41326011861528,227.83028434392065,2426900
2018-03-20,224.58770751953125,225.8250452391697,223.47839000929935,224.67304564528905,1514800
2018-03-21,223.4442901611328,227.40372470882164,222.13015570193363,224.43415530844115,2817600
2018-03-22,215.5509796142578,222.5653472814813,215.19256986124228,220.5173622341514,4489300
2018-03-23,209.28753662109372,216.73711068504804,209.0059363933813,216.42991162034096,3634200
2018-03-26,217.4964904785156,217.90608473535983,212.0095784700156,213.88689958638216,3787200
2018-03-27,210.99417114257807,219.3567998210448,209.58618318531316,218.3584062297672,2981500
2018-03-28,212.79466247558597,214.3818550401852,208.5280171966384,212.29120145765447,2660200
2018-03-29,214.9194183349609,215.8751425410302,211.9071683447637,214.00635015748952,3073900
2018-04-02,211.0709228515625,215.55089987855703,208.01600362113905,214.40742917969396,3429900
2018-04-03,213.8271942138672,214.09172413518127,209.8336075020972,212.14613494919035,2488200
2018-04-04,215.5679931640625,216.0799958325807,208.6474936393839,209.67149897642028,2853200
2018-04-05,218.2901306152344,220.1589235613457,216.2336042120216,217.17227149752895,1924800
2018-04-06,213.30667114257807,217.8890441,210.4992112,214.5951933657403,3621900
2018-04-09,215.20106506347656,219.73224044327512,212.62400756857903,214.5951956810773,3256700
2018-04-10,218.9386138916016,221.77167224185484,218.4095410910416,220.12472758476255,3113900
2018-04-11,215.84103393554688,217.4538251843086,213.15303984043277,215.5423636,3322000
2018-04-12,221.51568603515625,222.48849365679533,217.6927755184942,218.68262732549476,3059100
2018-04-13,218.38400268554688,223.99891026535755,217.2064042477912,223.5210480067813,3026200
2018-04-16,220.05650329589844,222.42875705328817,219.01544079566057,219.41650649759325,3257400
2018-04-17,216.4298248291016,223.7855161799833,215.3290231966824,223.23085757316315,10134400
2018-04-18,216.74562072753903,219.3226655832818,215.25229460047925,217.51361181314732,4524800
2018-04-19,216.8906707763672,218.5888004902216,215.74721282831388,216.74560638183232,3990000
2018-04-20,215.0047912597656,218.17916331849827,214.59518394444643,216.83091488973483,2930600
2018-04-23,210.49069213867188,215.67893474264903,210.08109780752787,214.74880912828849,3775900
2018-04-24,206.9238128662109,212.60697573000428,204.83314580380303,212.32538853803325,4705100
2018-04-25,204.14187622070312,206.898138,202.6741494198544,206.66773558193023,5041400
2018-04-26,204.8757476806641,206.2154804030585,203.10082187444783,204.17602470153295,2891100
2018-04-27,204.6283264160156,206.4459085949171,203.96273074135837,204.79898963655893,2136800
2018-04-30,203.37396240234372,207.41874774849165,203.28009566369568,205.6267511091268,2790500
2018-05-01,201.9573974609375,203.0069886,199.64488288095995,202.67419078324116,3269800
2018-05-02,199.7216797,203.01553055458888,199.1840781845476,201.89767151003676,3710900
2018-05-03,199.1755523681641,199.67901342232125,194.0470360405636,198.35635068652388,4511400
2018-05-04,200.4811248779297,202.0597757747992,198.21126652763837,198.23686535693903,2622300
2018-05-07,202.409668,203.23739827034288,200.7712775940586,201.385675612164,1979400
2018-05-08,202.23898315429688,205.36217057609437,201.38565411145171,203.29711585490125,3267000
2018-05-09,206.27528381347656,206.5483554338477,202.45237227368207,203.0752990040928,2434000
2018-05-10,207.73443603515625,209.4240239898365,204.93551765781504,206.5995067814221,2599000
2018-05-11,207.2906951904297,208.9888247195756,206.25817431199965,207.73442995065085,1540100
2018-05-14,208.13552856445312,209.8165881,207.78566046701863,207.8709985954364,1928500
2018-05-15,206.1301727294922,208.16962873210332,205.3707103608404,207.35896870141616,2165700
2018-05-16,205.61819458007807,206.3691153665129,205.30245394526588,205.88272452922428,1965200
2018-05-17,204.0310211181641,206.88113757970743,203.75794951858668,205.15740891449437,2462700
2018-05-18,202.23898315429688,203.72378037632384,202.12804621208127,203.17765030973365,2699000
2018-05-21,202.83636474609372,204.85876396883447,202.51210847782409,204.03103353579823,1951700
2018-05-22,203.09230041503903,205.3962861,203.07523018935743,203.6896281,2551500
2018-05-23,202.9301758,202.98137344004007,200.0032634404297,202.1365860284682,3114000
2018-05-24,201.4709625244141,202.3840177,199.38029626102252,201.89762698294032,2308700
2018-05-25,200.5408477783203,201.4880435088741,199.91792124116412,200.5323191756189,1985600
2018-05-29,193.73130798339844,198.3734204534383,192.01612114931265,197.56276039814708,5323600
2018-05-30,196.2404022216797,196.67713431084437,193.7741196786018,196.05200491259384,3348600
2018-05-31,193.43157958984372,195.34122890245231,191.89871181563245,194.68183834333524,5334900
2018-06-01,195.54676818847656,197.1738216419673,195.32410969052864,195.58957506871587,3330900
2018-06-04,196.8655548095703,197.94454701585957,196.06058676989437,197.2594800659191,2133600
2018-06-05,195.5381774902344,196.39452408139783,194.63901095615032,196.05199067165725,1986200
2018-06-06,198.8694000244141,199.16912661052092,196.4116890588689,196.8313036660557,2566400
2018-06-07,199.91412353515625,202.02930081347128,199.13484494486903,200.29091815317705,2905000
2018-06-08,199.8627166748047,200.61630580469867,198.97212203050276,199.52874204984008,2253100
2018-06-11,200.4621734619141,201.37847060057285,200.0340001597697,200.9160361168421,1936800
2018-06-12,199.21192932128903,201.43842281535308,198.5525387290056,200.48787749233108,2080000
2018-06-13,200.23953247070312,204.0074523860549,199.61440309447516,200.08538328378475,3637400
2018-06-14,200.0854034423828,202.0036247756624,199.17767802102827,201.98649418276503,2899600
2018-06-15,198.6038818359375,199.65718438879856,196.8226795199027,198.24421786829743,4738100
2018-06-18,198.1500396728516,198.38981567601667,196.23181858071857,197.1309851259938,2327500
2018-06-19,195.5210723876953,196.13762995103505,193.6713604972377,195.4354324964136,3326600
2018-06-20,195.09292602539065,196.90837698349304,194.35646728575796,196.8912463895068,2678300
2018-06-21,194.37355041503903,195.6152503896004,192.30976501002596,193.8683090497809,3094600
2018-06-22,193.5514373779297,197.3878659954024,193.1746428315438,195.0586024966628,2731800
2018-06-25,189.71505737304688,192.7979109668433,188.73026381584745,192.24984955759223,3817700
2018-06-26,189.7493438720703,190.7940881145045,187.6427247908362,189.92061063527896,2692900
2018-06-27,188.55039978027344,193.08048089193383,188.51615166355208,189.66365304250536,3104200
2018-06-28,191.3250274658203,192.3869023516037,188.03665842617855,188.61040929506265,3072600
2018-06-29,188.8844146728516,192.8236020027477,188.78164417428744,192.16421132645507,3393700
2018-07-02,191.1879730224609,191.2564823313105,187.4457418609012,188.1822005975163,1723200
2018-07-03,188.7216339111328,192.36966506627337,188.3876593199355,192.2155289780945,1204400
2018-07-05,189.02996826171875,190.22884837059524,188.20786971076544,189.6807870255641,2218200
2018-07-06,189.92916870117188,191.13662093759692,188.2935560917089,188.85873510153613,1846400
2018-07-09,195.23855590820312,195.4183814595637,190.9653797031674,191.27366514374657,2743900
2018-07-10,194.2622528076172,195.99206372180987,193.40590611341003,195.24704627923,2524800
2018-07-11,193.2432098388672,194.60479802897507,192.8492845863079,193.3288366733788,2527000
2018-07-12,194.5790863037109,195.0757689273127,193.3373862781129,194.93875032766817,2223100
2018-07-13,193.88543701171875,195.77795568196024,191.76168803375532,194.0738343092286,2541500
2018-07-16,198.19288635253903,198.19288635253903,194.16805939439004,194.5619716,3271200
2018-07-17,197.83319091796875,199.72570954567996,194.2793447646363,198.22710302804637,9280200
2018-07-18,198.0216217041016,200.1453579267296,197.08819384160668,198.9635952629928,6149900
2018-07-19,196.64288330078125,198.66386189566467,196.08625014419485,197.9102726704093,4638500
2018-07-20,198.40696716308597,198.71525249488303,195.9321257458421,196.1119512337492,2683500
2018-07-23,200.1795959472656,201.1215825254474,198.43265446305347,198.50116376572245,2788500
2018-07-24,201.9950714111328,203.3652183428249,200.67629012587807,201.02739542218225,2887400
2018-07-25,202.6887207,202.82573932345645,200.34232583050488,201.25005132327465,2181500
2018-07-26,203.0484161376953,204.10171917717088,202.46609344476732,202.9542174550224,1885500
2018-07-27,203.5022430419922,204.49560841727617,202.08927611806283,203.77628027661447,1998200
2018-07-30,204.6240234,205.29197275967823,202.8599514806287,203.81049675708425,2454100
2018-07-31,203.3224029541016,205.0950470019303,202.56882669815045,205.0950470019303,2503700
2018-08-01,202.1320801,205.00940566595804,201.9094346283265,204.23869882165863,2510500
2018-08-02,200.37657165527344,201.4213156882697,199.3318276222772,200.32517987647844,2579700
2018-08-03,200.4621734619141,201.68675590078928,199.94837333942812,200.7619,3053100
2018-08-06,202.03787231445312,202.93703897018372,200.41081879784636,200.50501745829075,2259600
2018-08-07,203.6649627685547,205.06081224597423,202.51746118269355,203.1682800522532,2399500
2018-08-08,202.4146728515625,204.8038875511416,202.2947848317609,203.9132796324892,2522400
2018-08-09,200.1966857910156,202.82567584522025,199.8627111752409,202.3975025908008,2951900
2018-08-10,196.6257476806641,198.2099941522925,195.34122775236395,197.7903796049953,3863400
2018-08-13,194.27081298828125,196.8655424,194.0224781945468,196.5230089918628,2662700
2018-08-14,196.58294677734372,197.27658551512152,194.64760793530084,194.6904278837542,2359000
2018-08-15,196.3174743652344,198.2785025,195.51250640364648,196.4031142590765,3218500
2018-08-16,199.52874755859372,199.77708231044988,197.3450612273155,197.53345851499043,2438300
2018-08-17,199.8541717529297,200.1453264580737,198.36412397931488,199.1091413327163,2107200
2018-08-20,201.90940856933597,202.0806752829856,200.4536219030948,200.4964418482104,2604900
2018-08-21,204.3670959472656,205.12068508164376,201.4897710585986,201.4897710585986,2437300
2018-08-22,204.9580078,205.2406037801709,203.4508423850685,203.71630776071945,1870900
2018-08-23,202.38897705078125,204.9066384532648,201.96080369843543,204.7096823698936,2064700
2018-08-24,201.3356934,203.63926830417932,200.98458804111388,203.26247362768592,1948100
2018-08-27,207.74972534179688,208.6488789696349,202.57738369010625,202.9456195848063,4106900
2018-08-28,207.5527801513672,209.87348584523843,206.88483065918905,208.1436616,2951000
2018-08-29,207.40663146972656,208.6008945121506,206.47012577597255,207.96510791019224,1911700
2018-08-30,205.6883087158203,207.16610383317757,205.0696961964575,206.8911722190641,1963700
2018-08-31,204.3222198486328,205.6453684450528,203.72938173427067,205.29310041911492,1965500
2018-09-04,204.1933441162109,204.588560778796,201.55564718642069,204.2792545,2083500
2018-09-05,204.1074219,205.7312765084861,202.9131585531249,203.63486881021063,2092000
2018-09-06,201.4955139160156,205.02675504722336,200.9456375576077,203.62628316608547,2651400
2018-09-07,200.9713897705078,202.4577718842151,199.91458581392095,201.9508573,1952900
2018-09-10,199.2530670166016,202.33752982375708,199.1070075279436,201.91652557285727,1948100
2018-09-11,197.79244995117188,199.02966199427016,196.4607142,198.187666641164,2719400
2018-09-12,196.0225067138672,199.3217778912883,195.29220936333235,198.3938591017092,3577700
2018-09-13,196.1771697998047,197.4831310570364,195.524195726232,197.1824119,3003600
2018-09-14,196.95904541015625,198.08457264121344,196.54662827794505,196.8215730327525,2228300
2018-09-17,195.79910278320312,197.7494507627208,195.292188245866,197.09646366098576,1918800
2018-09-18,196.65830993652344,197.0964883543604,194.66501306959972,196.19435708881875,2498100
2018-09-19,202.40625,203.00767523220944,197.19960524530745,197.5260857370287,3716500
2018-09-20,203.9699249267578,204.9236180480002,202.7928490700305,203.62625716292183,2503000
2018-09-21,202.2000274658203,204.93223491766568,201.76184906480773,204.53700515805923,3760300
2018-09-24,200.1036529541016,202.5437418756161,199.53660231488843,201.68455914397964,2057000
2018-09-25,199.7599334716797,201.59858351772533,199.527950523276,201.59858351772533,2003200
2018-09-26,196.64971923828125,200.1895473830457,196.0998428943364,200.15518584721187,2372700
2018-09-27,195.6702423095703,197.48311804831803,195.48122109623463,196.5551993037846,2451500
2018-09-28,192.6631317138672,195.37813905889575,192.28508923149815,193.9604928600995,3097800
2018-10-01,193.5996551513672,195.54140349207623,193.316123264036,194.3643272923192,2451300
2018-10-02,194.23538208007807,194.4587648,192.43109369740085,193.5566206053224,2272700
2018-10-03,195.70462036132807,197.41439853168444,194.67360381707903,195.6788459309784,2573900
2018-10-04,195.44683837890625,198.81483232545577,193.6511500364752,196.97618223448012,2903600
2018-10-05,193.92613220214844,196.24592286076103,192.637358157354,195.89365480876285,1722400
2018-10-08,193.6167907714844,194.9657005430047,191.16811528669933,192.6802718,2522900
2018-10-09,191.5203857421875,193.41917183976025,191.1938921773205,193.3074870228994,1862900
2018-10-10,184.6297607421875,192.14760899516656,184.3462288920076,191.8039412,3955500
2018-10-11,182.9801177978516,185.60921443363725,181.24456528994685,184.03690871594296,6217400
2018-10-12,183.75338745117188,187.28462863423107,181.6827672475968,186.44263331588684,4161300
2018-10-15,184.9132537841797,186.56288256712568,183.0488293819425,184.25167960593933,3333800
2018-10-16,190.4807891845703,190.7385465992894,185.84120815997363,188.46171784112536,5924200
2018-10-17,196.1342010498047,196.66689006160863,189.06313198858223,189.4755359619116,4953700
2018-10-18,193.2731170654297,196.52082614073285,192.33661120780792,195.46403524736232,2995400
2018-10-19,195.00010681152344,196.15140845624512,192.6201671172176,193.5394857675264,2759100
2018-10-22,190.3948974609375,196.64114644413297,190.3261612695981,194.9743298568944,2736800
2018-10-23,187.78294372558597,188.6077648,184.14001795475625,186.09035298391805,3318200
2018-10-24,179.72381591796875,188.10084654496652,179.05365451661584,187.42209803696068,4152700
2018-10-25,183.8736267089844,185.3170600053646,180.72042877122288,181.51947524655984,3179700
2018-10-26,182.4560547,184.55246275685064,180.02456586018516,181.0555825685296,3557900
2018-10-29,184.2861175537109,187.48227851553392,182.1897094916455,183.99398544745608,3278200
2018-10-30,188.40151977539065,189.3208512564917,184.75858159947373,185.5748153855292,3897400
2018-10-31,193.63401794433597,196.7528556150341,190.2230612763512,190.6440655560328,4369600
2018-11-01,195.00863647460935,196.64967805634367,193.7198628343102,193.96901996966463,2557600
2018-11-02,197.34564208984372,199.0640071905641,194.424413552568,197.61198658284172,3699000
2018-11-05,196.51223754882807,198.55709625118237,194.99148073614936,196.16856976645448,2565200
2018-11-06,196.06546020507807,197.19958749236164,195.07740549183296,196.05687309899344,2275600
2018-11-07,198.7117156982422,200.01767669116663,194.94849237748755,197.65492495710237,3514300
2018-11-08,199.02963256835935,201.1002656613711,198.12750137845217,198.47116915459915,2404800
2018-11-09,191.2970123291016,199.06403084910704,190.99630626678808,199.06403084910704,3721700
2018-11-12,177.0345458984375,191.00484777271467,176.24409962008576,190.7385033116496,11019400
2018-11-13,176.17539978027344,180.07608312716573,173.83842199276643,175.61692320828223,6984800
2018-11-14,173.97586059570312,178.1428876498906,170.49616901967337,177.19779481238186,5742500
2018-11-15,175.04986572265625,175.7028397718596,171.2522802455408,173.3830493993339,4260000
2018-11-16,173.65798950195312,175.90905691417302,172.13724568154788,174.35392533672953,2829600
2018-11-19,170.30718994140625,173.81265680914706,169.55970521353575,173.4088399053329,3419100
2018-11-20,164.39598083496094,168.30526393735465,163.54539852748715,167.6265155124958,5513800
2018-11-21,165.4785919189453,167.74683370410446,164.26714117537156,165.0404003550511,4111700
2018-11-23,162.4714355,164.85136191902956,162.3339631839104,164.6279791617767,1862600
2018-11-26,166.97352600097656,167.73819791117842,163.83751508061815,164.24991901497478,3143300
2018-11-27,166.38070678710938,167.21411496563593,164.5850183,166.1659111351198,2345400
2018-11-28,170.4188690185547,170.5047794,165.16066274397843,167.40312978943803,3762900
2018-11-29,168.08966064453125,170.3325734753207,166.6317601,169.09897339286272,2665700
2018-11-30,164.5010223388672,165.15664073388425,162.28397463400773,164.39750710891127,6220000
2018-12-03,165.31195068359375,168.78847806700364,165.30331563772833,167.35645575038873,4017000
2018-12-04,158.99725341796875,164.86335847349935,158.41064949400536,164.50104196225502,5797500
2018-12-06,158.80740356445312,159.48891374050038,155.40851405277712,156.42646179574197,5275500
2018-12-07,154.99447631835938,160.6707937245586,154.41649437152208,158.60041023847947,3921200
2018-12-10,154.26980590820312,155.14108955715778,150.68975166480982,154.07139738679246,4528300
2018-12-11,152.51866149902344,159.10076435321182,151.35406240191008,157.13389582360006,4713900
2018-12-12,152.432373,155.27916028473058,152.2425863534728,153.98516728235782,3677300
2018-12-13,151.75946044921875,154.14903729213682,151.0693283848931,153.40714762654227,4008600
2018-12-14,149.04209899902344,152.05278058236732,148.69702634377964,150.3964713267247,5078300
2018-12-17,144.93582153320312,147.88612366084217,143.6590856029024,146.13492105142345,8395800
2018-12-18,147.94654846191406,149.25779852464268,146.0659514236978,146.46276861378982,5150800
2018-12-19,146.00550842285156,150.83641972751846,144.58212173008465,148.02413385872353,5316100
2018-12-20,145.28091430664062,148.07593083391887,144.20258677897394,145.26365738050816,6488200
2018-12-21,138.0690918,146.33339749512842,137.52561038269852,145.14291941195364,8960000
2018-12-24,134.87721252441406,138.02592364223133,133.11737462659602,137.16326161946736,3783500
2018-12-26,140.5535125732422,140.70879857724552,130.86582205189632,135.4379332595352,7054700
2018-12-27,142.6928711,142.6928711,137.1804635064868,138.12938345289768,4973000
2018-12-28,140.63980102539062,143.15877277629468,139.7685170436589,142.8913496315641,4110500
2018-12-31,144.107666,144.16804550083555,141.28675805419584,141.28675805419584,4550000
2019-01-02,148.4037322998047,148.5935189794218,140.91583298828107,141.7612380027358,3999400
2019-01-03,146.2298126220703,148.1794369230614,145.17736406043153,147.22188169610075,4060200
2019-01-04,151.0089874267578,151.8285137033163,147.6014751211655,149.2319057929297,3788300
2019-01-07,151.8457794189453,153.4071956407381,148.61079669539282,151.16426902047036,3152100
2019-01-08,151.2849884033203,153.64006448193683,149.1542128063856,153.36400640084344,2692700
2019-01-09,152.23394775390625,153.28639633331065,150.88819728533696,151.91476706059012,3321400
2019-01-10,151.82852172851562,153.61423850126184,151.3971907008778,151.53521978888472,2808700
2019-01-11,152.6307830810547,152.7256764286632,148.74018215546133,151.05212318666048,3182700
2019-01-14,154.17491149902344,154.8822873005791,150.18941836197556,150.55173472323682,3361700
2019-01-15,155.2015380859375,155.27055263196962,152.1735857584795,153.8299085368931,2911800
2019-01-16,170.0134735107422,170.93651525004853,160.11011481684224,161.31783667103213,15194200
2019-01-17,171.74734497070312,172.35984067747438,166.34708651544875,169.03858728171065,8177000
2019-01-18,174.7235565185547,175.1203868322387,169.8667783864341,172.86021659371428,5650900
2019-01-22,170.53099060058594,173.80048642968708,169.01271046186406,172.9637033703029,4648500
2019-01-23,169.85813903808594,170.88470890306172,167.8136343523902,170.41887722444926,3410700
2019-01-24,170.63453674316406,172.25633226201072,168.87469898965426,169.2715292793835,2631800
2019-01-25,173.17074584960938,173.55894105248237,172.03202588046156,172.3857204008643,3275000
2019-01-28,172.29080200195312,172.5927388731313,170.0306324785081,170.7984008927208,2369600
2019-01-29,172.96371459960938,174.23182867242122,170.6949095425203,171.66972172230558,2694100
2019-01-30,174.67176818847656,175.37052218281335,172.23043356660054,173.30876088210186,2773300
2019-01-31,170.81568908691406,174.55965197817332,169.9012695201008,172.61866257810397,5604500
2019-02-01,169.54759216308594,172.22184976203044,169.54759216308594,170.80708453784013,3174200
2019-02-04,170.56553649902344,170.60003718819743,168.03792992295158,168.90922699193544,2400200
2019-02-05,170.81568908691406,171.95440918661296,169.82363310326048,170.91058242855564,2601000
2019-02-06,169.6166229248047,171.72152061739664,168.9351256373734,170.0997116090364,2063100
2019-02-07,166.55413818359375,168.97821599949012,164.81155747212193,168.4606135978487,2948800
2019-02-08,165.3464355,166.16596187166684,162.37025407095808,165.38957128253318,2757500
2019-02-11,165.05311584472656,166.76981789903834,164.82882847188853,166.3902445271763,2056500
2019-02-12,167.77915954589844,168.77983759564486,166.4937882553381,166.53692399373958,2392900
2019-02-13,167.95164489746094,171.47992885636663,167.8740084867879,169.01271533285325,2757300
2019-02-14,166.08828735351562,167.46855159894736,163.42266535724065,165.8122424023345,2865000
2019-02-15,171.2384033203125,171.5748409665558,166.5800338856857,166.6749272301737,3065400
2019-02-19,171.38510131835938,171.72153905694614,168.74535703665083,169.65115499844003,2558200
2019-02-20,171.3246307373047,171.92849133644447,170.38431941524365,171.43676781510462,2266000
2019-02-21,169.39230346679688,172.05792577150402,168.26221840213847,171.64385171523324,2785900
2019-02-22,169.0817413330078,170.5913997377668,168.39160914391124,169.5993437656244,2626600
2019-02-25,171.3677978515625,173.8263898,170.55690664369394,170.8070728,3032200
2019-02-26,171.58346557617188,173.01548764733442,169.55621778540365,171.21252723656931,2499800
2019-02-27,171.58348083496094,173.13387593462284,170.73464847196337,171.92993385342106,1804200
2019-02-28,170.37086486816406,171.84330998681585,169.77322219135985,171.53149699093257,2964300
2019-03-01,171.67005920410156,174.47637577018273,171.00312337627054,172.14644193826658,2580500
2019-03-04,169.7471923828125,173.94800336892885,168.1621445225768,172.1983857,2683600
2019-03-05,169.76455688476562,169.92045676663557,167.16611978959062,169.63464031654067,2338600
2019-03-06,168.6731719970703,171.11569532697385,168.49127563489782,169.67789068839602,2247500
2019-03-07,166.96690368652344,167.55587639539073,164.63696973105195,167.27871665484554,3567800
2019-03-08,169.1063232421875,169.56537949279223,164.31653767166097,164.9141672160871,3162700
2019-03-11,169.7385711669922,172.33700822536366,169.5306914444421,170.82990997362785,2669000
2019-03-12,170.31024169921875,170.9771644,169.49606258607085,169.7645656518249,1977400
2019-03-13,170.84722900390625,172.30234734816017,170.2149463816769,171.28030182774378,1904500
2019-03-14,171.0377960205078,171.92992505289615,170.37086011695808,170.90787944931915,1482300
2019-03-15,171.72203063964844,172.23306661407588,170.5007753258934,170.7692783609483,2985200
2019-03-18,175.36854553222656,176.56383099509566,172.29372522270765,172.51891837841117,3354900
2019-03-19,174.19923400878906,178.81579257470474,173.9047476172603,177.45595058068335,3284900
2019-03-20,168.30941772460938,173.51494797289683,168.0062614809783,173.51494797289683,5033500
2019-03-21,168.53463745117188,169.37479986519187,166.0834434533577,167.07950575467956,4031500
2019-03-22,163.66690063476562,167.7810927939157,162.64484181536687,166.88029384634376,5703100
2019-03-25,163.27716064453125,165.82363173311532,161.53621212429044,163.98740663417453,3751000
2019-03-26,165.16529846191406,166.65506987800904,163.43300734704383,164.59363922208715,2910100
2019-03-27,164.5937042236328,165.96221633079463,163.47638182847345,165.0874137301867,2343800
2019-03-28,165.5897216796875,166.22201753009162,163.9527069035785,165.20862868929404,2343400
2019-03-29,166.29135131835938,167.26143046924363,165.55512203798938,166.8889808704552,2632800
2019-04-01,170.40554809570312,171.5748371238454,167.69450721583274,168.03230358614107,3562600
2019-04-02,171.0637664794922,171.2889595914078,169.24485532153113,169.97242771451585,2247000
2019-04-03,173.97402954101562,174.17323935569053,171.9645651,172.5795344056217,3227900
2019-04-04,175.1605987548828,176.94485634979972,173.66217075764646,173.92201704793166,2582300
2019-04-05,175.2905731201172,177.99294350764853,175.0134001489167,176.15671883061668,2447100
2019-04-08,175.4291534423828,176.37326234919885,174.25119470009113,175.64568987871337,1891500
2019-04-09,173.7661590576172,174.60632150655118,172.2417472698652,174.29450850265468,2400900
2019-04-10,175.8102569580078,175.9748267616801,173.46300942573956,174.78821133822106,1907100
2019-04-11,175.68032836914062,177.9496258022513,174.58898957948452,176.8929270243141,2802100
2019-04-12,180.01968383789062,181.8645780465765,178.74644885109782,179.29212476438957,5096600
2019-04-15,173.15121459960938,178.2008463322529,172.96931816164204,176.78902441192855,6617200
2019-04-16,174.82284545898438,175.77561101847695,172.5708745617917,172.9000009417063,4852600
2019-04-17,180.07167053222656,180.59136319486024,174.77086352523003,174.9267766105535,4195300
2019-04-18,178.34805297851562,180.0370343434217,177.6897738296973,179.37009849603132,2874300
2019-04-22,177.21343994140625,178.07091584418424,176.81500704928158,177.66382625174637,1591400
2019-04-23,176.81500244140625,177.72445817137162,175.6024036123431,176.91027900771377,2120900
2019-04-24,173.6968536376953,176.27797735097087,172.99527773217903,175.82757788438792,4606100
2019-04-25,174.4417266845703,175.44645879932295,172.44960228477953,172.9692817392031,2075300
2019-04-26,175.89688110351562,175.93152111844776,173.50632358313925,174.7275790504427,1543100
2019-04-29,179.22286987304688,180.15830883178748,176.06144329786912,176.2606531,2997000
2019-04-30,178.35671997070312,180.14964790361853,176.8236383896162,179.24019228038614,1833000
2019-05-01,177.32601928710938,180.51344258413704,176.71971989310117,178.77248113293453,1981800
2019-05-02,177.55120849609375,178.6165639866905,175.9315071,177.0661558114011,1514700
2019-05-03,179.74252319335938,180.80787848939465,178.1401486842859,178.43463499110345,1897600
2019-05-06,178.79840087890625,179.2747835249458,174.71020646867544,175.6543018477069,1927800
2019-05-07,175.50709533691406,176.6937106349909,174.10393041241167,176.12205134042824,2839500
2019-05-08,174.05197143554688,176.0007992119954,173.9220548703173,174.44173434756974,1817600
2019-05-09,174.64096069335938,175.15198348143434,171.41889765099796,172.80472283304874,2333400
2019-05-10,175.00477600097656,175.04808593782425,172.35437174848045,174.07799357451782,2089400
2019-05-13,168.87242126464844,171.41022171778977,168.03225891277782,171.41022171778977,3605600
2019-05-14,170.00706481933594,171.60943953664068,168.81177960931765,168.8897427611741,2463300
2019-05-15,170.11106872558594,171.1417846,167.5299573520462,168.5866565269439,2271100
2019-05-16,172.4842529296875,173.22913875498733,170.30156208080103,170.3102319961928,2008100
2019-05-17,171.00315856933594,172.4409637660546,170.0244228046241,170.0244228046241,1928300
2019-05-20,170.8385772705078,171.30629011865898,169.39211558281102,170.70864748978008,2483400
2019-05-21,172.45823669433594,172.64013307049223,171.49681462912542,172.06847384980884,2327600
2019-05-22,169.34881591796875,171.9125998638112,169.2968492890623,171.01181412465073,2427200
2019-05-23,166.2739715576172,167.1661004665309,164.18655749386133,167.1661004665309,3184100
2019-05-24,167.16610717773438,168.09288934893289,166.02278859827456,167.07083062944605,1637200
2019-05-28,164.08261108398438,167.43459005108136,164.03930116427972,166.29994152301143,3040000
2019-05-29,163.6128692626953,164.13489118263138,160.88960911181806,163.34315594600903,2815800
2019-05-30,163.0211639404297,164.76126286970032,161.83789613748962,163.64760061703922,1919300
2019-05-31,158.7753448486328,160.8634584278896,158.61872902844226,160.75905673169748,2640100
2019-06-03,159.38438415527344,159.6454016835876,157.24405635418086,158.08800550605164,2857800
2019-06-04,165.20497131347656,165.30067727097753,161.57686719423015,161.9857781662078,2420800
2019-06-05,163.95211791992188,165.44860401260706,162.70794032239718,165.39640317056703,1967800
2019-06-06,165.1441192626953,165.95327232753596,162.96899517298928,163.6215323999011,1653500
2019-06-07,165.1441192626953,165.84016162658202,164.0217610738047,165.20502910964095,1838600
2019-06-10,168.89402770996094,171.39977485975308,166.52749168535806,166.52749168535806,2372000
2019-06-11,169.4247589111328,170.63412735279454,168.36329731187246,169.92069356733475,1632200
2019-06-12,165.50082397460938,168.8331152941135,165.16150518624747,168.4502913737252,2059400
2019-06-13,166.5709686279297,167.26701086016135,165.37030938512896,165.66612301915947,1411400
2019-06-14,166.7537078857422,167.19742839806244,164.7090860354462,166.43178050928725,1403900
2019-06-17,166.03155517578125,168.1196687597158,165.95325390346173,167.06691625168048,1155600
2019-06-18,169.6422576904297,171.51287219011073,165.89234625078748,165.89234625078748,2363000
2019-06-19,170.21646118164062,171.93045953247758,169.47691389389473,169.96415270134028,2196800
2019-06-20,170.26869201660156,172.43512014663025,168.4502916674884,171.8347838409655,2749300
2019-06-21,170.47750854492188,172.56562212508794,168.76350989354208,169.95547351192917,3365500
2019-06-24,171.8260955810547,173.44438832380388,170.55581735842023,170.99084214651515,2069800
2019-06-25,170.58192443847656,171.85220271066785,168.7983200825238,171.83479800121225,1828300
2019-06-26,171.40846252441406,172.1567056922768,170.6341189312924,170.9647420191094,1649900
2019-06-27,173.4182586669922,173.67056716016052,171.19092097563058,171.8956721653091,2239200
2019-06-28,178.01214599609375,179.09099895821737,176.56786053451873,177.05508616591686,4854900
2019-07-01,179.97845458984375,182.5799075835932,179.00400331968606,180.9703105686551,2465700
2019-07-02,179.2127685546875,179.49988644476483,177.6292855779005,178.7081383184213,1621400
2019-07-03,179.26499938964844,180.4482672819456,178.56026139421823,180.36127029445305,978800
2019-07-05,180.8833008,181.6315439445073,179.40421916343522,179.97845506740305,1511400
2019-07-08,179.01266479492188,180.31773890035265,178.10781925655266,179.5433954621664,1853900
2019-07-09,180.77020263671875,180.9181094703145,177.08988340184337,177.2725996526986,1812100
2019-07-10,179.20408630371094,181.83163936033185,178.92566410723938,180.25683870385404,1779800
2019-07-11,183.88494873046875,184.9638015059101,179.23017906100006,179.40418628840348,3691600
2019-07-12,186.13841247558597,186.3559248743326,183.3977482858361,184.45051413716732,2626000
2019-07-15,184.0850982666016,186.71265180876213,182.5277020285908,186.2863227200976,2600200
2019-07-16,187.5131072998047,189.0878950674771,184.92905873568995,186.88667047966143,5283700
2019-07-17,185.58155822753903,187.73927723799147,185.45975183039823,186.04268339356517,2583500
2019-07-18,186.64303588867188,187.7827986915485,184.23299488298525,185.0682483044895,2858100
2019-07-19,185.77301025390625,187.73062202192548,185.62510340232,186.20803509124383,1822300
2019-07-22,186.1906280517578,186.93887129365615,184.7202419958025,185.66859294312013,1907100
2019-07-23,190.91497802734372,191.4109126735224,187.01715952288131,187.01715952288131,3330600
2019-07-24,193.17710876464844,193.22930961573076,190.2189454788252,190.75837197454624,3180000
2019-07-25,191.3935089111328,192.950905142824,189.8709220982422,192.950905142824,2776700
2019-07-26,193.2727813720703,193.3597916261162,191.73279015158363,191.8023956996402,2304500
2019-07-29,191.6893310546875,193.2641186803382,191.58491607681077,192.28095840040916,1372800
2019-07-30,192.62896728515625,193.142306615273,189.08787247921396,190.09713315509092,1644600
2019-07-31,191.5240020751953,193.13358569635196,190.54953760050012,192.48975755825003,1991100
2019-08-01,184.1025238037109,191.36743091103875,183.37167195818944,190.84540905098623,3070100
2019-08-02,182.1622772216797,184.08509264443364,178.62987803346772,184.08509264443364,2503000
2019-08-05,175.47157287597656,179.07359047054655,173.64447693224702,179.07359047054655,2794200
2019-08-06,179.23890686035156,179.29112098622957,174.78425731710053,177.1072880723148,2349400
2019-08-07,179.00401306152344,179.1954250394219,173.18337899702743,174.97567908471007,2454200
2019-08-08,180.10025024414062,180.79629251379117,177.08987307016048,180.2481570691073,2342200
2019-08-09,180.01327514648438,181.23135267529244,177.3683299362207,178.89961260785708,1790100
2019-08-12,175.33238220214844,177.6206034018836,174.4275232708971,176.8636645711634,1479300
2019-08-13,177.58583068847656,179.7522590486751,174.2100339,175.32369633784583,2115900
2019-08-14,170.14686584472656,173.9315862075751,169.71184112604976,173.83588023843015,3025100
2019-08-15,170.6863250732422,171.3736716954435,168.53731476351933,170.45142123862965,1981900
2019-08-16,173.50527954101562,174.59284147772036,171.39976122466362,171.42586164907232,1878700
2019-08-19,175.9239959716797,177.88160723236433,175.59338620859896,177.32477611591673,1646100
2019-08-20,173.9925079345703,175.7413160532111,173.7488951189422,174.19262889275984,1545600
2019-08-21,174.60154724121094,176.63747339356405,174.15782672482675,176.39386056779583,1160800
2019-08-22,176.1154327392578,177.0115827361834,174.80166266510062,175.99362633023597,1275900
2019-08-23,170.70370483398438,175.64559276975922,169.82495964101503,174.7146334563815,2200500
2019-08-26,173.7053985595703,173.7576126876988,172.26982201976696,172.50473913068322,1441900
2019-08-27,172.3306884765625,174.75812042519283,170.96470456637368,174.29699531209857,1513300
2019-08-28,174.37533569335938,175.28889040996495,170.74723052823717,171.0256527670097,1437800
2019-08-29,178.11375427246094,178.92797214968004,176.2926918925121,176.2926918925121,1816800
2019-08-30,178.52525329589844,179.6634190059294,177.73728625392798,179.3482348609858,1529600
2019-09-03,174.20021057128906,176.51155623527544,172.10774238820755,176.06505098354918,2633600
2019-09-04,176.61663818359375,176.94058598551752,175.14578771587108,176.40652432204658,1720600
2019-09-05,181.2743377685547,182.9202873898228,179.51455421964587,179.71593112672906,2237900
2019-09-06,181.4144592285156,182.3249838822096,179.97862315512072,181.2831246939782,1438800
2019-09-09,185.5906219482422,187.2540991061896,182.4913221609621,183.17421895068864,2734500
2019-09-10,188.78623962402344,190.0644768379826,186.67625716078965,186.9213989102948,2615800
2019-09-11,189.81056213378903,189.85434030366432,186.79880573178824,188.41850450261995,1886300
2019-09-12,191.50906372070312,193.2775843160201,188.36597264288892,189.44285957002785,2913800
2019-09-13,192.52464294433597,193.92546428284453,191.9117886184468,192.9186331302569,2722400
2019-09-16,190.1782989501953,192.0256257368885,189.39034522891228,190.70361033719968,2205500
2019-09-17,189.0313415527344,189.23270508471848,186.0808641704338,188.9350349314862,2429100
2019-09-18,190.0556641,190.76482484464955,186.74623817298937,188.0857670635428,2474900
2019-09-19,188.4359893798828,190.7998634047132,188.2871543020876,190.4934429595656,1596200
2019-09-20,187.1315155029297,189.7055037264864,187.03520886686576,187.93698311399964,5458900
2019-09-23,186.88638305664065,187.45545925125396,185.22290592914516,186.3523213863261,1485500
2019-09-24,181.88723754882807,187.5342754651417,181.0555055604017,187.3941906319346,2837600
2019-09-25,183.8833770751953,184.8114156025416,181.62455951431417,182.07107819540505,1593400
2019-09-26,182.29869079589844,183.83083327511528,182.20238416283595,183.02536568914795,1685500
2019-09-27,182.9553375244141,184.33864501640429,182.18488439995792,183.7257906488702,1530900
2019-09-30,181.43194580078125,183.60322036591907,181.08174712084204,183.60322036591907,1794500
2019-10-01,177.45712280273438,183.3142868,177.38708040011505,181.23931902962232,3156200
2019-10-02,173.5698242,176.7479291843135,173.00074817155678,176.58158017873464,3386800
2019-10-03,172.68560791015625,173.67492518719018,169.84020023383442,173.00954235527837,2914500
2019-10-04,175.8024139404297,176.17887683500228,171.6349777130448,172.46672291588683,3021100
2019-10-07,175.45217895507812,177.31701932062947,174.63796115893203,175.79362728236856,2202200
2019-10-08,172.7993927001953,174.18270000944128,171.52990595817752,173.00076960517154,2654900
2019-10-09,172.34417724609375,174.2090048,172.19532876544773,173.51735763322105,2443500
2019-10-10,174.9881591796875,176.25765922018985,172.94821951259286,172.99199767937242,2108000
2019-10-11,179.19937133789062,181.48445285686145,178.35888926150005,178.35888926150005,3334300
2019-10-14,180.1974639892578,180.50388445566,177.65847712340508,178.45519438264964,2286100
2019-10-15,180.7577972412109,182.3162039445666,173.8850385205931,176.85301683307634,8241900
2019-10-16,181.59829711914065,182.6489065313124,180.44263077351872,180.50390953162344,3405800
2019-10-17,180.7577972412109,182.92029461200227,178.94548516123743,182.35996875640495,2876500
2019-10-18,180.81033325195312,182.1586128060446,179.47080398875022,179.47080398875022,2207000
2019-10-21,183.2004395,184.61001087169709,181.82588255113453,182.6926421,1934900
2019-10-22,183.5069122314453,185.3016971505548,182.37749678327077,183.4981486,1868000
2019-10-23,185.01280212402344,185.62565652674851,182.98161226444984,183.17422555662404,1574500
2019-10-24,184.77638244628903,186.6149453737852,183.6644810401606,185.26666589362137,1266500
2019-10-25,187.56048583984372,188.6023447788908,184.01466800298653,184.01466800298653,2602100
2019-10-28,190.642334,191.66667925043785,188.83878522399647,189.39036089003972,2707800
2019-10-29,190.54595947265625,191.98179506405256,189.50410063416857,190.17824694599352,2030800
2019-10-30,188.94378662109372,190.02942369055236,187.19276684667585,190.0031594626737,1584900
2019-10-31,186.8163299560547,188.54983603292757,185.01278147536985,188.3659730530183,1876200
2019-11-01,190.32711791992188,190.76487291889677,188.0157720597035,188.4622773493378,2112300
2019-11-04,192.4983673095703,193.21629187681228,191.36021506858137,192.3495322220444,2538100
2019-11-05,191.4215240478516,194.17062517460676,191.2726889368211,193.312629033692,2525100
2019-11-06,191.2289276123047,191.79801723204255,189.59172788747264,190.8699652403627,1863000
2019-11-07,195.4926300048828,196.78839447643549,192.97117018619025,193.28635433342967,3748600
2019-11-08,195.1599273681641,195.4400836071021,193.5752564863352,195.23872005793837,1610800
2019-11-11,191.76292419433597,193.8466419429025,191.3164189735947,193.4001233629409,2754500
2019-11-12,192.9711761474609,193.58403051957467,190.7999015730817,191.3514771875958,1891600
2019-11-13,192.0168457,192.4721012515071,189.99440652787948,191.20261451531056,1756000
2019-11-14,192.11317443847656,193.0237124217836,190.88746564466777,191.55284850998916,1483100
2019-11-15,192.83106994628903,193.5664951112671,191.7716970097297,192.61219245486308,1693100
2019-11-18,192.3758087158203,192.5684219847147,190.89619467714175,192.3758087158203,1603400
2019-11-19,192.64720153808597,193.20752736595276,191.13257308074972,193.10247044798444,1817100
2019-11-20,190.78244018554688,192.14823402662955,189.46041116921663,191.1764171229013,2177700
2019-11-21,191.0625457763672,192.0168618404494,189.82808681505247,191.38649356439728,1677700
2019-11-22,192.8573760986328,193.2338524125169,190.86121401165255,190.86121401165255,1529100
2019-11-25,195.0198516845703,196.07046100833296,193.3914025570104,193.3914025570104,2181800
2019-11-26,194.75721740722656,195.02862339842915,193.58403708947557,194.95858098792144,1926300
2019-11-27,195.1949462890625,196.3593761591259,194.2406436223564,195.63270127664023,1614600
2019-11-29,194.88682556152344,195.4591103757419,194.05920375545008,194.47301465848676,770400
2019-12-02,191.62033081054688,195.28299061638216,191.12728303563523,194.5522185805152,2118500
2019-12-03,186.86590576171875,189.67451784624507,184.89370144322228,189.67451784624507,3207100
2019-12-04,190.12359619140625,191.0480675906613,186.98920918288465,188.01051678817387,1583600
2019-12-05,191.18011474609372,191.61153828239583,189.66574599016784,191.18891437292015,1329300
2019-12-06,197.75706481933597,198.4526115584307,192.6592861163492,193.65418140469765,4229400
2019-12-09,195.29183959960935,197.79230448120836,195.2566277,197.75709253176296,2134600
2019-12-10,195.3534393310547,196.2338857,194.1824440800389,195.16853968740165,1854100
2019-12-11,194.74591064453125,196.20745466226495,194.4377490793251,195.67918153178124,1778600
2019-12-12,199.02493286132807,199.6676550409392,194.22650215097775,195.3798849097824,2974300
2019-12-13,198.10043334960935,200.73297283366944,196.9558503811248,199.6148021815345,1908200
2019-12-16,200.77696228027344,203.11895259187023,200.62728802593676,201.1819734772476,3218400
2019-12-17,203.51519775390625,204.32522033502497,201.44615659399787,202.50268967932843,3590000
2019-12-18,202.89886474609372,204.43964590473013,202.44984193058468,204.23714699983924,2280800
2019-12-19,202.44985961914065,203.7265042895025,201.58702585658904,203.3391057005272,2418100
2019-12-20,201.56060791015625,203.63846215778415,201.28767164859212,203.34792663934624,3715500
2019-12-23,201.7014617919922,202.9252817460008,201.10276469082925,202.20332268668395,1670400
2019-12-24,202.42344665527344,202.4586586020923,201.06755159818056,201.6046244703582,467700
2019-12-26,203.5679931640625,204.4396263953748,202.49384761263929,202.73155843870023,1704000
2019-12-27,203.0837554931641,204.4484500036088,202.9164685394615,204.0962634077758,1343900
2019-12-30,202.32659912109372,203.981829329798,202.06246249628077,203.981829329798,1494500
2019-12-31,202.44102478027344,202.47625015796208,201.3316672048959,202.24733894116696,1447200
2020-01-02,206.30618286132807,206.58791869054124,202.64352303974732,203.38309470529413,3736300
2020-01-03,203.8938140869141,204.8006729605439,202.7668435753246,203.91142677962435,2274500
2020-01-06,205.98043823242188,206.04207593069145,202.0536547042601,202.4410398458474,3329300
2020-01-07,207.3363342285156,209.3437510101957,206.69359866300897,206.9049106422292,5255200
2020-01-08,209.33493041992188,211.0870235855986,207.3275137104304,207.50360030284187,3564700
2020-01-09,213.5962677001953,214.3006139594074,211.1486281761652,212.4868968163032,3980700
2020-01-10,213.16490173339844,214.2918721737761,212.5309791813676,213.7283869535873,2248100
2020-01-13,215.8942871,216.6866835669593,213.94849447884,215.21633955861248,3359200
2020-01-14,216.29046630859372,218.80854355533447,215.35719527213493,215.9911177562477,4302800
2020-01-15,215.8942871,219.6713965945291,210.5675832,213.0680479995032,5411200
2020-01-16,219.86508178710935,219.95313180321216,216.7923189349508,217.4790660700046,3968400
2020-01-17,219.63616943359372,220.51661585194697,218.35071175159771,220.31410350285248,3108400
2020-01-21,216.32565307617188,219.0990669800149,216.2376165069583,217.65513558637733,2492400
2020-01-22,217.5142517089844,218.808508788858,216.88912895177955,217.12685320418632,2030900
2020-01-23,216.2200164794922,217.47024868570185,213.84281401882475,215.2691328083162,2806800
2020-01-24,212.99757385253903,216.33447295579137,211.83539168666127,215.7709878437957,2877400
2020-01-27,209.66944885253903,210.41783346538108,206.91364806154613,208.11105538136795,2506200
2020-01-28,213.57867431640625,214.45912065453908,209.59025347942816,210.85809835586664,3123000
2020-01-29,211.41278076171875,217.0300329730161,210.92854599967916,215.2867528998549,3711600
2020-01-30,214.94338989257807,215.12827611836028,208.42807829114636,209.27331276978936,3261700
2020-01-31,209.32611083984372,213.8516043496409,208.56012684686576,213.0592080420461,3482800
2020-02-03,210.43551635742188,213.41142987213857,209.5902952277996,209.86323149745988,2733000
2020-02-04,213.0152130126953,214.60001928542636,212.6718394398158,213.84283481259632,3052500
2020-02-05,215.09304809570312,215.8238201854961,213.94846514259908,215.7005582326723,3126600
2020-02-06,212.90956115722656,216.38732185258155,212.34606254749272,216.01753596585343,2225600
2020-02-07,209.54624938964844,211.76497814485887,208.2696047588477,211.08703063516057,3006500
2020-02-10,208.98277282714844,209.4317956864808,207.30992992261127,209.01798477443955,2591300
2020-02-11,208.1903381347656,210.91091397911583,207.9790261862022,210.4266658269149,2238800
2020-02-12,210.11851501464844,212.3460431943697,209.2997063617791,209.55502989081668,2119200
2020-02-13,209.8544006347656,210.4002730928404,208.28720714873847,209.41417744353225,1461300
2020-02-14,208.7362060546875,210.43546092960096,207.98782134150693,209.49339039424825,1718700
2020-02-18,205.32891845703125,208.7274422242356,203.55921252940257,208.26960631761244,2736500
2020-02-19,208.9563140869141,209.37012490702432,205.3905040198898,206.90487267336903,2207100
2020-02-20,204.90628051757807,208.5777402788889,203.6032236479043,208.1463301544576,3183700
2020-02-21,203.04855346679688,204.08748725079985,201.06754897901104,203.30389045745756,3081600
2020-02-24,197.6954345703125,199.58840244682037,195.9345417184241,196.5420519,4139400
2020-02-25,191.5939483642578,198.8664310470068,190.07957942835617,197.90674766162329,5343100
2020-02-26,189.98269653320312,193.69818089606383,189.0846375691945,192.55359804931467,4171100
2020-02-27,181.0990295410156,187.95770136514355,180.8172802,185.32517512003997,5848200
2020-02-28,177.8480224609375,179.15904655712797,172.6039125594879,176.35982162155048,6727100
2020-03-02,185.5547332763672,185.68760231390505,175.06651372384198,178.4149486366695,5285500
2020-03-03,180.20431518554688,187.60985143476736,179.0438805326422,185.13839271382483,5677200
2020-03-04,184.90806579589844,185.06750862746063,179.55764772537302,182.3391519816772,3520400
2020-03-05,176.09408569335938,180.2397758493503,174.46416223773753,178.3441007719732,4151500
2020-03-06,170.83229064941406,173.8884009047871,167.6698716215188,168.91002799518907,5071900
2020-03-09,153.08018493652344,158.78492875140526,150.7327423030789,153.76227739700315,6443000
2020-03-10,163.30270385742188,164.23281419065833,153.50541642602258,160.88437914428076,6803900
2020-03-11,152.26524353027344,160.13141440020533,151.45028195170997,158.10285712510458,5314000
2020-03-12,133.4768066,147.71209576055162,132.87444896001645,141.73274555735088,8357700
2020-03-13,156.9424285888672,157.2879015921532,134.95614494850463,144.23078194059087,6368400
2020-03-16,137.0024414,150.18357976342128,132.87447125524798,133.07820832649944,6888000
2020-03-17,140.55458068847656,147.70323203213366,132.87443969604746,139.0752469,6876300
2020-03-18,124.03384399414062,138.1628210889827,119.9501697,132.87441816469314,9543200
2020-03-19,132.4226837158203,135.08017275555164,115.91081902295711,121.69528575143728,6548200
2020-03-20,122.6076889038086,132.1569317456921,122.5013801511632,131.97976851353403,7561300
2020-03-23,119.5604248046875,125.73465833287564,118.0456502082606,120.49940203852604,5472600
2020-03-24,136.06344604492188,136.3291841390677,127.23172293778396,127.84294758769622,6647400
2020-03-25,137.41876220703125,143.69043794624116,128.72877523272342,136.94927355925333,8587800
2020-03-26,146.8616485595703,148.51815870952512,136.69233095127876,138.51713733124905,6762200
2020-03-27,140.26226806640625,145.03688949342293,139.07525954107993,140.91778689458215,4186700
2020-03-30,141.39613342285156,142.11365332242943,135.69138795045606,140.42172885573774,4152800
2020-03-31,136.94036865234375,142.70712690548785,136.1697013718233,140.07621241104647,3588200
2020-04-01,128.70217895507812,132.49354214672718,128.44529431379294,129.41971229802076,4689100
2020-04-02,132.81243896484375,133.27307418842454,125.4954905897352,126.69136607819108,4446900
2020-04-03,130.1549835205078,133.68944976359435,128.6490753614322,132.16582122146372,2801600
2020-04-06,140.1648406982422,140.7849188337973,136.21404749407006,137.7199553994723,4689400
2020-04-07,147.06546020507812,149.82924472464575,143.90304148106645,147.04773982524543,4953500
2020-04-08,156.7564239501953,157.7662692307487,149.30659320051663,149.30659320051663,5194800
2020-04-09,163.22296142578125,165.94246485569823,159.24559507021928,159.96311490199383,6445800
2020-04-13,158.72296142578125,163.85192303140806,158.6786807534994,162.8597980785732,4774300
2020-04-14,157.88137817382812,162.44340792489976,154.61266535960235,161.53100467802236,4149600
2020-04-15,158.1383056640625,160.93751695724893,149.838073,151.14911058615286,6042700
2020-04-16,156.82725524902344,158.0674247105653,152.7081533095439,156.9867115943255,4662200
2020-04-17,162.5408935546875,164.1265227414268,157.9345684,162.5408935546875,5426700
2020-04-20,159.80364990234375,165.0477728803395,157.69538470546746,159.1835719032625,4674800
2020-04-21,153.9660645,158.74068619575033,153.8331953992266,155.40997125003645,3819000
2020-04-22,155.88829040527344,157.83711283671204,154.5506925651391,157.23475519215472,2314500
2020-04-23,155.06448364257812,158.62552263648092,154.53298044348057,156.7918487646134,2013300
2020-04-24,156.7918701171875,157.63340569978928,153.68261247409225,156.7918701171875,2024400
2020-04-27,162.58517456054688,163.2141195847155,158.31548250429492,158.65210211018982,2743100
2020-04-28,165.65902709960938,168.67970998108228,163.76335185605996,167.56356929189755,3344700
2020-04-29,168.33424377441406,171.6029580536857,167.9267696164881,170.61968638851204,3086300
2020-04-30,162.47886657714844,166.1373472172986,162.01823139206408,164.7643086088871,2695400
2020-05-01,156.88043212890625,159.09500619330817,156.481798,158.56350301117675,2650200
2020-05-04,155.9325714111328,156.18060259871737,152.11464829150674,155.02016807465685,2990100
2020-05-05,157.94345092773438,161.75252164770106,157.80171492031943,158.65211744811953,3272600
2020-05-06,156.72097778320312,160.5123275488853,155.2062166730156,159.1658627157394,2408700
2020-05-07,161.50448608398438,162.4434634538488,158.72296770026546,158.72296770026546,2480100
2020-05-08,164.22393798828125,164.68457313405725,161.87649511240693,163.90503881300342,2277500
2020-05-11,162.24855041503906,163.74560457988764,160.5654660895598,161.69932687969748,2212200
2020-05-12,156.97787475585938,163.25840359160372,156.57038717851904,162.8952101991224,3549200
2020-05-13,152.1855469,156.68556342361524,151.2642764072927,155.60485009612515,3445300
2020-05-14,154.53298950195312,154.82531492692362,146.48080071875236,149.7406475486866,4176700
2020-05-15,152.24754333496094,154.2140863131126,151.10482899091036,153.67372966566214,2867800
2020-05-18,161.1147003173828,162.19541356668734,155.23279200942946,157.42079231607977,4505800
2020-05-19,157.52708435058594,161.38930206887602,157.4296426,159.94539545006705,2210500
2020-05-20,160.7249298095703,162.8420620790665,159.7150845746786,160.2908684259979,2599900
2020-05-21,159.53794860839844,160.48577944327246,157.3942286484801,159.6265234762867,2153500
2020-05-22,159.38735961914062,160.0163047647066,157.7308621,159.47594801148205,2176400
2020-05-26,173.6757813,174.59705177328462,164.07338985872371,164.43658330572416,5971200
2020-05-27,185.72303771972656,186.65316150576692,177.1747739448726,179.82340932257702,8182100
2020-05-28,178.24667358398438,187.18469302933235,178.23782015198552,186.7683519416546,4886100
2020-05-29,175.14466857910156,179.0934170004789,173.5045433194309,175.80427131068114,3822600
2020-06-01,178.21096801757812,179.85109336055064,173.9234956398381,175.87559121999837,2230800
2020-06-02,181.96365356445312,184.06728016755812,179.4500057698878,181.6338521363854,4128700
2020-06-03,187.6951141357422,188.907359930042,184.00484251616783,185.84106955435388,3471900
2020-06-04,191.48345947265625,191.63499022576968,185.3686815000807,186.10850411787536,3522300
2020-06-05,194.2466735839844,198.75698793034337,194.0149230859698,197.8834521750181,4737600
2020-06-08,196.8227386474609,198.11521803489336,194.5319326051037,196.1185647250437,3260300
2020-06-09,194.4071502685547,196.1185732951471,191.78652908367903,192.30352358148005,2478400
2020-06-10,190.3246917724609,195.96704669615823,189.6829064237156,193.77427782108128,3091200
2020-06-11,173.0410614013672,184.4238069709843,172.9430104978939,182.46280250269817,4923400
2020-06-12,179.86001586914062,180.89400475970183,174.89510920178088,178.8260269785794,3380800
2020-06-15,183.89791870117188,184.50405531765963,173.9502599815478,174.46725445993476,3467400
2020-06-16,186.82159423828125,191.6260615,181.5981834105133,191.6260615,3099100
2020-06-17,183.7909393310547,187.8912188220877,183.1224141704448,187.18704497076416,1798300
2020-06-18,181.6962432861328,184.7447167481945,180.65334554394173,181.8299564948327,2051700
2020-06-19,179.72630310058594,184.8873112000435,179.13799771274097,184.5575098164844,4962400
2020-06-22,181.3218688964844,182.35585785447145,178.27339546615482,179.15585367013733,1806900
2020-06-23,182.53411865234372,184.9675465604476,181.51796089722063,184.0672708584846,2451800
2020-06-24,176.50848388671875,180.59985484503832,175.93800959362744,180.3591819647901,2756700
2020-06-25,184.6020965576172,184.8605869826778,176.14301949942654,176.36586123182292,3466500
2020-06-26,168.6377410888672,178.4873501042836,168.03160439808747,177.3820500217925,9530700
2020-06-29,172.45277404785156,172.83605532810617,168.16530096722326,170.58982028786306,3736000
2020-06-30,176.15191650390625,176.85610394789404,172.58644902376693,172.7825508232689,3102800
2020-07-01,176.1073455810547,178.04160990904847,174.2800409169126,177.27503391536254,2620100
2020-07-02,175.95584106445312,180.94750172492343,175.71518176633933,180.50181822313792,2699400
2020-07-06,184.83384704589844,185.21712829701855,179.28063488342187,179.46781432195684,3567700
2020-07-07,177.70291137695312,183.36309681235363,177.55138063127774,183.17590377288408,2853500
2020-07-08,180.2789764404297,181.17034344384345,177.3998648,177.86336587665878,2789700
2020-07-09,175.4477539,180.50180275114036,173.8165507973944,180.15417019359276,3160100
2020-07-10,183.2293701171875,183.90681763758204,175.4477412,175.48338990427266,4414800
2020-07-13,186.18875122070312,189.8433479152227,184.51297683714705,186.2957109128683,4449600
2020-07-14,190.7614288330078,191.0199328553576,184.52186041982137,188.46170055714896,5202000
2020-07-15,193.3374938964844,200.7715048994501,191.36758047333615,199.9960063725321,12516700
2020-07-16,191.34971618652344,196.51073776028065,190.30681862526177,190.3157273971572,5769600
2020-07-17,188.4438934326172,191.79542832632956,188.30127145385995,191.55475543732425,3614300
2020-07-20,188.7113037109375,190.01269184639293,187.40990197430173,187.83775430365336,2268700
2020-07-21,188.98760986328125,190.58315059529085,187.53467749529415,189.19262043752173,3393500
2020-07-22,183.62159729003903,188.0784321757196,183.04221419537285,187.63274868715155,4978400
2020-07-23,180.965332,183.63943302951992,180.1007049537149,182.81937702219216,4088600
2020-07-24,179.58367919921875,182.6678009,179.44997961305265,180.94746938282756,3191500
2020-07-27,180.965332,181.99930741368345,177.90793615061392,178.36254202507567,2601200
2020-07-28,179.7174072265625,181.4823236503337,179.24498381244072,179.9759112689647,2139600
2020-07-29,180.57308959960935,181.7407779419192,177.9346378633697,179.7886824561801,2635000
2020-07-30,177.8544464111328,178.2644811925731,174.9753349715181,177.8277064907324,3057900
2020-07-31,176.4550018310547,178.13076239530295,175.1625089134495,178.13076239530295,2399700
2020-08-03,177.7296905517578,178.16646533953704,175.18038002960728,176.92746557954118,2294600
2020-08-04,179.73519897460938,179.8065099,176.91847665419223,177.69397501022004,1944700
2020-08-05,182.30239868164065,182.56088914985492,180.9564256885078,181.09904768533477,2232400
2020-08-06,182.0616912841797,183.88007379522844,181.68731881429255,182.73021646637372,1882400
2020-08-07,185.64495849609372,186.1173817897373,180.4571974359937,181.37530410863505,3075000
2020-08-10,186.6344146728516,187.7575321233739,185.43997263364577,186.82159411401523,2432800
2020-08-11,188.13189697265625,193.3820475040696,187.65947360064976,189.6115693006515,4042700
2020-08-12,189.08566284179688,192.49067729103143,186.53635299081648,191.3764686778613,2439400
2020-08-13,185.7519531,189.1480589361382,185.12799899717064,187.5525181234617,2219900
2020-08-14,185.3775787353516,186.72353788300703,184.1653191847156,184.92298650430547,2287600
2020-08-17,181.00987243652344,185.27060488386044,180.5285267217184,184.5129376222349,3922600
2020-08-18,179.44105529785156,181.4644618207316,179.2538758792448,181.3485798,3067900
2020-08-19,180.965332,183.7107440216155,179.85112328197087,180.41267524280445,2458500
2020-08-20,179.92239379882812,181.1970417926925,178.57642122773228,178.95079365112974,1764200
2020-08-21,180.4393768310547,181.2594462653429,178.11292251393974,178.37141290433755,1780900
2020-08-24,184.81602478027344,184.8962445435005,179.45000539964883,181.04554629561437,3097400
2020-08-25,183.62159729003903,187.62383991380523,182.8817610668744,187.1781564252372,2627600
2020-08-26,184.70904541015625,184.76252524660788,182.7569497725965,183.5235258311547,2563200
2020-08-27,187.3207550048828,189.8611561972904,183.9870513895541,184.22771066794053,3692400
2020-08-28,185.14581298828125,188.96977076114624,184.5931562966877,188.8717198643457,3697400
2020-08-31,183.7199707,185.10099443280183,182.60799249762337,184.28493620013168,3046200
2020-09-01,184.2490692138672,185.37002379865933,182.05198728085247,182.58108824435536,2457000
2020-09-02,188.35626220703125,189.15438144031629,184.1683769102634,184.54501606359156,3565200
2020-09-03,186.1322479248047,193.01042299494028,184.58085075071168,189.8896895436272,3533500
2020-09-04,189.1633453369141,191.32454923244097,184.12353750132056,189.11850441324816,3668900
2020-09-08,181.5767059326172,188.28450810515804,180.4916295435632,187.88095350269668,4574700
2020-09-09,181.3435516357422,183.68410537718955,181.1731643479562,183.11017717195287,4681400
2020-09-10,179.3616943359375,184.1504226698173,178.94919071597442,182.69765623885263,2510300
2020-09-11,180.17776489257807,181.06556590101576,178.4111392703567,179.56797213136892,2376400
2020-09-14,180.5543670654297,182.31202961685037,179.95353713829536,182.31202961685037,2756900
2020-09-15,177.5592041015625,181.6753460035067,177.54126499703324,181.1462587298769,3717600
2020-09-16,179.96249389648438,182.76040534125295,177.62195428096163,177.99859331162708,3571400
2020-09-17,174.7164764404297,179.25409865428813,174.42950548319942,177.74754217941444,4274800
2020-09-18,174.7433624267578,176.3485633123189,172.51939244381228,174.8778714985687,9066300
2020-09-21,173.97218322753906,174.1246314367973,168.11631650533576,170.29544604674086,4871300
2020-09-22,171.83782958984375,175.89120472661642,168.9771516340682,173.97213124884138,3355800
2020-09-23,166.90565490722656,173.00365078354372,166.68146398297614,172.17862982432553,3116100
2020-09-24,174.96754455566406,177.0749444651341,167.7396322111393,169.47037937138478,5114600
2020-09-25,174.82406616210938,175.21864434693654,170.0353516830388,173.03951530372342,3106000
2020-09-28,178.5187530517578,181.02968041886655,176.79695473784338,177.3619202372068,3280100
2020-09-29,176.4741211,178.2497230577186,175.2545219241429,177.70269665774347,2400000
2020-09-30,180.22259521484372,182.11476709916815,177.88204149711095,178.1689987550579,3075800
2020-10-01,178.05239868164062,182.1595772233252,177.44259237586468,180.7247501255792,2288700
2020-10-02,179.26303100585938,179.98044459390735,175.12895042765575,175.17379134256987,2541200
2020-10-05,180.9669342041016,181.89956251796752,178.9850802222835,181.08350419112887,2551600
2020-10-06,180.3302001953125,184.8140184726848,179.2630492559335,183.1639766306584,2833100
2020-10-07,182.58106994628903,183.83653348202407,180.40192733640995,182.8500880728564,2326600
2020-10-08,186.50889587402344,186.67032044280384,183.03842500580555,183.9710531599437,2330600
2020-10-09,186.11431884765625,188.14997613115568,184.79608889262263,187.2083715773941,3040900
2020-10-12,192.01502990722656,192.7055417546809,185.9977534299928,185.9977534299928,3474200
2020-10-13,189.0467834472656,192.00610686420924,187.58505400526707,191.9164250065475,3317300
2020-10-14,189.42337036132807,192.31095023222832,188.56248497280816,191.7998020984558,7550100
2020-10-15,187.06491088867188,188.97500824031823,185.54040167144709,187.94373547198663,4325700
2020-10-16,184.9216461181641,188.32037447483864,184.5629324328571,186.8138180471333,3244500
2020-10-19,184.4553223,186.4461387162764,183.46887675096792,185.97981777448143,3235300
2020-10-20,186.55372619628903,189.5578896585702,185.1547772027762,185.3610289945053,3335500
2020-10-21,181.96234130859372,186.4820247247524,181.1552456990277,185.97983919890467,3083600
2020-10-22,184.1952209472656,185.065082653574,181.32558042912083,182.22234394626145,2136900
2020-10-23,183.8723907470703,186.71514321850856,182.9577017857911,185.41482513496663,2110200
2020-10-26,180.37501525878903,181.87260870673435,178.01652280424244,181.58565149355093,3249700
2020-10-27,175.47869873046875,179.88181139215186,175.23658240501916,179.35272413998536,3430400
2020-10-28,170.1788330078125,173.4071737729567,169.43451757427098,171.55984293758874,4214600
2020-10-29,170.33131408691406,172.49251807472595,167.60514454055047,170.20576770540583,3581200
2020-10-30,169.52420043945312,170.74379959442163,166.36760213067527,169.94568046471247,3658800
2020-11-02,170.56442260742188,172.80633145789673,168.79779733856563,172.1785997164689,2459600
2020-11-03,177.49642944335938,178.4559731535346,173.2726801536066,173.91835110090463,4545500
2020-11-04,177.44259643554688,180.08805981276163,174.77920763975604,175.98984388639755,3868500
2020-11-05,182.00714111328125,183.04737646029,178.50975496238473,179.03884218732836,2892800
2020-11-06,180.482666,183.28954091034103,179.7293877554454,183.2446999864789,2475100
2020-11-09,192.74142456054688,195.4944958,187.75542034282432,192.34686000810703,6960500
2020-11-10,195.0191650390625,195.83522313153912,189.3785147993344,193.02834891722023,4166500
2020-11-11,195.5393218994141,197.21626559146836,192.8310917718952,196.06840918315456,2680700
2020-11-12,192.3647461,194.47214593057737,190.4725744371282,193.00145424132103,3005500
2020-11-13,196.4629669189453,198.14888682953705,193.1718462195119,193.56642438441855,2832100
2020-11-16,199.42230224609372,201.41311861762435,197.31490222286584,200.45357495663583,3004700
2020-11-17,201.4579620361328,201.63732572500717,195.7904225027346,197.30595536243575,2722900
2020-11-18,201.14410400390625,204.21103426707157,200.43565300630607,201.7718358676778,2856200
2020-11-19,201.38624572753903,201.7180439426068,199.1802008399196,201.1441156790558,1505200
2020-11-20,200.2921600341797,201.60142725682536,199.64648913298868,199.9782873,1848100
2020-11-23,205.2064208984375,206.2556326922837,202.42644820178293,202.72238183853852,3371300
2020-11-24,212.98133850097656,213.53732751117727,206.8205774249607,207.2420573789921,3915200
2020-11-25,212.12046813964844,212.93652634669309,208.4347689840413,210.7394581368653,2272800
2020-11-27,211.09815979003903,212.8020189517297,209.65436975215357,212.53298711740723,1050400
2020-11-30,206.77577209472656,210.73946593974003,206.57848298937736,208.09401580613823,2705400
2020-12-01,209.2552795410156,211.77088114563932,208.59707780530064,209.1470857647638,2577600
2020-12-02,214.27749633789065,214.71029900991545,208.8044783030672,209.25530410117605,2136300
2020-12-03,212.3118896484375,215.35947626231896,211.5635172177697,213.95288830029705,2142600
2020-12-04,216.0177001953125,216.1709793221692,213.6463519945214,214.3225907202425,2373000
2020-12-07,214.9988250732422,216.2611455904486,212.29387022537225,215.07997041673144,1788600
2020-12-08,215.35044860839844,215.6660321478536,213.3127210989276,213.7004247,1371800
2020-12-09,218.9390563964844,221.22924549353357,215.9726148157468,216.3963921844236,3552300
2020-12-10,220.36363220214844,221.06691930694237,215.9545566952741,216.3963709054593,2541700
2020-12-11,216.38735961914065,217.4783502859729,213.7815871998189,217.12670673312712,2077300
2020-12-14,214.4037322998047,219.5521691,214.0430771556658,219.35380463806504,1927800
2020-12-15,218.58737182617188,219.6513277761137,213.86272665712852,215.94553947118976,2348000
2020-12-16,219.7956085205078,219.91281386986512,217.4062235893855,219.60625563599032,2400900
2020-12-17,220.3906707763672,221.74314803394765,219.10131572803337,220.90461873814064,2983600
2020-12-18,218.3168945,221.25627363573489,216.90129499173548,221.25627363573489,4088100
2020-12-21,231.7064208984375,235.1958079291885,224.2948304370664,225.6743561821592,7408500
2020-12-22,225.49403381347656,232.35561644710828,225.2325609164137,231.59820492755523,3599800
2020-12-23,231.2285614013672,234.95235935668455,226.58504745520133,226.76537502168776,3376100
2020-12-24,230.9670867919922,232.28349047835923,228.7941030434064,231.76054463568445,968100
2020-12-28,234.0597381591797,236.8187899,231.7244637910147,232.45479939388304,2793400
2020-12-29,232.63511657714844,235.20480138619465,231.27361398204405,234.6638324892716,1430900
2020-12-30,233.9335021972656,235.01546753154497,232.4728035942235,233.35643200600637,1566500
2020-12-31,237.77452087402344,237.97288531427748,232.6260982642671,233.3474084927065,2043100
2021-01-04,238.9376373291016,241.2638859929429,234.57364755681064,240.74094025234007,3572000
2021-01-05,244.2844390869141,246.6016900912993,236.7466456067173,237.9278068936083,4207100
2021-01-06,257.46661376953125,260.0183033096487,246.24106740599856,249.11733832743488,6383500
2021-01-07,262.9666748046875,266.7896961713182,258.4854654025456,259.4682623115904,4009700
2021-01-08,261.5510559082031,263.5347002214816,257.0247753,263.2822389012661,2800800
2021-01-11,264.93231201171875,265.98725662819743,256.249429086944,258.59370153916024,2649700
2021-01-12,272.48809814453125,274.0840389452532,266.906873,267.91674585062884,4814400
2021-01-13,273.1463317871094,273.8496189187076,269.6839930226089,270.56759396043435,2413800
2021-01-14,277.59149169921875,278.9800429578488,273.6873521250609,274.147175759862,3192200
2021-01-15,271.4061889648437,274.8775260217097,267.6823630145934,271.56847966811114,3863700
2021-01-19,265.2658691,276.44634168246387,264.9051865455506,275.00369385082234,6727800
2021-01-20,261.9027404785156,268.19627853135046,259.206811,266.72658202566004,4792600
2021-01-21,260.9109191894531,263.9494806800226,260.1535351471095,261.8847183269115,2516000
2021-01-22,260.92889404296875,262.0108591393844,257.4214571285996,258.49442442265706,2568800
2021-01-25,255.2034149169922,258.1878787907133,250.20825855517,257.4485180534331,4575000
2021-01-26,254.04933166503903,257.66493541521066,252.5345362552513,256.00589998184284,3296800
2021-01-27,246.4483642578125,250.0910436065723,244.63606366070132,248.855785595162,3891800
2021-01-28,247.9721527099609,252.30909364800615,244.64505691528024,247.60247234208347,3778700
2021-01-29,244.50086975097656,250.118141454018,244.0049448748895,247.2959676210827,3412000
2021-02-01,247.7107391357422,249.5771369236137,245.24922050934904,245.8443138316492,2324100
2021-02-02,258.7469482421875,259.9010611,250.6591326805859,250.94766778252875,5195500
2021-02-03,260.1715393066406,261.30762904544616,257.13297803758377,258.4223331,2712800
2021-02-04,264.8601074,266.73553028814337,261.0461119691616,261.4789145611702,2994700
2021-02-05,264.6346740722656,268.0068413523585,263.4535129923545,265.98715111181724,2938100
2021-02-08,270.6307067871094,271.2979476,265.53638104117664,265.98720681544006,2826200
2021-02-09,270.91021728515625,272.7045225825196,268.4216777156453,270.1348101591507,2071700
2021-02-10,274.35455322265625,275.1660341756064,268.46676925780247,270.4954853982896,3213700
2021-02-11,272.5873413085937,275.0127865184775,269.7471440322682,274.0840863927908,2159900
2021-02-12,276.1939697265625,276.5366017929961,272.0914377682488,272.2898022532247,1977300
2021-02-16,281.2791748046875,282.1447799965699,278.8086586705412,279.51194569130934,2792200
2021-02-17,281.9825439453125,284.00226246500887,278.3939878,279.53907554205426,2333100
2021-02-18,279.4218139648437,283.56941665928923,277.32997573408386,278.8086975056899,2093300
2021-02-19,284.5792236328125,285.6251426071529,279.7193366703796,279.7193366703796,2749500
2021-02-22,285.7063293457031,289.03342584917914,281.5046297163444,282.21694216308737,3162300
2021-02-23,287.8161621,288.52847448530207,280.0349054105044,286.70714839595263,2942500
2021-02-24,298.1220397949219,298.4195726574623,288.61862608920615,288.6817482927267,3934400
2021-02-25,295.5253295898437,302.7836137759239,294.19990067142135,300.54750795982653,4244000
2021-02-26,288.05963134765625,296.3548086443118,287.6629024860532,293.73099947534496,3732200
2021-03-01,298.6413269042969,299.6551387808428,292.6579860044548,294.1877645902684,2957800
2021-03-02,299.56463623046875,304.3169004735574,298.27021659980323,298.71375242271426,2850300
2021-03-03,302.7237548828125,307.856212475346,301.65563353792754,302.04485998362736,3606300
2021-03-04,298.0710754394531,307.54844931270753,293.2101923936612,301.5470139994368,3647600
2021-03-05,296.3330993652344,303.7647279504213,286.45743804165573,303.7647279504213,3740200
2021-03-08,302.50653076171875,305.5841822495631,297.8991004899675,299.94481842564994,2998000
2021-03-09,299.24786376953125,304.49800173039483,294.7038031351241,297.46463177990915,3324800
2021-03-10,309.5941772460937,309.9381550919007,300.0987091440786,300.5875212209782,3153100
2021-03-11,309.66656494140625,312.2916194057538,304.56126259928243,306.5526984684019,2756600
2021-03-12,315.7404785,316.8176607721951,311.0606445389738,312.4908378243357,2436700
2021-03-15,313.2421264648437,319.0082309,309.57610469580044,316.3107449728116,2276200
2021-03-16,309.3135681152344,314.0115231467576,305.72901069137845,312.54511454719403,2332600
2021-03-17,312.2464294433594,314.1292192897046,308.12778349150045,311.9477001947367,2710900
2021-03-18,315.0072631835937,323.0182292807965,314.0930091259552,317.49654471737216,3713000
2021-03-19,311.5675048828125,314.3192722717932,308.3359585871338,313.57703485562155,3513000
2021-03-22,307.1591797,310.3726319472253,304.1448986502134,308.7251737830373,2094500
2021-03-23,300.3158874511719,309.4764642971023,299.9176003002923,305.6112723043801,2457500
2021-03-24,297.4917297363281,304.99578884893697,297.30164690547093,301.8095188359214,3332200
2021-03-25,299.2116394042969,299.97202609874705,291.39984429554585,296.3150373691315,2804700
2021-03-26,296.3512268066406,303.6470820791746,292.0968075475328,302.79619822735305,3082600
2021-03-29,294.8486022949219,296.68614345646137,287.59799564491834,289.97865827215975,4533200
2021-03-30,300.5332031,303.9186168526957,297.6727892985287,298.1796952805055,2717300
2021-03-31,295.9981384277344,301.1124738267785,294.5860394268305,298.9219220334049,2624500
2021-04-01,296.5774841308594,298.40596427022695,293.42740216000976,293.5541148309058,2659000
2021-04-05,292.8662414550781,301.2935886793171,292.42267796348733,301.2935886793171,3235000
2021-04-06,296.0524902,297.39218613527214,293.2826012106632,293.7261370455561,1801700
2021-04-07,295.5908508300781,297.9896350914631,292.6942489449609,296.6318451884782,2157300
2021-04-08,299.7457275390625,300.0625230998138,292.35028600204345,293.5451478074792,2402800
2021-04-09,299.4469909667969,303.14922821925364,297.6185104601795,302.3345597806343,2347100
2021-04-12,300.3793640136719,302.76908776558804,298.6595021,301.1306899789539,2318800
2021-04-13,296.6137084960937,298.7590120133645,293.4455322175881,298.27022756275176,3575900
2021-04-14,303.5566101074219,311.8119694382195,295.22881983551343,297.40127845556907,9876800
2021-04-15,306.4532165527344,308.98777466413026,302.82340977919176,306.7700397696977,4354800
2021-04-16,309.8566895,311.1511091300845,306.5165242557227,308.02820909037746,4231900
2021-04-19,310.5627441,311.7756997624026,304.6880488765627,307.7657003552542,3228200
2021-04-20,300.4155578613281,308.1911650202631,298.1254199093918,307.73856836870016,3662300
2021-04-21,303.4841003417969,303.6651500232397,296.50506882373304,298.7137423406811,2733300
2021-04-22,299.48321533203125,305.0229940284179,298.97630928297025,302.89578420237194,2165200
2021-04-23,307.1773986816406,308.37226064952443,299.36557489253613,299.8453263096592,2163800
2021-04-26,310.9519043,313.10626815986683,308.5712697973524,309.5217114431196,2171500
2021-04-27,313.7671813964844,314.5999438249714,311.0787559900364,311.38651842006936,2088600
2021-04-28,315.1068115234375,316.92625881029835,313.2783310885322,315.0072535248063,2140900
2021-04-29,319.50604248046875,320.28449536688584,314.5365406900183,317.3154627984251,2584400
2021-04-30,315.41461181640625,319.37030205959763,314.2831202079736,317.8314624224065,2101100
2021-05-03,316.9624328613281,320.4926805785028,316.1477645611036,317.12536099651254,1871700
2021-05-04,316.6727905273437,318.42886757165235,310.0920458092954,315.8219066966249,2831400
2021-05-05,323.7152404785156,325.09115204612635,315.5051301877327,318.6280582859979,2786800
2021-05-06,331.27362060546875,331.5723222645692,322.7014382379073,325.66141062986827,3048700
2021-05-07,335.7271423339844,336.41507042884496,326.7113975514424,327.9515079009778,3378100
2021-05-10,333.7266540527344,341.2397749011205,333.5637259,338.0896923210892,3396300
2021-05-11,325.79718017578125,333.6814059747152,324.6204123275046,328.58516334645003,3734300
2021-05-12,320.8004455566406,333.22875740135856,319.7775728813287,328.6484822905568,3309800
2021-05-13,324.7923889160156,326.6752063519656,319.75951663901617,319.75951663901617,2673900
2021-05-14,333.8081359863281,334.4779978383225,327.4084401065102,327.6799870571105,2732300
2021-05-17,334.2426147460937,335.5551560365254,329.9429467161846,332.9119795350233,1826100
2021-05-18,329.9972229003906,337.7094588354418,329.4903169304419,336.17064700677736,2018600
2021-05-19,324.4032287597656,325.86963770956885,320.37510691057554,325.86963770956885,3696000
2021-05-20,325.6704406738281,327.6347222672357,319.85005445070254,324.94629709176746,1919600
2021-05-21,331.5361328,332.3327073986539,326.33127093065883,327.2183427544407,2657500
2021-05-24,333.3736572265625,334.66807705080885,330.8572208893369,332.4956185967945,1834300
2021-05-25,329.9519958496094,338.3340664445529,329.5718025,334.84003380737727,2631000
2021-05-26,332.5680236816406,333.8262556691176,327.59852114323826,330.3955652160406,2121200
2021-05-27,336.1616516113281,338.1349664941311,332.47750802900174,336.1254361423448,3897000
2021-05-28,337.88726806640625,338.84094751602674,334.4722657718326,337.86911303866475,2169700
2021-06-01,347.3513184,348.1868932853004,341.7837384409522,343.0462199219463,3644000
2021-06-02,348.2594909667969,349.37664879397914,344.5629056602595,348.1595690224477,2809700
2021-06-03,353.0550537109375,355.3529258351098,345.2531870487463,347.17867322804017,3003900
2021-06-04,355.5346069335937,356.0795349639018,350.8752782512548,353.9269860913828,2514100
2021-06-07,352.5464782714844,357.1785608508185,351.9924311148318,356.9424068773991,2188700
2021-06-08,349.4039611816406,351.0206459,347.15149007454147,350.39395085163704,2452600
2021-06-09,347.6600952148437,349.0133794731748,344.11792411470003,348.0052348098122,2025900
2021-06-10,339.6311340332031,353.8906754446483,338.1870193,353.8906754446483,3900800
2021-06-11,343.3641052246094,343.9998916890312,340.6938464222087,341.22973863177936,2117300
2021-06-14,338.70477294921875,343.9998609229268,336.6884558240158,342.80096366629704,2560500
2021-06-15,337.2333679199219,340.4485821491638,333.47322561589573,339.23152991947404,2302900
2021-06-16,336.9608459472656,339.7582445480657,331.7384069602123,336.951754575048,3264200
2021-06-17,328.3324584960937,339.2496162940327,323.8366087657473,339.2496162940327,4146300
2021-06-18,316.8249512,325.4987585,316.1891925699228,323.80939844359887,6290100
2021-06-21,324.73590087890625,325.1264419529232,318.83227245896205,320.51254147585206,2717300
2021-06-22,324.7267761230469,326.86117018360005,320.28544591990766,324.24540450237777,1870800
2021-06-23,327.9237976074219,329.222616751828,324.84484314791433,325.8711705402844,1713100
2021-06-24,334.91729736328125,336.8518749326972,329.4950419759094,329.6948581501589,2716600
2021-06-25,334.9355469,337.09718762869056,331.0936647702205,334.98097603327176,2782400
2021-06-28,334.8809814453125,335.026304828578,330.4759616693324,334.05447029414086,1833400
2021-06-29,338.4322204589844,343.4003506809112,336.7337968422964,340.46669224997765,2365900
2021-06-30,344.7082214355469,345.2349943926918,336.8700172258599,336.8700172258599,2238400
2021-07-01,340.5848083496094,346.62469567878344,339.82188134034163,345.7709381,2571000
2021-07-02,339.8309326171875,342.0470655473125,338.2505859785702,341.78366520167657,1598900
2021-07-06,335.9254455566406,339.3495669564958,331.88374831727174,338.98627237687606,2162900
2021-07-07,333.9364318847656,336.13438229879506,328.95011841364845,333.7820171232766,2012800
2021-07-08,326.0074462890625,329.59504695676765,322.96480148092866,326.6886342,2940500
2021-07-09,337.6511535644531,338.00535678211367,331.4659709976678,332.41962276281595,2641800
2021-07-12,345.5892944335937,348.76817099211564,333.62762387335283,336.3342201786603,4135900
2021-07-13,341.4840087890625,349.97612818868106,337.87825345066904,346.09790880662206,6466800
2021-07-14,340.0489501953125,346.74275132618834,337.31513529121554,343.9998450482987,3295700
2021-07-15,339.09527587890625,343.99982225666923,336.57034099850523,337.1788532,2183900
2021-07-16,331.3297424316406,340.5303236294622,330.4487384147317,340.5303236294622,2583300
2021-07-19,322.1745910644531,322.6014699,316.97939753765337,321.52064965137333,4394600
2021-07-20,331.2933959960937,333.60942322787287,319.2863256423743,319.9493306375173,2937900
2021-07-21,339.2315368652344,340.50308192843744,334.17257529911564,334.2724972599407,2398800
2021-07-22,338.5140075683594,339.4041029616913,334.64487961237273,338.1416215686267,1887100
2021-07-23,339.7309875488281,343.3185870454692,337.30597495583766,340.2214504341061,1706900
2021-07-26,341.4112548828125,342.11968895136994,338.87722898783505,338.94081315596645,1559100
2021-07-27,340.4485778808594,340.7210696324382,335.344215,338.32327526303743,1791800
2021-07-28,339.89459228515625,342.8100686094281,338.1779855473628,341.32961586966474,1668900
2021-07-29,342.9099426269531,344.6901334465054,340.4213452903187,342.4376623763638,1296600
2021-07-30,340.4848937988281,345.08972970061365,338.8318715185563,342.0198390994233,1474900
2021-08-02,343.4911804199219,351.4292791086337,341.2750474882853,341.65652480697,2383200
2021-08-03,345.46209716796875,346.32494610585803,337.66022982167044,345.3622029317929,1494600
2021-08-04,343.19146728515625,347.5419943,341.2841637056826,343.7546057904194,1460500
2021-08-05,349.0406188964844,349.0497102701501,345.0897518162643,345.2713852663603,1583800
2021-08-06,361.3836975097656,362.26467362443685,352.9823828778342,353.20035406351803,3655800
2021-08-09,363.1911926269531,367.4781358389555,357.4691981890224,360.20304089995386,3319100
2021-08-10,370.5389709472656,372.9549206904448,362.8460878263237,363.4091987218003,3152300
2021-08-11,375.9157715,376.6332693439377,369.71240572847256,371.2927525553607,3000500
2021-08-12,376.92388916015625,380.2117509392191,372.8912554539022,376.3607783870704,2312800
2021-08-13,373.0911560058594,378.6405812227785,370.7296990564812,377.8322249370916,1980000
2021-08-16,370.8840942382813,371.4653601404556,365.2529300964882,371.4653601404556,1590700
2021-08-17,367.8141784667969,370.88406936103104,363.4818338855418,366.7878510440685,2077400
2021-08-18,362.2102966308594,368.8496057209179,362.01957178240906,365.6616652406809,2187800
2021-08-19,357.4601135253906,361.2384384832136,355.0441641559249,358.3956103206918,2241500
2021-08-20,359.5490723,360.0758730060797,355.1258973649747,355.5709311800195,1612100
2021-08-23,364.6171569824219,367.02401514950697,362.3919322761407,365.0167894008365,1857600
2021-08-24,371.0747680664063,372.07384901454816,365.7524342153255,366.56076262954826,1958400
2021-08-25,375.2163696289063,378.44973856677234,371.41988992465673,372.2918024752633,1845300
2021-08-26,374.5715332,382.12818282854766,373.4362202564305,377.7231630518529,2076500
2021-08-27,381.1835632324219,381.32888660371566,374.6532414846512,374.9075504550156,2174500
2021-08-30,375.65240478515625,382.15548156042286,374.8531399264211,381.4198008876337,2089400
2021-08-31,377.3955078,378.6275813046946,373.0603560150249,376.1177565798406,1958100
2021-09-01,377.5324707,379.7684800639725,374.4750417277971,377.07613885165176,1680400
2021-09-02,378.2991027832031,381.11009471775657,376.6015616741898,378.8558142698304,1830400
2021-09-03,375.3876953,378.8649416988172,374.73971189951385,377.8427628354348,1373600
2021-09-07,374.4841918945313,378.5090423238987,373.8635872368526,375.1047965522099,1557000
2021-09-08,369.6287231445313,375.086460984696,369.3549352312622,373.48016428743705,1646200
2021-09-09,369.2454528808594,373.1699233469492,368.2689239282354,369.32761712061983,2424600
2021-09-10,368.2415161132813,374.0004211504044,367.9494570793043,372.36674552214606,1956000
2021-09-13,373.5166931152344,373.6170727365667,368.5335300822006,371.82825997850085,1802800
2021-09-14,368.4331970214844,380.5898837195252,367.6026697443545,374.4658904759001,3263200
2021-09-15,366.8451232910156,368.36012026668857,361.6064156,363.2400911450207,3199800
2021-09-16,362.0354309082031,370.5232200548186,360.40178293399015,369.19071099520977,2882900
2021-09-17,357.27130126953125,364.2988224493375,354.87099143624533,361.706861,3843700
2021-09-20,345.1055603027344,347.5971146018318,339.96725875432304,344.8226367585313,3834500
2021-09-21,343.0154724121094,348.1811515546434,341.4091756180262,347.5879258052819,2377300
2021-09-22,351.8044738769531,355.2908558590712,346.54752210715355,347.5423221874842,2991300
2021-09-23,357.6363830566406,359.3521952639388,354.27778733510866,356.2947941597973,2518000
2021-09-24,356.7145996,358.2113535,354.6611063598225,356.3677829597517,1789700
2021-09-27,364.8920593261719,365.9781313206178,360.6664220817403,361.9441456480636,2788500
2021-09-28,355.4824219,368.9076937317696,354.4693787915104,365.4760980211265,2609000
2021-09-29,351.27508544921875,358.1200620414943,350.7365894472857,356.5593873248131,1955000
2021-09-30,345.0142822265625,354.1317843329906,343.7274229746768,354.1135410845006,2665700
2021-10-01,346.8121337890625,349.2945796502754,343.024585793138,346.3010445,2382300
2021-10-04,341.4730834960937,353.0821657084786,340.25925315198424,347.00382273455097,2895600
2021-10-05,352.1147155761719,354.31423803383524,342.7051567754466,345.0780875326302,2508100
2021-10-06,354.1591491699219,355.5281447644748,345.5892512312098,348.98436141979244,2111800
2021-10-07,356.5046387,363.1032062989657,355.71976137205854,358.5946460423834,2348000
2021-10-08,358.503418,359.8724134889644,354.27778067332275,356.6963338552444,1446700
2021-10-11,351.5945129394531,362.2818236453887,351.3937258353102,358.58551938988745,1787400
2021-10-12,352.7718505859375,354.65193532254955,347.74306537416925,352.4889271058257,2088200
2021-10-13,352.5710754394531,354.460295788602,345.56182562924954,354.1134791619235,2391600
2021-10-14,357.0339660644531,359.2791104363464,348.8199947088502,357.7640857107061,3380900
2021-10-15,370.6052856445313,371.70046516719145,361.72505948679526,367.1736618651786,6451400
2021-10-18,377.5598145,379.6133075941391,372.00169636038754,372.3758917861352,3832300
2021-10-19,376.1634521484375,379.5311832345753,373.9091718259047,378.9196863359849,2568300
2021-10-20,372.2663879394531,378.1439161956457,370.7239841495162,375.1047585094428,2453400
2021-10-21,371.9925231933594,376.61973395439446,369.2819114072428,371.2715112092326,2162100
2021-10-22,378.13482666015625,379.0839768439471,373.3707210850862,374.1829772858577,2411000
2021-10-25,378.52728271484375,382.8532998902817,377.1765303651321,379.85976396445824,1824700
2021-10-26,381.1374816894531,383.1453530088327,377.6237486589682,380.0057875925044,1843300
2021-10-27,375.0956115722656,381.54815003819255,374.6940373520311,380.1700190618293,2067200
2021-10-28,378.5911254882813,378.6823974197628,373.33417418051306,376.0174074228295,1444700
2021-10-29,377.2495727539063,379.6316118109574,375.26908012926594,377.8610418790465,2061700
2021-11-01,380.3069458007813,382.15965185577926,377.1582451,380.6446268875504,1820800
2021-11-02,386.83245849609375,388.9407091079684,376.73840167188143,378.846652283756,3000800
2021-11-03,381.4021301269531,386.9693839093128,376.5285096,386.16623544860727,3542400
2021-11-04,372.4306945800781,379.6589757165261,367.8308616,378.4360096619323,3802300
2021-11-05,371.5271911621094,378.2535471933488,370.63279840648863,375.4699057143066,2105600
2021-11-08,372.6770324707031,377.5232737165053,372.3302158636575,374.0916776914272,1728400
2021-11-09,369.9482422,371.9834644450663,365.1202433398796,370.6418476708613,2246900
2021-11-10,364.2622985839844,370.130718960344,362.55562207551344,367.1919409977111,2243900
2021-11-11,367.2010192871094,368.4970136769576,363.7055304319304,365.1931763529415,1252400
2021-11-12,369.5466309,369.7200392,364.3353293716973,367.8034399975098,1360100
2021-11-15,369.4553223,371.7643598881493,368.6339306570479,370.5413940971958,1436500
2021-11-16,367.8856506347656,370.3954761041071,364.15285900627424,368.6340416410823,1311000
2021-11-17,357.3534851074219,367.4840584428048,357.2804843,366.7539385736352,2927000
2021-11-18,357.18914794921875,359.51645683585537,351.99608984759726,358.0379184109448,1847400
2021-11-19,353.5567932128906,356.15786239587806,347.7613733260907,348.9843393041157,2610400
2021-11-22,361.560791,367.3379389634999,356.10305302463127,358.8228003981471,3058700
2021-11-23,370.8517456054688,371.4175926142497,362.79293780040456,365.2936272981594,2402300
2021-11-24,364.32623291015625,371.89222295372633,363.5139488296007,369.6288068994695,2186300
2021-11-26,355.3821105957031,357.49946908734654,349.29463181998244,350.9009287501736,2687900
2021-11-29,352.78106689453125,361.7525396369699,349.04827535994394,359.58953092508114,2883400
2021-11-30,347.7157592773437,353.0457123282293,344.3115412558068,350.03393304150256,4570400
2021-12-01,345.4128723144531,357.9639916979305,345.16513480077816,352.14717199534755,2476000
2021-12-02,355.56024169921875,356.9823246,345.00003691006185,346.8074738062185,3343700
2021-12-03,351.14715576171875,357.7071326341721,347.7524683176001,357.7071326341721,2807500
2021-12-06,357.17498779296875,361.12016897904135,351.8444307106719,356.5969988557275,1990200
2021-12-07,367.0929565429688,368.59763737601446,360.62473291131215,361.1018124928951,2441000
2021-12-08,364.5331115722656,368.5608336740353,362.5330121595552,368.12046125245575,1635200
2021-12-09,363.7716369628906,367.1663241693415,360.5696407162953,363.0468479209235,2111500
2021-12-10,358.7897033691406,365.9460357068732,356.5877571113203,365.1570163975211,1893800
2021-12-13,352.8995056152344,358.9089881596784,351.0828852128392,358.9089881596784,2313300
2021-12-14,356.7345886230469,360.11090838180866,351.63340194425496,351.9086347509541,2788500
2021-12-15,357.7346191,359.1016553387506,349.19288284367724,357.35844899230005,2802300
2021-12-16,364.5789794921875,366.8451559409726,359.4686097839039,362.5238334978855,3578200
2021-12-17,350.2938842773437,361.1843963753388,349.22044826047573,357.09241504816487,7058600
2021-12-20,340.9447326660156,344.63302022130705,336.39403966168885,344.5320828607093,3735600
2021-12-21,348.9359741210937,350.55990351942995,343.83478794404124,345.36696374941295,2942800
2021-12-22,350.7801513671875,352.32153920168736,347.97266452470865,349.02778903026336,1487900
2021-12-23,353.2664794921875,355.6243816288757,351.9177828773877,352.1196295816185,1624000
2021-12-27,356.0188903808594,357.0005725451854,353.2297437849456,355.0555197346153,1430400
2021-12-28,355.6244506835937,359.0374778001552,354.3675074174209,356.83553114414445,1528200
2021-12-29,354.3307800292969,357.3217457292683,352.69766678231605,355.9547095166979,1327800
2021-12-30,353.7068786621094,357.6153524123924,353.4133063,355.75286913688177,1160100
2021-12-31,350.9819336,355.06473045371195,349.41305076409765,353.229770606406,1601300
2022-01-03,362.7073669433594,366.34976377241935,355.3767104835728,356.8997306890992,3334300
2022-01-04,373.8547668457031,376.4236996897397,368.0746259477188,369.0379967636836,3916400
2022-01-05,365.7350158691406,378.60725770577466,365.05608970503584,375.9832506403917,3469600
2022-01-06,364.1753234863281,368.0929809392284,354.5417836501742,367.9094737426424,2960900
2022-01-07,364.70745849609375,367.4965773434159,361.9733582057514,364.85425864583686,2360700
2022-01-10,366.23052978515625,371.0014093225449,361.6889922646976,368.2031063246184,3009400
2022-01-11,369.7903137207031,370.0563907683557,363.6065072978525,367.2213808445461,1748800
2022-01-12,358.1015930175781,370.7719887446537,356.4960031231336,369.9646019178505,4158000
2022-01-13,358.5511169433594,364.1202263955991,357.58777429314085,361.53292647883774,2497800
2022-01-14,349.5048217773437,352.6701388714276,344.0549885192574,350.59662518085287,4685300
2022-01-18,325.15484619140625,331.73318889297593,318.5765314890989,330.3294459,13123500
2022-01-19,318.6591186523437,330.02667980631605,317.80586908373783,328.7697368505552,7426100
2022-01-20,319.3747559,327.7054609552588,317.57650311166924,320.1087285729345,4599900
2022-01-21,315.5305176,320.1913032,312.60375444040216,317.0260143035823,4904100
2022-01-24,315.0534668,315.6773464694412,299.30950682899527,309.4843565449784,6569800
2022-01-25,313.3652648925781,314.63139170010624,303.6032928100594,309.9797616461062,3959300
2022-01-26,314.4020080566406,321.5583681363921,310.4843789304243,317.9985416145678,3745900
2022-01-27,312.8881836,319.9894693871861,309.85132722476413,317.1453039655492,2573400
2022-01-28,318.3747559,318.50318850463685,305.9337288265039,309.86054225576896,3714600
2022-01-31,325.4118347167969,325.89809804918144,315.09936736623405,316.1636476407357,3312400
2022-02-01,334.01776123046875,334.45816170317806,324.83377761724284,326.74215166638265,3303700
2022-02-02,333.1002197265625,338.1188354395941,328.3017902095869,333.5039130855065,2742400
2022-02-03,329.2652282714844,335.57749517804524,328.60464154872176,332.88010172670363,2372900
2022-02-04,337.265625,340.3391883392178,331.2285914323457,332.2837157422861,3762300
2022-02-07,337.7702331542969,340.8162732644881,333.3663406570863,335.3297331623436,2635600
2022-02-08,339.5592956542969,341.8988580553452,336.0269926572284,340.4584079813327,3422300
2022-02-09,343.6237487792969,345.2293386180914,340.2932922338007,342.2200056402071,2250400
2022-02-10,339.9906005859375,346.2569772240953,338.39416620432024,341.0365133,2406200
2022-02-11,333.1002197265625,343.9631773870978,330.99918310832123,338.1371749561781,3142100
2022-02-14,330.51300048828125,334.22881144802625,327.7055138,333.1003009196411,2585600
2022-02-15,333.9076538085937,335.69675090311483,331.5405399,334.0452702006494,1846400
2022-02-16,330.3386535644531,333.0635702082388,327.10913413448264,331.5313943306662,2165300
2022-02-17,320.2555847167969,331.17359173593456,319.1362579333665,329.1734919423641,3102400
2022-02-18,317.4848327636719,321.11804624712903,315.03514849119284,317.0536159815977,2910900
2022-02-22,315.8608398,320.20053046532325,313.0441974311352,314.2002032294157,2590800
2022-02-23,313.0350341796875,320.43910522658456,311.7780909361397,318.88856163438123,2217300
2022-02-24,312.1174621582031,312.8606186,299.97003830301713,301.45635113130885,4564000
2022-02-25,321.2280273,321.76018131437314,312.11745952910275,312.11745952910275,2980500
2022-02-28,313.1267395019531,315.4663021712101,309.6953454546393,312.17255251560107,4245700
2022-03-01,302.89190673828125,312.08386496716327,301.8028772997127,311.3824609,5631500
2022-03-02,310.4411315917969,311.9362059423906,302.1535855669561,306.0297272023794,3469900
2022-03-03,307.7093505859375,315.16627374821144,304.67304097040955,312.73907363443215,2393700
2022-03-04,304.2485352,305.1621853711902,299.0157471881608,301.7844115139771,3293100
2022-03-07,297.0685729980469,302.51360915252366,296.1087611359636,301.6184062405745,3689900
2022-03-08,296.58856201171875,305.0699064134789,293.98601065390585,297.63143013367073,3596400
2022-03-09,307.8662414550781,311.44705183072534,304.58076203427623,306.1035217840019,3202100
2022-03-10,304.4608459472656,306.2512515107033,299.71721470873945,302.36589963571646,2232600
2022-03-11,301.7844238,310.6533653948468,301.5167783797015,308.5861049597964,2613500
2022-03-14,299.92022705078125,306.04819025103086,298.0006037608378,303.8240262375603,2342200
2022-03-15,303.77789306640625,306.3065978031925,299.79100915468484,301.84906004605955,2140700
2022-03-16,314.4834289550781,315.00945388593925,308.48465495101004,309.23219222760247,3468500
2022-03-17,316.7998352050781,317.1044040955243,309.0752651620887,311.3548002357008,2403500
2022-03-18,318.7471618652344,320.0299619419194,311.2902087156618,312.73915008930084,5861900
2022-03-21,312.8591003417969,319.59617294773875,311.1517515359776,318.6363894963818,3401200
2022-03-22,316.5599060058594,319.5408170127624,313.8927454582997,315.81236878037544,2840200
2022-03-23,309.7304688,314.5479458678823,309.2875004771072,313.7819611197981,2196800
2022-03-24,310.3027038574219,311.47476171048373,308.5215083,310.4965024898121,1944100
2022-03-25,311.4654846191406,315.4708154489162,309.61049875679674,311.41011358828314,1580800
2022-03-28,309.44439697265625,312.39765042854765,305.94667103198265,312.07463393113574,2182600
2022-03-29,313.4682006835937,317.4735319806084,310.76414509214726,316.06151420040663,2378700
2022-03-30,309.7120666503906,313.6527893668903,307.9032136,312.8591189850912,2650200
2022-03-31,304.6454467773437,310.55192652262235,304.6454467773437,310.2104623429892,2632000
2022-04-01,304.7561340332031,308.39231569296226,302.3104860042565,308.1800412737284,2444800
2022-04-04,302.901123,306.2788971807266,300.7323301811669,304.5531007825819,2569400
2022-04-05,298.97882080078125,304.31311288883296,298.5358525382198,302.1166347059335,2573900
2022-04-06,291.8725891113281,295.8963675649843,291.40190718453204,295.3241814696762,3151300
2022-04-07,289.925293,291.4757382279396,284.4341256347095,290.7097534919872,3562600
2022-04-08,296.6070556640625,298.7204493890319,288.8640100545915,289.39927282469523,3294200
2022-04-11,296.0256348,303.5379302387435,294.42902800422263,295.88717900103126,2747700
2022-04-12,295.1211853027344,301.89518126128416,293.48768333987965,296.8746672369983,2365200
2022-04-13,297.142334,297.75144361525327,290.45139410420273,291.4481010319852,3022900
2022-04-14,296.8377380371094,307.3494187,294.4289854828493,303.1410512836007,5460900
2022-04-18,304.4423522949219,307.00798026636204,295.92408439510194,295.92408439510194,3653400
2022-04-19,310.0442810058594,311.1978911775372,304.98684387407184,304.98684387407184,2774800
2022-04-20,314.7602844238281,318.3041721507764,311.4748042968349,312.0285429151148,3040100
2022-04-21,308.5214844,320.56519112734446,307.6539673,317.77805100576074,3097800
2022-04-22,295.1119384765625,306.86031495989346,294.8350832926993,306.6849639553429,3125200
2022-04-25,296.6347351074219,297.3176633570197,288.62404419483704,291.98337073306817,3093600
2022-04-26,288.9747619628906,296.8008643978365,288.67943096587817,293.43232794583565,2791700
2022-04-27,289.0762634277344,294.6228020203581,288.0703187306884,288.0703187306884,2469300
2022-04-28,293.8568420410156,294.73356895301214,288.07955276079383,292.6663083490562,2176000
2022-04-29,281.9331359863281,294.4751845249551,281.2132842434152,292.7863113388455,3129600
2022-05-02,286.4829406738281,287.35966748333897,278.9060089813396,282.2284118238322,2968100
2022-05-03,290.39605712890625,294.88128107657235,287.31361336083853,287.49817413576795,2606200
2022-05-04,299.11724853515625,299.7540435772223,288.0979905336833,291.47573619467323,2629400
2022-05-05,288.9285583496094,295.9517226427368,284.8863043273495,295.78560955904845,2622100
2022-05-06,288.8270874023437,289.5192535624481,282.45916436224616,288.1995301766176,2375600
2022-05-09,285.0709533691406,289.5746241863979,281.462457079926,285.09863888893256,3234000
2022-05-10,281.5362548828125,290.8481928736512,277.46631478910587,287.68269329998304,2798400
2022-05-11,278.296875,286.9351216316683,277.78929784772885,281.5362210074141,2320600
2022-05-12,276.32196044921875,279.53362153724373,271.23683743425744,276.8664611096836,3408300
2022-05-13,283.31744384765625,285.7538822518682,280.16118192729726,280.2165529670009,2152500
2022-05-16,280.0411682128906,282.8375180382627,277.3740080764907,282.3576263638792,1568800
2022-05-17,288.8363037109375,290.0822083388756,284.36952847127174,285.97534483012333,2096200
2022-05-18,283.0775146484375,288.73479579477606,281.3701658,285.1724607745214,2033200
2022-05-19,284.4341735839844,286.0861232944828,279.99508329737995,280.3919184905624,2108800
2022-05-20,283.1420898,288.4856204332252,276.32196065868743,287.2581915136728,2201100
2022-05-23,292.1955871582031,297.0130641558292,287.0828073741234,288.60556710280144,2653000
2022-05-24,289.7407227,291.4480430649923,282.80058630124114,291.0327603294775,1870900
2022-05-25,290.61749267578125,293.1093021169061,286.07689843929063,287.2489563307888,1929500
2022-05-26,298.6743164,300.4001128555355,293.4600036439244,293.7553064667385,2440400
2022-05-27,303.2425537109375,303.32563842294235,298.2682015924352,301.5536809,2106700
2022-05-31,303.4933166503906,306.15822202172416,299.60273162983265,300.85626634668523,2722900
2022-06-01,298.8505859,305.74033643709527,293.2607573522844,303.632561,2330200
2022-06-02,301.0791320800781,301.96125652343494,296.4178709072551,297.68067186111807,1957500
2022-06-03,295.9071655273437,299.45419566912386,294.8114949610754,297.9499651736036,1238900
2022-06-06,297.6063537597656,301.97047460066744,296.9378038503487,299.91840920880344,1099700
2022-06-07,298.53497314453125,298.84137894683016,294.0315474411781,295.5357780533335,2516800
2022-06-08,292.19293212890625,296.71491695750825,290.44727256391565,295.5913916005134,1438100
2022-06-09,282.4804992675781,291.6916304705346,282.2947798938516,291.1530612888064,2896500
2022-06-10,266.50958251953125,277.3085089520412,266.35174656330787,275.76712890917395,3866900
2022-06-13,263.0739746,265.9524544409526,258.4312743445059,259.0626747796976,4218100
2022-06-14,262.3497314453125,268.51522306012265,261.1983224362419,264.0117978449884,2487700
2022-06-15,269.34161376953125,273.43647870934024,263.8632332503992,266.6395588771352,2725800
2022-06-16,264.6153564453125,265.6831718467329,259.2019520280277,262.4796973,2777300
2022-06-17,259.7961730957031,265.8038270709283,258.2733541369391,261.9689529487204,5234400
2022-06-21,264.4574890136719,267.4845386403265,262.7582731926734,267.2059596236295,2506300
2022-06-22,264.2067871,265.5717420819813,260.9568970161974,262.11757204947514,2463100
2022-06-23,265.7203369140625,266.1103078933701,258.9976872191125,263.48255183871765,2547000
2022-06-24,281.1155090332031,281.46835879725575,269.27662302106984,270.20516310045286,3984300
2022-06-27,279.2862854003906,282.5733252328574,277.52206490771783,281.4033556589569,2091700
2022-06-28,278.08843994140625,286.89100948221886,277.8005948037857,284.04038483619127,2276600
2022-06-29,281.60760498046875,285.4703347111198,278.4784297708709,281.69117017854444,2475900
2022-06-30,275.7949523925781,278.8684176570654,271.34726600487187,275.3863925081635,2669500
2022-07-01,277.84698486328125,278.8683560117451,270.87364163880085,274.16994671637843,1749400
2022-07-05,275.9621276855469,276.1014030324969,267.7538083058924,272.0622479501779,2480900
2022-07-06,272.7679443359375,276.0921053708117,269.8337542680133,275.09856067940046,1774500
2022-07-07,277.2619934082031,277.69840825312195,272.6192943502519,276.3891637183654,2046500
2022-07-08,275.2843017578125,279.3884617,273.9843512040565,279.02631746083705,1438900
2022-07-11,272.2293701171875,275.3492794782995,271.02227936447275,272.2479590540808,1519400
2022-07-12,271.6258239746094,277.7077500632601,268.8216431806533,269.00733419150424,1772600
2022-07-13,269.4158935546875,270.38158315430405,265.3860330825414,269.75018271242914,1884100
2022-07-14,261.4676208496094,263.92824661185534,257.9855952416773,263.92824661185534,3171900
2022-07-15,272.8700561523437,275.24711638023393,264.7731858958451,266.0267206132136,3457600
2022-07-18,279.7319641113281,289.00806946593127,277.3641701545926,283.9103940313175,6767900
2022-07-19,295.3221435546875,296.3342771181032,281.8118975284839,281.89546273030123,5641100
2022-07-20,298.479248,299.1477981006541,293.7065379863526,294.60722308190503,3489800
2022-07-21,303.2054748535156,303.7811651487152,296.99353967271924,297.6063795040975,2518800
2022-07-22,300.7819519042969,305.53607211517067,299.16630139084305,303.73470226915794,1830300
2022-07-25,300.9583740234375,303.90185823057027,299.5470034539581,302.67617865516405,4024500
2022-07-26,295.78643798828125,301.11627743973486,295.0529117106131,298.77633824848374,2054700
2022-07-27,301.3483581542969,303.0661626997808,295.6285487596897,297.4020634342778,2081900
2022-07-28,305.5917663574219,306.3996199089337,298.88773518723445,302.0540314494263,1820700
2022-07-29,309.56597900390625,311.2280452808896,305.9539446295326,305.9539446295326,2112200
2022-08-01,308.3495483398437,310.8751782537233,305.4989520979187,308.0245820117982,1476500
2022-08-02,304.449707,308.1174231170864,303.8368672161458,305.9539373334182,1862900
2022-08-03,309.3616943359375,311.5344746062325,306.06536022658764,308.34029463533903,1770600
2022-08-04,308.1545715332031,310.41091697826147,306.9938965095979,309.46381636024495,1533400
2022-08-05,310.7544860839844,312.8344066,306.11178620625714,307.2538722406316,1876400
2022-08-08,310.7638244628906,314.6265550596046,310.4481241982243,313.0201703272045,1460000
2022-08-09,312.5650939941406,314.0043478,310.6615985497507,312.1286791113132,1587900
2022-08-10,323.0483703613281,324.7104649756913,316.95714993486354,316.96641606629134,2459500
2022-08-11,326.5489196777344,330.6066347,324.78469945704285,324.9889793775518,2360800
2022-08-12,328.5360412597656,329.22315181637606,325.1282868706444,328.18319151335714,2369000
2022-08-15,330.4210205078125,332.99306654123774,324.1069304386694,325.91759507938474,2045700
2022-08-16,329.6038513183594,330.99666134534004,326.8646469305804,327.7653318814996,1740900
2022-08-17,328.46173095703125,330.1795356266113,325.7039660199929,326.75322075523667,1576300
2022-08-18,329.1859741210937,329.7245431627388,325.78751449079124,327.45890340920374,1102200
2022-08-19,324.3111267089844,326.7160416943385,322.66762125663365,325.9175109671321,1812300
2022-08-22,317.9506836,319.9098894187439,316.40930377236526,317.9692441927574,1723900
2022-08-23,315.8707275390625,319.4827617080168,314.8029122160896,317.51426145972766,1538000
2022-08-24,317.5050048828125,319.71493486042016,314.30153019480224,314.7936553156043,1530800
2022-08-25,321.7298278808594,322.0733832,317.6628179908727,319.8356266106464,1763900
2022-08-26,312.36090087890625,323.8190829326551,311.9894905,323.4476725399118,1703900
2022-08-29,310.0581359863281,312.3608973977508,308.28462091868795,310.0581359863281,1835600
2022-08-30,309.7888184,311.9987481904614,307.51388392459944,311.06091368143905,1830300
2022-08-31,311.22955322265625,313.54036377169854,308.4322382101957,310.1817128287647,2488000
2022-09-01,312.0061035,312.1838604,303.6984101942276,308.6100505044435,1575100
2022-09-02,310.11627197265625,318.3865344853229,308.7035816636251,313.1100162680096,2215400
2022-09-06,305.4478759765625,311.7722065418234,302.61315908161754,310.9021514222553,1578100
2022-09-07,309.2555236816406,310.7524099627728,302.4166529,303.3522032138732,1496600
2022-09-08,313.7649230957031,314.1672029480615,306.2617900084221,309.0029746006708,1755600
2022-09-09,318.1806641,319.0507189929409,315.3085177773884,316.1973019863739,1445600
2022-09-12,320.5008544921875,322.1754977599861,318.17134305230644,319.6401640829972,1563200
2022-09-13,307.2254333496094,314.83143470794647,305.7659483459239,314.41979021601315,2242100
2022-09-14,306.1682129,309.6016666442516,302.65053448189684,307.2815200774144,1953300
2022-09-15,310.2472229003906,313.6713408326445,306.47695588399137,307.5434970574768,1489400
2022-09-16,305.1859130859375,307.79610691078483,299.1796950124425,305.3449692293393,2946800
2022-09-19,307.4780273,308.0674287203266,299.8813619361742,299.9094273088333,1652700
2022-09-20,302.4260559082031,305.73788403562133,299.38551686220643,304.7088013529487,1569900
2022-09-21,300.0403747558594,308.53518877168005,299.96554328269843,303.97906267972195,1796700
2022-09-22,292.7524719238281,302.5476866971849,291.14332393882995,301.54664082060344,2239900
2022-09-23,282.50811767578125,289.8241277,278.2887767994176,287.7284756478129,2918500
2022-09-26,275.6318359,282.6297627420749,273.4707169413739,279.72955098492787,2308800
2022-09-27,272.6006774902344,279.8698937498418,270.01854927491075,278.32624131488046,2007400
2022-09-28,281.4042358398437,282.9198230437596,273.6110843816555,275.0518401097696,2289700
2022-09-29,277.0258178710937,280.05702061038494,272.75971029062896,277.92396682015254,1930800
2022-09-30,274.1630554199219,281.6848892370088,273.8356355940907,276.92294074288986,1970800
2022-10-03,279.8699035644531,281.81586443433173,272.33873407329554,278.0175319978326,1938800
2022-10-04,294.5767822265625,294.84809986656023,286.1661923432528,287.02688281735266,2399500
2022-10-05,289.0850830078125,290.2170910344468,284.0331163935508,286.8210384038105,1992800
2022-10-06,285.0341797,289.1599322141546,283.8647415777207,287.57887815640925,1367400
2022-10-07,281.6755065917969,285.4832036358064,279.8699011417028,284.4073263679165,1790100
2022-10-10,281.1703796386719,285.08097421550207,279.19635306616243,284.06122750818923,1309600
2022-10-11,275.2482604980469,283.02268162301806,274.97697145305466,278.8033689587276,2392800
2022-10-12,276.2773438,280.4592545353607,272.90935711905047,275.0424105601972,1763800
2022-10-13,287.27947998046875,288.8605625054719,269.20463865785075,271.7025708907781,2724900
2022-10-14,280.6557312011719,291.5361859847093,279.7950408956695,287.6442932,2397600
2022-10-17,286.942627,291.5361823911828,284.53828436028164,284.79087266516194,3118600
2022-10-18,293.6224975585937,303.5674028383534,291.89172361547094,300.93850850908035,6428600
2022-10-19,291.6672058105469,294.5019224191051,288.2056578631337,292.46240082078555,2363800
2022-10-20,290.7784118652344,295.6806867293293,289.08506795833955,291.9852798518868,2382300
2022-10-21,304.1474609,304.7742638,289.5435033778023,290.95619371180203,3545700
2022-10-24,307.51544189453125,309.8917194621422,304.8491174230472,307.32832038572286,2232600
2022-10-25,310.9769897460937,312.0996617998043,304.9146405981184,306.7295823554636,1837700
2022-10-26,314.05487060546875,316.8428206722197,312.60477911564004,312.96026423357387,2176700
2022-10-27,315.44891357421875,319.89277848917624,314.8408115,317.4416407252543,1998800
2022-10-28,319.7898254394531,320.5008242863989,314.3449155851773,316.70249217380314,1677100
2022-10-31,322.3065185546875,323.86887193357614,318.62044722442187,319.08822248409274,2224000
2022-11-01,326.1141662597656,326.21709165658183,321.6141708384648,322.88653430839935,2316600
2022-11-02,327.2462158203125,334.4031714008533,324.3927696785513,325.21605868272195,3221200
2022-11-03,326.3854675292969,328.0694754006295,320.5102120864328,325.1037680335122,2515600
2022-11-04,334.8428649902344,335.28257484376985,328.5933948363238,331.18485930459553,3172700
2022-11-07,339.1932067871094,339.56742129879683,335.41357455237033,336.8075642932066,2526900
2022-11-08,340.5590515136719,343.5247588891377,338.1640447,338.9499036591484,3501300
2022-11-09,338.66925048828125,343.4873294190591,337.6214385907994,339.5580348035022,3047200
2022-11-10,353.9280700683594,355.91143235120336,345.91039627621313,346.1536485168107,3790400
2022-11-11,360.3459473,362.0579918741811,354.3397013497315,355.50913930798146,3409100
2022-11-14,357.7170715332031,362.3386932363265,355.9769613267341,359.25138804064625,2609100
2022-11-15,358.2035827636719,364.4717540314498,356.1172948543579,361.1037950461295,3192400
2022-11-16,357.6889648,360.5611113675095,355.51850965693995,358.5122537476957,2303700
2022-11-17,355.3033142089844,357.1182841895539,350.8407492746921,352.8428121966282,2297600
2022-11-18,354.7607422,358.1567663396012,353.0673981564516,356.7066745618748,2384500
2022-11-21,355.7055969238281,356.22950284511427,351.2243312239244,354.4800282275268,1877500
2022-11-22,359.12969970703125,360.9633703550216,356.81888925570564,356.81888925570564,2019400
2022-11-23,361.35638427734375,363.18071919107706,358.69942425657723,359.1578348699752,1865400
2022-11-25,363.7980957,364.34073089499145,360.35527726440006,360.8979124562665,1129300
2022-11-28,357.7170715332031,363.3584683947346,356.3418397220658,360.5892183887253,2232200
2022-11-29,358.98004150390625,360.1214141514676,354.8168592903972,356.5663339971528,1746900
2022-11-30,363.6319274902344,363.6319274902344,353.2263119951894,360.1947804310996,2964100
2022-12-01,361.4284362792969,363.9615734621983,358.2643856832694,363.9615734621983,1706300
2022-12-02,358.3867492675781,360.21362191742185,356.3338812344031,359.2719361695836,1932300
2022-12-05,349.8739318847656,356.7764757931454,347.7739623148976,356.47512945578904,2329600
2022-12-06,341.7472229003906,348.7721914515669,339.3176572598949,347.9341059701047,3081900
2022-12-07,338.9315795898437,343.9978252603637,337.2647772636322,341.3516903535895,2128200
2022-12-08,337.1988220214844,341.4458339665857,335.29662714478457,340.91849224358043,1967800
2022-12-09,338.1970215,340.55123577191017,335.4378604985285,335.90870335603563,1588800
2022-12-12,342.0014648,342.7830802,335.56033698907544,337.6603068093368,1750400
2022-12-13,347.1901550292969,356.4845896822119,344.19560095192674,352.78377122406744,3062600
2022-12-14,339.3646850585937,347.3219116969713,338.4889242859451,345.6080656249608,2519700
2022-12-15,329.4299621582031,335.34374839616464,327.65019077036646,333.80882453580807,3163700
2022-12-16,326.1528625488281,327.49946626302153,323.3843041678053,324.95690326397016,5008800
2022-12-19,324.5143127441406,328.08330978581085,322.64979335011395,326.07751453880894,1646700
2022-12-20,324.4013366699219,327.1604979441086,323.4596508564989,325.81386539005626,1623000
2022-12-21,329.7407227,330.4187376218231,326.66142025400694,327.95152527814577,1923100
2022-12-22,325.4277648925781,327.75372995932906,320.0601730955935,326.9156445442327,1528900
2022-12-23,325.3618469238281,327.4806398238521,323.1017781734282,324.73090483778174,1062000
2022-12-27,322.0282897949219,327.471232495362,321.85879325034034,326.3035513153965,1035000
2022-12-28,320.9924316,322.8569798563109,319.51397804859994,320.6440124953132,1117200
2022-12-29,323.4031677246094,324.5426283055693,321.3408733939449,322.47090792016195,1273600
2022-12-30,323.3560791015625,323.6479994,319.60815921974114,321.81170057384696,1031400
2023-01-03,326.0304260253906,328.27164260198936,322.81927432189053,325.3524111680832,1589700
2023-01-04,327.4241638183594,329.8819499596054,324.9569228850027,327.7349074873329,1881000
2023-01-05,323.7138977050781,325.01342861843784,320.3049999398696,324.17531451942807,1397800
2023-01-06,327.7820129394531,328.6483766055856,321.0678166633107,327.04749909254696,3097800
2023-01-09,332.41510009765625,335.71100052355365,329.1191996717588,331.36041655944445,1989000
2023-01-10,336.5207824707031,336.6526322607774,330.0608324682587,332.0760536,1610100
2023-01-11,343.2256774902344,344.1861867,335.4379169247387,337.9428047965958,2127000
2023-01-12,348.36724853515625,348.5179217123113,341.4270287596568,344.8829995661248,2103100
2023-01-13,352.19049072265625,352.5200865016752,341.2292542,342.29336372571674,3310200
2023-01-17,329.5147399902344,345.4009763910128,323.93994686460064,343.5270019240153,14448300
2023-01-18,328.73309326171875,334.1007138297779,327.5183105301742,328.0080055396492,5585200
2023-01-19,330.2962646484375,331.62404495559457,325.3712380116464,325.85150692260913,3100400
2023-01-20,321.9059143066406,331.70886826956564,318.4875898,329.4676511619609,11247200
2023-01-23,328.7802429199219,329.17573492149734,316.5571490717836,321.74584779787347,4915700
2023-01-24,328.01739501953125,329.8725171551797,320.1731651188265,320.1731651188265,2372000
2023-01-25,329.2416076660156,329.5523513323018,323.8457377385621,324.64617640841027,1985200
2023-01-26,334.2702331542969,334.2984825807707,329.1380336870934,331.2191801432319,1919200
2023-01-27,333.07427978515625,335.2307195811914,331.3133031948734,331.42632963104984,2427400
2023-01-30,336.6149902,341.2009953762107,331.8500624956408,332.6881766324781,3184500
2023-01-31,344.47808837890625,344.5816887631107,336.0499887735854,338.2158834077985,2311500
2023-02-01,344.3839111328125,347.42556665895165,337.8392119656056,338.1593816939407,2889400
2023-02-02,347.9247131347656,351.1452917658592,343.2916055622752,346.54043362267777,2619600
2023-02-03,348.37664794921875,352.7272314317429,344.12963610296043,344.2991326375597,2243100
2023-02-06,349.17706298828125,349.61025912261306,344.4498108908349,347.48204014131585,1816200
2023-02-07,352.5671691894531,354.36579257425365,345.9188695252014,346.70048485777534,2205500
2023-02-08,353.2263488769531,356.2868277230486,350.28829378277663,351.17348073268494,1893200
2023-02-09,346.53094482421875,357.5392540133841,346.3520222249995,355.0532184703929,2052500
2023-02-10,349.6291198730469,350.52373292224166,343.30098983624174,345.5987056,1933400
2023-02-13,352.2093200683594,353.18868136784016,346.54038177734503,347.56681587263995,1570600
2023-02-14,350.09991455078125,355.0625879313505,347.83987457864606,352.1339591470931,2155500
2023-02-15,352.5107116699219,352.53896109863007,346.7758477383657,347.2372646532575,1687200
2023-02-16,348.61212158203125,352.4259378714229,347.2937383698232,349.1300373168472,1947800
2023-02-17,347.0112609863281,349.4219746387828,345.4668822856759,346.5874908277904,1857300
2023-02-21,340.06158447265625,345.33503090145365,339.09164921116803,345.33503090145365,2403000
2023-02-22,339.84503173828125,341.8319751550106,337.16122122707304,340.54187009478767,2203800
2023-02-23,342.3404846191406,346.4273977913814,338.63963735898864,342.0203148762062,1931400
2023-02-24,342.6323547363281,343.8847840983698,338.5642655315855,339.1669581861996,2428600
2023-02-27,344.2143859863281,348.70621660210736,343.2538769,346.74752291561595,2842400
2023-02-28,331.1437988,344.6664215742502,330.8424524813771,344.6569955202989,4945600
2023-03-01,328.3744201660156,334.35900187125094,328.1183259390735,331.3714577922791,2717400
2023-03-02,331.09637451171875,331.7412989050427,322.93039058470754,326.2498901279055,3259800
2023-03-03,338.6743164,339.31924081464354,331.5326512370438,332.5569701856592,2396200
2023-03-06,338.6363830566406,340.35303631959755,335.48762244588653,339.5943050999861,1614200
2023-03-07,328.23211669921875,337.8302372610267,327.80534124806377,337.2137355920134,2048500
2023-03-08,331.2766418457031,331.6560075,327.36912054977967,328.33650732553184,1584600
2023-03-09,324.4479064941406,336.0187459286401,323.46153273650924,331.19124827138535,3177800
2023-03-10,310.7715759277344,322.3992895286835,309.21613931176864,321.39395764518974,4559700
2023-03-13,299.2387084960937,309.29202822050536,298.3187316,303.1841748,5660700
2023-03-14,305.5362243652344,309.54808719395584,302.50127064194623,308.0211023137904,3785900
2023-03-15,296.0898742675781,296.3933783120756,288.7111022301991,294.7430931599574,6596700
2023-03-16,298.840332,301.9037665002509,289.1948304128358,293.0644059503321,4399100
2023-03-17,287.8860168457031,294.39222295654906,286.30212839523506,294.0982124,6369800
2023-03-20,293.56707763671875,296.0993945117292,290.4657268,290.95889921561326,3963700
2023-03-21,300.9173889160156,303.8006196180449,299.08692888431625,301.2398511,3242400
2023-03-22,297.4936218261719,305.6026750547676,297.32288267511325,300.9174352957472,2505900
2023-03-23,298.6127624511719,304.78701320255965,296.51674326552387,298.95418286784064,2585900
2023-03-24,296.4503173828125,296.62102757448673,289.6121267309694,294.1551076,2456700
2023-03-27,302.1029357910156,304.35070675593755,300.8130868947913,302.18829088470034,2300600
2023-03-28,302.0175170898437,304.0755903,299.8171564369144,302.63398971022656,1224300
2023-03-29,304.1799621582031,306.0673254404539,302.2451600889997,305.86816357771977,1475900
2023-03-30,304.5783386230469,308.1159583603816,303.38330946580214,307.8219478445104,1456300
2023-03-31,310.2404479980469,310.4491034360571,305.79234474255344,306.7881831390273,2281100
2023-04-03,309.68084716796875,312.0140019951671,306.48464792149986,309.3204686696008,1808800
2023-04-04,306.01043701171875,310.0128062730418,303.6109141642454,309.9653964275095,1536800
2023-04-05,304.9482116699219,305.5836714943804,302.89960265533074,303.1367097781713,1329300
2023-04-06,305.7733459472656,306.5605578,303.47816516071987,303.8575307761106,1311000
2023-04-10,308.2013244628906,308.2297761608063,304.73956614568726,305.7733497616129,1114400
2023-04-11,310.4870300292969,312.22267037387104,306.9778619837958,309.23509747644675,1559600
2023-04-12,313.20904541015625,314.94468592234085,310.3068562670293,314.61273013015455,1862400
2023-04-13,315.0015869140625,315.76981174350414,310.13614369843674,313.0572909711139,1765500
2023-04-14,319.5445251464844,322.11475813399346,317.0786053951661,319.1746242,2275700
2023-04-17,322.1622009277344,322.89250943071886,316.4716297,318.6719908317891,3012100
2023-04-18,316.68975830078125,319.1935944457018,309.3109858591831,311.0845424917811,7549500
2023-04-19,319.5160827636719,319.61090245615844,314.565285,315.80772395400953,2625400
2023-04-20,321.2422180175781,321.8112809220688,317.07863183814214,317.67614644067027,2217900
2023-04-21,324.0400695800781,324.70395213268586,318.6719610486878,321.51724641519394,2278900
2023-04-24,326.2214355,327.26471261139966,323.9167614023378,324.3530303770522,1966300
2023-04-25,321.9725341796875,325.75675482755844,320.88181819352855,323.4141351541759,2138200
2023-04-26,319.203125,323.0347846206335,317.3821583096203,320.17051174528024,2041900
2023-04-27,323.98321533203125,325.65242998516885,321.28968158308226,322.5985176812058,1768200
2023-04-28,325.7282715,326.3542377390454,322.1811583183155,322.5130851231687,1712500
2023-05-01,323.0062561035156,329.5409125,322.8165588524989,326.3067682988077,1375000
2023-05-02,316.1776123046875,322.36138480300696,312.9814128109201,321.5267630711792,2397600
2023-05-03,311.7010192871094,317.56230044336166,311.32165367762127,315.2196809015032,1825400
2023-05-04,304.6921691894531,310.1171817236115,302.1314004937212,309.1403014621827,2965100
2023-05-05,310.1550598144531,310.9612297818416,305.7923121203303,308.2961481655993,2412900
2023-05-08,309.6714172363281,313.2659406,308.87474072213905,312.6400032490906,1607300
2023-05-09,308.02117919921875,310.30689584481104,306.6269878492101,308.2772734728154,1253300
2023-05-10,305.9156188964844,312.90556166092006,302.6245706522528,312.90556166092006,1752200
2023-05-11,304.1799621582031,305.3370459812699,301.77094588190243,303.1746304,1515200
2023-05-12,303.0228881835937,306.5510431568143,300.9553211199496,305.43190453818914,1098800
2023-05-15,305.4604187011719,306.5795575486636,301.6572105968838,303.89551723561215,1178200
2023-05-16,304.2653503417969,306.4088080530491,303.97133981691167,305.86819685165057,1618900
2023-05-17,313.1521301269531,313.3513209609518,306.0199578863564,306.0199578863564,2098100
2023-05-18,312.5830383300781,313.55045388085284,308.8652149846671,312.98139101752764,1645400
2023-05-19,309.3299560546875,314.8308588377404,308.0401071602939,312.9814116459721,1545600
2023-05-22,308.1634216308594,310.4586025463551,305.80181482566826,309.32997024013247,1498900
2023-05-23,306.8830566,310.26895377288884,306.1622416247944,306.9115083415791,1550900
2023-05-24,303.31695556640625,305.2991679149673,302.35903339530347,303.8670603761712,1439100
2023-05-25,307.1770324707031,308.40997796431816,302.35899939971046,302.4728351344019,1618500
2023-05-26,314.8877258300781,315.7033603701086,307.2908050000257,307.97367461333084,2718700
2023-05-30,313.7685547,315.38089454422817,310.8284498038888,314.95409018693607,1998600
2023-05-31,309.5350646972656,312.7364984,307.5473253013166,311.6088382675188,2938000
2023-06-01,302.3677062988281,310.28048849651736,300.0932542404268,310.11804430041934,3339700
2023-06-02,309.2961426,310.8442910415597,302.9888462169134,304.1260721453131,3987700
2023-06-05,307.5377502441406,309.14323538088604,306.1138409559216,308.6080736686376,1462900
2023-06-06,312.3064880371094,313.5201825118916,307.1459825529377,308.1303011375776,1495600
2023-06-07,320.8595275878906,322.8568328377373,311.8477539613577,313.1092191183536,3382700
2023-06-08,320.5919494628906,321.4137945738207,316.6451098,320.48681278351154,2009500
2023-06-09,321.1175537109375,321.28959290310723,317.7919098456216,320.3434794206224,1702100
2023-06-12,324.4336853027344,325.00708127011865,321.4329587638944,323.43026423290974,2290800
2023-06-13,327.3101501464844,329.9668562,324.3954290882025,325.11216664326776,1772400
2023-06-14,323.4111328,332.30823327180656,322.2739068141711,329.4890536966293,1819400
2023-06-15,324.67254638671875,328.74362502919354,320.8117410909418,322.35988954255174,3322700
2023-06-16,323.3060302734375,326.2589860145396,322.1592383200967,326.23988350883184,4542800
2023-06-20,316.0526123046875,320.5059454122192,314.6287029428572,320.4486087375232,3208100
2023-06-21,310.6531982421875,315.3645464365304,310.50985655390554,313.8833003840706,2158700
2023-06-22,305.4066467285156,309.8791113700784,304.86194833517686,309.3343838,2409100
2023-06-23,300.75262451171875,303.6195747135967,300.1410236339967,302.5205829690353,2609200
2023-06-26,298.5068664550781,302.5970770891583,298.32531975781933,301.15403603207164,2481000
2023-06-27,299.54852294921875,301.6796039178118,296.7866802772546,298.5546387209414,2156800
2023-06-28,299.74920654296875,300.9342033054993,296.9109246487415,297.89524306113003,2423500
2023-06-29,308.7610168457031,311.0641373067172,302.2243730360962,303.75341917519165,3553600
2023-06-30,308.23541259765625,311.57062234328555,308.1494075824424,311.3699439744531,2361200
2023-07-03,312.1248779296875,314.7911499837068,308.1111648439825,308.1111648439825,1106800
2023-07-05,305.85577392578125,310.2135356366974,305.4544172536337,309.58283229475126,2561000
2023-07-06,299.11846923828125,304.5083495837193,298.96556172875194,303.8967195,2896900
2023-07-07,301.1922302246094,303.29464277424626,298.83177350402843,299.30959851496283,2901200
2023-07-10,302.4346008300781,305.8844838350737,301.9854440979244,302.6257425236393,1775800
2023-07-11,306.6490478515625,306.80195538675315,300.6284339554672,304.6899473983041,2042600
2023-07-12,311.9241943359375,318.5659743568976,309.8695524041709,310.1849041125667,2741300
2023-07-13,314.10308837890625,314.67648430917313,311.2457037258453,312.83208649512807,2787800
2023-07-14,311.7235107421875,317.73455808130274,310.6053872847576,317.2662696972564,1814800
2023-07-17,312.6887207,312.9658382306903,309.9746487866572,311.4368214199987,1777400
2023-07-18,322.3121337890625,323.2486814880258,312.78430008905866,312.78430008905866,3899100
2023-07-19,325.44659423828125,330.54022504521004,316.6068317816336,323.0096984158818,6037400
2023-07-20,335.29937744140625,336.08301751661304,324.11828885811104,324.11828885811104,3915000
2023-07-21,336.3505859,339.3322094494499,331.40032564101585,336.17857592660874,3216300
2023-07-24,343.0115051269531,345.5822063919639,336.3888565137299,337.1820333147702,3517500
2023-07-25,338.9690856933594,344.81765935540375,338.2810164881703,341.56845500583745,2893000
2023-07-26,341.70220947265625,344.2824761217367,338.5676786593493,338.7683569921061,2281600
2023-07-27,338.7875671386719,344.550136770028,338.4626495651845,342.24701625159435,2010800
2023-07-28,337.5643005371094,340.6892659133013,336.01612285332527,340.3165483697625,1827400
2023-07-31,340.08721923828125,341.3582502884697,338.3192606018379,339.141134908326,1385500
2023-08-01,341.8551330566406,341.9984747296401,337.71718122072394,338.30011374563003,2024300
2023-08-02,335.5287170410156,339.24618033366033,333.3976070660148,339.24618033366033,2106600
2023-08-03,337.49737548828125,339.4564464270502,333.1587160910764,334.4679519945989,1840400
2023-08-04,337.5547180175781,342.82035922215846,336.8762146355909,337.66939135942096,1724700
2023-08-07,339.7909851074219,341.8074222085877,338.2237339340291,339.63807757467845,1260300
2023-08-08,332.8146973,336.3888191364295,326.86098692784685,336.1021357857701,1917300
2023-08-09,327.49176025390625,333.0058512553097,327.3006185535757,331.4386001362887,1326000
2023-08-10,325.30328369140625,331.85905845174665,324.72988780654066,328.8105323419353,1345900
2023-08-11,325.6186828613281,326.6316696770958,322.57969324989733,324.8541452504757,1256800
2023-08-14,322.7612609863281,323.4397935671561,320.0089839847854,322.4459092801263,1347000
2023-08-15,317.4765014648437,319.2157915909551,315.8232455094294,318.5181565410421,1657800
2023-08-16,314.51397705078125,318.1550306080955,314.3802012078102,315.88057880046034,3340300
2023-08-17,312.9945068359375,319.1775640820018,309.63062901974666,315.3645295571494,3135200
2023-08-18,310.5193786621094,313.0900797532164,308.8661226612396,309.93644610238977,1730100
2023-08-21,307.7766418457031,311.9146227472404,305.22507263467804,310.9589727311601,1983500
2023-08-22,304.6517028808594,308.33096159066446,304.1929803347738,308.1780540753026,1810300
2023-08-23,308.0346984863281,308.1494010016257,303.89674618961044,306.4005449039059,1429000
2023-08-24,305.7697754,312.9658189489664,305.33975037565904,307.862651289166,1185600
2023-08-25,305.95135498046875,308.4073826,304.0782891,306.57252167467374,1159600
2023-08-28,311.5132751464844,312.1153393967781,307.0886103626456,307.0886103626456,1440100
2023-08-29,317.80145263671875,317.9448235,310.2804904587164,311.12146727528847,1831700
2023-08-30,316.62579345703125,319.8346599321212,315.7296352,317.99414483766884,1131500
2023-08-31,315.7874450683594,318.46630361615456,314.1011125082324,317.42560846111945,1271100
2023-09-01,315.4887695,319.5552417895267,314.34206087829523,317.67620289128973,1201400
2023-09-05,311.9715576171875,316.5294847058398,310.89230936627587,315.43094526003455,1846000
2023-09-06,309.4468688964844,312.3473705,307.6930759,310.58393187188136,2120800
2023-09-07,310.24664306640625,312.4244306,308.4832339287177,308.9553976427964,1471100
2023-09-08,313.6771850585937,314.1108252868675,309.9576305602226,310.2081809,2026400
2023-09-11,312.8388061523437,318.1387090206201,312.4919175346558,316.31748496314043,1283100
2023-09-12,318.8614196777344,323.0820743,312.2124565765474,312.2221021738176,2054700
2023-09-13,322.7929688,324.74911332889207,318.78431185089335,321.3668026374227,2165000
2023-09-14,332.0341186523437,332.56409720017507,324.59498075053773,326.66675517475625,2822700
2023-09-15,330.0779724121094,333.5951749420735,329.42268931741114,332.5930032154559,3058800
2023-09-18,330.8295593261719,331.735363202502,326.92688618054353,330.0779379614838,1356600
2023-09-19,329.4515991210937,332.4195316667337,325.6742010193351,330.9644580738849,1660200
2023-09-20,324.4504699707031,331.2921401,324.05538272378226,330.1454313450388,1224400
2023-09-21,318.2254333496094,322.51354837162273,318.0712508,322.3304584641555,1685100
2023-09-22,315.9609375,319.47813973819257,314.9394746625827,318.09052651100467,1669100
2023-09-25,316.8763427734375,317.30998291440426,313.44586284638376,315.17074840642744,833300
2023-09-26,312.0390319824219,315.5176815689017,310.6899716,313.7638883788425,1481800
2023-09-27,310.2370300292969,313.1760551,307.37508151878774,313.1567933050845,1493000
2023-09-28,313.36883544921875,314.9491549386148,308.56035779482227,308.56035779482227,1389600
2023-09-29,311.7980957,316.0283663128399,310.5453738054444,315.2960361309592,1403900
2023-10-02,306.9125671386719,311.8077373739122,305.56350679095294,310.3141400973858,1303800
2023-10-03,294.9829406738281,304.1951327476881,293.31589920603767,303.80004556663096,3118600
2023-10-04,297.3727111816406,297.8159675115549,292.4389885662104,293.7591413667486,1872000
2023-10-05,299.2035827636719,299.2517519319511,293.1424133844296,296.17780616868663,1584600
2023-10-06,301.1116027832031,303.8482765515553,295.9947894849822,296.9005640708884,1595100
2023-10-09,301.2368164,302.0751893459815,297.1510826816528,297.66179939722747,1094400
2023-10-10,303.3182067871094,305.3225498814269,300.92845155343736,303.029133,1193800
2023-10-11,301.6319274902344,305.11060643438213,300.2636053471558,303.95425218314347,1672500
2023-10-12,298.5772705078125,302.81718705448003,296.81383175711045,302.72081929965145,1727700
2023-10-13,298.0472106933594,304.6769111324409,296.9583464159429,300.6489925844157,1785200
2023-10-16,302.9520874023437,304.40713159527576,298.962692,301.7860876398232,2273900
2023-10-17,298.1050720214844,304.6769587257808,294.7806050939389,301.97883808249964,4123000
2023-10-18,290.9742736816406,296.0429170927621,290.5117555592798,295.8309198175777,3460300
2023-10-19,288.3050842285156,294.2313334141916,287.7654601034423,290.9742974688716,3211800
2023-10-20,289.1337891,292.21738077090424,287.2547501776089,287.6401918,2328700
2023-10-23,288.3339844,292.50644034578494,287.3414583048026,287.4378260548555,2959800
2023-10-24,288.29547119140625,292.07286990085146,288.1991034280502,289.08564568068846,1697100
2023-10-25,285.9635009765625,289.0856162214147,284.2964300030542,287.73655589384333,1809300
2023-10-26,286.1850891113281,289.22051133862243,284.0555001611831,286.1561817,2011200
2023-10-27,279.3627014160156,287.4185396489481,278.8326934855486,286.72473300723976,2601700
2023-10-30,289.8854064941406,290.82976342603246,282.61974252121627,282.77392504523795,3065200
2023-10-31,292.5642395019531,293.2195225229595,289.7601351540178,290.70446259514137,2611000
2023-11-01,295.9851074,297.03544821922344,291.8222678051365,292.29443153227555,2345400
2023-11-02,302.3450012207031,303.0966226,296.7945483095114,298.42306620314497,2597000
2023-11-03,315.7007141113281,317.34849364718747,306.3632477292832,306.8739643998036,3740800
2023-11-06,312.1257324,316.93418025946335,310.3815849510633,314.77568381101315,2087600
2023-11-07,312.1643066,314.51553874935,309.6010772,310.41051345329055,1505000
2023-11-08,312.7520751953125,314.7756802967969,311.8944698652936,312.1642819183376,1484400
2023-11-09,309.1095886230469,314.76602537969615,308.0303404428265,314.1396791401726,1787900
2023-11-10,313.6675109863281,314.1974894721436,309.9479277670199,311.5571838251312,1781400
2023-11-13,315.0166016,316.76074910573016,311.7595655601733,312.3666500633337,1403300
2023-11-14,326.3969421386719,329.3456131426792,320.3743249887697,321.39575850480827,3592700
2023-11-15,325.3177185058594,328.67109316839293,323.1399305690646,327.53403002206977,2534500
2023-11-16,324.4215087890625,327.3894413371715,322.8218982767574,325.4718496047257,1620400
2023-11-17,326.8498229980469,328.0639919473262,325.818744,327.1485424367889,1465200
2023-11-20,327.10040283203125,328.90236522451715,325.2213344699471,327.63038139194674,3146000
2023-11-21,322.7833251953125,326.75342914154027,322.3785924421205,326.0499769734733,1900900
2023-11-22,326.3197937011719,326.5799601181101,323.16874228173435,324.6816304343062,1235200
2023-11-24,326.8112793,327.8905275458548,325.35623504316186,326.4740068672415,460100
2023-11-27,325.4236755371094,327.6496325,323.5253454483501,326.8498418549344,1250500
2023-11-28,325.3658142089844,326.0885281585411,322.6869556789196,325.1056477737741,1419000
2023-11-29,330.57330322265625,333.75020041517644,326.9300602569641,327.4061012,2038100
2023-11-30,331.8168640136719,334.9451965089653,330.4081315334905,331.95286300105647,1903600
2023-12-01,338.5106811523437,338.9576069468571,330.7287347405274,331.7391060570609,3622800
2023-12-04,339.4433594,340.5120201622776,335.46007483083315,336.44130135272167,2178100
2023-12-05,332.0208740234375,336.95624075862685,330.84532926710705,336.7328075,2429700
2023-12-06,332.23455810546875,337.1213593329022,331.8750962701581,333.7307246012853,1869300
2023-12-07,334.8091125488281,334.8771268556754,332.26370528141314,333.9250155061611,2162400
2023-12-08,340.84234619140625,342.26080337493624,333.9930617175967,334.5079722,2238800
2023-12-11,341.7458801269531,342.97971427858977,339.11300879849864,341.4349829765492,1636000
2023-12-12,342.5716552734375,343.92209808206866,339.62791646733046,341.4058354420907,1597600
2023-12-13,352.4035949707031,352.52017399475693,341.5904457579338,342.8922942745101,2876500
2023-12-14,372.5531311035156,375.2054223848828,354.6089457321589,356.0662427694143,5376300
2023-12-15,369.6774291992188,374.9139681,368.5213044403699,369.3665320298776,4521600
2023-12-18,365.6843872070313,371.8633418920659,365.2083463422587,370.4060448949745,2740900
2023-12-19,371.5621948242188,372.84459373581024,363.8870730651299,365.3055302525704,2091800
2023-12-20,366.7725524902344,374.1659224469039,366.5102496650317,369.8911898782489,1836500
2023-12-21,369.7357177734375,370.6295100720412,366.2770683074616,369.2305024623447,1301600
2023-12-22,369.8134460449219,372.57259184634256,368.6087565165123,371.1250194517996,1538200
2023-12-26,370.7460938,371.7176251773248,369.2305070952762,369.8134318814284,837300
2023-12-27,373.5343933105469,374.76822748183713,369.4830944359196,370.3477716,1367200
2023-12-28,375.4094238,376.7209971,372.7085679235472,373.57321538768025,1024700
2023-12-29,374.7876281738281,375.63288533065867,372.6502770503669,374.59333969830425,881300
2024-01-02,377.2456055,378.0617178809664,371.309563244138,372.09650125347633,2263100
2024-01-03,370.9209899902344,374.4282041930237,366.0341881224298,372.9514871048155,2265300
2024-01-04,372.0479431152344,376.0700674952259,371.0764117632153,372.6308382074187,1618300
2024-01-05,375.4385986328125,378.3823376048948,370.2311748830807,371.0472874,2913900
2024-01-08,377.7896728515625,378.0034109380906,371.15412666548735,374.9819626204456,1902600
2024-01-09,372.8154602050781,374.9625660052736,370.9015421084721,373.6509926494333,1708800
2024-01-10,371.0860900878906,372.1450556557164,367.7537448172853,370.4934702214488,1547300
2024-01-11,368.9390563964844,370.13405071551847,364.0133849860287,370.0466164456554,2209900
2024-01-12,366.9959716796875,374.8653816348725,365.85926694166056,372.42682843073993,2223100
2024-01-16,369.61907958984375,374.0492597619032,363.6635882244408,367.5885531662672,3926600
2024-01-17,366.4421691894531,369.37621269524703,363.4790105793475,364.5185561876756,2415100
2024-01-18,366.1799316,370.7752861889372,363.8968267456118,369.5025526803568,1771200
2024-01-19,371.3193359,372.3879968246601,361.47771750214514,366.00505766440415,2598700
2024-01-22,374.9722595214844,381.5495462269456,373.6121214597596,375.3608662,2922700
2024-01-23,369.9299926757813,372.4462553906765,367.8509309411479,369.1625042331488,3313300
2024-01-24,368.5989990234375,373.6606692030802,368.3852609342449,370.9403932031609,2235800
2024-01-25,371.8050842285156,375.70090503990383,371.1347251805359,371.7953594267581,2376300
2024-01-26,367.0348510742188,370.05629945701264,366.0244501298647,367.8703538357991,3464700
2024-01-29,369.7259826660156,369.9980102687194,363.5858971778045,365.1889477,1632300
2024-01-30,375.8562927246094,376.8764183339256,370.72660887260673,373.0680027602841,3897900
2024-01-31,373.0777893066406,382.6959444148991,372.7766169389693,375.0111273408121,3421100
2024-02-01,372.92230224609375,378.4503178159642,368.0160513022128,373.48577736492126,2138500
2024-02-02,376.8181457519531,377.6730981077459,369.7648481142321,370.93066797767113,2180900
2024-02-05,372.1159362792969,374.36017138183695,370.1534535769396,373.6509724538802,2231100
2024-02-06,374.0298156738281,375.80773450849057,372.0964779,372.1158978781778,1487800
2024-02-07,375.6523132324219,376.0506446415317,371.6107392813381,374.3407399875545,1963200
2024-02-08,374.0784606933594,377.0610395753107,370.4837826333224,375.0111225410242,1913700
2024-02-09,373.3206481933594,375.13740708454,371.6981777840298,373.81610902354606,2028200
2024-02-12,381.4621276855469,385.0665011099327,373.37897880145374,374.0396130802762,2797200
2024-02-13,367.9674682617188,378.0811123333797,364.51854411508185,376.55580112481175,3030800
2024-02-14,367.2777404785156,370.6198108820775,365.0820700166166,370.0368861095892,2041300
2024-02-15,374.4476318359375,376.1866516325909,368.3464160481871,368.6184436445026,2218900
2024-02-16,373.4955139160156,376.5461069323399,370.1048789980262,372.3296644385306,2376500
2024-02-20,373.5732422,374.603063096656,370.00773856300304,370.1048976324826,2358900
2024-02-21,377.2164611816406,377.5953726341233,370.4060466769752,370.96952180643007,1773100
2024-02-22,379.3538208007813,384.3377810203568,377.92566863054486,378.14913149892647,2326800
2024-02-23,379.9173278808594,385.4939380691641,378.1297137296679,378.8972318085807,2247400
2024-02-26,379.1109924316406,384.78473237456745,377.7508543714845,379.91735046590907,1797800
2024-02-27,379.6841735839844,384.6292647156609,378.2462964781026,381.0929059346219,1724900
2024-02-28,384.6936340332031,384.7719240419781,378.6470297170336,378.8329311642622,2572900
2024-02-29,380.6528015136719,387.4332483,377.3457799186589,386.6896424604293,3139100
2024-03-01,379.7233276367188,382.5998736113485,376.93483553573367,381.2203032064634,1697700
2024-03-04,383.7837829589844,388.0105484230996,377.8643764528245,380.41802859225135,1955100
2024-03-05,382.4726867675781,388.9106523341088,381.88563106591096,382.2867852977353,2697800
2024-03-06,381.1616211,386.7581631707866,376.2206011753476,386.4744141012093,2692400
2024-03-07,380.0461730957031,385.9949599322549,378.7057477648469,383.4412783,2033100
2024-03-08,378.6372680664063,387.0810044799731,378.3633127302729,380.3397325242062,1657200
2024-03-11,377.8251647949219,378.0697688199451,373.1874820353265,377.3457504607211,1654200
2024-03-12,379.8016052246094,380.73111258722815,375.4965797817885,379.25369452419005,1703900
2024-03-13,383.8424682617188,386.7190143625769,379.8016044600897,380.5158591,2370600
2024-03-14,380.2222900390625,387.8246027206253,377.1305212457602,385.9166792628923,3029500
2024-03-15,378.8525085449219,382.68791298540685,378.0599938532546,380.4766829346906,3763500
2024-03-18,376.0738525390625,380.63327588718647,375.13458129130095,380.26147293149694,2069000
2024-03-19,380.2712402,382.3454777810936,375.4280681471861,375.7803135,1858200
2024-03-20,387.9126586914063,387.9420099820429,377.6686402347253,378.0208557223653,2157400
2024-03-21,404.7805480957031,405.0838547,390.4761083699967,391.14142420400816,4613800
2024-03-22,398.0393066,407.7647665702058,397.02174537847424,405.4556887,2189600
2024-03-25,396.1998596191406,401.6007063103303,395.1431533989536,398.08819572473726,1683900
2024-03-26,397.4130554199219,400.4950602491336,395.7888810655397,397.3250015515319,1407000
2024-03-27,406.2873229980469,406.5221333288594,399.5558148317582,400.7788350695608,2353600
2024-03-28,408.6746215820313,410.1520394420351,406.02312232200296,407.2265550105558,2409700
2024-04-01,404.5848693847656,408.9290394541735,403.1074514520259,407.6864318412209,1863900
2024-04-02,401.2973633,404.2521990559261,398.8219717065939,401.8746252055812,1976000
2024-04-03,405.0643310546875,407.6375705921924,402.1290822789289,402.1290822789289,1549200
2024-04-04,397.4815673828125,409.9563734975961,396.9434504351432,408.9779573317308,1704700
2024-04-05,399.2622985839844,400.30921106493486,392.8047458105351,397.78488059421113,1694500
2024-04-08,401.6789551,403.6259935672421,398.7534706276247,400.2700335018233,1181900
2024-04-09,401.8453063964844,404.30114059655415,398.2642995458793,402.628057266473,1247800
2024-04-10,392.1100769042969,396.6988511661216,388.7149715735439,395.2899294816143,1903300
2024-04-11,388.9008789,392.8047499590994,386.31784582603296,391.83612748346434,2176200
2024-04-12,381.0833129882813,385.5840334423273,378.76447139114447,384.3610132025807,2814900
2024-04-15,392.22747802734375,403.9586783214969,390.08474423168434,398.2153801953648,6177000
2024-04-16,388.2942504882813,396.2292216357664,386.6505183889354,395.7204559456528,3459700
2024-04-17,395.1920776367188,398.3327851726223,392.5209907513327,393.7146596695513,4373800
2024-04-18,394.4093322753906,399.0568091337826,393.7244588642261,396.73796756291296,2776300
2024-04-19,395.2801513671875,399.1938162322092,394.3115288679405,395.33885395145137,2805100
2024-04-22,408.3419799804688,408.9583869230416,395.8378229674898,398.1566644303946,4165600
2024-04-23,414.8484497070313,416.16931748801824,407.2168156418264,408.69420373178406,2662300
2024-04-24,413.9091797,415.4159191,410.5531895740455,412.40241044424846,1575900
2024-04-25,410.9837341308594,414.4668935943676,405.8959875429536,411.903447795157,1970100
2024-04-26,418.3414001464844,419.280671289377,410.5825672482214,411.15982919327473,2322700
2024-04-29,421.5114746,423.97707264835225,417.9794065109591,418.3414157222768,2453000
2024-04-30,417.4999694824219,422.0789800036936,416.8053023390135,419.2513428456979,1829900
2024-05-01,417.73480224609375,424.0749200169752,416.0127802051668,417.4804044830771,2310100
2024-05-02,423.2335205078125,424.29019691011,418.928495,421.8930950351533,2087500
2024-05-03,428.7223815917969,432.7534513537934,425.53276524572,425.61102539983546,2406300
2024-05-06,434.0939331054688,434.7886002542016,430.1900321228303,432.2153608440232,1914300
2024-05-07,434.2210693359375,437.7629608307266,433.31114949533423,435.5615245241046,2058200
2024-05-08,437.3031311035156,438.35001374133367,432.5088678520793,433.2426799996797,2006700
2024-05-09,445.7272644042969,446.5784816878759,436.7062661956477,436.7062661956477,2710200
2024-05-10,444.9151916503906,448.8484138684951,444.51403744130494,446.6665350802167,1823900
2024-05-13,443.77044677734375,447.3318961,443.53563644551537,446.4219463038809,1579600
2024-05-14,448.5744629,451.8032243097696,444.2107351306153,445.0228074142309,2412900
2024-05-15,456.0299987792969,456.12784637015375,451.0009550852929,451.6271259207703,2217700
2024-05-16,454.4938659667969,458.1433690094421,452.3022233132468,454.34710951390593,2070300
2024-05-17,457.6247863769531,458.5444999135127,454.2296812644764,456.31371236627865,1655900
2024-05-20,452.9479675292969,461.30364967537537,452.6153096267549,458.0944459497389,2591500
2024-05-21,460.2567443847656,461.1373129473756,452.22395615933664,452.25330744946064,2762600
2024-05-22,452.4000854492188,460.1784762914868,449.8268460765132,457.27257899523386,2729500
2024-05-23,448.2613525390625,454.2883995979055,447.5373341438957,454.2101394439245,2254500
2024-05-24,451.2259826660156,455.2081438254213,449.1908900776377,449.9149085215684,1932200
2024-05-28,449.8855590820313,453.6818187875908,449.0049904570772,450.0127579678711,1930800
2024-05-29,447.3025207519531,448.8386114020531,441.9016445387138,445.02279442023695,2315700
2024-05-30,443.1781311035156,448.7199240903476,440.5893195620448,445.9047342270325,2135000
2024-05-31,449.3695983886719,449.6156826835565,441.1011720884657,442.7154994819105,2638300
2024-06-03,447.8537292480469,451.6827851574359,443.14859885238747,451.6827851574359,1930700
2024-06-04,448.1687012,450.5409573546671,442.1740914155159,443.4438947750125,1835000
2024-06-05,454.4487915039063,455.76779974778674,450.3342692154389,450.3834740596274,1678900
2024-06-06,450.9248962402344,457.2443245071096,449.8519722519852,454.58663197939535,1598000
2024-06-07,447.7848815917969,453.93698967343727,447.3812996968904,448.3065791555364,1736100
2024-06-10,446.4461059570313,448.22775380969256,443.24701019380376,445.2452134227901,1698600
2024-06-11,437.3114929199219,444.7826089346423,436.43544840067534,443.9754752314007,1938200
2024-06-12,441.6721496582031,450.4721273466896,439.20145347213935,448.4640708839208,1733000
2024-06-13,439.3589172363281,441.2980627307759,435.22468896159467,439.7329702,1849100
2024-06-14,439.4671936035156,441.2094897351056,432.2716908175802,435.0672049607162,1559100
2024-06-17,443.1289063,443.7195145682726,436.4452783996496,438.1284865730776,1531600
2024-06-18,450.2653503417969,450.5212876220058,441.4850794929392,442.5284745035937,1798400
2024-06-20,450.8756713867188,453.19872294842526,448.1096861,450.8264665393952,2080600
2024-06-21,443.1289063,451.6138879691024,442.8532930400844,451.4957723133652,3919200
2024-06-24,454.8523864746094,456.2599815023639,442.9517529825618,444.1821745186245,1882200
2024-06-25,450.2161560058594,456.8111972611239,449.59601875985663,452.2635641765536,1633400
2024-06-26,448.7199401855469,450.7575253927476,445.3633767787624,448.2770064706689,2131700
2024-06-27,438.97503662109375,442.7352121686141,435.8645272707567,442.7352121686141,2835200
2024-06-28,445.2353820800781,450.1767437053619,442.48907305020896,443.05015242913873,3839700
2024-07-01,456.3977966308594,456.7521436091945,446.8989485157084,447.3911171231213,1850500
2024-07-02,458.3172607421875,458.9669269435456,452.4014141909104,454.2815019767523,1491800
2024-07-03,460.5910949707031,462.53024053682327,458.5239807569342,461.69354787415625,993900
2024-07-05,457.4707336425781,460.2563948225953,452.9231003866666,460.14813214487776,1593800
2024-07-08,457.5396118164063,467.4223354016497,456.7718300232963,460.32527279768345,2214300
2024-07-09,465.4241333007813,471.7927960254761,454.3503400805335,458.3073947499042,4525100
2024-07-10,471.3892517089844,472.3440299,462.4908350932988,465.10917562550935,1946000
2024-07-11,471.7239074707031,475.5923452956533,468.81024785187685,472.4818362688,2251400
2024-07-12,472.3637390136719,475.8679770326482,470.61162000418375,473.39728105492975,2727800
2024-07-15,484.5202941894531,485.2782229932645,468.8496332843013,472.7279241227491,3568200
2024-07-16,495.1412963867188,498.65538746307897,484.28405807809054,486.2625854981499,3981700
2024-07-17,494.3144531,501.5001327849028,491.6075257963133,495.1216168470549,3908900
2024-07-18,478.5945739746094,495.8007987706832,476.6357525904908,491.6960994946723,3320200
2024-07-19,477.3346557617188,484.8845356918372,475.6219185582077,481.4590312452261,2032700
2024-07-22,479.4115905761719,481.8035227241389,474.8245756933143,476.9704235452455,1792500
2024-07-23,484.4415283203125,488.0442059383541,478.6634739851108,479.4509316989575,2020500
2024-07-24,479.0769348144531,488.2214059182267,478.2107132584524,481.59683568304376,1598600
2024-07-25,484.0084533691406,488.3395311948505,475.6612928423952,478.4371010147692,1489700
2024-07-26,491.21380615234375,496.1059633817192,487.88674151221954,487.955652327746,2249700
2024-07-29,485.0026245117188,494.13727249084246,483.3686211612814,492.5820329382698,1599500
2024-07-30,497.7498168945313,501.4902863270181,490.4952263259789,490.5050793108795,2642500
2024-07-31,501.0571594238281,509.1582653247093,496.9524601175585,496.9524601175585,2658900
2024-08-01,492.2867126464844,505.9690236744634,486.9319159080712,502.01196892933166,4006800
2024-08-02,463.2684631347656,486.7153518472802,459.8921637895194,483.4079933534717,6115500
2024-08-05,451.8304748535156,455.9253214288949,430.5195793436191,440.57950726631407,4177200
2024-08-06,462.8550415039063,467.8062564409827,450.2653602472033,453.7893042615001,2209300
2024-08-07,465.6013488769531,480.8979273460528,465.1682381055143,471.8814250232295,2587600
2024-08-08,478.1614685058594,480.0907910369857,469.6863396740509,470.3852106715699,1936400
2024-08-09,482.5811767578125,484.2939139138641,474.6474211403581,477.4232292802653,1622700
2024-08-12,477.895752,485.1503129385404,476.17316170406633,482.5812070432333,1839300
2024-08-13,484.2348327636719,485.5439879903312,478.8505072093788,482.61068243119234,1243700
2024-08-14,490.8889465332031,491.5287596699346,480.7502559096344,485.17977306489433,1545600
2024-08-15,491.2039489746094,498.970384063593,490.4558731139265,497.09029636763023,1732300
2024-08-16,496.3618774414063,497.0016906023476,489.2155798811784,489.2647847244866,1587000
2024-08-19,496.77532958984375,499.8267811554972,493.99949126007954,497.0903247278857,1027900
2024-08-20,489.5502624511719,496.2634494059204,488.7234228028421,495.977983205082,2122700
2024-08-21,488.6840515136719,492.93639554562594,486.2921192605433,491.6764450961123,917100
2024-08-22,489.9538269042969,491.87329640373446,487.0401972889889,489.215574,943800
2024-08-23,501.4410705566406,504.4137580918149,492.0209563259462,494.8755282032389,1751800
2024-08-26,499.9153442382813,505.4571676500089,497.4052963173931,504.3153628979449,1084200
2024-08-27,499.31488037109375,503.4687844126421,498.6553612525439,499.8857827098794,977900
2024-08-28,495.4464111328125,500.4074788463924,490.6625469386931,498.6652128817908,1568100
2024-08-29,502.11041259765625,505.2012157904246,493.2907596814636,498.0746240627481,1566300
2024-08-30,505.2294006347656,506.1601539,500.1993985355232,502.83319890302175,1838900
2024-09-03,482.6636657714844,504.6848575228916,480.6239374029198,502.4767885608442,2373600
2024-09-04,485.8123779296875,491.31766807027896,481.911143016184,481.911143016184,1509400
2024-09-05,483.07952880859375,490.8918797516465,478.316859031352,488.72342575292544,1828300
2024-09-06,474.8908691,490.5354233765702,472.3659719193688,481.8121116743324,1995600
2024-09-09,483.7627258300781,489.4165338603815,478.6337016594379,480.7526294,1714200
2024-09-10,462.5336914,484.3865414701091,457.0284012983468,484.31722298112766,3583100
2024-09-11,466.5339660644531,467.2468828789639,452.9786655308786,459.4147092,2426500
2024-09-12,469.3954772949219,469.672721,460.8206838652165,466.66262468566106,1482200
2024-09-13,474.2769775390625,477.3563924675306,470.8213269957384,471.3064959807297,1794500
2024-09-16,480.3862915039063,482.5844491127319,474.7720679430876,476.6929818092371,1500300
2024-09-17,480.6140137,484.9113065628003,477.0593109294909,483.1983180406985,1444900
2024-09-18,479.81195068359375,488.1392039218393,477.0296021604074,480.62388952694414,1699500
2024-09-19,498.8725586,501.4271896421768,488.6045989,489.8720031453877,3060700
2024-09-20,493.5256958007813,497.1100720126027,490.6047404263443,495.2683879681069,4452600
2024-09-23,492.5157470703125,496.46647786908704,490.3472931176901,493.3078633980911,953200
2024-09-24,493.1197204589844,494.6445760871296,489.23830822754246,492.6939586968901,1035400
2024-09-25,486.3074645996094,497.06059361453526,485.5747252,493.5950317068642,1763900
2024-09-26,492.0305786132813,493.4959968429725,487.63426348960553,489.1392966009184,1378100
2024-09-27,493.60491943359375,500.4271095505195,490.9809699405528,494.0603848,1420100
2024-09-30,490.2383728027344,491.6345027968963,484.0894842807333,490.0205664915009,1602500
2024-10-01,485.3470153808594,489.7135968627426,479.84169486291694,489.7135968627426,1528600
2024-10-02,487.1490478515625,489.9908036116959,483.1488212444639,486.3371392181672,1445100
2024-10-03,481.3170471191406,485.6836587500384,479.4357481265101,485.1093487,1290600
2024-10-04,490.2879028320313,491.4265814240157,481.2180285,490.76319077548914,1721600
2024-10-07,489.7532043457031,494.10002364621977,485.96090275077125,489.7631156206981,1173300
2024-10-08,491.68402099609375,493.4365942536906,487.9313041,492.1097827712888,1296700
2024-10-09,500.2092895507813,501.2885609029608,490.3770027349714,493.29798838689584,1695900
2024-10-10,498.7636719,501.8133530637281,494.6743039816836,501.3281840653014,1309000
2024-10-11,511.2198486328125,512.8733997,502.80348447221263,503.0015286570292,2409700
2024-10-14,517.6064453,517.9233039515489,510.43769235350993,512.5566505076838,2174900
2024-10-15,517.2400512695312,535.1916661235617,510.4376534108448,533.4984698975554,4525400
2024-10-16,524.6464233398438,530.9438295592946,520.8045957993887,524.7850603129098,2649000
2024-10-17,523.7949219,530.0230098701379,523.0324789256364,526.0128717990362,2123500
2024-10-18,523.2998047,525.5474882775471,521.6858382980668,524.1810620038602,1779200
2024-10-21,512.7050781,524.6364997,511.9129618377028,522.8047269831859,1752100
2024-10-22,513.2001953,514.5171257511506,507.8929493273954,510.5366610450205,1588000
2024-10-23,512.111084,514.8835216293035,508.3484857209286,510.7248349446067,1263200
2024-10-24,519.3391723632812,519.8342526038564,513.1011734189549,513.8932897169551,2058200
2024-10-25,507.5562744140625,523.5968874317754,505.7145902929802,522.8542670183128,1633200
2024-10-28,518.4282836914062,519.4283555280185,509.9128666020795,510.3287775508084,1687100
2024-10-29,519.1213989257812,522.0522354573604,515.8736433334218,516.051865,1281600
2024-10-30,519.2402344,525.5673145758692,517.9233038767131,518.2500737910924,1441600
2024-10-31,512.6951904296875,519.8342694871003,509.4673179213663,517.2994609904139,2061700
2024-11-01,514.2398681640625,521.4581774018388,511.9525997,514.8834967087905,1625000
2024-11-04,506.4374084472656,512.9526514513965,505.4868627975092,512.9031555117233,1797800
2024-11-05,521.7750244140625,522.2701046883315,507.55627300675735,507.95236140001407,2169900
2024-11-06,590.1158447265625,592.7199717172631,560.5298437,561.7180483923487,8042800
2024-11-07,576.4417114257812,589.1454873434636,575.7981433726366,584.1946849288126,4475600
2024-11-08,583.4619750976562,589.2940348389891,575.5802759071172,580.6498927384932,2714000
2024-11-11,596.4133301,601.1759999,590.3039959942469,593.0071753813058,2510800
2024-11-12,586.7592773,596.1658027,585.6502419082044,592.1655153646844,2392900
2024-11-13,588.3731689453125,597.6113837346433,586.8186700750092,588.7791686113842,1763100
2024-11-14,582.8184204101562,595.6113389661324,580.4717446062213,594.0963642287376,1670500
2024-11-15,587.6998291015625,589.2841221291329,581.3133423580365,587.5216074674482,2007700
2024-11-18,582.2044677734375,589.2148210959086,578.9666235712916,588.8583778171222,1857600
2024-11-19,575.6595458984375,579.0062933951398,569.8473082996103,573.9564383249503,2217400
2024-11-20,576.2041016,582.0163389540168,570.9463516423077,578.0854307158878,1528600
2024-11-21,590.2445678710938,594.7894312090649,578.7587301141588,580.7390511367063,2281900
2024-11-22,596.8489990234375,597.9975586580609,588.5910335325743,590.3534879,1733700
2024-11-25,597.0965576171875,605.2851444366734,592.9378711,602.7998317360974,2940800
2024-11-26,599.5421752929688,601.2155489345396,587.1651691969124,594.2250183,2846500
2024-11-27,599.4729004,606.2258026597468,597.3440914480909,601.7007616,1424500
2024-11-29,602.5819702148438,606.7010112180212,601.0868182213785,603.3146793000811,1170200
2024-12-02,598.7410888671875,608.8907118550494,598.3330778614642,605.0000311409023,1804100
2024-12-03,599.1092529296875,608.4031337863265,597.8355395128469,605.9553107102089,1718100
2024-12-04,595.7558594,601.2983830983069,593.8154689429776,600.0246697382526,1617300
2024-12-05,593.8552856445312,603.5671380336256,593.4074938663539,597.5669225548468,1672800
2024-12-06,596.7210693359375,597.0394976894517,591.4372722107458,594.2134840107624,1405700
2024-12-09,591.1884766,600.0246655507228,590.7904259567621,596.0344420540822,1633200
2024-12-10,582.1433715820312,593.3279014077092,580.8796185866756,587.0888194340986,2600800
2024-12-11,589.6361694335938,590.7805194,584.0041239060715,587.2082065,2195300
2024-12-12,588.6908569335938,593.3776386646549,585.7056595661908,589.6660627060626,1218400
2024-12-13,582.5911254882812,592.0641716698789,582.1931355947847,591.0691058351396,1215000
2024-12-16,583.4369506835938,585.3673807754226,575.8445937296995,585.0986935730866,1713300
2024-12-17,571.8444213867188,578.7402202702759,569.4661994872962,577.9740608836572,2314100
2024-12-18,547.5349731445312,576.6107676,541.8033842443336,574.6405566455504,3271600
2024-12-19,551.2564697265625,564.202285,550.8683795046645,558.6697217727418,2753300
2024-12-20,563.3067016601562,570.0731974059552,550.6494943628501,552.2017945169347,4515900
2024-12-23,567.9636840820312,568.8194260902646,559.0279519365827,562.2121746299588,1519500
2024-12-24,579.9143676757812,579.9143676757812,568.5407730275846,571.3667865833532,913400
2024-12-26,578.3620605,579.7153962,574.6504846437083,575.2973017,1092000
2024-12-27,573.3370361328125,579.0885459178735,568.5308510552961,574.1529974,1486000
2024-12-30,570.7199707,573.1778147817766,562.3116526,564.4709891346023,1265900
2024-12-31,572.6199951171875,576.9199829101562,570.4000244140625,575.0700073242188,1055800
2025-01-02,574.969970703125,584.3099975585938,569.739990234375,579.3099975585938,2219000
2025-01-03,580.1300048828125,582.1400146484375,571.72998046875,581.0,1422600
2025-01-06,583.3900146484375,593.6500244140625,579.8200073242188,584.97998046875,2257000
2025-01-07,580.1199951171875,588.280029296875,568.4000244140625,587.1099853515625,2021900
2025-01-08,580.02001953125,581.2000122070312,572.6699829101562,581.0399780273438,1513400
2025-01-10,560.0,576.25,558.010009765625,576.25,2817900
2025-01-13,562.9500122070312,566.1900024414062,556.760009765625,557.8800048828125,1871200
2025-01-14,571.530029296875,573.5900268554688,565.2000122070312,569.6599731445312,2221900
2025-01-15,605.9199829101562,609.4099731445312,593.0,598.0,5119800
2025-01-16,612.989990234375,616.8400268554688,606.0,609.989990234375,3224500
2025-01-17,625.9400024414062,627.0,613.0,617.7999877929688,3425200
2025-01-21,634.739990234375,635.4299926757812,609.0,616.8099975585938,5076700
2025-01-22,632.72998046875,635.5999755859375,629.7100219726562,633.4400024414062,2835700
2025-01-23,639.5,645.5399780273438,634.489990234375,634.9199829101562,2582700
2025-01-24,636.9000244140625,640.5999755859375,628.9600219726562,630.0,3183500
2025-01-27,633.280029296875,635.7100219726562,624.4600219726562,625.0,3351700
2025-01-28,637.7999877929688,639.0800170898438,631.8099975585938,632.2000122070312,2338000
2025-01-29,637.3800048828125,649.0,636.4099731445312,637.0,1918900
2025-01-30,645.7000122070312,649.52001953125,641.0,644.489990234375,1812800
2025-01-31,640.4000244140625,650.0,637.4400024414062,650.0,1995100
2025-02-03,632.3699951171875,638.47998046875,622.47998046875,626.0,2102600
2025-02-04,634.1799926757812,637.6699829101562,629.0900268554688,632.0,1743400
2025-02-05,645.4500122070312,646.4099731445312,635.530029296875,638.0,1908200
2025-02-06,658.219970703125,658.8499755859375,648.9400024414062,650.0,2439200
2025-02-07,655.9000244140625,663.8699951171875,653.1599731445312,659.4000244140625,2616700
2025-02-10,650.530029296875,662.489990234375,644.25,659.02001953125,2351600
2025-02-11,647.239990234375,649.0399780273438,643.5999755859375,646.780029296875,2711400
2025-02-12,649.0,650.469970703125,639.1099853515625,643.760009765625,2295800
2025-02-13,648.9500122070312,652.0,640.510009765625,651.8300170898438,2031800
2025-02-14,660.5499877929688,663.260009765625,650.3200073242188,650.3200073242188,2246000
2025-02-18,672.1900024414062,672.1900024414062,661.02001953125,662.5900268554688,2350100
2025-02-19,668.1500244140625,671.0399780273438,663.280029296875,669.0800170898438,1953600
2025-02-20,642.260009765625,670.280029296875,631.6599731445312,668.030029296875,3929000
2025-02-21,625.5999755859375,647.5,623.4299926757812,644.75,3000800
2025-02-24,626.1400146484375,637.2999877929688,614.7999877929688,633.510009765625,3274100
2025-02-25,614.9099731445312,631.3200073242188,606.0,628.530029296875,2885900
2025-02-26,617.77001953125,623.1300048828125,615.2000122070312,616.6699829101562,2001200
2025-02-27,608.0,625.22998046875,607.3099975585938,617.5399780273438,2396300
2025-02-28,622.2899780273438,623.6500244140625,604.010009765625,607.7899780273438,3337200
2025-03-03,605.260009765625,628.780029296875,598.3200073242188,622.4000244140625,3152300
2025-03-04,581.1400146484375,600.0,567.5700073242188,595.97998046875,4061000
2025-03-05,593.0700073242188,597.1199951171875,576.780029296875,582.0900268554688,2600600
2025-03-06,567.6699829101562,586.7100219726562,564.6199951171875,580.5900268554688,4332300
2025-03-07,559.6699829101562,568.1699829101562,544.9099731445312,568.1699829101562,4069600
2025-03-10,531.6599731445312,546.469970703125,523.1300048828125,542.2999877929688,5272100
2025-03-11,531.4299926757812,539.989990234375,524.2000122070312,532.469970703125,4190500
2025-03-12,535.7100219726562,545.0,528.5900268554688,544.0,3078100
2025-03-13,524.8099975585938,538.1400146484375,520.0599975585938,535.6699829101562,2529100
2025-03-14,541.4099731445312,543.5700073242188,526.7000122070312,533.989990234375,2808100
2025-03-17,551.3400268554688,557.1599731445312,540.0,541.22998046875,2695600
2025-03-18,551.780029296875,553.75,546.6500244140625,550.2899780273438,2641000
2025-03-19,557.3400268554688,563.0,544.5999755859375,549.0,2769800
2025-03-20,562.6799926757812,568.4400024414062,552.0,553.0999755859375,2531300
2025-03-21,565.1400146484375,567.0,551.2100219726562,555.3300170898438,3565600
2025-03-24,580.0999755859375,582.719970703125,573.0499877929688,575.0,1877700
2025-03-25,585.9400024414062,586.8900146484375,578.2100219726562,584.6900024414062,1875500
2025-03-26,573.9199829101562,592.6400146484375,571.0,588.3900146484375,1944200
2025-03-27,558.9199829101562,566.0,552.5499877929688,565.0,2100900
2025-03-28,543.1199951171875,560.5,537.7100219726562,555.9500122070312,2773100
2025-03-31,546.2899780273438,547.3900146484375,528.5900268554688,533.8200073242188,2455100
2025-04-01,548.4500122070312,551.9600219726562,533.239990234375,543.25,1869600
2025-04-02,563.0999755859375,567.3200073242188,539.0800170898438,539.7999877929688,2560700
2025-04-03,511.2300109863281,529.989990234375,509.55999755859375,525.4299926757812,5193900
2025-04-04,470.80999755859375,492.0,460.0,487.0,8105200
2025-04-07,465.510009765625,489.9800109863281,439.3800048828125,446.8999938964844,6353800
2025-04-08,462.2200012207031,491.9200134277344,452.8299865722656,488.25,4240900
2025-04-09,516.8699951171875,522.0,447.1099853515625,451.3599853515625,7024100
2025-04-10,489.7999877929688,503.1000061035156,474.0,503.1000061035156,5374500
2025-04-11,494.4400024414063,498.5199890136719,478.5799865722656,487.0,3770200
2025-04-14,503.9800109863281,512.0,497.1499938964844,510.0,4392600
2025-04-15,507.8900146484375,518.6500244140625,507.0,507.4100036621094,2501200
2025-04-16,499.0499877929688,509.4500122070313,492.6900024414063,501.7200012207031,2765600
2025-04-17,509.489990234375,514.8300170898438,499.1199951171875,503.239990234375,2593500
2025-04-21,501.3599853515625,509.2699890136719,494.6799926757813,505.3999938964844,2859300
2025-04-22,519.989990234375,521.0,508.9299926757813,510.2300109863281,2514600
2025-04-23,529.3099975585938,551.7899780273438,528.260009765625,533.6300048828125,3048100
2025-04-24,545.3699951171875,546.8400268554688,523.4199829101562,527.0999755859375,2223600
2025-04-25,544.8599853515625,549.0900268554688,541.219970703125,544.5999755859375,1612700
2025-04-28,546.4000244140625,554.5,542.469970703125,544.8599853515625,1459700
2025-04-29,548.9199829101562,550.8800048828125,541.2999877929688,543.7899780273438,1695600
2025-04-30,547.5499877929688,549.52001953125,531.4500122070312,535.760009765625,2438300
2025-05-01,553.8300170898438,558.3499755859375,545.5,548.0999755859375,2583000
2025-05-02,566.0999755859375,569.780029296875,559.7000122070312,561.5800170898438,2883000
2025-05-05,559.5599975585938,566.5599975585938,557.5,558.3599853515625,2197200
2025-05-06,549.3599853515625,557.4400024414062,547.0599975585938,549.5999755859375,2902500
2025-05-07,551.9199829101562,555.3800048828125,547.739990234375,550.2100219726562,1954900
2025-05-08,565.7000122070312,572.1599731445312,558.2100219726562,558.8200073242188,1994600
2025-05-09,567.0999755859375,572.0999755859375,565.780029296875,570.25,1522500
2025-05-12,591.3400268554688,603.3699951171875,588.0800170898438,596.260009765625,3527700
2025-05-13,603.8099975585938,607.7100219726562,593.0599975585938,593.2999877929688,2765800
2025-05-14,611.5999755859375,615.0,602.5,603.7999877929688,2874400
2025-05-15,615.9000244140625,619.2100219726562,609.72998046875,609.72998046875,2428100
2025-05-16,619.030029296875,620.7899780273438,613.5599975585938,616.9500122070312,2021800
2025-05-19,612.2999877929688,619.3800048828125,598.3400268554688,609.1900024414062,2842100
2025-05-20,606.52001953125,611.5499877929688,603.010009765625,607.75,1601600
2025-05-21,593.4600219726562,609.8699951171875,592.0,601.7999877929688,2635900
2025-05-22,598.22998046875,602.2000122070312,592.510009765625,592.5499877929688,1939600
2025-05-23,598.5399780273438,601.9600219726562,582.5,585.0,1530600
2025-05-27,615.72998046875,617.6699829101562,604.9500122070312,605.9000244140625,2364700
2025-05-28,608.4400024414062,618.6300048828125,607.3099975585938,617.280029296875,2001900
2025-05-29,604.8599853515625,610.0,598.2999877929688,608.52001953125,1736100
2025-05-30,600.4500122070312,603.5999755859375,593.8300170898438,600.0,2129500
2025-06-02,598.719970703125,599.1699829101562,592.1699829101562,598.5999755859375,1221200
2025-06-03,603.8300170898438,606.3200073242188,593.72998046875,600.0,1730300
2025-06-04,599.2100219726562,606.3300170898438,598.719970703125,605.47998046875,1294900
2025-06-05,605.8800048828125,609.719970703125,592.9000244140625,600.0,2086700
2025-06-06,614.0,621.3800048828125,610.0,613.0,1675900
2025-06-09,613.52001953125,619.0999755859375,611.010009765625,614.75,1610700
2025-06-10,614.8699951171875,616.5499877929688,609.3099975585938,613.0,1376400
2025-06-11,624.1699829101562,629.8400268554688,614.5900268554688,617.1799926757812,2063600
2025-06-12,625.1099853515625,626.010009765625,615.7999877929688,621.0,1634700
2025-06-13,613.5399780273438,620.1199951171875,609.5900268554688,616.0499877929688,1674800
2025-06-16,627.8499755859375,632.27001953125,618.0,619.0,1870400
2025-06-17,624.6400146484375,631.6699829101562,623.0,624.7000122070312,1479300
2025-06-18,635.239990234375,639.8800048828125,623.6500244140625,624.510009765625,2423100
2025-06-20,640.7999877929688,642.6400146484375,636.6900024414062,638.8300170898438,4115400
2025-06-23,646.8800048828125,647.4199829101562,630.010009765625,639.260009765625,2020800
2025-06-24,662.1099853515625,663.77001953125,653.239990234375,654.4500122070312,2307800
2025-06-25,669.8699951171875,670.1199951171875,660.7899780273438,664.5999755859375,1566400
2025-06-26,687.1599731445312,689.3300170898438,670.510009765625,670.6199951171875,2849500
2025-06-27,690.8099975585938,694.2000122070312,685.3900146484375,691.0,3650500
2025-06-30,707.75,714.2999877929688,702.9500122070312,714.27001953125,3976400
2025-07-01,706.4600219726562,713.010009765625,700.6099853515625,708.0,3301000
2025-07-02,715.8900146484375,718.72998046875,705.0800170898438,708.7999877929688,2906500
2025-07-03,723.6799926757812,726.0,713.4000244140625,715.9099731445312,1502000
2025-07-07,710.9299926757812,723.969970703125,706.3400268554688,721.7000122070312,2863700
2025-07-08,697.280029296875,711.1900024414062,693.77001953125,710.719970703125,3100700
2025-07-09,696.5599975585938,704.3400268554688,694.7100219726562,704.3400268554688,1763400
2025-07-10,709.1199951171875,710.3800048828125,696.4500122070312,696.739990234375,1733500
2025-07-11,704.9500122070312,706.0,700.22998046875,703.5900268554688,1681800
2025-07-14,713.2999877929688,713.4299926757812,702.1300048828125,704.739990234375,1909300
2025-07-15,702.510009765625,714.6900024414062,700.0399780273438,713.2999877929688,1981200
2025-07-16,708.8200073242188,709.780029296875,691.2999877929688,708.5,3323200
2025-07-17,705.8400268554688,717.4500122070312,704.280029296875,706.280029296875,2046100
2025-07-18,708.260009765625,710.2899780273438,698.3900146484375,707.0599975585938,1925200
2025-07-21,706.0,712.760009765625,704.3499755859375,709.1400146484375,2006500
2025-07-22,700.4099731445312,706.489990234375,691.8800048828125,703.6599731445312,1978900
2025-07-23,717.52001953125,719.010009765625,701.5,702.0,2395700
2025-07-24,719.1799926757812,725.77001953125,714.72998046875,718.9299926757812,1974700
2025-07-25,728.97998046875,729.8900146484375,718.3499755859375,720.760009765625,1851400
2025-07-28,723.6500244140625,732.52001953125,722.1699829101562,728.0,1464800
2025-07-29,731.97998046875,734.1300048828125,722.4199829101562,726.8499755859375,2136000
2025-07-30,730.75,737.8800048828125,723.1799926757812,731.1400146484375,1816200
2025-07-31,723.5900268554688,734.0399780273438,720.4400024414062,726.5900268554688,2358100
2025-08-01,709.5700073242188,714.52001953125,694.0499877929688,710.510009765625,2999100
2025-08-04,726.030029296875,726.7899780273438,715.2000122070312,715.2000122070312,1753700
2025-08-05,720.9099731445312,729.4000244140625,714.5499877929688,728.0,1977300
2025-08-06,724.739990234375,728.2999877929688,722.0,724.5,1477100
2025-08-07,719.739990234375,732.9400024414062,717.6099853515625,730.6199951171875,1400400
2025-08-08,721.27001953125,728.0,718.6500244140625,725.8599853515625,1275400
2025-08-11,719.239990234375,723.8400268554688,715.739990234375,722.2000122070312,1273500
2025-08-12,743.3800048828125,748.1400146484375,724.3499755859375,725.280029296875,2418100
2025-08-13,744.6900024414062,748.9099731445312,732.6199951171875,745.780029296875,1862600
2025-08-14,747.2000122070312,748.1599731445312,737.0,742.719970703125,1371200
2025-08-15,730.719970703125,749.0499877929688,729.1799926757812,749.0,1645900
2025-08-18,730.9600219726562,731.6099853515625,723.8699951171875,729.5,1157800
2025-08-19,721.3800048828125,730.0,717.72998046875,729.1599731445312,1856400
2025-08-20,720.6799926757812,722.25,705.5499877929688,721.2000122070312,1872700
2025-08-21,715.9500122070312,719.219970703125,712.969970703125,716.5399780273438,1162000
2025-08-22,741.8900146484375,744.8400268554688,718.5800170898438,720.1400146484375,1948600
2025-08-25,738.7899780273438,746.5,738.3300170898438,741.8900146484375,1381200
2025-08-26,748.9500122070312,749.1599731445312,733.8599853515625,737.7100219726562,1511600
2025-08-27,749.6699829101562,753.0,745.02001953125,745.969970703125,1534800
2025-08-28,751.219970703125,753.3300170898438,746.989990234375,750.989990234375,1411200
2025-08-29,745.25,748.9199829101562,738.9000244140625,746.7100219726562,1467000
2025-09-02,730.8499755859375,736.3900146484375,721.1599731445312,736.3900146484375,2296400
2025-09-03,730.5599975585938,732.02001953125,722.2999877929688,728.5599975585938,1485600
2025-09-04,748.9000244140625,748.9099731445312,731.1699829101562,733.75,1778200
2025-09-05,738.2100219726562,757.3499755859375,727.1500244140625,752.1900024414062,1822800
2025-09-08,741.8499755859375,743.5399780273438,733.5700073242188,739.4199829101562,1400100
2025-09-09,763.9199829101562,765.6199951171875,738.5399780273438,740.1300048828125,2611300
2025-09-10,769.5800170898438,774.469970703125,761.6300048828125,761.8599853515625,1996200
2025-09-11,784.72998046875,793.1699829101562,771.3499755859375,772.0,2075700
2025-09-12,780.0599975585938,787.030029296875,776.260009765625,783.5,1099400
2025-09-15,786.760009765625,792.3800048828125,781.4400024414062,782.9500122070312,1292000
2025-09-16,785.530029296875,790.010009765625,779.6900024414062,789.530029296875,1529500
2025-09-17,794.219970703125,798.5700073242188,785.22998046875,788.8599853515625,1945300
2025-09-18,804.3099975585938,807.280029296875,792.4000244140625,795.5700073242188,1501600
2025-09-19,805.0,809.6599731445312,797.3699951171875,804.0900268554688,3789800
2025-09-22,805.5599975585938,806.030029296875,797.5399780273438,801.1400146484375,1151000
2025-09-23,806.3200073242188,825.25,802.0,807.0999755859375,1758800
2025-09-24,792.4299926757812,812.8400268554688,792.3400268554688,809.5499877929688,1402500
2025-09-25,794.760009765625,798.1799926757812,782.010009765625,786.0,1413100
2025-09-26,802.510009765625,809.5,795.1300048828125,797.1599731445312,1376200
2025-09-29,804.1199951171875,808.8400268554688,797.989990234375,807.7999877929688,1059000
2025-09-30,796.3499755859375,809.6199951171875,786.4500122070312,805.5,2463900
2025-10-01,785.510009765625,796.280029296875,783.22998046875,793.6199951171875,1788900
2025-10-02,779.3800048828125,791.0,772.4400024414062,788.8800048828125,1553700
2025-10-03,789.97998046875,794.9199829101562,777.8599853515625,783.0,1470500
2025-10-06,796.780029296875,802.5,780.0499877929688,795.0,1632600
2025-10-07,789.6500244140625,805.3200073242188,781.3900146484375,798.0,1547200
2025-10-08,776.510009765625,795.0,774.3400268554688,791.75,1939300
2025-10-09,779.9600219726562,782.9099731445312,771.3499755859375,778.8499755859375,1575000
2025-10-10,764.3599853515625,791.6599731445312,764.0,783.1199951171875,2457900
2025-10-13,786.780029296875,791.0499877929688,777.8800048828125,777.8800048828125,2766000
2025-10-14,770.760009765625,786.5700073242188,742.4600219726562,764.4500122070312,4710800
2025-10-15,767.9299926757812,782.489990234375,762.6599731445312,778.6199951171875,3217400
2025-10-16,758.0900268554688,781.4400024414062,752.4099731445312,770.6599731445312,3160900
2025-10-17,750.77001953125,758.9400024414062,740.010009765625,758.1500244140625,2884700
2025-10-20,763.3200073242188,766.4199829101562,752.8800048828125,757.0,1925400
2025-10-21,758.97998046875,765.2999877929688,758.27001953125,759.0,1782200
2025-10-22,744.5999755859375,760.6099853515625,743.1099853515625,760.6099853515625,2141400
2025-10-23,750.780029296875,755.0,744.6599731445312,749.3400268554688,1615400
2025-10-24,783.8800048828125,784.6099853515625,756.0,759.8499755859375,2505600
2025-10-27,789.989990234375,796.7100219726562,787.010009765625,789.0,1645300
2025-10-28,792.0900268554688,798.3599853515625,787.3499755859375,792.0499877929688,1242000
2025-10-29,783.0599975585938,800.489990234375,778.8200073242188,788.0,2251500
2025-10-30,790.1599731445312,807.1400146484375,780.5999755859375,783.5599975585938,1829500
2025-10-31,789.3699951171875,791.719970703125,783.0,784.97998046875,1328100
2025-11-03,785.52001953125,796.0,781.4400024414062,789.5700073242188,1569100
2025-11-04,790.8300170898438,806.0,773.0,777.0,2046000
2025-11-05,793.0900268554688,797.3599853515625,775.5800170898438,790.4400024414062,1832700
2025-11-06,787.5800170898438,798.2000122070312,777.0,794.0,1572500
2025-11-07,786.3400268554688,787.0599975585938,762.7999877929688,783.0,2098400
2025-11-10,797.2000122070312,806.3599853515625,788.7999877929688,796.0800170898438,1698200
2025-11-11,810.3099975585938,812.0,795.6099853515625,798.47998046875,1521500
2025-11-12,838.969970703125,840.0,814.1300048828125,814.1300048828125,2954100
2025-11-13,805.5,841.280029296875,805.02001953125,833.0599975585938,2557400
2025-11-14,790.9099731445312,800.6099853515625,778.0,795.5499877929688,2552000
2025-11-17,775.5599975585938,796.72998046875,770.5,790.0,1850600
2025-11-18,776.2999877929688,787.7000122070312,766.5399780273438,772.0599975585938,1673500
2025-11-19,785.989990234375,787.8699951171875,775.0,776.2999877929688,1521100
2025-11-20,773.7000122070312,816.0,772.1900024414062,795.25,2599000
2025-11-21,774.030029296875,780.3699951171875,754.0,776.8300170898438,2284700
2025-11-24,790.7100219726562,793.989990234375,775.3599853515625,778.6400146484375,2319500
2025-11-25,802.3200073242188,805.260009765625,777.989990234375,797.0,2252900
2025-11-26,816.010009765625,819.5800170898438,805.0,805.8400268554688,1862500
2025-11-28,826.0399780273438,830.5700073242188,818.9500122070312,820.0,868300
2025-12-01,810.8599853515625,824.72998046875,809.6099853515625,818.5900268554688,2133200
2025-12-02,815.2100219726562,819.7000122070312,808.2999877929688,811.1199951171875,2254200
2025-12-03,836.5700073242188,837.9099731445312,812.9500122070312,812.9500122070312,2347900
2025-12-04,837.8300170898438,843.989990234375,834.5,835.5399780273438,1670800
2025-12-05,854.5599975585938,856.2000122070312,836.52001953125,837.260009765625,2277500
2025-12-08,866.6900024414062,870.5599975585938,856.2999877929688,861.0999755859375,2238100
2025-12-09,876.5800170898438,883.719970703125,864.3099975585938,866.0,2274800
2025-12-10,889.239990234375,897.2000122070312,869.27001953125,871.3499755859375,2394300
2025-12-11,911.030029296875,919.0999755859376,888.0,889.97998046875,2683000
2025-12-12,887.9600219726562,914.989990234375,886.989990234375,913.75,2715200
2025-12-15,889.5900268554688,904.469970703125,889.5900268554688,892.0,1976600
2025-12-16,879.1500244140625,896.239990234375,874.3200073242188,890.22998046875,2161600
2025-12-17,872.3300170898438,895.969970703125,868.4400024414062,886.3300170898438,2213300
2025-12-18,876.2999877929688,892.7899780273438,874.7000122070312,880.5,2066300
2025-12-19,893.47998046875,899.75,881.9500122070312,883.1699829101562,4808300
2025-12-22,899.0,905.47998046875,894.8400268554688,896.52001953125,1442300
2025-12-23,901.7100219726562,905.9199829101562,893.7000122070312,900.3499755859375,1210200
2025-12-24,910.780029296875,911.8800048828124,898.7000122070312,901.1599731445312,771800
2025-12-26,907.0399780273438,913.3200073242188,905.3099975585938,911.0,995300
2025-12-29,892.1799926757812,906.47998046875,891.5599975585938,906.4500122070312,1578000
2025-12-30,884.4199829101562,895.02001953125,881.1799926757812,894.739990234375,1833300
2025-12-31,879.0,886.0,876.7899780273438,884.0999755859375,1221500
