Date,Close,High,Low,Open,Volume
2010-01-04,38.923954010009766,38.98587242799845,38.38357860308109,38.68191045637819,27809100
2010-01-05,39.075931549072266,39.09281760895818,38.726941526038594,38.94646889359908,30174700
2010-01-06,39.41365814208984,39.74013621959543,39.03089177748493,39.092810181650506,35044700
2010-01-07,39.28982925415039,39.43617795521028,39.075927731103526,39.346117546444304,27192100
2010-01-08,39.13222503662109,39.261692003786166,38.96336012084514,39.227919879535456,24891800
2010-01-11,39.57128143310547,39.69511397844323,39.20540103202547,39.36864011233876,30685000
2010-01-12,39.37426376342773,39.396779941661705,39.13222021556492,39.24480110673477,31496700
2010-01-13,39.21664047241211,39.42491182403933,38.98585724530332,39.37987948403556,24884400
2010-01-14,39.22228240966797,39.25605452758916,39.03652717205824,39.14347794,18630800
2010-01-15,38.90143585205078,39.22791398583141,38.64250625114531,39.20539780820637,29411900
2010-01-19,38.99150085449219,39.03653321503933,38.51304383361507,38.69316898128136,26081900
2010-01-20,38.29351043701172,38.64813485253781,38.23722214241885,38.59184226342335,34629500
2010-01-21,37.54484558105469,38.36104049035037,37.43226904609229,38.34415443955797,39114000
2010-01-22,37.20712661743164,37.79253428217494,37.15083832735505,37.44354001246607,39085500
2010-01-25,37.06640625,37.57863960171359,36.976345838695245,37.460432896207735,29305100
2010-01-26,37.105804443359375,37.567375274137945,36.86939105809937,36.94819552,34083300
2010-01-27,36.891902923583984,37.18460456240943,36.587941051811086,36.959451437707045,35723500
2010-01-28,36.56542969,37.06640275650804,36.345902355890686,37.06640275650804,37349800
2010-01-29,36.26710510253906,37.049524064483336,36.03631749062356,36.672387732082974,40880500
2010-02-01,37.252174377441406,37.38164136324342,36.78497321694781,37.02138670977962,37703000
2010-02-02,37.69121170043945,37.78127639553902,37.415396087108846,37.56174906938512,34057900
2010-02-03,37.488582611083984,37.84320709510525,37.466066429993546,37.646191584194575,24024700
2010-02-04,36.43032455444336,37.34783580050113,36.40780838776149,37.302803467137394,33858200
2010-02-05,36.475372314453125,36.53166060770414,35.77738588293248,36.41907972668061,42297500
2010-02-08,36.45836258,37.10424466285112,36.45269573369061,36.77564109798004,30519400
2010-02-09,36.93995666503906,37.228905402665326,36.57735619,36.888967999743095,36243300
2010-02-10,36.74164962768555,36.95127972168815,36.35072367202848,36.87196116126281,21699100
2010-02-11,36.96261596679688,37.09859437213449,36.49237136325329,36.65100851360902,23555200
2010-02-12,36.71332550048828,36.90595506274282,36.41870998787397,36.611343872666026,30636200
2010-02-16,37.55183792114258,37.60849342147023,36.871963272135616,37.075926531345225,30514900
2010-02-17,37.25722885131836,37.64815485165648,37.14958036877852,37.58583250097951,21821800
2010-02-18,37.37054061889648,37.44419234,37.02493642085062,37.27989267586399,22536700
2010-02-19,37.31954956054688,37.52917534675129,37.070260168803614,37.16090810600447,24264600
2010-02-22,37.053260803222656,37.46118729231907,36.96827539757136,37.44985359954567,20469700
2010-02-23,36.79265594482422,37.14392274766632,36.345070007214815,36.97395619477015,33372900
2010-02-24,37.13824844360352,37.31954863605164,36.69632517213225,36.83230355837151,21469600
2010-02-25,36.90595626831055,36.92295249,36.46970415437101,36.605678221729896,25668800
2010-02-26,36.82664108276367,37.05326743085752,36.78131494863729,36.97394885740538,20129700
2010-03-01,37.053260803222656,37.132579362487256,36.87762314553336,37.03059774021315,18798600
2010-03-02,37.104251861572266,37.27422268390787,36.91162229729364,37.200570966249145,24823900
2010-03-03,37.07025909423828,37.376203978180776,37.041929183256784,37.262888656792335,22279800
2010-03-04,37.053260803222656,37.183568012355664,36.871960621683954,37.02493089382646,21961100
2010-03-05,37.65947723388672,37.68780282,37.268547028436814,37.370528633226506,26837900
2010-03-08,37.66515350341797,37.84078685240306,37.52351259035576,37.82945315873701,20297200
2010-03-09,37.83511734008789,38.06741049596293,37.51784310039255,37.57449859711853,29003100
2010-03-10,38.08440399169922,38.19771497705541,37.835114636871175,38.05041156059976,24810300
2010-03-11,38.08440399169922,38.27703353131216,37.94842994476439,38.18071876150569,19357400
2010-03-12,37.84645080566406,38.28836972902496,37.67647999396958,38.28836972902496,23361800
2010-03-15,37.56317901611328,37.784138536704894,37.33655264761103,37.77280484088364,22070000
2010-03-16,37.71614074707031,37.778463092290416,37.393199650264975,37.70481137636551,35103700
2010-03-17,38.16374206542969,38.407364698833625,37.84646768612753,37.908790056710345,38770000
2010-03-18,38.18071746826172,38.37901384718695,37.96542487436246,38.24303980485777,25925500
2010-03-19,37.982418060302734,38.4639961771552,37.63681397493575,37.982418060302734,45564200
2010-03-22,37.94276428222656,38.07307148719696,37.574497084526605,37.67081185733728,21390600
2010-03-23,37.93143844604492,37.94843898818304,37.64815659260908,37.92577592,24754700
2010-03-24,37.67647933959961,37.88044258107561,37.523509069761225,37.71613861863455,19748800
2010-03-25,37.56317901611328,37.91444578088024,37.52918225118795,37.85212342147865,21095600
2010-03-26,37.69915390014648,37.89178350776998,37.48952374843397,37.64249838746537,30553400
2010-03-29,38.12974166870117,38.231723315438416,37.72747760695991,37.76714121864393,26122200
2010-03-30,37.98809051513672,38.12973141,37.84078277112919,38.06740907209373,17745900
2010-03-31,37.94844055175781,38.06741842,37.73314356785142,37.92577748,22352500
2010-04-01,38.305362701416016,38.41301116120773,38.06740704322723,38.112728842974896,19614700
2010-04-05,38.63398361206055,38.73029841244139,38.36769795715247,38.43568284093265,20901100
2010-04-06,38.46967697143555,38.72462891323206,38.41302146465167,38.52066563077962,19776800
2010-04-07,38.15240097045898,38.44134969418066,37.942775148722696,38.43002032106183,24531500
2010-04-08,38.44701004,38.6509733022373,37.87477953743766,37.96543179721178,24060800
2010-04-09,38.95692443847656,39.081569154372936,38.56599406999038,38.588657138565935,21099600
2010-04-12,38.92857742,39.12121126010606,38.85492572447976,38.979570385627085,18170300
2010-04-13,38.90025329589844,38.95690878330064,38.56597857191319,38.792604844058616,19177100
2010-04-14,38.87192535400391,38.99090318031803,38.73028446707707,38.93424769005466,18777800
2010-04-15,38.673641204833984,38.934260000478666,38.61131884907785,38.809615288966384,16712900
2010-04-16,38.48667907714844,38.92293130089413,38.36203434963859,38.594327582277614,33855100
2010-04-19,38.65665435791016,38.77563225069245,38.28272013270358,38.38470180116544,25686000
2010-04-20,39.07591247558594,39.21755344913958,38.809626753698765,38.87761597711873,22989500
2010-04-21,39.04755401611328,39.33650260131167,38.84925766,39.09288013193584,21119200
2010-04-22,38.84359359741211,38.939912681062495,38.65096407518459,38.82093053787888,21654700
2010-04-23,39.22886276245117,39.24585897897899,38.628306724936245,38.80960690546173,24340000
2010-04-26,39.25719451904297,39.39316858020139,39.05323126603659,39.109886764641146,18237100
2010-04-27,38.679290771484375,39.65944759247164,38.63963149679338,39.098550901116965,36374700
2010-04-28,39.20053482055664,39.39883120569617,38.87192691230429,39.01923465092379,33243500
2010-04-29,38.90025329589844,39.46681681,38.66229333275059,38.78127115305621,47200900
2010-04-30,38.3960189819336,39.26852757443376,38.373360238395605,39.03623871159748,43762100
2010-05-03,38.435672760009766,38.65096969561454,38.06174302967805,38.58864735346972,30734900
2010-05-04,37.65947723388672,38.10706292587833,37.39319169,38.04474059392149,31646100
2010-05-05,37.48952102661133,37.925777519913645,37.29689143297317,37.35921378915921,30260300
2010-05-06,36.19774246,37.52350332891977,33.12130241686311,37.27421400024708,58336300
2010-05-07,36.09010696411133,36.78131318626739,35.82382134205043,36.54335747731258,69004800
2010-05-10,36.95694351196289,37.25155466595991,36.55467957409488,37.064587650759904,38337600
2010-05-11,36.76870346069336,37.07672601442484,36.63751132877868,36.85997133671388,29790600
2010-05-12,37.02540207,37.27067476681711,36.791531331409786,36.871388570644335,25390700
2010-05-13,36.92843246459961,37.23074980740783,36.68886072334331,37.002588731102925,26791600
2010-05-14,36.27814865112305,36.92271604261202,35.88456573682463,36.7915195619,38815400
2010-05-17,36.08992385864258,36.43787510602734,35.513807216791804,36.35801787074818,31923700
2010-05-18,35.816131591796875,36.66033800937837,35.605077811454734,36.53485115954919,34457000
2010-05-19,35.622169494628906,35.90166968265073,35.36548409,35.62787264755071,36722500
2010-05-20,34.41291809082031,35.18297254967411,34.344467161540294,35.06318668735403,57194500
2010-05-21,34.72663879394531,34.76656740884673,33.745530711347314,33.745530711347314,52802900
2010-05-24,34.33304214477539,34.79507590322419,34.298818872557725,34.64676997974126,27847800
2010-05-25,34.05924987792969,34.09917848509687,33.34623592716439,33.648555321932086,50533800
2010-05-26,33.83110046386719,34.48707225950643,33.72272090671395,34.270317497093515,34028900
2010-05-27,35.05747985839844,35.10881696519316,34.28172010058785,34.50988550321915,31911500
2010-05-28,34.48706817626953,35.17726535707216,34.38439396372657,34.91487666988304,32078700
2010-06-01,33.79686737060547,34.71522985321552,33.73412178345378,34.44143271,32972000
2010-06-02,34.66389846801758,34.68101011244539,33.78546445494569,33.94517893879634,28668400
2010-06-03,35.114532470703125,35.371215903098616,34.566935780923046,34.92629563260278,32383700
2010-06-04,33.95657730102539,34.823602567278144,33.81967983453316,34.646776491730186,45019200
2010-06-07,33.82539367675781,34.458550643193625,33.76835341035412,34.21327358095368,28389500
2010-06-08,34.93199539,35.04607593206287,33.871029830630235,34.00792734926956,48460700
2010-06-09,34.24179458618164,35.13734028239577,34.12200871811531,35.125933969581894,31693200
2010-06-10,35.30274582,35.36549139390975,34.886345939599586,35.08028581815241,33020100
2010-06-11,35.28564453,35.31986781777431,34.89776466036686,35.18297031978408,21227100
2010-06-14,35.006126403808594,35.62787455087982,34.97760628578516,35.399711430746805,24667800
2010-06-15,35.65641021728516,35.69063567940499,35.07459259,35.30275581249938,24532600
2010-06-16,35.65641021728516,35.71915580986496,35.30846114415925,35.34838976199249,20652700
2010-06-17,35.707740783691406,35.76478321,35.3369748,35.60506659208006,23310200
2010-06-18,35.992958068847656,36.14696940624639,35.593671834051065,35.81042659695585,32747000
2010-06-21,36.01007080078125,36.791533777170805,35.85035413574822,36.563368356236026,24877600
2010-06-22,35.33127975463867,36.04999930506832,35.24571935402819,36.01007068292742,26147000
2010-06-23,34.85212326049805,35.51380016186964,34.738042761873935,35.20007443876127,38058900
2010-06-24,34.264617919921875,34.909183510812134,34.15053518709969,34.69242653604471,34188500
2010-06-25,33.711307525634766,34.36157824634782,33.711307525634766,34.31024114144801,118023500
2010-06-28,33.35195541381836,33.87673285987379,33.35195541381836,33.831101079147885,43013000
2010-06-29,32.67886734008789,33.13519599294688,32.513447523443176,33.08385888350358,52525000
2010-06-30,32.553367614746094,32.92983892670286,32.46780506277798,32.70167574803136,43944900
2010-07-01,32.29098129272461,32.66745263164363,32.03999895,32.502032846496085,47746400
2010-07-02,32.26817703,32.507750983951695,31.908817193222763,32.427891549493296,32767900
2010-07-06,32.77582931518555,32.84998339,32.38224634308214,32.61040953342401,36912100
2010-07-07,33.329132080078125,33.34054056707087,32.66174973465441,32.72449532514128,41797200
2010-07-08,33.54588699,33.76834703671958,33.15800716242303,33.72841842258402,40430300
2010-07-09,33.528770446777344,33.65996476482183,33.25497332530022,33.51736196,25976500
2010-07-12,33.62003707885742,33.62003707885742,33.197933987614164,33.249271085300094,23515000
2010-07-13,33.893821716308594,34.06494676282436,33.6770671,33.99649587383991,30514200
2010-07-14,33.802574157714844,33.84820810816328,33.43751125791347,33.77975935843715,26061100
2010-07-15,33.80827331542969,33.93376448029917,33.42039351123868,33.85961041233573,24737300
2010-07-16,33.061031341552734,33.71700506637119,32.97547097045421,33.562993787258705,35805700
2010-07-19,33.329132080078125,33.505960364546006,33.14089530861751,33.272091821060826,20960000
2010-07-20,33.62574387,33.64856083835897,32.89561598104098,32.90132131211215,23807300
2010-07-21,33.18082809448242,33.72842465921065,32.85569379,33.72842465921065,26859700
2010-07-22,33.87102508544922,34.10489364164537,33.460328235174416,33.48884836623316,27051400
2010-07-23,34.06496810913086,34.11630522006616,33.540188511131504,33.80257722215782,19281400
2010-07-26,34.44713592529297,34.475656053337225,34.013624321559845,34.053552936011066,20236500
2010-07-27,34.68671798706055,34.7380551,34.447144067777344,34.57833843,22400800
2010-07-28,34.743751525878906,34.94909993806989,34.64107731978341,34.64107731978341,23511100
2010-07-29,34.41861724853516,35.29705115539447,34.39009711928833,35.03466030886301,33763000
2010-07-30,34.04215240478516,34.51559273360597,33.99651844849328,34.31024645813293,29354600
2010-08-02,35.33127975463867,35.38832219765904,34.57263375801484,34.58974540294759,28144000
2010-08-03,35.77620315551758,35.93021449226876,35.29705749982951,35.354097768575826,31075800
2010-08-04,35.77620315551758,35.87317204757567,35.51951759426562,35.85606040214113,21033800
2010-08-05,35.77049637,35.77049637,35.27994224373072,35.52521930606947,19985300
2010-08-06,35.34839630126953,35.65071365677599,34.93769938364047,35.319873989586604,23097300
2010-08-09,35.622169494628906,35.747658442417205,35.468158254395384,35.68491505649576,14731300
2010-08-10,35.325565338134766,35.46246280585357,35.05176822675114,35.27993139826449,23188500
2010-08-11,34.693626403808594,34.848739752130896,34.58447354010765,34.785545181534786,24281300
2010-08-12,34.60169982910156,34.79128349817001,34.21679071895561,34.29721935740306,16951300
2010-08-13,34.417877197265625,34.72810395814641,34.35468261358432,34.446601410343405,14651300
2010-08-16,34.400638580322266,34.61320035894339,34.03870740692773,34.239779063526534,14301100
2010-08-17,34.94065856933594,35.135986246164364,34.550003215679084,34.751077048849936,20122200
2010-08-18,34.555747985839844,34.88320875569331,34.25701142199667,34.85448235816658,20071500
2010-08-19,34.06169891357422,34.50405889587592,33.837646938847335,34.429374173794486,21174500
2010-08-20,33.83189010620117,33.93529901445224,33.636562411895454,33.90657480471955,21008800
2010-08-23,34.18232345581055,34.49829407466185,33.837628633702984,33.87784295656499,21337700
2010-08-24,33.86061096191406,34.15360357010899,33.77443834125171,33.87210108297234,25679100
2010-08-25,33.84338379,34.12488633369992,33.56188124442508,33.716994623121174,20944000
2010-08-26,33.59634780883789,34.18233088702606,33.510175180335246,34.10190222381691,22320900
2010-08-27,34.35467529296875,34.44659407014092,33.349312708859614,33.73422409,28279500
2010-08-30,33.89508819580078,34.41213279064859,33.87210795,34.21680507609686,16265100
2010-08-31,33.958274841308594,34.20530695760413,33.607833830214155,33.75145705,26985400
2010-09-01,34.992366790771484,35.021091,34.30872094393794,34.49255851941447,26286200
2010-09-02,35.07854080200195,35.07854080200195,34.682139258438646,34.75107999128592,18662600
2010-09-03,35.22792053222656,35.38877791636356,34.90045960508054,35.15898196638464,21982900
2010-09-07,34.785545349121094,35.084281926049584,34.72809693458415,34.980873026669855,19435700
2010-09-08,34.900447845458984,35.193438295202874,34.83150930284573,34.84874339061985,17380600
2010-09-09,35.07280349731445,35.3830303,34.99237481354302,35.33132583194924,16525200
2010-09-10,35.15897750854492,35.31983487228666,35.015354236199165,35.26238643995524,14488400
2010-09-13,35.04408645629883,35.34282319399039,34.77982010078935,35.26813846168807,23141800
2010-09-14,35.04981994628906,35.23940370433893,34.90045271785464,34.95215717991214,17977500
2010-09-15,35.04408645629883,35.06132055163101,34.676411145760824,34.90620711908822,18769900
2010-09-16,35.026832580566406,35.038322701471714,34.72809601157776,34.95789185513454,16432500
2010-09-17,34.91767883300781,35.216415413163745,34.83150621027142,35.153220841580456,26447200
2010-09-20,35.36004638671875,35.51515977143526,35.015351437248995,35.06705589882116,21788100
2010-09-21,35.354305267333984,35.561123130275945,35.18770174535105,35.41749985784594,20525200
2010-09-22,35.30260467529297,35.61857547100647,35.27962442321846,35.36579927273917,18207700
2010-09-23,35.130252838134766,35.37153888062748,34.98662957,35.038334032682705,18097800
2010-09-24,35.474945068359375,35.693253036250965,35.25089313435983,35.33706577508126,25145300
2010-09-27,35.45195388793945,35.66451782417094,35.43471980341336,35.61281337907631,16642800
2010-09-28,35.65303421020508,35.76793105003474,35.19918424172101,35.40600205984118,18806700
2010-09-29,35.38302230834961,35.63005446215603,35.19918473224019,35.486431218850754,21158000
2010-09-30,35.49791717529297,35.871336249152506,35.31407962075857,35.58983595256017,25460200
2010-10-01,35.928802490234375,35.95178274243091,35.50367659066832,35.80241329467089,24160200
2010-10-04,35.72772216796875,36.03794894247336,35.52665048,35.91730592733837,16902500
2010-10-05,36.34241867,36.42284951483016,35.86559072,35.95750949,25185400
2010-10-06,36.73307800292969,36.73307800292969,36.29646433032142,36.29646433032142,21645200
2010-10-07,36.681373596191406,36.76754841439431,36.40561724606545,36.74456817067131,19468400
2010-10-08,36.9858627319336,37.07203757011974,36.55499511555438,36.65840404477088,22370500
2010-10-11,37.08351135253906,37.23287632217535,36.945629927137965,36.97435631985456,13848900
2010-10-12,37.169700622558594,37.278855710622594,36.72734287830632,36.94564867139994,20732000
2010-10-13,37.36501693725586,37.50864015531894,37.09500458601202,37.250115732985726,22560500
2010-10-14,37.51438522338867,37.60055564530139,37.26735312016269,37.370762009490605,17778100
2010-10-15,37.4511947631836,37.71546098,37.23863080542624,37.709714823320176,25500700
2010-10-18,38.07739258,38.226761974545255,37.35927638018802,37.45119736,22481700
2010-10-19,37.41097259521485,37.93950491761047,37.10648773043367,37.68098052861125,25367400
2010-10-20,37.92229080200195,38.14059660236139,37.543123251707925,37.61206400167989,20543900
2010-10-21,38.10037612915039,38.37613470162596,37.71546686557796,38.08314204018951,21291200
2010-10-22,38.11186218261719,38.23250956546546,37.99121918280252,38.209529320305485,13332800
2010-10-25,38.031436920166016,38.38187801991389,38.008461055983126,38.30719550373454,16516600
2010-10-26,38.22102737426758,38.24400762551391,37.80739161790313,37.89356646431818,17652900
2010-10-27,37.72694778442383,37.91078534,37.393740849671424,37.88780509553658,23358900
2010-10-28,38.04291915893555,38.3186732864316,37.94525642140706,38.16356213759418,20464200
2010-10-29,38.19804382324219,38.23825816369062,37.91079728202928,37.97399187173887,19265600
2010-11-01,38.46230316162109,38.61167256329704,38.27846558380208,38.33017223105027,22372700
2010-11-02,38.97360229492188,39.20914652441924,38.611673289511664,38.674867868984926,26192200
2010-11-03,39.04827880859375,39.22062402977017,38.674857588162766,39.19764817337265,26545300
2010-11-04,39.85832214355469,39.98471130287869,39.232126887128686,39.29532146679068,31221400
2010-11-05,40.21451187133789,40.21451187133789,39.86981693190464,39.89279717893805,26531700
2010-11-08,40.39833831787109,40.45578672808649,39.90427410055974,39.92150818532108,23628000
2010-11-09,40.83193206787109,41.10942697406995,40.52553429080962,40.63537666773049,33938100
2010-11-10,41.12097930908203,41.13832632101207,40.55443375,41.02270162796703,25482400
2010-11-11,41.52566146850586,41.56612901,40.88974105798351,41.04582888913767,23788900
2010-11-12,41.04005051,41.27707785561562,40.71631013780972,41.26551317922671,24598100
2010-11-15,40.74521255493164,41.17301290699447,40.72208761554565,41.051610283191415,18779600
2010-11-16,39.85493469238281,40.36367028597752,39.63524990487282,40.24804996354364,27543400
2010-11-17,39.89540100097656,40.10929903186575,39.635248667672016,39.79711887827977,17471800
2010-11-18,40.64692687988281,40.69317675458131,40.25959410320223,40.26537644019724,18322900
2010-11-19,40.779884338378906,40.80878719512632,40.09771428819781,40.58332462359974,24116400
2010-11-22,40.57755661010742,40.64114908536646,39.768201442781255,40.5255244,18907900
2010-11-23,39.878047943115234,39.976325629423314,39.49649305185146,39.77398791919159,22672000
2010-11-24,40.39833831787109,40.46771312820364,39.99944528769339,40.03413048754432,19335600
2010-11-26,40.02257537841797,40.13819566656396,39.83179793340894,40.063042920332194,7324600
2010-11-29,40.14975738525391,40.25959975041272,39.48493408838925,39.80867443542815,20021200
2010-11-30,40.21335220336914,40.32319457490363,39.49649664590328,39.62946395937302,27524300
2010-12-01,41.23660659790039,41.36379156294048,40.68739919528465,40.68739919528465,26590200
2010-12-02,41.32332611083984,41.42738614107917,41.01692394745682,41.15567359486362,21274800
2010-12-03,41.15566635131836,41.21925882586275,40.98223152790079,41.05160633939397,19457100
2010-12-06,41.22505569458008,41.392708258083125,41.080528078867054,41.16146319081573,15985400
2010-12-07,41.31175613,41.72799620158111,41.28863119576599,41.57190838156614,23694600
2010-12-08,41.53722381591797,41.75112621290713,41.32332582956033,41.54878849177226,22654900
2010-12-09,41.62394332885742,41.70487842136855,41.23661047032106,41.65285060931072,17971600
2010-12-10,41.72800064086914,41.72800064086914,41.40426029194856,41.72800064086914,17699500
2010-12-13,41.832061767578125,42.057524432302834,41.66440925,41.86096905,21170500
2010-12-14,41.72800064086914,41.91299575605682,41.58347306929653,41.75690791943624,20625900
2010-12-15,41.53722381591797,41.80315402235688,41.50253860961814,41.54878849177226,20979000
2010-12-16,41.75111770629883,41.81471017864617,41.37534520896377,41.57768288887323,18513900
2010-12-17,41.72220993041992,41.84939487,41.49674731686191,41.687524731605016,36761300
2010-12-20,41.75111770629883,41.91298785022639,41.55455795250777,41.76267796916624,16045800
2010-12-21,42.04018020629883,42.18470777608911,41.75690740448666,41.87252769606633,21772800
2010-12-22,42.08642959594727,42.202049886177406,41.999712172958986,42.16736468123463,14606600
2010-12-23,42.31767654418945,42.31767654418945,42.10377853401411,42.167371026399216,11390900
2010-12-27,42.20781326293945,42.37546569590091,42.09218861401982,42.09218861401982,9757200
2010-12-28,42.44486618041992,42.5258012867556,42.178935915226646,42.31768118171173,14423400
2010-12-29,42.41595458984375,42.60094971068774,42.39860757579422,42.4390795312782,11797700
2010-12-30,42.41016006469727,42.49687746749913,42.230947333368974,42.36969253147377,10790400
2010-12-31,42.27141952514648,42.49688215090043,42.21360497648686,42.294544462484176,15273700
2011-01-03,43.09811782836914,43.23686304349831,42.57203542128181,42.61828529653515,23320700
2011-01-04,43.30045700073242,43.329359865781456,43.02296215034942,43.19061464590546,20028500
2011-01-05,43.18483352661133,43.28311562031679,42.86109320089302,43.16749092496658,16550800
2011-01-06,43.46231842041016,43.606845948489386,43.167481028152096,43.300448294662246,22525300
2011-01-07,43.699363708496094,43.87858093455422,43.41030850393464,43.47968334085706,19297700
2011-01-10,43.43341445922852,43.51434952826798,43.11545651961078,43.43341445922852,20766400
2011-01-11,43.757171630859375,43.85544932692935,43.36983436350596,43.36983436350596,15805400
2011-01-12,44.27169418334961,44.29481912794268,43.74561161777963,43.901703891124825,17363000
2011-01-13,44.34683990478516,44.41043239,43.92482186219983,44.31215469871828,20438100
2011-01-14,45.000099182128906,45.09259893807919,44.22543357388536,44.3237112566092,23478700
2011-01-18,45.503055572509766,45.583990651678725,44.93072768106328,44.97119522064776,23883600
2011-01-19,45.231327056884766,45.63022438497055,45.16773460137459,45.45678961,21844100
2011-01-20,44.948089599609375,45.185117012350986,44.381539391308806,45.08105695003589,29121600
2011-01-21,45.65916061401367,45.72853103811711,45.12729570230454,45.21401314306609,25084400
2011-01-24,45.43368148803711,45.77476882199068,45.14462636903252,45.583991384896194,24871600
2011-01-25,45.48571777,45.66493055185588,45.052135056129934,45.2197875694313,21626300
2011-01-26,46.05224609,46.16786633295455,45.37585402145224,45.50303893095489,25555400
2011-01-27,46.17943192,46.23724645,45.86725194069365,46.15630698265102,17003500
2011-01-28,45.66493988037109,46.18524012955433,45.59556945423492,46.12164763184125,26300600
2011-01-31,46.64195633,46.72289144825272,45.67651283193117,46.20259110482677,34514400
2011-02-01,48.50922775268555,48.53813061556442,46.85004993349009,46.90786006987854,40829600
2011-02-02,48.220176696777344,48.54969935347061,48.13345927961995,48.32423230460896,18176900
2011-02-03,48.23751449584961,48.301106968058754,47.6709645827038,48.01782980617054,19647700
2011-02-04,48.14501953,48.28376475228757,47.89643195446586,48.12767692994918,16558300
2011-02-07,48.520790100097656,48.56125763837107,48.19126745683395,48.24329525862938,15304300
2011-02-08,48.22441101074219,48.61378514629968,48.02681532021042,48.526610707355545,17463500
2011-02-09,47.97451019287109,48.10817381452137,47.52120402665801,47.91058257073371,15890900
2011-02-10,48.35225677490234,48.41618439452021,47.42821934676797,47.46890015617245,21050500
2011-02-11,48.13142013549805,48.47430505382276,47.78853965104915,47.78853965104915,15993500
2011-02-14,49.34604263305664,49.46227225864602,47.5909460230753,47.69555445965615,33108300
2011-02-15,48.21859359741211,49.33441389455643,48.04424473616268,49.27629908543186,25684600
2011-02-16,48.63702392578125,48.73581953779143,48.15466262,48.27089222946348,16673500
2011-02-17,48.74744797,48.79975440357804,48.26509102328023,48.79975440357804,17853500
2011-02-18,49.10776519775391,49.10776519775391,48.52660821,48.76488470510695,22839500
2011-02-22,49.65404510498047,50.38629957931016,49.24142425341768,49.380900662736416,32580400
2011-02-23,50.60133743286133,51.27548164941679,49.671487163367445,49.97949964946144,38624600
2011-02-24,49.96206665039063,50.86867012707103,49.66567534690822,50.67688725811912,28577100
2011-02-25,49.59592819213867,50.11897029391677,49.56687300718592,49.85745145996538,22230300
2011-02-28,49.70635986328125,50.30495089231402,49.68311305011113,49.90395555828914,24507000
2011-03-01,49.28210067749024,50.270065509325946,49.22398144772072,50.21776352318304,23001800
2011-03-02,49.44484329223633,49.58431974391906,48.55567370770967,49.16007314296033,17423600
2011-03-03,49.87488937,49.95043818123877,49.42740047226822,49.66567251664081,17153500
2011-03-04,49.44484329223633,49.979506718583856,49.22400077370584,49.93301309006412,20028600
2011-03-07,49.235626220703125,50.02600016719021,49.21819221854004,49.886519282132646,18062700
2011-03-08,49.16587829589844,49.462269589194094,48.67189576298952,49.16587829589844,17658200
2011-03-09,49.03804397583008,49.13684407166437,48.56149523911714,48.88694629302968,13306600
2011-03-10,47.29454422,48.70094720725223,47.1899358066006,48.70094720725223,25996300
2011-03-11,47.724605560302734,48.183720036981065,46.55066615566314,47.08532943209542,17607100
2011-03-14,47.87569427490234,48.02679628024351,47.34103109769438,47.46307349028265,16383200
2011-03-15,47.30035400390625,47.70716201105461,46.34725715812316,46.59134196241218,23191300
2011-03-16,46.09154891967773,47.54444106248816,45.79516211493437,47.20737346,33396500
2011-03-17,47.16669845581055,47.36428968328426,46.62622233483032,46.71339232702432,21941300
2011-03-18,46.98653793334961,47.84665215950268,46.98653793334961,47.52120125653566,28895900
2011-03-21,48.14303970336914,48.42780980181344,47.57350837423187,47.57932118522836,18207000
2011-03-22,47.980316162109375,48.36969468664211,47.846652547167686,48.29414144579403,16209700
2011-03-23,48.00355911254883,48.23602275961117,47.65486585889296,48.032618731134846,15390600
2011-03-24,48.07911682128906,48.50917172635391,47.97450839207052,48.10817200870352,17009000
2011-03-25,48.59635162353516,48.77650888095016,48.13142423384175,48.23021986314183,16497300
2011-03-28,48.50916672,48.82299197278085,48.49754109666337,48.73581755178732,14608200
2011-03-29,48.38131332397461,48.75325339601945,48.00937325192976,48.32901132972239,16277400
2011-03-30,49.10195541381836,49.31698510756927,48.53242401677722,48.70096008476423,15770400
2011-03-31,48.89273452758789,49.36347469061185,48.88111333903674,49.293734257677535,15317800
2011-04-01,49.212364196777344,49.30534699086834,48.91597294997931,49.23561100376886,15531500
2011-04-04,49.32278823852539,49.357656234066575,48.85786093989144,48.96828217093895,13096100
2011-04-05,49.64242172241211,49.94462579574756,49.14262642979028,49.212366854531226,17122600
2011-04-06,49.502960205078125,49.91558119942387,49.37510493817842,49.82259837,13339700
2011-04-07,49.840030670166016,49.85746467253286,49.34604805630724,49.491337321199616,16006700
2011-04-08,49.95043563842773,50.10735049023142,49.60755518,49.97949525805817,15943200
2011-04-11,49.49131393432617,50.06665790993864,49.27047151836679,49.95042389262465,13026500
2011-04-12,48.34063720703125,48.96247499098607,48.04424590922076,48.95666217976897,20728800
2011-04-13,48.32902145385742,48.78813161249865,47.98032368362796,48.57310634591699,14489400
2011-04-14,48.49174118041992,48.72420043179265,47.87571174942936,47.87571174942936,15717500
2011-04-15,48.98571777,49.09032619736325,48.44524165546703,48.70095212148008,17022500
2011-04-18,48.29414367675781,48.81718584039435,47.91058237934158,48.29995648798595,15107300
2011-04-19,48.700958251953125,48.81137506664173,48.218596879027245,48.218596879027245,12770800
2011-04-20,49.77609252929688,49.79352652798274,49.322790827961946,49.42739925395274,15447600
2011-04-21,50.18870926,50.2293900638841,49.72378197455841,49.84582438911112,12797200
2011-04-25,50.10734939575195,50.27007262082706,49.91556655168114,50.14803020202073,9852800
2011-04-26,50.80474853515625,50.83962097,50.13060865894665,50.22940429387692,17908800
2011-04-27,51.013954162597656,51.083694589786695,50.14803158590887,50.83960974543825,17755800
2011-04-28,50.758243560791016,50.85123079679395,50.28750787,50.57808633337967,18705300
2011-04-29,51.13018798828125,51.14180918,50.57808625162605,50.81054990738217,17352300
2011-05-02,50.54320907592773,51.21734867792646,50.252630667473625,51.19991468283915,18651200
2011-05-03,49.75865173339844,50.43279138245709,49.42157969193163,50.32237016069643,18417100
2011-05-04,49.28792190551758,49.74703645039064,48.76488417220415,49.50876439492854,22867000
2011-05-05,48.01518630981445,48.81136845225592,47.416590957968296,48.538223990531314,27491200
2011-05-06,48.05586242675781,48.875291298082765,47.56768835615732,48.39293003759804,26314700
2011-05-09,48.34063720703125,48.654462504617214,47.747859045286106,48.24184159,18254600
2011-05-10,48.43362045288086,48.67770975356101,47.94545071927232,48.28252283088348,17695700
2011-05-11,47.41082763671875,48.328418642645445,47.01339942949444,48.223216927232464,24192000
2011-05-12,47.36991882324219,47.68551952856076,46.41725755152072,47.11860384750877,21853600
2011-05-13,47.26472091674805,47.79072510741698,46.88482553313592,47.510190133596616,17628500
2011-05-16,46.896514892578125,47.49850086439535,46.82638337525463,46.884827792698616,16435100
2011-05-17,46.99587631225586,47.21796688690214,46.52246626508133,46.75040261930401,18067800
2011-05-18,47.77318192,48.08294125905547,47.00754999320292,47.270552031758456,17957000
2011-05-19,48.11800384521485,48.26411705660513,47.53939231761394,48.08293364234666,15229100
2011-05-20,47.67383957,48.07126785862434,47.282257059132434,47.913467482335285,19003400
2011-05-23,47.14781951904297,47.34653584542427,46.79714863257141,46.88481746894487,16288500
2011-05-24,47.51018524169922,47.99528230530161,47.30562758,47.369917769231705,15687300
2011-05-25,47.90177154541016,48.23490960626204,47.24718252276132,47.32316427319855,19347200
2011-05-26,48.15309143066406,48.25829316894404,47.45174948147983,47.69137293815882,16873700
2011-05-27,48.29336929321289,48.58559591125997,48.01283424,48.35765950590519,11949100
2011-05-31,48.78428649902344,48.94793260503556,48.34594680405297,48.673239016077225,23630700
2011-06-01,47.94267654418945,48.88949196337586,47.7848762,48.831047558023634,19550200
2011-06-02,47.53355407714844,48.11216118318913,47.13612593807506,47.79071031371006,18152600
2011-06-03,47.44588851928711,47.80240515942799,46.86143559564919,46.89650134418044,17281200
2011-06-06,46.92573928833008,47.45174796289625,46.80300467410184,47.29978891046086,15954300
2011-06-07,46.75624465942383,47.39329635257745,46.738711781120216,47.11276138167377,16188100
2011-06-08,47.20040893554688,47.84915189420754,47.06013705436227,47.11274012456174,23567300
2011-06-09,47.44588851928711,47.73811498110607,47.31730816264326,47.48095426781836,17665100
2011-06-10,46.62763977050781,47.31144841914736,46.59257403232751,47.31144841914736,18965900
2011-06-13,46.30621337890625,47.10691113905588,46.07827260548844,46.75624022914182,17854200
2011-06-14,46.97834014892578,47.235500948441256,46.72118380843374,46.78547400831261,16443400
2011-06-15,45.97307205200195,46.69194669697031,45.80358015823146,46.48154327429122,21713900
2011-06-16,46.30035781860352,46.469849688708784,45.78019511266944,45.93214965081491,19037500
2011-06-17,46.18346786499024,46.72700925999339,45.990601789877054,46.66856486,25441200
2011-06-20,46.58675003051758,46.72701750781915,45.94969837437998,45.96723125166484,15836400
2011-06-21,47.08937072753906,47.41082161128736,46.76207852519303,46.89065887869236,17897300
2011-06-22,46.65102005004883,47.14780401409719,46.50490685715103,46.84973631108064,18599700
2011-06-23,45.84449768066406,46.02567669537124,45.13731004049093,46.01983091647084,30032800
2011-06-24,44.874305725097656,45.95554300614147,44.874305725097656,45.90879015,36292700
2011-06-27,45.54058456420898,45.86788133293683,44.83924263,44.932752804026734,20606900
2011-06-28,46.539981842041016,46.55751917425012,45.80941573242013,45.92046320796944,18421500
2011-06-29,46.90235900878906,47.048472276729214,46.30037305831932,46.66857689,18899900
2011-06-30,47.562782287597656,47.58031962271672,46.914039117886695,46.98417508129575,19942100
2011-07-01,47.93099594116211,47.97774879636531,47.10106922022882,47.45174461790175,18050100
2011-07-05,47.69136047363281,47.99527850879833,47.49264860827415,47.51602726,18859600
2011-07-06,47.67383957,47.72644267,47.25303262,47.574483611464494,15042600
2011-07-07,48.13555908203125,48.27582658161148,47.84917830317314,48.08295598279904,18379200
2011-07-08,48.17062377929688,48.23491397748248,47.60954933433255,47.67968531208684,18336500
2011-07-11,47.86669922,47.98943380758257,47.41082661479409,47.51602832793947,20717000
2011-07-12,47.86083984,48.51542859058419,47.63290360652634,47.63874938310212,22639600
2011-07-13,48.20568084716797,48.77844223599695,47.97189877745279,48.082941804825374,19015100
2011-07-14,48.06542969,48.57390557429465,47.97776082,48.53883980935158,19413200
2011-07-15,48.50960540771485,48.56220404433187,48.07711137911229,48.17062155277249,22705100
2011-07-18,48.30503463745117,48.42192343761893,47.97189665204896,48.09463122993168,17343500
2011-07-19,48.87779998779297,48.95378172721944,48.392707414408775,48.45115181925989,16424900
2011-07-20,48.68492889404297,49.02975396854031,48.60894716242559,49.00052953960719,12808400
2011-07-21,49.690189361572266,49.81876972793489,48.94793605441835,49.01222623759966,21359700
2011-07-22,49.80708312988281,49.91813062176788,49.40965492942407,49.795391573356845,13152600
2011-07-25,49.42718124389648,49.754473438819446,49.21093206709569,49.21093206709569,14007600
2011-07-26,49.31031418,49.73696248357602,49.11744356759752,49.48564744914676,16226700
2011-07-27,48.69078063964844,49.24016791628417,48.64986910579404,48.97132005680916,19820600
2011-07-28,47.609561920166016,48.18816939777096,47.428382836850965,47.77320811916341,24556600
2011-07-29,46.63350677490234,47.27055842328439,46.61597389783093,47.21795979207016,26609000
2011-08-01,46.52244567871094,47.44588224613,46.01981587411682,47.23547886471752,22864500
2011-08-02,45.49383163452149,46.52831622023727,45.48214453334319,46.11335501354024,28410500
2011-08-03,45.42366790771485,45.64575834484808,44.68725620287434,45.55224822464166,28373000
2011-08-04,43.15601348876953,45.07886466604816,42.96314736032481,44.81586256242698,42624200
2011-08-05,43.72875977,44.29567971384072,42.12151451240445,43.83980722818882,47167500
2011-08-08,41.02275848388672,42.92223077958765,40.85326657472607,42.5131109943308,58857600
2011-08-09,41.87021255493164,42.00463870687476,39.175883868746936,41.37342839683518,61753300
2011-08-10,40.02291488647461,41.764320054012906,39.68757680503092,41.61724186937146,47758300
2011-08-11,42.11141586303711,42.59383200264281,40.37589104620445,40.48178749092125,50328600
2011-08-12,42.35850524902344,43.00564818152311,42.12317932216845,42.57029813434605,31129000
2011-08-15,43.70574951171875,43.75869549842418,42.799747446401945,42.97035866212422,23388200
2011-08-16,43.240989685058594,43.73517026985064,42.84682119645488,43.15274186963991,26341400
2011-08-17,43.629276275634766,43.97637864829274,43.24098770099688,43.70575531830429,18269400
2011-08-18,41.73490524291992,42.82328286287789,41.30543498805488,42.59972564807419,35457700
2011-08-19,41.06422043,42.34674204955444,40.987736919424094,41.22306285226445,34935300
2011-08-22,41.28778076171875,42.45264174993554,40.93479407962764,42.44675736683442,27202900
2011-08-23,43.33511734008789,43.417480762248246,41.48781126007309,41.53487735515612,38059600
2011-08-24,43.26450347900391,43.45276330682068,42.51734406126946,42.92328113843965,22752900
2011-08-25,42.22320556640625,43.48807892075163,41.92904918,43.32335206315693,30924500
2011-08-26,42.73502731323242,42.94682021,41.30542750203461,41.69959587056813,26974400
2011-08-29,43.605735778808594,43.66456614684996,42.93505970850441,43.14096824088387,18967100
2011-08-30,43.48218918,43.77046111398009,42.92917386307991,43.293924825595326,22437000
2011-08-31,43.54690170288086,44.04697106136969,43.14684890917147,43.74693034397029,29189000
2011-09-01,43.23510360717773,44.04109370667933,43.21157055808971,43.62339218442483,23393500
2011-09-02,42.44087219238281,42.76444592987336,42.06435247337696,42.42322353187771,21071800
2011-09-06,41.85845184326172,41.95846393062129,41.12894531124196,41.26425472626492,25416300
2011-09-07,43.329227447509766,43.329227447509766,42.21143251798087,42.499704458893234,23108400
2011-09-08,42.84092712402344,43.73516037982221,42.6762003,43.17626515600664,22434800
2011-09-09,41.77607727050781,42.693843452581554,41.52898257739902,42.45851752,27969100
2011-09-12,42.26436996459961,42.293787386461815,41.10539805180397,41.38190117035411,26205800
2011-09-13,42.15259552001953,42.34673974066257,41.65841063915259,42.21731026023388,22825400
2011-09-14,42.73502731323242,43.393939047376776,41.86432717045596,42.33497456187138,26042800
2011-09-15,43.54102325439453,43.570436195684906,42.75856630286325,43.19980081844516,21858300
2011-09-16,43.85870361328125,43.97636433115439,43.28215532337803,43.84105046597847,34652600
2011-09-19,43.35863113,43.59395704084177,42.65265790207583,42.89386819088341,19822500
2011-09-20,43.54102325439453,44.111687279368944,43.20568520209107,43.458659837230144,20420000
2011-09-21,42.340858459472656,43.70574350933305,42.25849505470712,43.46453319,23806200
2011-09-22,40.73476791381836,41.45251008760778,40.10527353800573,41.14658947488693,43223000
2011-09-23,40.77594375610352,41.24659561863764,39.964074006124406,40.27587895745402,26583200
2011-09-26,42.19377136230469,42.29378341,40.88771695159526,41.18775757016937,30342400
2011-09-27,42.89387130737305,43.735153967153295,42.60559491856512,43.14096150766383,26689900
2011-09-28,42.399696350097656,43.70575126966524,42.27615122101285,42.61148928237725,26026500
2011-09-29,43.46453857421875,43.558670756166656,42.75268078,43.01742417537466,27713900
2011-09-30,42.72913742,43.88222944036861,42.72913742,42.80562092214293,30917000
2011-10-03,41.85845184326172,43.005659877021415,41.85845184326172,42.38793420056233,31004200
2011-10-04,42.84681701660156,43.035076909843184,40.71712332742389,41.32896910257664,36500000
2011-10-05,43.50572204589844,43.53513947606743,42.482059212286735,42.75268251365674,28239800
2011-10-06,43.47041702270508,43.53513177,42.7291419,43.12331474821829,24869800
2011-10-07,43.27627944946289,43.841059085538525,42.96447444617349,43.81164614452173,23573900
2011-10-10,44.876502990722656,44.88238737593036,43.917554671524016,43.96462077624403,20465800
2011-10-11,44.87059783935547,45.10592376557567,44.54114423572842,44.58232594,17862100
2011-10-12,45.39420700073242,45.68836333073675,44.89413764894957,45.147112272292055,22239000
2011-10-13,44.929447174072266,45.176537456463016,44.61763764,44.84119936222695,19540300
2011-10-14,45.95310592651367,46.02370506723914,45.34126017,45.35890883536612,17870600
2011-10-17,45.57658386230469,46.17666081866805,45.37067532279126,45.81190983109269,18836200
2011-10-18,46.41199875,46.77675431882917,45.31185214203503,45.63542599356884,23878500
2011-10-19,46.14137268066406,46.61790460819276,45.84133189851208,46.22373611286728,20910900
2011-10-20,46.30608367919922,46.54140961420879,45.78837021295327,46.07664212689382,22227600
2011-10-21,47.14149475097656,47.159147902184685,46.58259948473352,46.82380535627527,27855300
2011-10-24,47.16502762,47.35917188473362,46.80027662,47.01794944485313,19861100
2011-10-25,46.73555755615234,47.35328313504756,46.50611598563851,46.96499912666617,23433400
2011-10-26,47.69449996948242,47.81216068833948,46.641419928377616,47.159137863673536,27170500
2011-10-27,48.17103576660156,48.359295625684986,47.47094680013432,48.18868891553643,35489500
2011-10-28,47.93571472167969,48.23575092911844,47.32386905227518,47.64743830336055,21753400
2011-10-31,45.94133377075195,47.44153285912607,45.888387785464815,47.41211543054249,30616900
2011-11-01,44.676456451416016,45.364781057192175,44.38818007042445,44.60585732961773,35835000
2011-11-02,45.51775360107422,45.64717862017107,45.00591995437155,45.51775360107422,21761300
2011-11-03,46.394344329833984,46.47670775665424,45.55894129295986,46.00017586026987,24480600
2011-11-04,46.19430923461914,46.24725970933723,45.523633144653374,45.92957032643721,18192800
2011-11-07,46.682613372802734,46.76497679441664,45.95899124169921,46.37080834976871,17998100
2011-11-08,47.20341491699219,47.27443020225936,46.53465754596654,46.90158641,19023800
2011-11-09,45.80080795288086,46.70628903327084,45.58775304982271,46.10263648474896,24130100
2011-11-10,46.57609558105469,46.76547724496814,45.94876966594422,46.47548755980396,18668800
2011-11-11,47.17973327636719,47.31584889244646,46.95483953903298,47.12646730665686,15134500
2011-11-14,46.72996520996094,47.19750214,46.39262901166225,47.06730140825963,13589900
2011-11-15,46.80689621,47.256679276562885,46.457725661854106,46.67078056113834,19475000
2011-11-16,46.309757232666016,47.19748420837207,46.19731037087512,46.303837788568366,20376800
2011-11-17,46.07896423339844,47.00811860299952,45.62918114865474,46.23283822571867,25964300
2011-11-18,46.10264205932617,46.56425956669797,45.635105105260806,46.29202371658678,23104500
2011-11-21,45.516719818115234,45.76528226863848,45.013670958211605,45.291826111745365,20204200
2011-11-22,44.99593734741211,45.62918264536114,44.90716371373027,45.20307281586,18925100
2011-11-23,44.137794494628906,44.57573861953672,44.10820178386993,44.40411083060483,23331800
2011-11-25,43.73535156,44.50471226145463,43.73535156249999,44.09636090750959,10254500
2011-11-28,44.88348388671875,45.280005457207935,44.5816599,44.88348388671875,20148600
2011-11-29,45.52855682373047,45.86589288758549,45.06102008343793,45.220813464597725,19768400
2011-11-30,47.605865478515625,47.65912695819174,46.38080177859653,46.41038998445594,33953000
2011-12-01,47.22117996,47.55259675,46.97261737421513,47.46382310318405,17261100
2011-12-02,47.22117996,47.783405508488734,47.13832576617718,47.74197841049822,19461300
2011-12-05,47.611759185791016,48.04378833872563,47.22708107459658,47.86624112185644,18295000
2011-12-06,47.83073425292969,48.31602486959289,47.51707141127356,47.71828737942528,20122700
2011-12-07,47.98461151123047,48.446228896017686,47.55258232162411,47.70645628829107,19643400
2011-12-08,47.268516540527344,47.84849579010623,47.07913491604243,47.789314879057336,18443600
2011-12-09,48.13846969604492,48.38111722189102,47.54665174837653,47.71827949502588,21842300
2011-12-12,47.37504196166992,47.990528828529136,46.87791239663576,47.77747846090181,17846500
2011-12-13,47.65910339355469,48.416629720275765,47.42829473198227,47.70644991777802,21873600
2011-12-14,47.01403045654297,47.44605513,46.55241306934592,47.10279955776264,23934400
2011-12-15,47.36320495605469,47.70054111477811,47.21525042125996,47.30402404517961,17954200
2011-12-16,47.44014739990234,47.88401103418939,47.27443451698844,47.783398512188064,33465700
2011-12-19,47.06727981567383,47.61767067779171,46.97850622,47.48747000919419,16048400
2011-12-20,48.52908706665039,48.52908706665039,47.706460220274295,47.73605293310787,21163300
2011-12-21,49.1919174194336,49.32211359627265,48.52907958499106,48.540913959171576,19160300
2011-12-22,49.88435363769531,50.20393598841614,49.29845491898092,49.45232439,19841300
2011-12-23,50.43472671508789,50.44064616,49.83698931784806,49.87841639398076,10243800
2011-12-27,50.47023391723633,50.677369296134295,50.27493291061285,50.28677179809994,10147100
2011-12-28,49.81924819946289,50.56494028,49.71864020538547,50.393312483055205,12767500
2011-12-29,50.46433639526367,50.49984855793886,49.76599073,49.76599073,10865900
2011-12-30,50.16252136230469,50.47618434506092,50.050074438216456,50.39924959001999,9768900
2012-01-03,50.89635086,51.29286785923056,50.83716996031208,50.87859704203194,20906800
2012-01-04,50.90817642211914,50.98511564286124,50.36370501,50.7720608265504,16130900
2012-01-05,50.75431442260742,50.86675677553774,50.2571849402165,50.6832946350621,17452800
2012-01-06,50.37556076049805,50.89635908848457,50.36964131494877,50.849012554518346,15942100
2012-01-09,50.60042572021485,50.683279857253225,50.28676298496787,50.304516797874406,11664200
2012-01-10,50.73064041137695,51.02062997128414,50.52941994057487,50.93777581131065,13080800
2012-01-11,50.35188674926758,50.54126836711926,49.99087733473563,50.36372112497721,14831400
2012-01-12,50.150672912597656,50.25720036901264,49.67722106258681,49.94353744601701,17357200
2012-01-13,50.233516693115234,50.25718995799392,49.60619097707751,49.807411470939584,15551600
2012-01-17,50.71290207,50.97329900195122,50.54127425242624,50.74840971556934,15627900
2012-01-18,51.16268157958984,51.192274295673165,50.28087372592445,50.48209426,16754200
2012-01-19,51.50594329833984,51.63022459317222,50.76025101413046,51.09758724730838,16383500
2012-01-20,51.77815628051758,51.77815628051758,51.322458400832566,51.53551324503189,19220300
2012-01-23,51.76631546020508,52.044470611892,51.50591412412158,51.78406928,15348400
2012-01-24,51.59469985961914,51.61837312439912,51.28695644790653,51.53551895527597,12363800
2012-01-25,51.61835861206055,51.71304712934552,50.78389319522444,51.35203784457119,18202300
2012-01-26,51.35205459594727,51.90836505531012,51.19818514076443,51.86693796888185,15658200
2012-01-27,50.79575729370117,51.19227440486191,50.76024513128255,51.03840040828664,15976700
2012-01-30,50.59452819824219,50.600447643512986,50.06189100421509,50.46432749356737,17867000
2012-01-31,49.55884933,50.50575744717868,49.393140979437725,50.25719491426007,27225800
2012-02-01,49.69495391845703,50.04412434119491,49.34577898050653,49.84882784951383,22266100
2012-02-02,49.43456268310547,49.91393387511594,49.23334670653291,49.87842623577103,18020500
2012-02-03,50.25719451904297,50.30454105309724,49.74231563564823,49.854758010009625,16145400
2012-02-06,50.748416900634766,50.80759782488112,50.00272461252848,50.22761844596575,15000900
2012-02-07,51.09759521484375,51.15678066322456,50.26905312010177,50.43476153905017,15818400
2012-02-08,50.770286560058594,51.30583902,50.41920494670611,51.07376704171914,14762600
2012-02-09,50.50846099853516,50.99046048922753,50.383499512778414,50.77623950223688,17073400
2012-02-10,49.86580276489258,50.04431722810445,49.59802426018451,49.996711555277216,15328900
2012-02-13,50.23473358154297,50.34184407160725,49.91935396,50.187127910419576,11473700
2012-02-14,50.38351058959961,50.40731343115683,49.89556368749613,50.23474623481284,12961900
2012-02-15,50.05622482299805,50.53226796864349,49.93126332701885,50.49656598120006,13911600
2012-02-16,50.823848724365234,50.94881021884915,50.03242138603999,50.25258969254288,14769600
2012-02-17,50.94881820678711,51.24634692,50.53227528660651,51.216592231245606,16597200
2012-02-21,51.51411819458008,51.63907970198927,51.19873850351009,51.19873850351009,15481300
2012-02-22,51.72237777709961,51.91874776942024,51.56171430879068,51.67477211,11983200
2012-02-23,51.78189086914063,51.87115038353851,51.45461203625169,51.520068710814975,12404600
2012-02-24,51.97228240966797,52.04964273446152,51.77591702655203,51.99013793533775,10767100
2012-02-27,51.90684891,52.2638823700682,51.63907041,51.85924324,13323500
2012-02-28,51.85330581665039,52.031824867576326,51.50222410040493,51.9068633478994,14317600
2012-02-29,51.47246170043945,52.06156721635152,51.29989452104554,52.03776437713229,18293200
2012-03-01,51.66884613037109,51.87711536,51.41892305875241,51.45462505757547,12638500
2012-03-02,51.37128829956055,51.62121122976505,51.085658850808215,51.567658261832406,11343400
2012-03-05,51.77594757080078,51.823548714226106,51.121385314442215,51.27609697544824,12803100
2012-03-06,51.09161376953125,51.46055088389458,50.82978713740717,51.317733880958,16507900
2012-03-07,51.07377243041992,51.24633960329977,50.69293609714275,51.18088293289958,14767700
2012-03-08,50.47871780395508,50.85955416,50.35970360595789,50.57987646730711,19032000
2012-03-09,50.163333892822266,50.65722801808608,50.014569562819744,50.615574187282455,17042500
2012-03-12,50.90716171264648,51.026171375101335,50.06217676547767,50.28234963493951,19014000
2012-03-13,51.68668365478516,51.72833748919556,50.94286194036553,51.109477278007134,16853300
2012-03-14,51.18683624267578,51.66883583,51.020220894810926,51.52601878366574,16187300
2012-03-15,51.228477478027344,51.29393414,50.72863156,51.109467841663935,14523600
2012-03-16,51.43675994873047,51.70453394630856,51.12732757738113,51.29394291275659,30991300
2012-03-19,51.76405715942383,51.87711955141038,51.19280243242108,51.22255712713197,10770400
2012-03-20,51.53197860717773,51.829507357265285,51.36536323351726,51.448670920347496,13613800
2012-03-21,51.1809082,51.52603817936307,51.03809110268569,51.52603817936307,14212400
2012-03-22,50.77624512,51.13923046639878,50.639379928170406,50.86550462829192,13884400
2012-03-23,50.90716171264648,51.16303657285926,50.59177748127868,50.794099355365056,12557700
2012-03-26,51.78783798217773,51.91875131934263,51.216583498125786,51.28204016670824,17336800
2012-03-27,51.54388427734375,51.91876888246461,51.49627858592023,51.85331219173942,12509200
2012-03-28,51.09161376953125,51.46055088389458,50.663171840574165,51.38914238242629,16155300
2012-03-29,51.22252274,51.25227287040292,50.526306930128726,50.77027801122208,13199700
2012-03-30,51.60932540893555,51.62717640285551,51.22848453229155,51.46056107303284,12968300
2012-04-02,51.811649322509766,52.16868286614317,51.359404412612605,51.53197160901978,13853300
2012-04-03,51.07377243041992,51.63907509,50.57987375010111,51.62122409201496,17714900
2012-04-04,50.56797409057617,50.79409424245025,50.27639272903532,50.75839225529307,17112800
2012-04-05,50.47276306152344,50.80599371693051,50.19308538719514,50.3180468829728,11954700
2012-04-09,49.913421630859375,50.19905122937343,49.79441194643677,49.97293101299912,11027000
2012-04-10,48.89586639404297,49.83605819342395,48.72329919998485,49.83605819342395,19993700
2012-04-11,49.21124267578125,49.598030874209776,48.88396384628592,49.45521837661049,15856200
2012-04-12,49.74678802490234,49.82414837736069,49.008918264062935,49.18148542118115,15266200
2012-04-13,49.36000442504883,49.80035012439743,49.30645144373538,49.37190811418106,13856500
2012-04-16,49.99076461791992,50.21688475561816,49.46711129283177,49.53256795846779,17526100
2012-04-17,50.84764099121094,50.93690048809125,50.32399223740055,50.37159790772692,14208000
2012-04-18,51.02617645263672,51.20469550401076,50.59178252,50.61558535843327,12997500
2012-04-19,50.746490478515625,51.12732682230008,50.56797599607579,50.88335567,15973800
2012-04-20,50.758392333984375,51.12732497498631,50.59772431167365,50.90715666727281,17216600
2012-04-23,50.99046325683594,51.13327574260552,50.21688692405712,50.30019458574996,15197200
2012-04-24,51.35939407348633,51.40699974703473,50.960706772353966,50.960706772353966,11632500
2012-04-25,51.68072128295898,51.87709126514943,51.008308224462446,51.56171165,18476800
2012-04-26,51.21659469604492,51.29395053040665,50.66914292995865,50.74649876432039,17262400
2012-04-27,51.22252274,51.585507975695776,51.15111424019168,51.47244565962088,11372900
2012-04-30,51.37726974487305,51.65100022929786,51.09759649,51.15114949679287,11735400
2012-05-01,51.79381942749024,52.07944456279156,51.25231478,51.44868489,13816900
2012-05-02,51.29394531,51.56172386253327,51.07377698327949,51.508166336555576,11108700
2012-05-03,50.96665573120117,51.40699683677804,50.76433390003776,51.389145845189695,9998600
2012-05-04,50.324005126953125,50.76434634044082,50.222846456544616,50.64533667406936,15055500
2012-05-07,50.27043533325195,50.45490161643747,50.04431068684262,50.15737301004729,12018100
2012-05-08,49.99671173095703,50.139528749940574,49.34214961702647,49.83604825950912,19602400
2012-05-09,49.57423400878906,50.026478935601965,49.31835912729429,49.41357049711932,17424000
2012-05-10,49.63413619995117,50.08350370110516,49.46038478882993,49.95169307391018,13234600
2012-05-11,49.78991699,50.20333655,49.45439073,49.54426514127495,12061700
2012-05-14,49.20275879,49.406469909896494,49.10689150546743,49.292628653428274,12675900
2012-05-15,49.005027770996094,49.568236540164506,48.84924574674044,49.13085013132465,15757400
2012-05-16,49.232704162597656,49.81987973,49.00502626583464,49.106881806133664,15034500
2012-05-17,49.07693099975586,49.49633889125878,48.93912293757452,49.22072733809927,17698200
2012-05-18,48.81329345703125,49.562239276437765,48.54966306581536,49.35253536124444,21747200
2012-05-21,49.15482711791992,49.20874903870116,48.57364425863488,48.78334823590168,13730400
2012-05-22,49.10089111328125,49.63414022553704,48.84325354220912,49.21473235225821,13790000
2012-05-23,49.15482711791992,49.17879393977953,47.90857980844312,49.00503790970022,17582200
2012-05-24,49.49633407592773,49.59818961521167,48.957092145597024,49.30460411972157,14113600
2012-05-25,49.17877197265625,49.70602810444196,48.93910843231663,49.64611336215752,12756500
2012-05-29,49.0888900756836,49.51429062348895,48.72340426101119,49.51429062348895,15931100
2012-05-30,47.80672073364258,48.75937783379132,47.68688663314356,48.57963353984808,19593100
2012-05-31,47.11169052124024,48.01641843,46.97987988468402,47.86063640968729,38954600
2012-06-01,46.68628692626953,47.0697468318124,46.41666825153561,46.65633183530056,22870900
2012-06-04,46.63235855102539,46.88400322202959,46.25488697331708,46.78813597334113,17711200
2012-06-05,46.49454498291016,46.90796444400692,46.21294068745013,46.488552137780815,17715600
2012-06-06,48.04039001464844,48.07633795807323,46.78216171154338,46.95591772343553,23880900
2012-06-07,48.34594345092773,48.669488536262094,48.14222784703498,48.519699398859245,18409400
2012-06-08,48.43584060668945,48.48377425479369,47.609005747310654,47.980484663312055,18150000
2012-06-11,48.09430313110352,49.040971751862784,48.03438837928892,48.90316827980947,18031800
2012-06-12,48.68748856,48.83727777346903,48.30402852464882,48.37592442350736,14162100
2012-06-13,48.30999755859375,48.91514703642534,48.10029365178151,48.495739222800864,15098100
2012-06-14,49.208744049072266,49.4304337,48.36992822505864,48.44781695980179,16942300
2012-06-15,49.86180114746094,49.99960457287671,49.26264468968554,49.472348535666725,27342800
2012-06-18,49.79591751098633,49.837858300345765,49.3405571,49.43642438,13885100
2012-06-19,50.61674499511719,50.70661481646528,49.91572839019164,50.16737760357077,21053300
2012-06-20,50.91035842895508,51.162003209622696,50.36512349963791,50.56883920627646,23274300
2012-06-21,49.1967659,51.15001837482986,49.16081795394213,50.95229553,33751900
2012-06-22,49.1967659,49.86183032262764,49.1967659,49.538285097571936,84747800
2012-06-25,48.67549133300781,48.78933257418348,47.800723058129,48.66351020976972,28761600
2012-06-26,49.37050628662109,49.71202537637321,48.65750844770613,48.83725726176608,22853700
2012-06-27,49.84983825683594,50.12545437612021,49.55625273819341,49.61616749713226,15301400
2012-06-28,49.78991699,50.00561375,49.142826709311386,49.52629117306213,19140300
2012-06-29,51.26984405517578,51.34773278877529,50.60477968218483,50.79650966360183,24906300
2012-07-02,51.13201904296875,51.20991232195752,50.652696533876906,51.19193835640683,14447800
2012-07-03,51.69524002075195,51.69524002075195,51.29979897060529,51.34173975730574,9787700
2012-07-05,51.26984405517578,51.55144846533273,51.01819931166659,51.12604771191386,10797100
2012-07-06,50.80848312,50.95227943241427,50.44898549538852,50.48493800094894,13259400
2012-07-09,50.11945724487305,50.65869917163683,49.74198561053705,50.64072063140912,22361600
2012-07-10,49.79591751098633,50.562837414246346,49.62815435,50.37710028582646,14106100
2012-07-11,50.55684661865234,50.736595478175246,49.87380826639074,50.01760918249041,18337600
2012-07-12,50.40106964111328,50.65870723763303,49.92174239,49.97566887871153,15566400
2012-07-13,51.20992660522461,51.269841364172045,50.48494750819349,50.598784178832695,13642000
2012-07-16,50.958274841308594,51.17995987593592,50.72460411382428,50.82645964709642,11269200
2012-07-17,51.36569213867188,51.41961403,50.38906405379373,51.03615421349184,14059400
2012-07-18,51.65330887,51.65930171654117,50.97027046,51.13204078973055,14203500
2012-07-19,51.65330887,51.75516443,51.29980853902723,51.53946760990068,14902300
2012-07-20,51.49751663208008,51.61735071502416,51.09008989247592,51.44958757,16838300
2012-07-23,51.05413818359375,51.20392734781196,50.52688197117852,50.808486331301175,13597800
2012-07-24,50.676666259765625,51.08409293008853,50.02957603551123,51.05413327164631,13948300
2012-07-25,51.07210922241211,51.25785088380628,50.72460185547278,51.01219447440204,16566000
2012-07-26,51.83902740478516,51.94687577643237,51.08409337445679,51.2638376130674,19149300
2012-07-27,52.39625549316406,52.63591910527386,51.22790166953318,51.88098032704912,24079300
2012-07-30,52.46215057373047,52.62392541603694,52.17455796483335,52.29438745667346,11183500
2012-07-31,52.03675461,52.52207460745444,52.00080667161448,52.34831862884112,12212200
2012-08-01,52.07272720336914,52.39626789944098,51.63534066486506,52.13863025538061,14312300
2012-08-02,51.45557403564453,51.97684199290665,51.22789614286477,51.587389236644334,14530100
2012-08-03,52.45616912841797,52.65988020530839,52.00680161870977,52.168571910875535,13982500
2012-08-06,52.39625549316406,52.65389307622154,52.348326427704656,52.45617482459391,9626400
2012-08-07,52.677860260009766,52.725793897004905,52.53406392022757,52.6538934415122,12399800
2012-08-08,52.893550872802734,53.02536607,52.53405778,52.57599856443278,12864500
2012-08-09,53.18902587890625,53.357883799920536,52.77292436890349,52.97192743851007,12213700
2012-08-10,53.333797454833984,53.36394722480667,52.555861615326656,52.86944590832656,11149000
2012-08-13,53.15286636352539,53.21317048842126,52.92973604040989,53.12874379338509,8716300
2012-08-14,53.18902587890625,53.45436943959223,53.00811357918137,53.17093510902456,8675700
2012-08-15,53.068450927734375,53.47249371126104,53.01417858408637,53.18303200998344,8510100
2012-08-16,53.47246551513672,53.59307832782869,53.04430038212401,53.18300396649269,11311300
2012-08-17,53.30965042114258,53.61720737959492,53.16491962930397,53.605143796411504,11177700
2012-08-20,53.03829956054688,53.20112580252888,52.84532354846858,53.11066729041789,8813700
2012-08-21,52.742794036865234,53.31569474915519,52.62218578212524,53.15286854,10767100
2012-08-22,52.90561294555664,53.01416220021662,52.47744311818555,52.58599237284552,10160400
2012-08-23,52.65233231,52.94179854,52.453329157921935,52.94179854,9666300
2012-08-24,53.09859085083008,53.24935345449409,52.423172730087856,52.56187634985894,9762300
2012-08-27,52.911651611328125,53.18905429985951,52.83325669964872,53.11065939,8252100
2012-08-28,53.12873458862305,53.30965153287588,52.718660169104425,52.80911864123084,9646800
2012-08-29,53.00812530517578,53.18301045423193,52.91163504325145,53.11064275778869,8377300
2012-08-30,52.58599853515625,52.90561914532224,52.477449267775896,52.69454780253661,8915800
2012-08-31,52.64630889892578,52.97798390335351,52.54981861340568,52.83325307598341,14178800
2012-09-04,52.53775787353516,52.74279282205261,52.17592391582922,52.66439791836827,10602900
2012-09-05,52.66439056396485,52.85736650070162,52.50156438555332,52.77896700705561,10113100
2012-09-06,53.66545486450195,53.822249259844114,52.97797776,53.00210033162135,15713500
2012-09-07,54.22630310058594,54.27454824769129,53.83431933,53.83431933,15623900
2012-09-10,53.96094894,54.27453311099976,53.91270381,54.16598386074139,10750700
2012-09-11,54.04537963867188,54.24438277815754,54.00316629382225,54.123774535989895,9349400
2012-09-12,54.00315475463867,54.21422143378691,53.91872808297938,54.05139528065217,9982900
2012-09-13,55.01629638671875,55.215299545070096,53.93080370066615,54.099657096072114,19870900
2012-09-14,55.66157531738281,55.721879460555954,55.02837031178681,55.17913297017527,21388800
2012-09-17,55.42637634277344,55.78217394653597,55.20927778420598,55.432403535409456,11893700
2012-09-18,55.26957321166992,55.61331177510924,55.11881060312795,55.13690138000744,10950100
2012-09-19,54.618289947509766,55.32988980423278,54.61828994750976,55.16706817471368,16302100
2012-09-20,55.19116211,55.29368416,54.32879998574842,54.3589543414822,12238400
2012-09-21,55.43238067626953,55.61932939183196,55.263527333884255,55.49871657519354,19599100
2012-09-24,55.40827560424805,55.60728336,55.058509827853705,55.06453701990691,11023700
2012-09-25,55.32383346557617,55.82436632,55.20322524543424,55.546963733838304,14035800
2012-09-26,55.01629638671875,55.50476579498744,54.93789688105887,55.31178983,11616500
2012-09-27,55.36004638671875,55.63141731373848,54.99218515619189,55.37813716839862,10632700
2012-09-28,55.14894485473633,55.26955766819575,54.83536074155864,55.16704022743654,12507600
2012-10-01,55.36004638671875,55.78217996,55.23943350733484,55.35401459252184,10343500
2012-10-02,55.31177520751953,55.58917779820194,55.0464315986456,55.55299625186776,9507800
2012-10-03,55.299713134765625,55.36604903879542,54.9800972,55.26956337896682,10328100
2012-10-04,55.61332702636719,55.80630303418578,55.426382812799126,55.52890031050349,11507100
2012-10-05,55.812313079833984,56.08368390351961,55.61933714721308,55.83643104561609,9890100
2012-10-08,55.89070129394531,56.005282321813134,55.50474947481104,55.57108537505992,8765200
2012-10-09,55.55902099609375,56.30077486964664,55.54696201481622,55.98115895534391,13799200
2012-10-10,54.89567947387695,55.49269810661448,54.67858095,55.360030877824734,15332500
2012-10-11,54.98011779785156,55.40828313825594,54.98011779785156,55.22133893916813,9789900
2012-10-12,54.89567947387695,55.31178573958685,54.58209527714995,55.18514570239463,9943700
2012-10-15,55.18514633178711,55.29369559360555,54.60018667648272,55.08865605421087,10651100
2012-10-16,55.70980453491211,55.77011326672415,55.36003873531771,55.41431107285623,9069300
2012-10-17,56.31889724731445,56.40935576083973,55.84851849807633,55.85455029255432,10759100
2012-10-18,56.37314987182617,56.427422195977165,56.06559289890979,56.06559289890979,11815500
2012-10-19,55.571083068847656,56.48771745102388,55.32986204,56.42741334445715,15928100
2012-10-22,55.59521865844727,55.63743200302604,54.92583233661994,55.281629869368246,11445400
2012-10-23,54.383087158203125,55.10674582315089,54.28056969083561,54.95598321787764,14085500
2012-10-24,54.202186584472656,54.64844734370391,54.13585065001696,54.55195703870981,11332500
2012-10-25,54.53385925292969,54.75698960388853,54.08157135840718,54.65446751777153,10387200
2012-10-26,54.64842987060547,54.91980072,54.28056875202829,54.612243717347226,11583000
2012-10-31,54.98011779785156,55.12485324318786,54.34088568413665,54.89569108852735,14848500
2012-11-01,55.23942565917969,55.28163901073886,54.395154027086,54.42530839287551,15771900
2012-11-02,54.43737030029297,55.44446820024448,54.31073023881869,55.33591891885074,12742400
2012-11-05,54.65446853637695,54.76301781712183,54.09363135268021,54.29867092782518,11222600
2012-11-06,55.24544525146485,55.51078888889817,54.71476257750743,54.793157469972165,12026500
2012-11-07,53.50993347167969,54.75999393811976,53.21865486420851,54.75999393811976,19423500
2012-11-08,52.83634948730469,53.661633371574126,52.81207588721255,53.564538971205565,13743000
2012-11-09,52.92130661010742,53.37035665311269,52.55721185551623,52.55721185551623,13407000
2012-11-12,52.988059997558594,53.21258734299687,52.76353265212031,52.95771683773422,9004300
2012-11-13,52.47225570678711,53.39462937860964,52.454051663813416,52.64216628082948,12260300
2012-11-14,52.22951889038086,52.86061854945074,52.11422045727022,52.64216079709134,14524100
2012-11-15,52.27201843261719,52.52688437,51.80476420688454,52.24167526496347,13783600
2012-11-16,52.46013259887695,52.61790873565123,51.616644399137954,52.27201792446126,17405200
2012-11-19,53.20042801,53.52204501019389,52.84846785957968,53.03658704550935,12911000
2012-11-20,53.09728240966797,53.32787465514948,52.65429733,53.10335196683516,10288100
2012-11-21,53.4067611694336,53.41282609644913,53.08514410842972,53.285393183393744,13905300
2012-11-23,54.06212234,54.06212234,53.40675382928946,53.55239076280589,11931000
2012-11-26,53.77692413330078,53.78298906017066,53.418894370226056,53.59487447,16423600
2012-11-27,53.00627136230469,53.72839607246908,52.93952010524495,53.64344076888701,11841600
2012-11-28,53.46138000488281,53.51599676288869,52.35695665665371,52.50866318596933,15959900
2012-11-29,53.473514556884766,53.81940522902033,53.17616645140394,53.62522107325502,11579100
2012-11-30,53.48564910888672,53.64342518243202,53.29146495287537,53.44317146943784,15522100
2012-12-03,53.16405106,53.752673291526136,53.07909574661459,53.73446924377996,10937300
2012-12-04,52.90916061401367,53.38248415498142,52.90916061401367,53.02445440622698,11980000
2012-12-05,53.23686981201172,53.56455191816932,52.854566305299606,52.95772565833874,12717800
2012-12-06,53.40069961547852,53.437107701889055,52.93951045884255,53.255062640120414,12077000
2012-12-07,53.76478195,53.78905554714406,53.26111526753781,53.503846590220505,10603100
2012-12-10,53.649505615234375,53.97718768328735,53.54634164447475,53.752664956277584,11549400
2012-12-11,54.0014534,54.30486644997834,53.64342822254398,53.77086114811256,12634600
2012-12-12,54.28061676025391,54.83890053734327,53.9529346,54.062158897418456,14729500
2012-12-13,53.75265884399414,54.28059460560444,53.56453959850592,54.10461910487827,12290300
2012-12-14,53.44923400878906,53.67375666080485,53.35213962867369,53.40068681873137,13363600
2012-12-17,53.92863845825195,53.971116101075125,53.46137975748127,53.619155843559824,15672500
2012-12-18,54.34734725952149,54.45657614919188,53.74052112351176,53.85581957086273,15396600
2012-12-19,53.66770553588867,54.37769101163633,53.63129281912384,54.33521336684073,15092500
2012-12-20,53.94077301025391,53.971116167900526,53.388563652869,53.63129039517858,15789000
2012-12-21,52.93344879150391,53.76479768052685,52.79994629348719,53.19438422952305,33057000
2012-12-24,52.74531555175781,52.98804688111954,52.67249939374982,52.872748457986845,6385200
2012-12-26,52.83634948730469,53.20651378670712,52.53293643072669,52.92130477276927,10737800
2012-12-27,52.708927154541016,52.939519457195765,52.03534966315952,52.82422562072677,14258500
2012-12-28,51.640907287597656,52.36303192743961,51.62270324284809,52.247733471070525,13358700
2012-12-31,52.52080154418945,52.587552786503785,51.39816953965701,51.604492824005625,19810800
2013-01-02,53.83154678344727,53.83761634121958,52.93951160927652,53.27326784101253,16143700
2013-01-03,53.734474182128906,53.94079291516976,53.497812280244375,53.67985740415379,13268200
2013-01-04,53.98325347900391,54.06213921141239,53.625228274554544,53.70411400696303,11427900
2013-01-07,53.35822677612305,53.69804795913016,53.13976897855665,53.58881906034696,11799800
2013-01-08,53.69198226928711,53.69198226928711,52.96985763592061,53.29147477,14226400
2013-01-09,53.48564910888672,53.72838046132976,53.2489873134265,53.64342518243202,10892200
2013-01-10,54.06818389892578,54.298780691723294,53.62520360803974,53.85579577,13099600
2013-01-11,54.37771224975586,54.43839396177611,53.922592465027215,53.989343737164845,11645600
2013-01-14,54.359474182128906,54.46263349098023,54.201698125834845,54.28665339544358,9606700
2013-01-15,54.329139709472656,54.37768690835176,54.00752261890113,54.11675150152124,9195400
2013-01-16,54.292728424072266,54.29879798100321,54.04999707370393,54.10461382665163,9645000
2013-01-17,54.73571395874024,55.18476861918514,54.37161921410274,54.46871361518787,13400300
2013-01-18,55.09980773925781,55.11801178,54.51118572415587,54.66895716532816,17196000
2013-01-22,55.17261505126953,55.18475416308316,54.74176917617861,54.77817725219021,11897500
2013-01-23,55.03912353515625,55.14835241460803,54.86921297372363,54.91776017119454,10906800
2013-01-24,55.43356323242188,55.65809055580914,55.069468498868375,55.14835422506165,11100000
2013-01-25,55.66416549682617,55.70664314268716,55.30006609834212,55.56707108930611,11090600
2013-01-28,55.28794097900391,55.62776220346343,55.081617642927085,55.62776220346343,11617500
2013-01-29,55.6823616,55.78552092377984,55.34253585,55.34860541165818,11700600
2013-01-30,55.02092361450195,55.65809289731272,54.84494348277597,55.3243366768469,15645400
2013-01-31,54.596153259277344,55.34861644137141,54.45658119798004,55.03306885846629,15991500
2013-02-01,54.63862228393555,54.91776173275716,54.22598035313062,54.881353648476505,15699200
2013-02-04,54.09852981567383,54.38373872892584,53.910410638799455,54.25630584571596,13347300
2013-02-05,54.45656967163086,54.72964417818287,54.26238551639442,54.54152495018959,11679700
2013-02-06,54.48691177368164,54.54759345294863,54.10461302755577,54.232045942931066,11768700
2013-02-07,53.894527435302734,54.48690995543261,53.503677977353895,54.48080162222599,13463300
2013-02-08,54.11439133,54.23042638385614,53.80903984,54.04721362648944,11412300
2013-02-11,53.91286849975586,54.05333226174417,53.72355203121474,53.95561753004885,8764700
2013-02-12,54.022796630859375,54.12051136506453,53.693016391859445,53.89454953668634,9752100
2013-02-13,54.15102767944336,54.21209704057852,53.88842523319793,54.02278062327144,8940300
2013-02-14,54.059417724609375,54.23652212166698,53.77849495457453,53.949491018135454,13238900
2013-02-15,53.961700439453125,54.11437614131683,53.61970835825206,54.08994746990352,15696900
2013-02-19,54.54796600341797,54.60293167028337,53.97390396364919,54.07161863394682,12158900
2013-02-20,54.33423614501953,54.85333266274617,54.29148712966071,54.43805451670622,13936400
2013-02-21,54.102169036865234,54.36477147684946,53.96170997553267,54.22431242,10939800
2013-02-22,54.474708557128906,54.52356591788946,53.98614892740645,54.36478182506484,10260200
2013-02-25,53.55866241455078,55.07931655661942,53.55866241455078,54.88999541878606,15302900
2013-02-26,54.053340911865234,54.34037215803509,53.59531351715902,54.04723257533305,15073200
2013-02-27,54.67622756958008,54.749513591813454,53.93116932,54.04720435477972,11195200
2013-02-28,54.68843460083008,54.84721396542099,54.37086655306357,54.76171595085901,14552000
2013-03-01,54.61516952514648,54.76784527528283,54.303709690265975,54.39531607220661,11301600
2013-03-04,54.32201004,54.50522273672867,54.022766984761866,54.43193673,10994000
2013-03-05,54.72510528564453,55.05488551949451,54.52968047958102,54.64571555981385,13072600
2013-03-06,54.69455337524414,54.93272714718383,54.383098233042176,54.71898205176278,13234400
2013-03-07,54.17546463012695,54.81670466821852,54.15714428491764,54.73731029325245,12905300
2013-03-08,54.33423614501953,54.49302019890654,53.955598680917646,54.35866481940932,11896300
2013-03-11,54.45026779174805,54.68844152809571,54.07163035123213,54.35866143331596,12454800
2013-03-12,54.45026779174805,54.90829492461554,54.35866143331596,54.62736751627902,11470000
2013-03-13,54.51136398,54.65793143323293,54.24876144464517,54.36479187378044,10539900
2013-03-14,54.85942459106445,54.90828192523379,54.60293058,54.60293058,13775500
2013-03-15,54.57851791381836,54.725085300015785,54.22430913,54.47469488343919,29240100
2013-03-18,54.21211242675781,54.59075002812837,54.077761657847205,54.19379207914704,11553700
2013-03-19,54.09606934,54.40752449096632,53.75407250988553,54.28538576263665,11987900
2013-03-20,54.12660217285156,54.480811011189445,53.925073735233134,54.32202693550455,11319000
2013-03-21,53.84567260742188,54.132703710752246,53.6807848774732,53.815140258546414,13447500
2013-03-22,54.52967071533203,54.52967071533202,53.93728806759915,53.98614543,10786600
2013-03-25,54.36476516723633,54.902186652343175,54.14491643,54.65790458268488,12900800
2013-03-26,55.04265213012695,55.14647516688812,54.572412934995256,54.60294994450621,12329600
2013-03-27,55.31748580932617,55.41519588,54.639605021401366,54.694566061846494,12350800
2013-03-28,55.03043365478516,55.56174680649945,54.95714763614744,55.3541054166724,17485200
2013-04-01,55.43349456787109,55.56784993774873,54.95104342591831,55.042645124204974,9414200
2013-04-02,55.31748580932617,55.52512261895626,55.134273022586335,55.32358948540138,9991800
2013-04-03,54.92052078,55.47015441,54.87777175899339,55.36022768640534,12197100
2013-04-04,54.82280731201172,55.16480416689497,54.48692345114228,55.02434042410992,11582000
2013-04-05,54.358680725097656,54.48081947349193,53.98615148541215,54.11439856901451,12771600
2013-04-08,54.10827637,54.41973615,53.83346192408126,54.41973615,11013900
2013-04-09,54.21211242675781,54.56021300924715,54.10218568179828,54.163259719560735,10753400
2013-04-10,54.15714263916016,54.450282131483895,53.86400314683642,54.01667889800012,14823700
2013-04-11,54.48692703,54.51745938948701,53.88233231573139,54.32203459926347,14979900
2013-04-12,54.34644317626953,54.46858653703427,53.9922390782838,54.27926549267213,11505100
2013-04-15,52.81968307495117,54.15101534534907,52.68532771548007,53.91894996217606,19626200
2013-04-16,52.89299011230469,53.27162767047884,52.57542192563105,53.24719899001976,14578800
2013-04-17,52.56930923461914,52.75251731770141,51.921960961706425,52.64869893802543,17341200
2013-04-18,52.89910507202149,53.18002794354047,52.38611203672531,52.69146359176269,14730400
2013-04-19,53.40597915649414,53.43040783728824,52.78306410377505,53.29605242,18393300
2013-04-22,53.79681396484375,53.93727767603276,53.30825446094135,53.50367919436094,11262000
2013-04-23,54.535789489746094,54.65181991,53.705232888879344,53.980047424172696,15567700
2013-04-24,54.61516952514648,54.89609234628208,54.56631216687226,54.627381535067975,13028800
2013-04-25,53.78459167480469,54.291476081836656,53.52809763484596,54.28536774965889,16328700
2013-04-26,53.74186325073242,53.91285934286134,53.49758112227937,53.62582819137606,10791800
2013-04-29,53.87010955810547,54.24874708481847,53.74797082525302,53.900646570965584,11093000
2013-04-30,54.34644317626953,54.34644317626953,53.59528130956079,53.90063272253344,14572600
2013-05-01,53.44260787963867,54.25483913168305,53.42428753956674,54.05941441,11616500
2013-05-02,54.12660217285156,54.254849236533786,53.58307691,53.729648972580144,11330100
2013-05-03,54.97547149658203,55.07929452779079,54.30369925690837,54.35255660579565,13036600
2013-05-06,55.31748580932617,55.50069394,54.92052787758633,55.11595268,10613400
2013-05-07,55.665565490722656,55.665565490722656,55.04875431004325,55.34189372698081,11088900
2013-05-08,56.00146865844727,56.09307504917559,55.59229872706128,55.60451539744883,13638300
2013-05-09,55.97686767578125,56.30277860552823,55.76779451010433,56.04451009797697,13771900
2013-05-10,55.42956543,55.92765521198137,55.21434173928426,55.87846457669247,10975400
2013-05-13,55.40498352050781,55.42958119090882,54.99298309722426,55.22050802978914,9810100
2013-05-14,56.02606201171875,56.07525735,55.35578839241203,55.435731994403966,9890300
2013-05-15,56.10598373413086,56.15517906005093,55.59559747516472,55.7370281727793,10399400
2013-05-16,55.77392959594727,56.13673930752279,55.650945956631055,55.83542610713049,10469600
2013-05-17,56.42575454711914,56.49954285217195,55.66939158,56.00145302696552,12721300
2013-05-20,56.893104553222656,56.99764582008972,56.24128274,56.33352282699328,12417700
2013-05-21,57.065277099609375,57.452679757540736,56.80700397,56.98533351751854,12519900
2013-05-22,56.69016647338867,57.49571997929744,56.45649102597741,57.08371968936886,19253300
2013-05-23,56.444217681884766,56.79472630518105,56.17979856665941,56.302782237753206,15357300
2013-05-24,56.28433609008789,56.43191743615432,55.95842513390825,56.19209598947396,12771900
2013-05-28,56.80702590942383,57.29897000381644,56.42577369321981,57.15138865210929,15197800
2013-05-29,56.622520446777344,56.831593526829664,56.32120262,56.42574385139466,11563200
2013-05-30,56.628665924072266,56.991475554715294,56.32735279089433,56.55487763355264,9734700
2013-05-31,55.63250732421875,56.80087084116647,55.62635673386183,56.54259765295954,17917400
2013-06-03,56.24127960205078,56.27202785968273,55.63865316,55.66939672738472,14177500
2013-06-04,55.82926559448242,56.25971294710555,55.478757124053786,56.06908693,12481300
2013-06-05,55.12826156616211,56.03220590992329,55.10366389860445,55.76163626,12888000
2013-06-06,55.48492431640625,55.48492431640625,54.72856123728262,55.005276805130514,15393300
2013-06-07,56.23512268066406,56.26587093483404,55.64479279449469,55.89076475327982,12504700
2013-06-10,56.03220748901367,56.53644796,55.87847558108988,56.53029737,10372300
2013-06-11,55.626373291015625,55.983032573463696,55.484942511390265,55.57717793656888,10739400
2013-06-12,55.18359756469727,56.15518422919403,55.091357492987456,56.03834649225994,10864500
2013-06-13,56.16132736206055,56.39499811338023,55.103651355464805,55.115947840681926,13501300
2013-06-14,55.700157165527344,56.14290589970529,55.52182755362088,56.05681639,12158400
2013-06-17,56.27203750610352,56.43191533692546,55.816987611076094,55.93997597,12026400
2013-06-18,56.53028869628906,56.61022759,56.11828837223021,56.17978018766029,10678200
2013-06-19,55.95841979980469,56.73937590197011,55.95841979980469,56.44421323797293,14189500
2013-06-20,54.75932312011719,55.66326305602245,54.59944057658162,55.49108402061192,21077700
2013-06-21,55.02371597290039,55.42956569222238,54.636308636815066,55.19589492603848,25493800
2013-06-24,54.40881348,55.03603776446677,54.12594256174347,54.6978256,17653000
2013-06-25,54.79618453979492,55.10979884774195,54.40878194164204,55.08520118716531,15790100
2013-06-26,55.22050476074219,55.32504133511348,54.56253236392636,54.98682925152914,14446000
2013-06-27,55.36809158325195,55.755494351685606,55.36194099252333,55.49107524866788,12348000
2013-06-28,55.55871582,55.80468783447212,55.07292238251691,55.25125197549448,22984200
2013-07-01,55.52794647216797,56.03833265206188,55.31886871516154,55.58328768661087,13182200
2013-07-02,55.73703384399414,56.01989996,55.41727357602722,55.571005466526216,12320700
2013-07-03,55.76779174804688,55.87847891601904,55.42957965381921,55.73089289770562,5674000
2013-07-05,56.30892562866211,56.33352329804089,55.69399796876998,56.01990887786869,8917900
2013-07-08,56.72706223,56.89924117576124,56.511838537317495,56.54873268625751,12086700
2013-07-09,57.397342681884766,57.45883919805118,56.72707381770536,56.96689521787281,12940000
2013-07-10,57.07758331298828,57.42809187985613,56.807013650309386,57.36044946418641,12430000
2013-07-11,57.35429763793945,57.68635911910836,57.21286691,57.680213220744,16184700
2013-07-12,57.43425369262695,57.46499726569517,57.016102628381965,57.34201359036931,11370300
2013-07-15,57.34199523925781,57.49572712997968,57.243604577263824,57.30510108677257,8256200
2013-07-16,57.372745513916016,57.47728207732128,57.04682995323026,57.30510310429493,11413500
2013-07-17,57.47111892700195,57.64329786239699,57.27434233061846,57.53261073371102,9393300
2013-07-18,58.03687286376953,58.31973903,57.62487244,57.68021837422668,10555400
2013-07-19,58.52265930175781,58.57185463634234,58.05531769778077,58.227496677301296,14431700
2013-07-22,58.313568115234375,58.54108825708627,58.28281986775628,58.33816577491206,9530400
2013-07-23,58.541107177734375,58.71943674939137,58.3197328606102,58.33203404018676,7377400
2013-07-24,58.41196823120117,58.60874486483026,58.061459705939214,58.60874486483026,8222800
2013-07-25,58.39967727661133,58.60875041710649,58.06146521,58.22749829,10059800
2013-07-26,58.28897476196289,58.332019496698045,57.70479085738667,58.27667358545329,9721000
2013-07-29,57.82162857055664,58.1229417136712,57.563360162172735,58.11679581694126,8844700
2013-07-30,57.68635559082031,58.00612056417714,57.47113187309467,57.93847815410263,10470700
2013-07-31,57.64947128295898,58.17215888428595,57.42194634734622,57.76015845548331,14400800
2013-08-01,57.022220611572266,57.24974074997084,56.112125983406536,56.99762295226791,23117700
2013-08-02,56.54258728027344,56.89924639113331,56.167481093252704,56.85620164958298,14408600
2013-08-05,56.32122802734375,56.42576930605442,55.96457351,56.216691440159295,12625900
2013-08-06,56.24742889404297,56.51799854207968,56.13059114756797,56.161339404490434,11689200
2013-08-07,56.16749191,56.296630853893895,56.038357663315566,56.069105923856704,8163800
2013-08-08,56.43804550170898,56.55488322862276,56.13058175006183,56.530285565508045,11529500
2013-08-09,56.17180633544922,56.56807971823588,55.99224422075662,56.46900901056354,9467800
2013-08-12,55.65790557861328,55.99226223867404,55.5340718781254,55.99226223867404,10133700
2013-08-13,55.35450363,55.67647405190217,55.19351605946044,55.63313178909208,10892700
2013-08-14,55.07585144042969,55.40401957116665,55.04489539153421,55.31733035198753,9797300
2013-08-15,54.58671951293945,55.02633520337312,54.524797951058495,54.89630842653657,11273400
2013-08-16,54.431915283203125,54.79103476829446,54.27092775433047,54.49383211001535,11872500
2013-08-19,53.81892013549805,54.407141736616936,53.73223564252483,54.37618096457626,11745600
2013-08-20,53.76321792602539,54.40716350572898,53.76321792602539,53.94896846073929,16498800
2013-08-21,53.50934219360352,54.08517771343912,53.49076761618164,53.83750565859396,12766900
2013-08-22,53.85606766,54.12850257871804,53.527899573960255,53.60839568219584,10199900
2013-08-23,54.19043350219727,54.29569730776498,53.71986182298787,53.96134076267332,9206400
2013-08-26,53.92420578,54.30190471012134,53.75702981,54.17807100882519,10654700
2013-08-27,53.757022857666016,54.17187089969768,53.60842149054094,53.63318917238717,13960200
2013-08-28,55.00774765014648,55.10062525508583,54.04183189626018,54.04183189626018,17738800
2013-08-29,54.03564453,54.87772671722518,54.01088157632577,54.87772671722518,11407800
2013-08-30,53.96754837036133,54.20902737496139,53.73845084529992,54.10995664284213,12480400
2013-09-03,53.96133804321289,54.48763814872285,53.76320136617557,54.30188294727181,10546700
2013-09-04,54.33901977539063,54.47523958386146,53.80652673715893,53.874636641394346,9822300
2013-09-05,54.08518600463867,54.67340781556363,54.07280452577653,54.52480172550447,11740100
2013-09-06,54.02326965332031,54.32047711218704,53.74464149884399,54.17187102077753,12950600
2013-09-09,54.51240158081055,54.60527917430684,54.06039981190228,54.07897438581141,9297000
2013-09-10,54.37618255615234,54.73530673695317,54.04182604891889,54.73530673695317,11823100
2013-09-11,55.00774765014648,55.01394075,54.41333759206636,54.41333759206636,11201200
2013-09-12,54.47525405883789,54.98297956462691,54.40095103703312,54.852948095480855,10917200
2013-09-13,54.73532104492188,55.03252375751856,54.58052658762513,54.58052658762513,8254200
2013-09-16,54.90250015258789,55.21828218642603,54.79104794793633,55.03252693735602,9421300
2013-09-17,55.0696907,55.32355121808349,54.89012852440773,54.92727769130763,8941200
2013-09-18,55.465946197509766,55.645508319066806,54.71674165691408,55.05109822216324,15134700
2013-09-19,55.28019332885742,55.565014550502006,55.09444282289012,55.50309771517957,11757500
2013-09-20,54.89630889892578,55.57121046887816,54.85296191565533,55.43499058989094,20651100
2013-09-23,54.33286285400391,55.05111151364529,54.264752904418856,54.66721949997979,12227700
2013-09-24,54.09138107299805,54.53099680984981,54.04184570784371,54.23378934287623,12129200
2013-09-25,53.95513916015625,54.23996030762134,53.82511242265809,54.23376720851652,13577400
2013-09-26,53.91181182861328,54.14709769623086,53.75082427500556,54.11614164004402,9787100
2013-09-27,53.80656814575195,53.8746781,53.627005962211534,53.77560735674551,10867100
2013-09-30,53.27405548095703,53.68271035,53.00780885298159,53.28643695772153,17486100
2013-10-01,53.24927520751953,53.45979333037867,53.113055375575215,53.24308210862651,11885100
2013-10-02,53.29883193969727,53.31740651988,52.80348775638079,53.09450211,11841400
2013-10-03,52.93968963623047,53.28023923692098,52.84061894368392,53.27404613764916,13923400
2013-10-04,53.44743347167969,53.50935031379915,53.05116001337242,53.44124037028207,11325500
2013-10-07,53.18737030029297,53.42884924773944,52.79728528983991,52.98304050662245,10985800
2013-10-08,52.94587707519531,53.21831200267177,52.92110940470652,53.16258828703458,15335700
2013-10-09,52.72917175292969,52.995413611534254,52.52484199153719,52.84681229595363,13575100
2013-10-10,53.27405548095703,53.27405548095703,52.50008327451116,52.95208039766273,17532400
2013-10-11,53.83750915527344,53.83750915527344,52.939703212593805,53.187375283524965,12661800
2013-10-14,54.23996353149414,54.326648028311865,53.56506213142031,53.56506213142031,9742100
2013-10-15,53.73844909667969,54.22760019170867,53.6455714693282,54.159490246581065,12018000
2013-10-16,54.06042098999024,54.400970724902926,53.69510829613161,54.16568482329665,11668100
2013-10-17,54.16567993164063,54.17806140999543,53.87466558880603,53.94896390683899,10438200
2013-10-18,54.20902633666992,54.32666692386767,54.054231863662814,54.29571086,12425100
2013-10-21,54.01089096069336,54.27094454814737,53.76940723068316,54.17806691721307,10730900
2013-10-22,54.47525405883789,54.58051313009824,53.94894925463459,54.04801995037429,12710600
2013-10-23,54.24618148803711,54.27094917332722,53.83752176667964,54.19045301514612,11449100
2013-10-24,54.74771499633789,54.93966337940548,54.46908679930363,54.47527990171304,12288900
2013-10-25,54.46905899047852,54.89009998425136,54.376181397567485,54.63004650326094,11382000
2013-10-28,54.63005447387695,54.77246270969428,54.24616257167781,54.38238243129529,9921900
2013-10-29,55.063472747802734,55.12538957267278,54.760076999173855,54.766265374895205,10340000
2013-10-30,54.98917770385742,55.40403041098892,54.91487939281125,55.08824841718781,14305900
2013-10-31,55.49073028564453,56.32042648170357,55.23067195313157,55.38546644260106,19185200
2013-11-01,55.614540100097656,55.75075994815417,54.65481278802748,55.56500475099513,19023500
2013-11-04,57.02627944946289,57.131538550969786,55.726006899921806,55.726006899921806,20591600
2013-11-05,56.95816040039063,57.73832569495376,56.49377708380923,56.555693914563136,21122500
2013-11-06,57.71977615356445,57.75692532333965,57.038681271949805,57.22443184,13464600
2013-11-07,57.32702637,57.96288774609312,57.20235009011724,57.750932367759546,16572100
2013-11-08,57.80702590942383,57.86312879358066,57.02778747773044,57.22727232600018,12330100
2013-11-11,57.95041275024414,58.11873094288119,57.66365353044573,57.88183937636901,7924700
2013-11-12,57.769630432128906,58.17483544639778,57.66365512633247,57.76963043,10727300
2013-11-13,57.7197494506836,57.81325901795213,57.395588341059415,57.48909790832794,9280000
2013-11-14,58.11251068115234,58.237186980645255,57.77587896520633,57.77587896520633,7909200
2013-11-15,59.39043045043945,59.40290092796822,58.61742730693344,58.69223590382511,18374500
2013-11-18,59.50263977050781,59.84550655424559,59.25951778061867,59.83304083306128,14243700
2013-11-19,59.48394775390625,59.71460405728952,59.32186957367458,59.47148203084776,12697300
2013-11-20,59.02263259887695,59.814336707705706,58.82938300077331,59.68966047,10455400
2013-11-21,59.02887725830078,59.46524892240061,58.99147058,59.12861731462599,9128400
2013-11-22,59.22837448120117,59.265776415612805,58.77953224387988,59.19720303179453,8534700
2013-11-25,59.27823257446289,59.68967281096784,59.11615438077426,59.35304118730779,10515100
2013-11-26,58.767066955566406,59.10369866,58.69226308013191,59.066296725591954,11857900
2013-11-27,58.474063873291016,58.86056315798236,58.27457899071313,58.82316122877862,8828100
2013-11-29,58.27458190917969,58.73588983147618,58.16237135985406,58.38055721796084,6770500
2013-12-02,58.29951858520508,58.62368453724664,57.92548497,58.14367085028772,9310500
2013-12-03,58.84185791015625,58.89796555597243,58.11872705,58.349378601745,12599500
2013-12-04,59.016395568847656,59.15977752044263,58.54885255065042,58.717170700613806,13074000
2013-12-05,58.679779052734375,59.00394495844811,58.54886754484431,58.64237712,10586000
2013-12-06,59.62734222412109,59.66474415722941,58.96654461727087,59.20343620987756,12063400
2013-12-09,59.74576568603516,60.00135816999604,59.59615324152534,59.81433904728837,15516700
2013-12-10,59.66473007202149,59.83304824346411,59.46524521571127,59.78317584036303,9868100
2013-12-11,58.76082229614258,59.55876181560959,58.69848416295197,59.45901699762886,12811800
2013-12-12,59.44655227661133,59.77071342832964,58.77328901216397,58.91043576115452,15562600
2013-12-13,59.41538619995117,59.79565503611354,59.01018591271491,59.303175645737774,10629500
2013-12-16,60.606048583984375,61.64087474058509,59.92655020331626,60.02005977,23226000
2013-12-17,60.31304931640625,60.54993606664394,59.86420725819291,60.48136271018949,14920900
2013-12-18,62.05232238769531,62.30791014905456,60.47514438438553,60.73696738561047,21331300
2013-12-19,61.98374938964844,62.08972468752901,61.71569114694822,62.02738655678129,12905900
2013-12-20,61.51620864868164,62.089727083442696,61.4663362397212,61.95881557699254,23331000
2013-12-23,61.41021728515625,61.89646125510903,61.335408691281415,61.71567739,10127600
2013-12-24,61.852821350097656,61.98996805472917,61.29800404942891,61.29800404942891,4168300
2013-12-26,62.900123596191406,62.98116267630538,61.95256705348898,61.97750325262258,9531200
2013-12-27,63.28040313720703,63.42378036,62.95623724909842,63.11208495327904,10209000
2013-12-30,62.532344818115234,63.30535302230344,62.532344818115234,63.29288253986093,9007900
2013-12-31,63.08713150024414,63.20557724498556,62.60712279529604,62.64452471212252,8509600
2014-01-02,62.183250427246094,62.81287665049695,61.95882929333679,62.71313181,11028100
2014-01-03,62.03361129760742,62.44504669578323,61.80295502117509,62.195689458901136,9295600
2014-01-06,62.12714767456055,62.426372683111445,61.64713395403716,62.30169638889787,11848500
2014-01-07,63.006107330322266,63.09961690059807,61.977511569477066,62.09595734223271,11187000
2014-01-08,62.80037689208984,63.0809055567516,62.43257866725178,63.0809055567516,11180400
2014-01-09,62.18944549560547,62.58217984820017,61.73436828023377,62.46373411623507,11674300
2014-01-10,62.66324996948242,62.73182334765046,61.790506531152815,62.33285355981549,10535400
2014-01-13,61.43516922,62.40142216887277,61.26061578955023,62.28298114334864,12110900
2014-01-14,61.79049301147461,61.88399781934047,61.49749859724431,61.59100816120415,9265000
2014-01-15,61.57852935791016,61.933861848044685,61.48501980659195,61.81542085539541,9425500
2014-01-16,61.67830657958984,61.74064472788314,61.24816527100312,61.58479697910196,9421700
2014-01-17,61.81540298461914,62.55099919355907,61.50993822154968,61.82786870168085,15998000
2014-01-21,61.40397262573242,61.64709457,61.11721352734845,61.447609776441006,13847300
2014-01-22,61.01747131347656,61.68449908,60.99253511829684,61.64086192469101,11642800
2014-01-23,60.45018768310547,60.71201059554949,59.85173327347934,60.62473629140149,15393200
2014-01-24,59.12862396240234,60.00137214,59.10992299699474,59.95773497350263,14584300
2014-01-27,59.172245025634766,59.58368517697822,59.06626974644399,59.27198982211572,12474600
2014-01-28,59.62734222412109,59.795655679203776,59.07875517269108,59.44032305,10773600
2014-01-29,59.29069900512695,59.97019269003741,59.00393980961567,59.17848847157085,13191500
2014-01-30,58.59248733520508,59.19094180352308,58.01273382588242,58.59872257356797,14628400
2014-01-31,57.45170211791992,58.14989681506962,57.16493814605383,57.88183856352974,17361400
2014-02-03,56.13633728027344,57.545196909233006,55.88074479740489,57.3020749,20377900
2014-02-04,56.11764907836914,56.50415316476976,55.72491450709576,56.33583970739412,17414400
2014-02-05,55.84334564208984,56.48543736644239,55.71866464,56.29841823526856,16393600
2014-02-06,56.37697982788086,56.6155443798024,56.03168461740797,56.19491551597512,13646100
2014-02-07,56.86668395996094,56.89807139455473,56.34560368993832,56.57789369688093,12573800
2014-02-10,56.201202392578125,56.83528792211128,56.10075590292431,56.78506228239406,12237700
2014-02-11,57.02988815307617,57.13033940056674,56.12585087455656,56.22629733226802,13422800
2014-02-12,57.18058395385742,57.67027197303666,56.904347721589865,57.13663771597673,10752400
2014-02-13,57.40032196044922,57.53844009298668,56.75368233064312,56.87296225346808,9775300
2014-02-14,59.08283233642578,59.28373009643416,57.507037687427946,57.63887639339153,18260400
2014-02-18,59.05772018432617,59.465795111075145,58.61197842395684,59.05772018432617,12979300
2014-02-19,58.98237991333008,59.82364255996247,58.88821283217524,58.88821283217524,12227800
2014-02-20,59.87385940551758,60.12497797143404,58.85681197034928,58.9195916118284,14424300
2014-02-21,59.66041183,60.00570709936718,59.603911585836016,59.94292744846175,11282200
2014-02-24,60.54562377929688,61.0541452,59.89898424170113,60.024543549858926,16012500
2014-02-25,60.46400451660156,60.87835884552237,60.24427333752863,60.608402028438334,10663000
2014-02-26,60.13753128051758,60.80928344152216,59.97430039575801,60.62093974450887,9087600
2014-02-27,60.16892623901367,60.30076971730246,59.74202274657294,60.00570012359096,9101200
2014-02-28,60.43887710571289,60.79045169712868,60.131253529280976,60.24425879,12651400
2014-03-03,59.95548248291016,60.60840140095319,59.53485354592814,60.11871340986602,11896700
2014-03-04,60.59583664,60.80929318286597,60.18776654680337,60.63978287044347,12566100
2014-03-05,58.888214111328125,59.82364385943449,58.63709071330631,59.76713881973387,19829600
2014-03-06,58.86310577392578,58.97611107214992,58.555477312782905,58.80660072992331,12610400
2014-03-07,59.63530349731445,59.67924973522835,59.00749736152697,59.24606675858587,12659100
2014-03-10,59.95548248291016,59.9868747,59.42812765859487,59.73575130611212,9964500
2014-03-11,59.020050048828125,60.011980000321046,58.71242162553721,59.867587286334064,12143600
2014-03-12,59.14561462402344,59.30884555811061,58.731265071070624,58.78776532,9705400
2014-03-13,58.78776168823242,59.37162154157519,58.59314333371161,59.29000847446847,9872500
2014-03-14,58.68101883,59.151873259079686,58.568013574618384,58.750077862222334,11723300
2014-03-17,59.21464538574219,59.34648403458244,58.85679625609625,58.98235550553126,8676100
2014-03-18,59.459503173828125,59.79851897428264,59.05770773398118,59.27116425565082,8757300
2014-03-19,58.84427261352539,59.82992807854841,58.467585091274906,59.42185312263093,9914700
2014-03-20,59.37788772583008,59.478334186849295,58.39223258,58.66218932811834,10405000
2014-03-21,59.20838928222656,60.26310367771053,59.20838928222656,59.70435665525928,24479800
2014-03-24,59.41557312011719,59.70436337,59.31512662770378,59.49091158176282,9539800
2014-03-25,59.58508301,60.15638410415563,59.51602394927487,59.704362917284165,9796600
2014-03-26,59.45322036743164,60.00569265790977,59.27116086055591,59.99313385688298,11033300
2014-03-27,60.42006301879883,60.58329396024486,59.05144540924559,59.39674071042357,15427500
2014-03-28,61.33663177490234,61.50614204,60.56443323466356,60.56443323466356,12321800
2014-03-31,61.324100494384766,62.05863248728492,61.09808991352618,61.83262190642633,12375200
2014-04-01,61.35547637939453,61.48103565098289,61.07296083365194,61.30525075484751,9475300
2014-04-02,61.49357223510742,61.56263125184363,61.01016390773183,61.22989496562983,9551000
2014-04-03,61.48102951049805,61.86399147730674,61.24873961250268,61.418249880974045,10113000
2014-04-04,61.123172760009766,61.97070963,61.072947146718704,61.71331174173442,12496100
2014-04-07,60.75908279418945,61.22993744050497,60.74024937470181,61.05415247224549,10120700
2014-04-08,61.17969512939453,61.44965191133443,60.74023282845973,60.903463735855446,10243000
2014-04-09,61.10436248779297,61.393152688891085,60.66489538977242,61.36803987273735,10463900
2014-04-10,60.75908279418945,61.386888989276805,60.42006687406854,60.88464690707561,13443400
2014-04-11,60.72140121459961,61.17342233169569,60.44516502308979,60.58956252040992,13352500
2014-04-14,61.43709182739258,61.562651103886736,60.73394742559893,61.20480189712107,9610200
2014-04-15,61.951908111572266,61.96446212646848,60.94113987521623,61.26132233754642,12961600
2014-04-16,62.74291992,62.84336636997601,62.13394746412087,62.18417308,12508100
2014-04-17,63.04427719116211,63.38957240609199,62.58598149474206,62.58598149474206,15435700
2014-04-21,63.36448669433594,63.36448669433594,62.71156760214557,62.79946009630756,8002100
2014-04-22,63.01290893554688,63.32053262712213,62.91873704920882,63.11335543513464,8212100
2014-04-23,63.09451675415039,63.37702759982386,62.98779086043204,63.15101700737281,8686000
2014-04-24,62.78687286376953,63.15727606610891,62.69270101561877,63.08194241941164,9057800
2014-04-25,63.03801345825195,63.13845994461485,62.736664419602285,62.77433125326581,10391500
2014-04-28,63.51512908935547,63.69719339615709,62.97521556981395,63.23261831763745,12710800
2014-04-29,63.69092941,64.39407399658327,63.55281608887135,63.76626787210073,10094600
2014-04-30,64.29361724853516,64.29361724853516,63.22634413334267,63.49002151400511,13966700
2014-05-01,63.665828704833984,64.2810761,63.53398518852289,64.01111923914156,11161700
2014-05-02,64.04250336,64.60752982037167,63.39586382258023,63.58420278387255,11168100
2014-05-05,64.60750579833984,64.74561906935608,63.77252282337269,63.84158185,7614200
2014-05-06,64.45684814453125,64.85236903462553,64.29362201475223,64.41290191116302,9669800
2014-05-07,64.73308563232422,64.94653740155194,64.53218787725918,64.73936503,11007400
2014-05-08,64.23710632324219,64.84607888,64.14293447027823,64.72051481011397,8922500
2014-05-09,64.43936920166016,64.58474705039701,64.00324530004762,64.28767414119923,8948800
2014-05-12,64.6163559,64.69220101918266,64.17390511411091,64.67956177275133,8830500
2014-05-13,64.69850922,64.91973214878801,64.43304169733328,64.58473673356228,7528800
2014-05-14,64.65428161621094,64.90078792320867,64.54050910357357,64.69852621433105,6999200
2014-05-15,63.699851989746094,64.73644377,63.41542314130327,64.47097620216337,13658700
2014-05-16,63.67455291748047,63.83889201,63.409085414990365,63.57974171736316,10369200
2014-05-19,63.75674057006836,63.90843563422104,63.472306899695525,63.472306899695525,5851400
2014-05-20,63.63031768798828,63.88946801825327,63.49126188368011,63.64296175508829,6134100
2014-05-21,64.48994445800781,64.61003900902001,63.66193631525972,63.744103479357726,7747900
2014-05-22,64.15496063232422,64.45203363539174,64.13599934656256,64.35090034826213,5304300
2014-05-23,64.04116058,64.42672263601503,64.00955523927055,64.18653841571573,5410900
2014-05-27,64.06645202636719,64.40776953367286,63.79466242734409,64.22446912295504,8359700
2014-05-28,63.87681961,64.51520993140394,63.87050239977364,63.98427488444938,7586700
2014-05-29,64.00957489013672,64.24976400647229,63.85155776509488,64.18023608566988,6113700
2014-05-30,63.54184722900391,63.933731445489066,63.44071877390135,63.71250842904587,11499000
2014-06-02,63.16892623901367,63.76306733861827,62.99826504675181,63.54184433226018,7761300
2014-06-03,63.45333099365234,63.642953396860136,62.94767446663024,62.94767446663024,9384200
2014-06-04,63.23213195800781,63.49759956494333,63.181565321743946,63.33958244334364,7148800
2014-06-05,63.55449295043945,63.73147136819041,63.18157000820688,63.27005921708236,12296100
2014-06-06,64.21813965,64.23710092626331,63.58607133531843,63.59239336869321,9340900
2014-06-09,64.16759490966797,64.44570660542273,63.95901596015207,64.12335030555245,6404800
2014-06-10,64.12967681884766,64.30033803399523,63.83892585403011,64.14232089079218,7917500
2014-06-11,64.43936920166016,64.67955827154722,63.83890617154052,63.959000706484055,10270300
2014-06-12,64.25607299804688,65.07143695412388,64.19918433698396,64.76172480215592,11421000
2014-06-13,64.88182067871094,64.88814271,64.23710822558307,64.42673066998516,8240300
2014-06-16,65.05247497558594,65.26105869341056,64.57842370178392,64.83125201227145,8977600
2014-06-17,64.73642731,64.84387774945483,64.12332034916653,64.83756053917537,9355400
2014-06-18,64.93238067626953,65.07143165602622,64.50889123665613,64.83124743030257,9575100
2014-06-19,64.86917877197266,65.00191256,64.26871571519031,64.85653952566427,11105600
2014-06-20,65.62770080566406,65.77307392,65.06515999249804,65.28006105716733,17674400
2014-06-23,65.97531891,66.12069680889313,65.65928460784488,65.80466251,8553700
2014-06-24,64.93238067626953,66.03217820351796,64.76804156272252,65.84887781,9708400
2014-06-25,64.55947875976562,64.86287377358732,64.17391657371937,64.68589053584958,10714800
2014-06-26,64.48994445800781,64.71116745542528,63.744103479357726,64.43306061108603,8424200
2014-06-27,63.97163772583008,64.33823852962597,63.62400302344338,64.26238859088579,15147400
2014-06-30,63.63665008544922,64.00956814655606,63.53551682137313,63.97164558367725,9454800
2014-07-01,64.06645202636719,64.21182505474053,63.70617323903882,63.93371824390927,8399600
2014-07-02,64.19917297363281,64.24341755893974,63.86417756740926,63.93370546179129,6954400
2014-07-03,64.84390258789062,65.27370934412957,64.26872278277219,64.43937914934806,6922600
2014-07-07,64.88182067871094,64.88182067871094,64.48361450992635,64.67955899,7979600
2014-07-08,64.99560547,65.24843383498535,64.57843794111668,64.67957121653082,9613600
2014-07-09,65.45070648,65.53919570153265,64.98297223856626,65.07778349450832,7655300
2014-07-10,64.83127594,65.14731023911676,64.49628035438364,65.02721566,8533700
2014-07-11,64.30664063,64.78701398134945,64.04117304,64.7238081,7680800
2014-07-14,64.90079498291016,65.15362335208391,64.57212147859431,64.57843869165612,8253100
2014-07-15,64.71751403808594,64.85024788688327,64.30666841716001,64.80600327,8755800
2014-07-16,65.58973693847656,65.60238100719396,64.81229549283181,64.82493473924991,8870200
2014-07-17,64.66693115234375,65.66560060858016,64.65429190328392,65.34324430110127,8145700
2014-07-18,64.93238067626953,65.07775369,64.38247950149602,64.90709736477778,8208300
2014-07-21,65.15360260009766,65.2231305,64.50889022293606,64.69851264499499,6632400
2014-07-22,65.44438171386719,65.85522725759981,65.41909839185128,65.50758760775669,7426300
2014-07-23,65.89311218261719,66.0195239,65.43802229093937,65.50755018118448,7007200
2014-07-24,65.91209411621094,66.19020576435845,65.70351038,66.00058330929436,7943000
2014-07-25,65.21683502197266,65.72880902,65.07777916548118,65.69088644784793,7775500
2014-07-28,65.96896362304688,66.06377000074606,64.99557795951905,65.28632876982509,9197800
2014-07-29,65.45070648,66.21550892,65.43174037290454,65.86786926,8055400
2014-07-30,65.26106262207031,65.82992514933756,64.83125591505721,65.56445757737924,11072100
2014-07-31,62.53684616088867,64.45833458712842,62.53052412693587,64.45833458712842,18291800
2014-08-01,62.44837951660156,62.922430965900766,62.05649524915263,62.334606975877726,14915000
2014-08-04,63.28901290893555,63.47863537509188,62.13864850925953,62.41043813885714,12148200
2014-08-05,62.06911849975586,62.91609271177546,61.80365091393009,62.87817014874306,13069400
2014-08-06,62.56214523,62.985629990983085,62.06912772892803,62.06912772892803,9911300
2014-08-07,62.11335754394531,63.10570470706472,61.70883416676918,63.06146011338293,10017100
2014-08-08,63.0425033569336,63.07410870710218,62.14496735081851,62.45467952881327,11199300
2014-08-11,62.83884048461914,63.27800256760284,62.71790933196789,63.18889693593121,8589600
2014-08-12,62.68608856201172,62.813385799685385,62.259653741564414,62.50787728516168,9583700
2014-08-13,63.06796646118164,63.20799098556866,62.67972327,62.89612127136572,7645800
2014-08-14,63.06796646118164,63.18889761513275,62.75609674697871,63.07433253662454,6547300
2014-08-15,63.02978516,63.284374781102045,62.463325790298136,63.16344361672135,9226900
2014-08-18,63.34167098999024,63.34803706759954,63.07435400113275,63.18891911862802,7135400
2014-08-19,63.32254409790039,63.61532038634095,63.28435736,63.32891017214028,8888100
2014-08-20,63.45621490478516,63.58351213496506,63.03614618,63.36074805201625,6751800
2014-08-21,63.18891143798828,63.691724678328455,63.17618414021112,63.51987945092063,6826200
2014-08-22,62.69245147705078,62.99795998,62.42513457525328,62.94067500813316,8095000
2014-08-25,62.85157012939453,62.947041840010165,62.69245223033277,62.889756871283616,7569800
2014-08-26,63.41801071166992,63.84444538966318,63.0233966905453,63.087047716065534,8536500
2014-08-27,63.34802246,63.62170546429901,63.06797338143457,63.50714037321993,5848700
2014-08-28,63.37345886230469,63.481657837893145,63.01703642229963,63.03612978788682,6072700
2014-08-29,63.303470611572266,63.43712907723423,62.832482943635775,63.252551713445776,8873700
2014-09-02,62.68608856201172,63.38620637359102,62.253287665707454,63.28437343934519,8957100
2014-09-03,63.08067321777344,63.38617673354737,62.92155538700636,62.92155538700636,8475100
2014-09-04,62.603363037109375,63.29711492839297,62.35513943785248,63.01070457721784,9662900
2014-09-05,63.17615891,63.20161835,62.44421574991794,62.84519102429926,9476900
2014-09-08,62.227821350097656,62.95976460428418,62.02415064819199,62.95976460428418,10080100
2014-09-09,61.98597717285156,62.39331866382608,61.71229415336303,62.17692062119932,9756400
2014-09-10,61.61680984,62.07507014269832,60.99307043875792,61.966871143482805,12113700
2014-09-11,61.75683594,61.81412090412147,60.98670591704855,61.30494170347772,10181100
2014-09-12,60.96123123168945,61.47677152293877,60.86575954844919,61.43858479199927,10257500
2014-09-15,61.28583526611328,61.35584751267139,60.71937607551897,60.92941281519328,10689400
2014-09-16,62.01144027709961,62.40605449418759,61.11401281523453,61.24767615049035,11574100
2014-09-17,61.78865051269531,62.32965028,61.61043928080778,62.31692298999897,8774200
2014-09-18,61.4895134,61.94140758975255,61.40677384846258,61.83320859771419,8636600
2014-09-19,61.814109802246094,62.09415394200049,61.65499193760924,61.78865036119718,18178100
2014-09-22,61.44499588012695,61.73777236223012,61.27314575,61.67412614540684,8816900
2014-09-23,61.12035751342773,61.839573417909335,61.12035751342773,61.27947538880618,10300700
2014-09-24,60.98669052124024,61.26037342271504,60.3629464,61.01851603420605,12200000
2014-09-25,59.9874382,61.03125106,59.95561268490452,60.88486533766286,12854200
2014-09-26,60.73849487304688,60.94853170066411,59.70104774,60.03837697021648,11256800
2014-09-29,60.10201644897461,60.32478054916269,59.70104106863608,60.28022772912507,14015000
2014-09-30,59.86015701293945,60.34387194150926,59.58647402571756,59.89834375574944,15576500
2014-10-01,59.10275268554688,60.17202515911801,59.01364705074035,59.89834217910001,14028600
2014-10-02,59.38279724121094,59.764679197999335,58.593569027170034,58.80360580296604,13756500
2014-10-03,59.77740097045898,59.89833210702989,58.92453150761098,59.57373028859289,11563000
2014-10-06,60.15930176,60.674847126625785,59.77105849591186,59.83470469347457,10595400
2014-10-07,59.42735672,60.58573487047918,59.40189727254389,60.00017729144842,10787900
2014-10-08,60.216556549072266,60.35658103,58.82268269847727,59.45915406683792,15583700
2014-10-09,58.44081497192383,60.14019277,58.31988382882492,59.86014860296795,17915600
2014-10-10,58.30079650878906,59.36370289568424,57.85526833939973,58.83543516794912,18173100
2014-10-13,57.81705856323242,58.89269676298908,57.76614454266266,58.12256696610761,14451100
2014-10-14,57.63249969482422,58.70177207,57.32062514503433,58.23077963839789,23120500
2014-10-15,57.422481536865234,57.67070512862393,55.31576161751544,56.64598523202256,24703500
2014-10-16,57.664337158203125,58.09077204738777,56.12407675327434,56.37866641376606,25212600
2014-10-17,58.05258560180664,58.71451678019306,57.60069125861758,58.00166669826295,18189200
2014-10-20,58.40898513793945,58.485363463078585,57.68340804473961,57.68340804473961,10821700
2014-10-21,59.605567932128906,59.84742539858466,58.78451896309364,59.10275477174794,15757000
2014-10-22,59.27458190917969,60.203829604574906,59.17911508038931,59.80285435598054,12733600
2014-10-23,59.898319244384766,60.452051067998525,59.74556747976033,60.02561157225662,11345100
2014-10-24,60.14020919799805,60.16566865,59.33189228063621,59.94927060272597,9734100
2014-10-27,59.64375305175781,59.732858687284086,59.04546819388747,59.732858687284086,11387700
2014-10-28,60.52845001220703,60.59209620294576,59.78377938318856,60.10838126861703,12564100
2014-10-29,60.20383834838867,61.08853822276711,59.58646505701533,60.73211087191415,12409100
2014-10-30,60.11473846435547,60.25476298814296,59.33188114447854,59.74558864042536,9767900
2014-10-31,61.55317687988281,61.66774197891916,60.025643844696056,60.45844479040074,17493700
2014-11-03,60.63027191162109,61.80137705313847,60.33749562624175,61.45768188615616,13410000
2014-11-04,60.15930176,60.39479803027752,59.75832634286315,60.14657446,13498500
2014-11-05,60.50934600830078,60.95487412107985,60.24202914063334,60.6939233281356,12480000
2014-11-06,61.26675796508789,61.36859089667085,60.00654205248452,60.57936746730423,14731400
2014-11-07,61.9206543,62.28606715335929,61.36292918108882,61.41421571087111,13233500
2014-11-10,61.72191619873047,62.247590825741455,61.587292745698,62.10014818759007,9087600
2014-11-11,61.80525588989258,61.86936159518135,61.29240046567876,61.40138065376486,7990000
2014-11-12,61.14493942260742,61.79883019,60.971853567501554,61.47829684192714,11592800
2014-11-13,60.68338394165039,61.03596773723692,60.15129733867549,60.87570104171085,12355400
2014-11-14,60.95903396606445,60.97185803979856,60.67696792627824,60.81800339164688,9352500
2014-11-17,60.97185897827149,60.99109019821756,60.382078742153006,60.80518025382021,8704400
2014-11-18,60.817996978759766,61.38213388979848,60.600031766822845,60.95262039306614,9263200
2014-11-19,61.29240798950195,61.37574492751204,60.343626805526256,60.95264330790771,8333200
2014-11-20,61.42700958251953,61.47829609,61.06801380389833,61.138531530549024,8422400
2014-11-21,62.06167602539063,62.31169168886394,61.60651917929943,62.31169168886394,12374900
2014-11-24,61.362892150878906,62.05524521227258,61.061590083923335,61.76035028945882,10172400
2014-11-25,60.76031875610352,61.56165236470575,60.49748387577713,61.54883317898709,13747400
2014-11-26,60.56798553466797,60.98467498768542,60.49105576793583,60.670553666026585,9822100
2014-11-28,58.04220199584961,58.881998131713445,57.76654301287063,58.65762567834746,19556700
2014-12-01,59.20250701904297,59.53586443213408,57.87549918485671,57.92678569317082,27584200
2014-12-02,60.38208008,60.68978938597273,58.98455433669244,59.18328346846707,20885300
2014-12-03,60.86928939819336,61.11289790717782,60.26027790763506,60.68979148059518,16220400
2014-12-04,60.49746322631836,60.65131785718853,59.66407460144976,60.34360370449766,12868600
2014-12-05,60.14487457275391,60.63849375490389,59.84357245635889,60.22821147881934,11831900
2014-12-08,58.785831451416016,59.702557293435234,58.57428309629788,59.55511464868478,15735900
2014-12-09,58.580684661865234,59.016610298161794,58.183226360885705,58.48452855095194,15883800
2014-12-10,56.843387603759766,58.16398843588637,56.542085448415584,58.15757639891383,22279400
2014-12-11,57.18315505981445,58.68325387461026,56.95878266406226,56.96519470135558,21522200
2014-12-12,55.51639175415039,57.05495326995767,55.51639175415039,56.86904328474804,24568300
2014-12-15,55.70870971679688,56.79852139511844,55.45228200102949,56.11258007,21373600
2014-12-16,55.39458465576172,57.183156727602295,55.25354917690368,55.37534854332072,26372400
2014-12-17,57.067752838134766,57.63189463820758,55.868961294881125,55.92665494755191,23323000
2014-12-18,58.43963623046875,58.43963623046876,56.67029096547216,57.93319300679055,22882700
2014-12-19,60.029483795166016,60.029483795166016,57.44598584564464,57.83062487719249,38469000
2014-12-22,59.830753326416016,60.04871365,59.266611528102274,59.59355689840224,17871800
2014-12-23,60.63850021362305,61.01673213117655,59.65126174417048,59.952559,13706500
2014-12-24,60.11922073364258,60.42052279698586,59.60637042431223,60.401291582891545,6875700
2014-12-26,59.75382614135742,60.53592829295246,59.37559913841105,60.25385738163602,10585000
2014-12-29,59.66409683227539,60.17054027566385,59.54870459339002,59.83077559754368,9892100
2014-12-30,59.63202667236328,59.86922312956904,59.30508615277699,59.47175998556372,8743400
2014-12-31,59.266632080078125,59.70255776132781,59.01661638401824,59.247400855912325,11337200
2015-01-02,59.510231018066406,59.651266493775296,58.85634015631638,59.13841110773415,10220400
2015-01-05,57.88189315795898,59.23454382418125,57.37545005104148,59.04222192349644,18502400
2015-01-06,57.57419967651367,58.59991032556863,57.06775638855427,57.8498585575308,16670700
2015-01-07,58.15760422,58.64481655051681,57.69603515374676,58.11272971915897,13590700
2015-01-08,59.12558364868164,59.151222012539016,58.33706945892184,58.49733613325954,15487500
2015-01-09,59.04225158691406,59.47817720865713,58.57427555958715,59.17046788210412,14488400
2015-01-12,57.90755844116211,58.55503231,57.58061304195666,58.49092661759831,15176300
2015-01-13,57.696022033691406,58.6127479127537,57.12547287374554,58.26015915505575,17469000
2015-01-14,57.52933883666992,57.62549984417746,55.939495757559605,57.02289542868539,23272100
2015-01-15,57.02930832,58.11912494,56.74083018320978,57.97167740303609,18759600
2015-01-16,58.414005279541016,58.45887976,57.0421227962536,57.0421227962536,17713100
2015-01-20,58.39477157592773,58.83710922630252,57.939614741766654,58.42682687182066,16761000
2015-01-21,58.89481735229492,58.97174224941743,58.34349943180644,58.81147553,14276400
2015-01-22,59.53588485717773,59.599990569087886,58.54222920423739,59.17688406676676,13559000
2015-01-23,58.26655197143555,59.28585056772491,58.20244627962602,59.15763429315508,14706300
2015-01-26,58.82429122924805,58.93968344945848,57.99731446623187,58.08706342740092,10672500
2015-01-27,58.305023193359375,58.72171758933232,58.08065079274364,58.49093315128427,12301500
2015-01-28,56.381832122802734,58.29221364441774,56.29849518621421,58.26015834290936,17829700
2015-01-29,56.144622802734375,56.58054835470555,55.15096746059471,56.55490509977186,22683000
2015-01-30,56.04204940795898,56.68311610415879,55.29200254723339,55.87537558843157,22679900
2015-02-02,57.42676162719727,57.43316877332271,56.09334159041956,56.317713978590994,20306300
2015-02-03,59.13841629,59.18970281157205,58.215278470891256,58.27297703007918,21900900
2015-02-04,58.631961822509766,59.151224302360994,58.02295039283118,58.74735402813792,19632200
2015-02-05,59.20894241333008,59.32433465708392,58.78583588924848,59.22817363879696,12809000
2015-02-06,59.099098205566406,59.60289300838485,58.750316051054426,59.4866322902142,12331200
2015-02-09,59.137882232666016,59.60938565886656,58.93119694682497,59.03454205362845,11360700
2015-02-10,58.78265380859375,59.25415238156871,58.32407091212813,59.25415238156871,12952900
2015-02-11,58.51781463623047,58.66637196551779,57.99464368934433,58.14319609086672,12240600
2015-02-12,59.66106796264648,59.84837730351523,58.7891095,59.07330365911697,14843000
2015-02-13,60.30694580078125,60.358613422522566,59.60292086510555,59.87419435836824,12061000
2015-02-17,60.10025787353516,60.113173546458114,59.60937853045248,59.90648828533361,11758700
2015-02-18,58.78265380859375,59.415625440652384,58.38219884807024,59.415625440652384,19177900
2015-02-19,57.76858901977539,58.40156049651957,57.21312143860329,57.89776546423917,19350600
2015-02-20,58.07861328,58.09153388209397,57.38750896905915,57.74275157578755,15959900
2015-02-23,57.49085998535156,57.83964232757676,57.316466350356016,57.65233301817253,12771800
2015-02-24,57.75567626953125,57.98819784338563,57.568366950161554,57.697548339950735,9990700
2015-02-25,57.87193298339844,57.9365212098642,57.536071249117015,57.852557008235294,9925700
2015-02-26,57.25832748413086,57.60064945986496,56.89016923674976,57.56835288836497,13984000
2015-02-27,57.18727493286133,57.66523360518496,57.05809358374373,57.41333613411138,13090600
2015-03-02,56.86434173583984,57.17436718789217,56.41867460477818,57.05810641143112,13793700
2015-03-03,56.593074798583984,56.85142772934328,56.27658408120116,56.79329979825233,13493800
2015-03-04,56.308868408203125,56.81266341242704,56.14739539773314,56.81266341242704,13467600
2015-03-05,56.02466583251953,56.31532016392495,55.88256881642326,56.23781135666395,12527600
2015-03-06,55.307743072509766,55.93425924692816,55.10751808274284,55.81154308921587,16070500
2015-03-09,55.004188537597656,55.79217297,54.97835225525,55.62424453064066,14503800
2015-03-10,54.4228744506836,55.24315532068221,54.40995384801308,54.78457248120065,17195500
2015-03-11,54.267852783203125,54.85561696721423,54.25493710925117,54.85561696721423,13004700
2015-03-12,54.39704895019531,54.719995092214745,54.293703819420905,54.53268573851143,10792900
2015-03-13,54.17095947265625,54.371184399725166,53.40234647736924,54.190335442661045,16799900
2015-03-16,54.745826721191406,54.81041496,53.78344375178944,54.06763790949382,13516200
2015-03-17,54.30660629272461,54.803941017166565,54.26784941774085,54.603716052851226,12979700
2015-03-18,55.59195327758789,55.78572294989634,53.88679790123645,53.95784645256505,18745700
2015-03-19,54.51975631713867,55.22377636393611,54.46808376477762,55.023551383244325,12738500
2015-03-20,54.60371780395508,55.15918539480344,54.50683300503677,54.68768200154264,36083500
2015-03-23,55.17856216430664,55.40462341319713,54.90728866563804,54.91374403863089,17450700
2015-03-24,54.59080887,55.40463445436066,54.57789319208301,55.094608944889856,10174300
2015-03-25,54.81039047241211,55.26897315889697,54.75225764,54.93311151800822,11934700
2015-03-26,54.46161651611328,55.26898156463712,54.31305917896821,55.09459288237265,14400700
2015-03-27,53.98365402,54.28722404773252,53.82218102377352,54.28076374802063,11579300
2015-03-30,55.307743072509766,55.430464157988105,54.41641367882859,54.42932935362134,15653200
2015-03-31,54.90082550048828,55.12042643716285,54.55204319421216,54.80394070522846,13354000
2015-04-01,54.55204391479492,55.54671829892141,54.422867471252445,55.35294870584225,14522300
2015-04-02,54.44868850708008,54.86205892404548,54.158034198806114,54.31304687322712,11297400
2015-04-06,54.98479080200195,55.31419714141165,54.38411097261508,54.99771140310495,10916400
2015-04-07,55.385250091552734,55.6565236,54.74581826327311,54.90729129561,11836100
2015-04-08,54.29369735717773,55.48214158079493,54.26786107755926,55.417553345632,16257100
2015-04-09,54.67476272583008,54.72643527221757,54.13221084429194,54.25493191002092,13281800
2015-04-10,55.26253128051758,55.57256168355879,54.75227588603758,55.13981512178062,13372400
2015-04-13,55.12042999267578,55.70819417480415,55.05584176759147,55.49504859703679,9880500
2015-04-14,55.95361709594727,56.50262918821598,55.24313694613208,55.28834918490856,15693800
2015-04-15,56.89019393920898,57.18084349785289,56.28305361128864,56.28305361128864,15332800
2015-04-16,56.66411590576172,56.94184970491435,56.26366103,56.76099577821503,9570800
2015-04-17,56.14739608764648,56.425129866178125,55.650061377504606,56.283032826776086,14430100
2015-04-20,56.34762191772461,56.903089483379226,56.24428175059359,56.27657339692469,11593600
2015-04-21,56.11509704589844,56.59306068973091,55.992380912711226,56.43804305660225,10100500
2015-04-22,56.48971176147461,56.70931759626481,55.76631097,56.21843831358498,8663600
2015-04-23,56.54139709472656,57.08394411325608,56.39283973807253,56.42513631536084,9866100
2015-04-24,56.17324447631836,56.425142035854336,55.97301947457599,56.31534154636765,8405700
2015-04-27,56.19908142089844,56.58015545,56.03760837170547,56.45743928516048,10534600
2015-04-28,56.70932769775391,56.74807964642243,56.21844832763498,56.33470910140616,9633800
2015-04-29,56.754539489746094,56.88371593611057,56.16677532492696,56.51555764342971,12534100
2015-04-30,56.431602478027344,57.27125936931581,56.33471766386466,57.27125936931581,13947700
2015-05-01,57.387508392333984,57.452096612608585,56.64473153976268,56.741616334057255,12257100
2015-05-04,57.55546188354492,58.052796774543886,57.45211675266526,57.75568691491544,10343700
2015-05-05,57.23251724243164,58.188435089307376,57.17438437284521,58.11093116688173,11895000
2015-05-06,56.96122741699219,58.10445429670573,56.70286958444909,57.90422931717358,11273500
2015-05-07,56.58014678955078,56.90309283849544,56.14093996587542,56.838504614259634,9992500
2015-05-08,57.477935791015625,57.529608340952805,56.72224322730534,57.142074071955136,11390300
2015-05-11,56.514122009277344,57.67983221393068,56.42946332359081,57.653782240983055,11997800
2015-05-12,56.67041016,56.956954856159854,56.27967054543348,56.58575148,9788900
2015-05-13,56.37084579467773,57.132793787946206,56.26665088,56.83973533868173,8629400
2015-05-14,56.63785171508789,56.87880524260818,56.49457936438731,56.61180174509472,8791300
2015-05-15,56.88530349731445,57.06113950478802,56.396877872033805,56.52712768655541,8422200
2015-05-18,56.559696197509766,56.95694951,56.51410999667228,56.859263369945104,6395400
2015-05-19,56.65087127685547,56.79414362012328,56.14290930965033,56.31223162155987,9777100
2015-05-20,56.74205017089844,56.91788623720492,56.59878277977249,56.91137250216882,7276600
2015-05-21,56.79413986206055,56.943925929708335,56.63133129521534,56.83972606203629,8357400
2015-05-22,56.34477996826172,56.72249699114587,56.33175747060342,56.650860832718784,7598400
2015-05-26,55.58284759521485,56.24710938,55.37445281389188,56.03220086090517,11289000
2015-05-27,55.42656707763672,55.93452917787332,55.20514477045486,55.55030321895966,10778300
2015-05-28,55.42656707763672,55.726134342685874,55.237708481916094,55.42656707763672,8038900
2015-05-29,55.485164642333984,55.73263687523267,55.276769849038345,55.42004220102731,14631300
2015-06-01,55.4395752,55.66099744503838,55.22467165,55.51772510142578,9077500
2015-06-02,55.44607162475586,55.73912498630183,55.29629056210683,55.43304912872975,9328300
2015-06-03,55.32235336303711,55.90195150895602,55.26374465926991,55.50470314575669,8179500
2015-06-04,54.84696578979492,55.28329167579284,54.560421043874136,55.15955554123168,12607300
2015-06-05,54.88602066040039,55.35491010567092,54.69065337055296,54.78833453121521,11388500
2015-06-08,55.25724411010742,55.49168891816539,54.65810958663696,54.82091821,12244700
2015-06-09,55.08141708374024,55.63496543394157,55.022803393105335,55.543793,8105500
2015-06-10,55.491661071777344,55.98660041470257,55.35490249712477,55.90193679573509,10147000
2015-06-11,55.41352081298828,55.810774109173934,55.28327594836349,55.55028437992435,7759300
2015-06-12,54.71669769287109,55.14651466857561,54.61250279994212,55.08139223942965,8347300
2015-06-15,54.521331787109375,54.690654081998126,54.17617843221833,54.397595690630325,9563900
2015-06-16,55.1465072631836,55.19209345431648,54.31292835759818,54.57993177179873,9100100
2015-06-17,55.179080963134766,55.43957069197254,54.970686198950695,55.37444826,9090200
2015-06-18,55.667510986328125,55.98010067265041,55.17257151970712,55.224671456935326,10247800
2015-06-19,55.491661071777344,55.66749707384656,55.30280257291743,55.30280257291743,16129600
2015-06-22,55.465614318847656,55.74564521701155,55.335369469315744,55.60888663444628,9465100
2015-06-23,55.40050125,55.53725985688448,55.087906603615366,55.49818738913008,10223900
2015-06-24,55.1465072631836,55.57631921264762,55.13348476651228,55.283265836582245,11800100
2015-06-25,54.65809631347656,55.257230691453366,54.65809631347656,55.257230691453366,10259400
2015-06-26,54.61251831054688,54.768813178591365,54.371559788896576,54.59298207310685,19023300
2015-06-29,53.93521881103516,54.34549458788441,53.92219631256562,54.085004870310655,11739200
2015-06-30,54.18270111083984,55.28980259275998,53.92221132076383,54.53436828967159,14981100
2015-07-01,53.64218521118164,54.39761461456001,53.47286285738876,54.234805996669664,13529100
2015-07-02,54.14362716674805,54.234799584505375,53.75940125884559,53.91569612235472,9188000
2015-07-06,53.74636459350586,54.09151796861227,53.47936112104597,53.674728424877365,11694400
2015-07-07,53.96779251098633,54.202237275066935,53.06908592583608,53.52495295,15641500
2015-07-08,53.38168716430664,54.03943533154613,53.342614688330336,53.56403201022862,10057000
2015-07-09,53.14073944091797,54.15015500276032,53.12771693578616,53.96781011976244,11980500
2015-07-10,53.544471740722656,53.72030277222499,53.21885467099656,53.45980812273967,8628700
2015-07-13,53.67472839355469,53.798464497208656,53.44679738828943,53.47284735582307,8026700
2015-07-14,54.12407684326172,54.26083543430421,53.57052874565461,53.64867367280871,9310200
2015-07-15,53.89614486694336,54.325956863954346,53.66170015274727,53.79845874127453,9289200
2015-07-16,53.99381637573242,54.365019577965874,53.92218023420303,54.16964738,8267600
2015-07-17,53.79848098754883,53.94826213612416,53.26446891073172,53.73335853301499,12156000
2015-07-20,53.244930267333984,53.668233655479895,53.14073036996441,53.49891130651662,12957100
2015-07-21,53.17979431152344,53.68124252683664,53.03000823922175,53.35562538,8677100
2015-07-22,53.26445388793945,53.70729340980507,53.12769528143258,53.62914350529111,13181500
2015-07-23,52.84113693237305,53.38166245293987,52.730428322672985,53.225367652862005,10496100
2015-07-24,52.05968475341797,52.85419159616098,51.91641237606764,52.85419159616098,14888500
2015-07-27,51.61684036254883,52.18341111538429,51.427981788762274,51.59730412535095,14996100
2015-07-28,53.71379852294922,53.837529641249965,51.81870463296519,51.90336328954176,19777300
2015-07-29,54.14362716674805,54.18269964049429,53.34261164380519,53.51844274418743,13913800
2015-07-30,54.058963775634766,54.26084483043889,53.67473293267436,54.16967242,11139900
2015-07-31,51.58427429199219,53.18631025965025,51.40192946179885,53.18631025965025,26232700
2015-08-03,50.83536148071289,51.40193726209839,50.555330457985534,51.25215114683852,15767700
2015-08-04,50.255741119384766,51.19351994047741,50.09944630537685,50.71811679686168,18874400
2015-08-05,50.255741119384766,50.94605273758798,50.07991007469118,50.71160803231483,16544400
2015-08-06,50.85488128662109,50.96559488756943,50.08642962494749,50.10596585790216,13005200
2015-08-07,50.03433609008789,50.77674284844762,49.89757747339255,50.50322561505693,12187600
2015-08-10,51.28470230102539,51.2847023,50.20365095334424,50.20365095334424,14876000
2015-08-11,50.93632125854492,51.31757252208327,50.17382374648051,50.62080677597078,14486400
2015-08-12,51.790863037109375,51.84345046986386,50.58795184167195,50.90347142318526,16492400
2015-08-13,51.69882583618164,52.11951517297473,51.44903809463967,51.48190648642545,13154100
2015-08-14,51.50819778442383,52.11293805086383,51.435891337891626,51.69224873377407,9129300
2015-08-17,51.77769852,52.04720526957159,50.91002619,51.22554567957141,9365400
2015-08-18,51.20581055,51.71195048852173,50.99546595859174,51.61992504458596,9815300
2015-08-19,50.10807800292969,50.99546913327447,49.91087774507045,50.949456408442096,17010100
2015-08-20,49.01692962646485,50.07522769457715,49.01692962646485,49.95690850016047,17811200
2015-08-21,47.41304397583008,49.22726979,47.37360591964863,48.70798031391805,25488800
2015-08-24,45.17155075073242,46.92003945349931,43.74515114834158,44.69169943,35531200
2015-08-25,45.16497421264648,46.95948058521618,44.82973576644995,46.87402479627743,30409700
2015-08-26,47.65625381469727,47.82058572440312,45.45420722764122,46.42704932469321,34436000
2015-08-27,49.20097351074219,49.2272672184962,47.99149304412977,48.51078248849444,24571000
2015-08-28,49.34558868408203,49.94375927944642,48.91175502355362,49.10895031833482,18997300
2015-08-31,49.45732116699219,49.661096108261205,48.18210918926613,48.82628735002228,19570100
2015-09-01,47.380184173583984,48.21498818745396,47.00550756656949,48.18212480982864,24092900
2015-09-02,48.13609313964844,48.14266280358242,47.32757814,48.02434365763244,16936900
2015-09-03,48.50419235229492,49.24040088978367,48.20839199557597,48.40559223,13451900
2015-09-04,47.62994384765625,48.076926690067744,47.49190569242758,47.93888853483907,14902500
2015-09-08,48.31357192993164,48.45818478436856,47.96518915243048,48.45818478436856,13626900
2015-09-09,47.327579498291016,49.08921738021672,47.22897937133409,48.88544746218031,17246200
2015-09-10,47.66938400268555,47.97175903994701,47.196112455908064,47.86000956312847,12353900
2015-09-11,47.78114318847656,47.80086221338949,47.33416023540812,47.59051758929914,12172300
2015-09-14,47.64967346191406,47.70883555017173,47.16982715110028,47.53135430041002,10738500
2015-09-15,47.89289093017578,48.18868635400965,47.59709550634191,47.61681453259593,11979800
2015-09-16,48.83942794799805,49.10235489664674,48.22811326387067,48.32013869889973,15214200
2015-09-17,48.944610595703125,49.60851285,48.54364037405529,48.91174722598481,15603000
2015-09-18,47.77456665039063,48.35301309038856,47.406464826302056,48.15581783391735,23180200
2015-09-21,48.24127578735352,48.38588867,47.80744214656394,48.05065016722968,10853000
2015-09-22,47.81401824951172,48.32673308265957,47.34074147583289,47.55766083,14245200
2015-09-23,47.52478027,48.11637101164584,47.51820559423206,47.8994567479745,13784800
2015-09-24,47.80744552612305,48.08352195477909,47.14354314910628,47.32759410154364,14584200
2015-09-25,48.13609313964844,48.33328837289131,47.82714842438956,48.175531183294886,15175300
2015-09-28,47.72197723388672,48.28727930566232,47.59051373510631,47.73512659277137,14571900
2015-09-29,47.96519470214844,48.10980757,47.41961160274207,47.75485007545112,13754400
2015-09-30,48.87230682373047,48.87230682373047,48.20183486781688,48.24784759993828,18176500
2015-10-01,48.68167495727539,49.68081560492488,48.18210964846168,49.43102794,14397800
2015-10-02,49.878028869628906,49.89117823,48.00464574738312,48.24128414335236,18811300
2015-10-05,50.48932647705078,50.712820447281125,49.818854596382,50.38415667900971,18486700
2015-10-06,51.1992416381836,51.63964988594037,50.127799554459386,50.58792682599466,18757900
2015-10-07,52.06034469604492,52.119506788739685,50.96260879115754,51.90916215418036,18666300
2015-10-08,52.60592269897461,52.65851010625229,51.62650606,52.13264606349784,14344700
2015-10-09,52.09978103637695,52.69794647632896,51.67909182,52.61907038293499,17384700
2015-10-12,52.12607955932617,52.31670015,51.74482835596394,52.31670015,9931800
2015-10-13,52.03404235839844,52.29039965781617,51.59362916387662,51.74481668110239,12326600
2015-10-14,52.69139099121094,52.90173565521725,51.78427555298617,51.90916942115042,14486000
2015-10-15,53.55906295776367,53.59192633360602,52.520483992908495,52.71110962683855,13640900
2015-10-16,54.21638870239258,54.22953304925371,53.53933698625835,54.07177581185929,14304400
2015-10-19,53.23697280883789,54.01261975065816,53.08579023548183,53.90744991897735,14155800
2015-10-20,53.13178634643555,53.28296887247013,52.71766678596877,52.94773543734416,12340100
2015-10-21,52.724246978759766,53.34213653675796,52.65851522078396,53.15151092811997,10274900
2015-10-22,54.48588180541992,54.53189453465978,53.02004413462778,53.03318847940572,14823500
2015-10-23,54.54505539,54.55819973695232,53.82856558023305,54.170378796630544,13215700
2015-10-26,53.38814163208008,54.38070758507426,53.35527325028792,54.24266439355592,12576400
2015-10-27,53.302696228027344,53.34871397750436,52.40873524627885,52.960888059859855,13579400
2015-10-28,54.084903717041016,54.28210396509477,53.19751263,53.447295265345936,12473000
2015-10-29,54.05204772949219,54.70280061286847,53.76282199687548,53.76282199687548,10341200
2015-10-30,54.38727951049805,55.13663250841197,53.41443755514121,54.20980328,18758600
2015-11-02,56.05689239501953,56.484156303489925,53.96001591568765,54.09805911374105,21266500
2015-11-03,57.08889389038086,57.47671973350143,56.254090149782506,56.30667755478376,20115900
2015-11-04,56.51702117919922,57.24008043288295,56.332965264888216,57.03630549579134,14245400
2015-11-05,55.74795150756836,56.68136050020067,55.54418155872466,56.23437753676077,12291100
2015-11-06,55.52446746826172,55.52446746826172,54.70280790472052,55.16950993501048,12491700
2015-11-09,54.33759307861328,55.43163962932791,54.23813844023677,55.40511670618407,13551200
2015-11-10,54.60282516479492,54.77522166084982,54.27792816197422,54.32434201952004,14238000
2015-11-11,54.11877441,54.74204524804665,53.97290090225905,54.649217569395205,9598000
2015-11-12,52.65341567993164,53.89333037183458,52.5937378549252,53.42256000030584,16050600
2015-11-13,51.78482818603516,52.76615624046472,51.67874153780903,52.567236819285576,17527300
2015-11-16,53.64135742,53.70103017387002,51.65881674108406,51.67870765841573,14548100
2015-11-17,53.01810073852539,53.628112696490426,52.799290451843525,53.51539408531353,10011700
2015-11-18,53.53527832,53.64136998256084,52.77276093877145,52.97168027612264,10884600
2015-11-19,53.24354172,53.56180661880195,53.071145278414456,53.38278324417726,9453300
2015-11-20,52.90538406,53.6679015684504,52.81255637362106,53.422568353912936,10144400
2015-11-23,53.23027801513672,53.515393064204254,52.42134671039957,52.77939852030271,11868400
2015-11-24,54.29116821289063,54.60280617319102,53.17723096050267,53.27669063743056,15055500
2015-11-25,53.87347030639648,54.48348254069328,53.77401058023832,53.90662523469315,8980400
2015-11-27,53.86019515991211,53.88008608741077,53.34963774670511,53.429206515430046,4156600
2015-11-30,54.145301818847656,54.801727617646485,53.87344569545581,53.98616430620045,17729200
2015-12-01,54.29780578613281,54.45693825033078,53.88670810666409,54.21161008859429,13917000
2015-12-02,52.74625015258789,54.13203853005214,52.66004940077366,53.91322824138003,16300000
2015-12-03,51.990360260009766,52.94515997372554,51.73176308519832,52.85896428794115,14870300
2015-12-04,52.28874588012695,52.36831464848075,51.075348721065495,51.28752704461201,20156400
2015-12-07,50.92283248901367,51.38697085,50.22661989275138,51.27425225444425,17676100
2015-12-08,49.48400115966797,50.62446137047155,48.92703504298501,49.9083577415396,24217600
2015-12-09,50.14705276489258,51.181426231989576,49.55030487312872,49.62323656716723,22036300
2015-12-10,50.18685150146485,51.386984620253926,50.07412781959847,50.25978827,20142400
2015-12-11,49.29172134399414,50.08739385093826,49.29172134399414,49.609991358517846,20473100
2015-12-14,50.41228103637695,50.53826363045241,49.12594735417702,49.265193936433725,21976500
2015-12-15,52.66668701171875,52.77940563594145,51.27426649130216,51.34057126680198,24366800
2015-12-16,52.48104095458984,52.78604702314172,51.71852325384465,52.40810417094363,17233900
2015-12-17,51.69197845458984,52.53406457901572,51.68534646104704,52.394818008261154,17362900
2015-12-18,51.24109649658203,52.235683012614224,51.095223,51.43338383006236,28836000
2015-12-21,51.22786331176758,51.78482961244112,50.82339752063177,51.57928324796367,14460500
2015-12-22,51.486427307128906,51.65219171889768,51.19468032362277,51.51957715424563,13855800
2015-12-23,53.17061614990234,53.19050708,51.93069602007783,52.16939727564544,15184200
2015-12-24,52.60037612915039,53.22364702,52.46113459914813,53.22364702,5848300
2015-12-28,52.209171295166016,52.28874005465508,51.658837149571525,51.798078684630106,9715800
2015-12-29,52.48765182495117,53.09766371652853,52.27546849703317,53.03798589086935,8839000
2015-12-30,51.79145431518555,52.37494346,51.698626611479575,51.93069587,9314600
2015-12-31,51.68536376953125,52.01026579845716,51.34057587077523,51.39362171942402,10285500
2016-01-04,51.36045455932617,51.678724516639576,50.69739678542514,51.38697747732974,20400100
2016-01-05,51.79808807373047,51.81134700668382,51.00241551080258,51.181443987421865,11993500
2016-01-06,51.36708068847656,51.47979928307461,50.78358667647953,50.81674158488073,18826900
2016-01-07,50.54490280151367,51.71188099070103,50.32609249401729,50.43217912088432,21263800
2016-01-08,49.52379608154297,50.82338895617947,49.39781346197376,50.62446956304181,19033600
2016-01-11,48.86072540283203,49.80889815248985,48.11146693555402,49.735961397998565,21353000
2016-01-12,49.86194610595703,50.00781963594526,48.502680608410685,49.14584750405166,21864100
2016-01-13,50.16031646728516,51.09522520214353,49.68954610310416,50.29292598498474,26052700
2016-01-14,52.46114730834961,52.99159063799697,50.25979509642273,50.53164622788672,33806700
2016-01-15,51.44002532958984,51.83122700333498,50.59131215512691,50.61120307972688,28342100
2016-01-19,50.65761184692383,51.87763564827221,49.85531259650318,51.67208936969763,22684500
2016-01-20,48.52256774902344,50.206735089721576,47.44178540644531,49.77574652802575,33300800
2016-01-21,49.13259506225586,49.72271625682678,48.144640093406814,48.50932400408812,22265600
2016-01-22,50.77033615112305,50.90294568921792,49.543680218191895,50.670876468187096,22530300
2016-01-25,49.05302429199219,50.61783623807013,48.99997844738476,50.22663451623319,17086600
2016-01-26,50.85655212402344,50.90296598673709,49.23206187031382,49.57684984208218,18724700
2016-01-27,49.92161560058594,51.367081610956255,49.54367290817726,50.39238597,18106100
2016-01-28,51.04881286621094,51.49306538689873,50.14042701992637,51.28751405207248,16157700
2016-01-29,51.61904525756836,51.61904525756835,50.55815386043941,50.87642381,25161900
2016-02-01,50.58468627929688,50.91621521934307,50.02108809296436,50.83001951607392,16754200
2016-02-02,49.45747756958008,50.140431334902914,48.76790193,49.19225850355775,21404200
2016-02-03,52.03676986694336,52.06991971628889,49.23866559876168,50.08074664132319,25873700
2016-02-04,52.93191909790039,53.04463773900036,51.42677466916697,52.10309663322851,23658700
2016-02-05,53.0976791381836,53.11093807,52.09646026837528,52.64679955,26719900
2016-02-08,53.81377410888672,54.224866712133085,52.32189404134647,52.58048618168841,26601200
2016-02-09,53.57960510253906,53.97435748,52.64958990914214,53.51269852621844,18418100
2016-02-10,53.091190338134766,54.496249201944536,53.04435521,53.37220108996756,16610900
2016-02-11,53.258445739746094,53.62643956198544,51.906914537842894,52.41540859538972,19331600
2016-02-12,54.21522903442383,54.24199268775682,53.39895547402491,53.57960885786135,16767200
2016-02-16,54.34235000610352,54.76386602104537,53.71341697347916,54.663503606636986,15912200
2016-02-17,54.864200592041016,55.38607875653969,54.302179524009176,54.63002514702775,17006700
2016-02-18,55.165313720703125,55.57345048583834,54.77056133406285,55.46640098110249,14873700
2016-02-19,55.198768615722656,55.23222445674156,54.13494025263089,54.99135669441047,13615900
2016-02-22,55.12515258789063,55.82768419214711,54.99802655739927,55.198751331370566,14595200
2016-02-23,54.34904098510742,55.11178715020052,54.114860321819485,54.857535025406605,11041600
2016-02-24,54.543067932128906,54.71033691574696,53.30527847428422,53.46586037390143,13777500
2016-02-25,54.87090301513672,54.911045926159616,53.53943861359203,54.56981586853654,13706400
2016-02-26,54.69696044921875,55.586832712834486,54.656817524577136,55.45970664527666,14343300
2016-02-29,53.62643814086914,55.13185902071775,53.55953156713808,54.78393666988522,18903600
2016-03-01,54.38248443603516,54.71033017422831,53.7401722306462,53.90074900583253,15730600
2016-03-02,55.33257675170898,55.345961128760415,53.73348570522412,54.16169388727438,14094400
2016-03-03,55.13184738,55.34595143511738,54.55644178062118,55.30580852028236,13216200
2016-03-04,55.05826187133789,55.51323373254117,54.70365242599384,55.30582181650473,18402700
2016-03-07,56.51015090942383,56.51015090942383,55.00473010757138,55.071636677836,18945600
2016-03-08,55.285743713378906,56.34288493571806,55.18538640495285,56.2023795992772,14003900
2016-03-09,55.13184738,56.10200525748887,55.02479280250736,55.68048934,14139300
2016-03-10,54.984649658203125,55.30580828947284,54.14830490500866,55.14522642151636,15898300
2016-03-11,54.99135208129883,55.88791137337486,54.87091821023623,55.68049946946204,15370200
2016-03-14,55.13855743408203,55.29244206057109,54.20853706704597,54.51631652931399,13344600
2016-03-15,55.412864685058594,55.43293614489946,54.54306399123269,54.5965912872376,9213000
2016-03-16,55.44630813598633,55.640340712179416,54.82406749669222,55.54666541277347,11492100
2016-03-17,56.26927947998047,56.65734470854952,55.34595661977761,55.988268840524434,13673900
2016-03-18,56.336204528808594,56.60383598475272,55.70058428750604,56.597143794576624,19637000
2016-03-21,55.94813919067383,56.29605648,55.86784822979714,56.09533162864696,8385400
2016-03-22,56.28268051147461,56.777795371030486,55.54000566981815,55.58684079,13005100
2016-03-23,56.03509521484375,56.40308892676857,55.88120554313619,56.10869395722871,12748900
2016-03-24,56.188995361328125,56.22244609,55.48646363655737,55.49315582474256,9368300
2016-03-28,56.34955596923828,56.44322615836568,56.00163374850008,56.222429953432886,7490400
2016-03-29,56.55698394775391,56.61051124386288,55.64035324894628,55.9815782761922,9977900
2016-03-30,56.55027770996094,56.904892130097885,56.20236058097859,56.89150775707396,10807000
2016-03-31,55.92803955078125,56.93834536,55.92803955078125,56.249198157160095,13896900
2016-04-01,55.50652694702149,55.79422974101698,55.12515395076169,55.13184613796434,12235300
2016-04-04,55.64036942,56.13548428653732,55.38611723721443,55.57345772,8050200
2016-04-05,55.00474166870117,55.62029041,54.85754412039394,55.27237311065568,10446800
2016-04-06,55.74071502685547,55.84107743896248,55.06495200159988,55.32589121,9320200
2016-04-07,55.11180114746094,55.64705897,54.89769699594527,55.37274042260049,8267100
2016-04-08,55.67379760742188,55.834374372723296,55.432929907148086,55.734017084812,9376200
2016-04-11,55.74738693237305,56.36293534918917,55.72062329190594,55.754079118650445,9925000
2016-04-12,56.4365463256836,56.62388674494597,55.78085485826526,55.99495892379992,9986100
2016-04-13,56.75770568847656,56.81123298169276,56.22913515341484,56.53690943244249,9235700
2016-04-14,57.15916442871094,57.47363097395145,56.71088472,56.87146153675099,10625800
2016-04-15,56.851375579833984,57.31303954810319,56.72424953532076,57.07217183,11280200
2016-04-18,57.393348693847656,57.44687600850386,56.10872376997294,56.85139867072925,9097000
2016-04-19,57.68103027,57.74793683966336,57.01864658990706,57.440162551309385,10354500
2016-04-20,58.075801849365234,58.5040101,57.52046751549201,57.69442871380128,15247100
2016-04-21,58.06911087036133,58.77163765860194,57.921913322926585,57.93529259785468,12075300
2016-04-22,58.56420135498047,58.6378001,58.08915817064601,58.37016876904504,9150800
2016-04-25,58.43040466308594,58.47723977598086,57.77470798,58.26982275775094,8076400
2016-04-26,58.63111114501953,58.83852811640104,58.24973813911587,58.711402079552045,9425900
2016-04-27,59.18646240234375,59.360423591805656,58.43040835931456,58.84523221272669,10463500
2016-04-28,58.898738861083984,59.40054568555711,58.54412952186584,58.78499720598439,11276200
2016-04-29,59.14629364013672,60.06961628000508,58.704701222389325,59.33363402,17885900
2016-05-02,59.634727478027344,59.86890810455037,58.93220091238887,59.039250391829405,10273700
2016-05-03,58.95226287841797,59.30018001138351,58.450456081771335,59.14629545234513,10137400
2016-05-04,58.83853912353516,59.37379680662123,58.61105065212428,59.07940686754938,10601100
2016-05-05,58.90544509887695,59.52768591,58.62443443525628,59.38718058202337,8721100
2016-05-06,59.21990966796875,59.333651346487365,58.51737792720025,58.51737792720025,7968400
2016-05-09,59.26005172729492,59.38717778064078,58.36349247956553,59.280123187371856,11159500
2016-05-10,60.21013641357422,60.2168286,59.42731886686783,59.48084616185045,12509100
2016-05-11,59.92001724243164,60.50700723240168,59.85929680254418,60.15616601322488,11660200
2016-05-12,60.50025939941406,60.67568258451002,60.14941817676712,60.58797356573453,10720500
2016-05-13,59.81880569458008,60.49350458047856,59.71759983218651,60.23711570940898,9721100
2016-05-16,60.43277740478516,60.50024626208077,60.04819925590192,60.18313697049315,8638700
2016-05-17,60.40581130981445,60.66220026950344,60.15617593,60.23038809753448,9835600
2016-05-18,60.28435516357422,60.722910547034,59.81206791833748,60.58797280483633,9680300
2016-05-19,60.79713821411133,60.83087522918463,59.67713520226359,59.78508953246155,14397900
2016-05-20,60.547489166259766,60.99279299434681,60.30459710503867,60.98604456277259,13191900
2016-05-23,60.45303726196289,60.65544904740344,59.92677279687209,60.048218838627314,11766100
2016-05-24,60.50025939941406,60.99279194495638,60.41929881209668,60.64869400622257,10056600
2016-05-25,60.89833450317383,60.97255180658838,60.446282251227466,60.62170543634777,9578400
2016-05-26,60.58798599243164,61.03328476,60.23039111743831,60.891598552233226,7867900
2016-05-27,60.72964477539063,60.75663334702725,60.26410092286041,60.31807806613365,7505900
2016-05-31,60.06172561645508,60.85787094592495,59.86606736169059,60.72293315349148,13178800
2016-06-01,60.21013641357422,60.35182258373893,59.46122012302877,59.66363187900394,7994800
2016-06-02,59.73112106323242,59.73112106323242,59.11039901686462,59.51521751895029,9837500
2016-06-03,59.62314987182617,59.933510780528046,59.3937495451498,59.67037859385592,9367100
2016-06-06,60.27761459350586,60.385568919379146,59.8390643,59.96051034323065,8573000
2016-06-07,61.201942443847656,61.34362860866823,60.52724347943852,60.55423205572024,12889100
2016-06-08,61.25594711303711,61.60004518076966,61.08052386217682,61.41787349592135,9983000
2016-06-09,61.17496490478516,61.41785698759873,60.79713506376205,60.84436379388994,8974300
2016-06-10,60.70941925048828,61.34363282024479,60.57447635981514,60.992791599584486,10353800
2016-06-13,61.12098312,61.68773299003213,60.52050139429585,60.668936005636944,11370000
2016-06-14,61.01305008,61.30991938048422,60.6217233,61.0265418,10161000
2016-06-15,60.830867767333984,61.33014361439112,60.72291345037831,60.87809649411581,10655800
2016-06-16,61.54604721069336,61.66074481200478,60.12243182545463,60.52050178796315,12824800
2016-06-17,61.20871353149414,61.79569855337679,60.85112377160092,61.72822966147087,17483200
2016-06-20,61.47858047485352,61.79568471,61.44484346268473,61.59327808015483,9388500
2016-06-21,61.75519561767578,61.82941291583946,60.891581763637966,61.20869110169286,8557500
2016-06-22,61.512306213378906,62.02507889151366,61.404357050771225,61.96435330516666,8785400
2016-06-23,61.93736649,62.11953294,61.52579970886608,62.02507549713605,9464500
2016-06-24,60.31132507324219,61.26265284816762,60.14939880321735,60.64192604257635,20010500
2016-06-27,59.953758239746094,60.11568457109498,59.44773395017872,59.98074681956179,14169400
2016-06-28,61.33687973022461,61.35037144336249,60.39904351950249,60.540734818942845,13254300
2016-06-29,62.38265609741211,62.54458238281008,61.478562094100994,61.67422538158112,13920600
2016-06-30,63.24625778198242,63.30698334466689,62.27469510691637,62.29493524529691,14073700
2016-07-01,63.31376647949219,63.40822909730025,62.79425039305118,62.98991377,9946300
2016-07-05,62.76049805,63.15182469811935,62.24098208732598,62.82797206,10744100
2016-07-06,63.48243713378906,63.50268243113738,62.36918771428065,62.98316123099077,13144400
2016-07-07,62.72001647949219,63.75230509390905,62.30844969043721,63.651099217535005,12240700
2016-07-08,63.1113510131836,63.27327734709984,62.693035740725854,63.010145124156445,9807600
2016-07-11,63.34749603271485,63.69834243596177,63.185569695279206,63.25303857358193,8335700
2016-07-12,64.06267547607422,64.06267547607422,63.48243385647511,63.87376055760855,9870800
2016-07-13,64.01544189453125,64.04243047334444,63.49592590812637,63.86026400078677,9458200
2016-07-14,64.06267547607422,64.45400217720766,63.840028692194224,64.13014950199378,9293500
2016-07-15,64.17738342285156,64.46750425611869,63.85352557,64.39328693964016,10334500
2016-07-18,63.97495651245117,64.19760840929467,63.69158417876562,64.04242538034612,9865900
2016-07-19,63.73883056640625,64.05593999569919,63.55665891,63.934493940811386,5901800
2016-07-20,63.37448120117188,63.705082290336,63.286772178855536,63.59038468864265,7383800
2016-07-21,63.320499420166016,63.59712847792803,63.05736722487985,63.347487997572905,6854600
2016-07-22,63.42847824,63.61739320827414,63.23281483981368,63.49594713678416,7139700
2016-07-25,62.20726395,63.16534071905763,61.91039979998357,63.06413480992978,10845900
2016-07-26,61.75519561767578,62.09254510113084,61.47182328698424,61.82266448485787,12143500
2016-07-27,61.33687973022461,61.94410462476728,61.14795971348552,61.74169804243444,10037900
2016-07-28,60.85786437988281,61.21545927158906,60.45979433186964,61.08726477932557,12439200
2016-07-29,60.01445388793945,60.05493931470856,58.10506026966316,59.11036000160533,23928100
2016-08-01,57.929649353027344,59.47471048873175,57.74747776304024,59.42748177050255,22908400
2016-08-02,58.72579574584961,58.914710623481945,57.74073592137788,58.327720698657735,18919200
2016-08-03,59.029396057128906,59.029396057128906,58.42891454215659,58.70554351857071,14632900
2016-08-04,59.02268600463867,59.13738362880409,58.71906828782023,59.036177723197945,13451400
2016-08-05,59.07664871,59.25882034303659,58.80002477116432,59.19135147,9617300
2016-08-08,59.77157974243164,59.97399149401047,59.39374996353213,59.40724682566121,10492700
2016-08-09,59.845802307128906,59.88628774953364,59.49496107,59.791830296497785,9654600
2016-08-10,58.79790878295898,59.82538842088244,58.52572672,59.73012547685565,12714800
2016-08-11,59.00885391235352,59.383099750382286,58.695846320178994,58.98844116373543,11616000
2016-08-12,59.77775955200195,59.86622171205129,59.13133166203578,59.17215715655621,9986900
2016-08-15,59.75054550170898,60.22005949120686,59.63486979721991,60.16562203,6432600
2016-08-16,59.82537841796875,60.00229750934064,59.45113268370694,59.76414018909399,6817900
2016-08-17,59.95466995239258,60.00230141954594,59.648468405183934,59.82538231664466,7104600
2016-08-18,60.49903869628906,60.51945144215308,59.96148055895923,60.138394484074645,10342700
2016-08-19,59.74373245239258,60.38335428158955,59.73692647368944,60.30850409017703,8615300
2016-08-22,59.87299728393555,59.94784745332647,59.09728206610152,59.41028950562761,8235400
2016-08-23,59.68929290771485,59.89342553866822,59.58041802,59.770943883520005,6514800
2016-08-24,59.89342117,59.98868929032518,59.437519286612215,59.53958819036944,7985400
2016-08-25,59.51238250732422,59.90024027341765,59.36268210787741,59.89343429395882,6935300
2016-08-26,59.383087158203125,59.95466995551373,59.199367268156486,59.62805047255902,6474400
2016-08-29,59.77095031738281,59.82538776807299,59.22659138480414,59.22659138480414,7027200
2016-08-30,59.55322266,60.04995545,59.45115889645757,59.79138527294572,6441100
2016-08-31,59.29463195800781,59.34226342657388,58.66861688787076,59.29463195800781,12491400
2016-09-01,59.09050750732422,59.09050750732422,58.58016800364605,59.00885650925852,8434700
2016-09-02,59.48515319824219,59.594028084449135,59.151732944253936,59.48515319824219,7099600
2016-09-06,60.26768875,60.31532023,59.64847956240427,59.77095605104444,9851200
2016-09-07,60.04313278198242,60.33572759210269,59.85941287397252,60.32212082505943,7470400
2016-09-08,60.59431838989258,60.81206305837481,59.90705967097204,60.25409202092393,9579500
2016-09-09,59.09050750732422,60.32893635336746,59.063293968930246,60.32893635336746,12820200
2016-09-12,59.396705627441406,59.682494461709496,58.94760443807058,59.04967336214951,10889000
2016-09-13,57.981353759765625,58.83872532,57.892896808478106,58.831919338669785,13214300
2016-09-14,57.566287994384766,58.40324696,57.34173739405609,57.86568879482299,13957000
2016-09-15,57.89290237426758,58.28076010787867,57.51184542810452,57.613914345673926,9062600
2016-09-16,57.17842864990234,57.87249317879381,56.858615111240695,57.505048167870285,21538400
2016-09-19,57.04232406616211,57.57988207,57.02871211140248,57.55266334941587,7929100
2016-09-20,56.16456604003906,57.12400163995687,56.164566040039055,56.974306407943466,17522000
2016-09-21,56.68169403076172,56.899438618126176,56.008042333325015,56.35507455399479,15055900
2016-09-22,56.84500503540039,57.532263544983614,56.73613013860111,57.34853845449503,10738500
2016-09-23,56.78375625610352,57.368945792642286,56.198566719564745,56.25981014110223,12667100
2016-09-26,56.51837539672852,57.49822852636762,56.429918452529385,56.83138288170992,10860300
2016-09-27,56.640872955322266,56.70891717701589,55.99444506207084,56.19857772715171,9595000
2016-09-28,59.131324768066406,59.35587534463159,56.70891028,56.79056644822728,28117900
2016-09-29,58.83192443847656,59.33545785,58.30117230186292,59.17895667835501,19082900
2016-09-30,59.389896392822266,59.75053540555138,58.96121316491724,59.09049561631923,15961500
2016-10-03,59.23338699,59.33545070628166,58.88635479531808,59.15853680967425,7111200
2016-10-04,58.68904876708984,59.53961469125056,58.56656707,59.45795849361187,8222000
2016-10-05,59.19937133789063,59.31504702444413,58.99523349808016,59.08369565133712,8796200
2016-10-06,59.22660446166992,59.51919933443147,58.81833387423205,59.36949890770107,7718300
2016-10-07,59.022438049316406,59.47153911247707,58.804693495146296,59.16533242629307,6614900
2016-10-10,60.179229736328125,60.33573092746183,59.54640860929223,59.56682135670607,10060000
2016-10-11,59.70291519165039,60.00912200483284,59.403519550142754,59.93427179659548,9309000
2016-10-12,59.2878418,59.68931158884792,58.97483417829789,59.34908523933688,8172600
2016-10-13,58.89999008178711,59.11093397056728,58.13108032097396,58.75709562312852,9890300
2016-10-14,58.88636779785156,59.56682038827077,58.845542303687616,59.32866301991231,7991700
2016-10-17,58.88636779785156,59.05648094545637,58.56655424972393,58.845542303687616,7263100
2016-10-18,59.04287338256836,59.42393039175536,58.77749726786118,59.31505547729003,5429300
2016-10-19,59.315067291259766,59.77777538701315,59.11773536306937,59.32867925,9373400
2016-10-20,59.342281341552734,59.53961325416819,58.92720476526543,59.05649244387888,6866900
2016-10-21,58.94079208374024,59.0768804948456,58.314771894911225,58.80469848119475,10736200
2016-10-24,59.13814926147461,59.41713218124951,58.56656626867353,59.02246835,8354900
2016-10-25,59.00885391235352,59.64167507672246,58.92719772643951,58.9748292,6835900
2016-10-26,59.260623931884766,59.50558732,58.48490825897984,58.68904614824626,8488100
2016-10-27,59.14493560791016,59.6484742430309,59.0632846227649,59.38989894622807,9071100
2016-10-28,57.688777923583984,58.76389441406486,57.25328861959412,58.02900427,19072200
2016-10-31,56.69530106,57.43019098841958,56.47075048906742,57.076352787681294,16663800
2016-11-01,56.91986083984375,57.10358075700132,56.66128553017735,56.81779191,13050600
2016-11-02,56.78375625610352,57.07635102,56.43672923600566,56.68169253927493,11226100
2016-11-03,56.92667770385742,57.07637294317296,56.51160112455329,56.940284474179805,8836500
2016-11-04,56.865421295166016,57.38256670404231,56.31425637251803,56.90624678826849,13877100
2016-11-07,58.14467239379883,58.15828435295925,57.43020028111659,57.491438523014494,13576200
2016-11-08,58.56342697143555,58.920398406280384,58.00051531255929,58.16527378,9735200
2016-11-09,59.208717346191406,59.52449654354849,57.43074214505707,57.69846810015135,15901300
2016-11-10,59.75790786743164,60.40319358142136,58.80370393,58.97532342047838,14106100
2016-11-11,58.81056213378906,59.53823229023504,58.27511019431713,59.400933563825006,13812200
2016-11-14,58.54284286499024,58.79684160986387,57.89069086148125,58.556575357908535,12607500
2016-11-15,59.600006103515625,59.76475931931583,58.87920227359801,58.87920227359801,12883500
2016-11-16,58.86548996,59.57256147926456,58.74878995380169,59.54510173009425,8201200
2016-11-17,58.50850677490234,59.6411909854932,58.36434182409722,59.33914430679369,8200500
2016-11-18,58.54284286499024,58.79684160986387,58.23392986067787,58.49478961459917,8457800
2016-11-21,59.37346649169922,59.51076520116624,59.13320029689475,59.33914574239015,8861500
2016-11-22,59.50390625,59.88833220880796,59.016507555822514,59.51077249566754,9390200
2016-11-23,59.66864776611328,59.77848672557961,59.24989589861513,59.40778809349552,5996300
2016-11-25,59.80595397949219,59.81968123244525,59.40779555751672,59.52449553855453,5042300
2016-11-28,59.35975266,59.81282540514132,59.29110590348644,59.6892591573996,7449600
2016-11-29,58.96845245361328,59.09201868468251,58.40554078705584,58.63894075829176,9181100
2016-11-30,59.92952346801758,60.54048838719215,59.86087149,60.135463697987085,22696200
2016-12-01,59.88832092285156,60.753284404577954,59.88832092285156,60.39631825829954,13005600
2016-12-02,59.75103759765625,60.40318951372949,59.44898564288846,59.85401033109171,9706600
2016-12-05,60.05309677124024,60.28649677350023,59.66866553603051,59.99131102878756,11741100
2016-12-06,60.10799407958984,60.3208057575684,59.51762275664796,59.90891489046666,11293600
2016-12-07,60.45809555053711,60.51301502780385,59.86085801943289,60.15604366297962,11182600
2016-12-08,60.62971496582031,60.99354733710695,60.16977612805834,60.44436827687775,9086700
2016-12-09,61.09652328491211,61.09652328491211,60.53361170683965,60.84939086,8021700
2016-12-12,62.45575714111328,62.81272331890222,61.879113023256856,61.879113023256856,15545400
2016-12-13,63.55413055419922,63.99347602795013,62.58619412029067,63.08045908761324,18829300
2016-12-14,62.18117141723633,63.34131554370633,61.89971295532473,63.33445453542378,16325400
2016-12-15,62.39396286010742,62.45574858163634,61.61824488084409,61.8516448,11155100
2016-12-16,62.59305953979492,62.92943226800994,62.222360819198094,62.82645952827564,20560400
2016-12-19,62.071319580078125,62.84017657876733,61.92029363056687,62.73033762006466,9674400
2016-12-20,62.07818984985352,62.366509279029565,61.98208337,62.13310933276615,7221000
2016-12-21,61.975215911865234,62.400834039965865,61.90656917827741,62.24980808362661,7308000
2016-12-22,62.38026047,62.40085397044209,61.796749952137695,61.796749952137695,8003100
2016-12-23,62.27039719,62.44201662684476,62.13996473547846,62.39396339298281,4266500
2016-12-27,62.2978744506836,62.54500693361309,62.18117445524777,62.35279394409263,4960600
2016-12-28,61.98895263671875,62.54499802540767,61.96149289392528,62.249812337141,6745900
2016-12-29,62.02327728271485,62.19489675789524,61.80360456398036,61.85165780753444,6684700
2016-12-30,61.96148681640625,62.26353348,61.78986737,61.80359462018338,9117800
2017-01-03,62.39396286010742,62.702875755523095,61.8859707868469,62.42828884289123,10360600
2017-01-04,61.707496643066406,62.572460244352754,61.61139015819133,62.55186674579532,9434200
2017-01-05,60.78761672973633,61.98895298734052,60.7121037459798,61.91344000358399,14443200
2017-01-06,60.75327301025391,61.08278459205758,60.28646799118724,60.95235216047149,16518100
2017-01-09,59.75103759765625,60.56108173665196,59.41466489001717,60.56108173665196,13762300
2017-01-10,58.98903274536133,59.93637014651665,58.975305494942944,59.84026368135928,13283100
2017-01-11,59.59312057495117,59.68922702285318,58.94096893027199,58.96842866358808,11183700
2017-01-12,59.27049637,59.98443397671748,59.085149649261695,59.908920992551366,10407000
2017-01-13,59.27735519,59.50389411823541,59.153788984323455,59.22243571477036,8415600
2017-01-17,59.970699310302734,59.99129280572764,59.208708555122286,59.435247479615896,13237300
2017-01-18,59.22931289672852,60.00503628251735,59.07142591128513,59.76476483,11831700
2017-01-19,58.16526794433594,59.105739205005634,58.06915623119914,59.01649897394804,16382900
2017-01-20,58.96157836914063,59.009631606089314,58.38493952575627,58.652665451243294,18739700
2017-01-23,58.330020904541016,58.95471299408724,58.17899494692915,58.81741952575469,11433900
2017-01-24,58.41240692138672,58.6732719,58.233926423276,58.33689916443906,11858100
2017-01-25,58.58400344848633,58.95470202892901,58.52222297045045,58.584003448486335,9578500
2017-01-26,58.76251220703125,58.920404441965744,58.43300571986274,58.82429794675733,8779400
2017-01-27,58.70072937011719,58.865482607149005,58.37808390443044,58.55656963303798,10947900
2017-01-30,58.25450516,58.65952454,57.78770005494856,58.638931040461934,12789200
2017-01-31,57.58861541748047,58.39865933525004,57.0668908846604,58.37806584166926,19128100
2017-02-01,56.936485290527344,57.77398926342705,56.66189305127004,57.66415027275959,15111800
2017-02-02,57.28658676147461,57.34150625821987,56.668760754030565,57.12183351,12200100
2017-02-03,57.34835433959961,57.47192054943117,56.9090089796229,57.45818806088887,12746300
2017-02-06,57.190460205078125,57.42386536568822,56.92960054313473,57.355218637535714,9938200
2017-02-07,56.81978225708008,57.40329275215986,56.60010950463752,57.13556674878959,11705200
2017-02-08,56.44567108154297,56.88903379082309,56.23091347042574,56.79897227202218,14006300
2017-02-09,56.6950798,56.840563038251005,56.44569280814264,56.44569280814264,9603000
2017-02-10,57.16615676879883,57.33934556876953,56.89598266366873,56.98604422224725,8739800
2017-02-13,57.49867248535156,57.62336861299693,57.048380619670965,57.33933648907619,9071600
2017-02-14,57.373966217041016,57.56793676236083,56.84747096167227,57.43631691249437,11370500
2017-02-15,57.60951232910156,57.623365104528986,57.12458062431661,57.24927674,11768500
2017-02-16,57.01373291015625,57.78961504994,56.92367138657372,57.5817917419125,10615000
2017-02-17,56.63966751098633,56.937552463021895,56.41798605495773,56.868272713704414,15646000
2017-02-21,56.72969818115234,56.90981593453792,56.320975328227874,56.88903413324351,16419600
2017-02-22,56.06467056274414,56.59808966524198,56.02310694796046,56.56345508135624,12917400
2017-02-23,56.65351486206055,56.95832881688617,56.133948503772686,56.404122587258186,13847000
2017-02-24,56.16859055,56.66737511453372,55.946909102297056,56.52882090912137,11338700
2017-02-27,56.48725128173828,56.60501837983529,55.98153773505413,56.20321915483166,13465900
2017-02-28,56.33485412597656,56.798998853643205,56.14781254261786,56.48033208754509,16834200
2017-03-01,57.512542724609375,57.72730046178059,56.59810593931965,56.59810593931965,17482100
2017-03-02,57.70649337768555,58.36460851086864,57.35318684924878,57.360115879104725,14170300
2017-03-03,57.12459945678711,57.91434004904611,56.986050515630666,57.70651663731145,12190400
2017-03-06,57.38089370727539,57.42938634230445,57.034516232696106,57.110719699927614,9617200
2017-03-07,57.16615676879883,57.69958123247815,56.902911695552326,57.57488508508712,12711500
2017-03-08,56.13394165039063,57.069159924067705,56.12008887472725,57.04837811792181,16817700
2017-03-09,56.57730865478516,56.61194852446081,55.63516128086964,55.863771736004,14721800
2017-03-10,56.535743713378906,57.13151351777244,56.224006034818025,57.11073171,11355200
2017-03-13,56.40411376953125,56.76434934806404,56.14779778877291,56.45953544089036,9571400
2017-03-14,56.106231689453125,56.27249671181866,55.72521957179437,56.113160720043794,11335700
2017-03-15,56.80591583251953,56.84747944549066,56.14780062906836,56.35562397922579,11970300
2017-03-16,56.85440826416016,56.94446452036252,56.5773051796814,56.8266974271821,9923800
2017-03-17,56.80591583251953,56.986033630897374,56.68121970830437,56.82669764,18834100
2017-03-20,56.80591583251953,56.83362666960087,56.41797468398425,56.611945258251886,7700300
2017-03-21,56.68815231323242,57.04838265,56.52881631,56.91676276959164,13387700
2017-03-22,56.63966751098633,56.868272713704414,56.411057022965416,56.77821643901565,11168400
2017-03-23,56.70893478393555,56.958327051006,56.43183167771259,56.54959878013415,8928000
2017-03-24,56.27248764038086,56.82668843635382,56.21706597519329,56.82668843635382,9128500
2017-03-27,56.28634643554688,56.411042552908455,55.967679754578725,55.98846155992208,8481200
2017-03-28,56.6950798,56.819775943780094,56.08545716488092,56.33484944550752,11028600
2017-03-29,56.81976318359375,56.99988096477501,56.49417277090237,56.59115804877661,8495500
2017-03-30,57.98359680175781,58.10136918,56.76435169329277,56.82669711217147,44704900
2017-03-31,56.81283950805664,57.71341784445574,56.70892520012179,57.67878326534496,21750400
2017-04-03,56.85440826416016,57.02066800072672,56.35562376915874,56.81976839661216,11438700
2017-04-04,57.062259674072266,57.096894270142215,56.341793480988926,56.87521277113994,9270900
2017-04-05,57.17306137084961,57.879674332566594,57.13149776791348,57.394742728676405,13809100
2017-04-06,57.50560760498047,57.64415652356662,57.12459015091487,57.32548978257651,9554900
2017-04-07,57.33242034912109,57.74807240131072,57.27699866608178,57.66493987675175,8909600
2017-04-10,57.588748931884766,57.82428849347213,57.44327094618539,57.58182518397319,8885300
2017-04-11,57.38782501220703,57.616435444021015,57.09686916369914,57.55409002732712,8576500
2017-04-12,57.47789001464844,57.74113504317059,57.29084318,57.40168653,9516100
2017-04-13,56.59115219116211,57.31161795601223,56.50801969645993,57.30468893,8667900
2017-04-17,56.51495361328125,56.78512763780302,56.41796833705811,56.70199513591126,9577200
2017-04-18,56.14780044555664,56.68121952304924,56.13394238441038,56.33484198861719,8821400
2017-04-19,55.75985336303711,56.466466484811015,55.628233495492296,56.23092701578582,10764400
2017-04-20,56.12008285522461,56.62579103487087,55.905325215714925,56.07851396208988,11649100
2017-04-21,55.89840316772461,56.11315552845068,55.74599622064111,56.06466288940604,9816700
2017-04-24,56.18936538696289,56.39026499591986,55.98153674726896,56.30713248298192,8729700
2017-04-25,56.61888122558594,56.75743014,56.30713823420354,56.41105256466434,10733800
2017-04-26,56.39026641845703,57.034528875398586,56.38333738754528,56.47339364819015,9445900
2017-04-27,56.29328155517578,56.32099239373164,56.07160013203097,56.16165639336098,12385300
2017-04-28,56.563472747802734,57.14538467773051,56.501122020851255,57.12460286,12072200
2017-05-01,56.84745788574219,56.951372164061645,56.44566411369987,56.46644591230382,8664100
2017-05-02,56.84054565429688,57.21462867552582,56.73663135493291,56.90289106273476,9102900
2017-05-03,57.29084014892578,57.54716141847022,56.74356831404428,56.78513192547792,10289000
2017-05-04,56.55654525756836,57.05532994557222,56.39028545666834,57.00683728342205,16164500
2017-05-05,56.81976318359375,56.972170130339336,56.53573637990527,56.54958915447248,10213000
2017-05-08,57.42247391,57.45711377905955,56.80592224736616,56.80592224736616,8097100
2017-05-09,57.02066421508789,57.49866687194629,56.91675518994596,57.47095603680798,8647100
2017-05-10,57.27940368652344,57.60107957563256,57.09758502391004,57.426255374907306,9520300
2017-05-11,57.76892852783203,57.83885716433745,57.41228554587752,57.75493959940316,10047300
2017-05-12,57.72695541381836,57.83884013223717,57.517164230867415,57.61506536018815,7480200
2017-05-15,57.90178680419922,58.16751771171905,57.79689119971094,58.041644053375535,10881500
2017-05-16,57.72695541381836,58.20247747132396,57.65702146269378,57.97170824,9574200
2017-05-17,57.33534240722656,58.0696061719506,57.31436435712778,57.72695224,11151100
2017-05-18,57.16752243041992,57.447242261647865,56.93675316951596,57.18150602,9905800
2017-05-19,57.29339218139648,57.40527690513204,57.12556242818731,57.342342748382976,13028500
2017-05-22,57.54516220092773,57.57313472670969,57.29341480410392,57.41928850251583,9218700
2017-05-23,57.74793243408203,57.96471274010607,57.51016874196839,57.56611376778469,6857200
2017-05-24,57.54516220092773,57.71998648565462,57.34935985566783,57.636068908308765,8136000
2017-05-25,57.16752243041992,57.83884682423977,57.006681793519945,57.57311591893984,12370900
2017-05-26,57.02766036987305,57.202484582735664,56.52416578319483,57.06961647369237,8227100
2017-05-30,56.712982177734375,56.88081195364983,56.67102606755861,56.838855843474064,8973600
2017-05-31,56.29340362548828,56.60808511415456,56.27242557093883,56.60109598611291,13572300
2017-06-01,56.43326187133789,56.5731244628133,56.07662426730335,56.20249793202505,9884100
2017-06-02,55.59410858154297,56.41927921163349,55.426278804212885,56.35633971062694,21687300
2017-06-05,56.02766799926758,56.21647580955296,55.52417339155748,55.55214590700936,11527100
2017-06-06,56.78990555,56.86682864060308,56.09760305074181,56.153548088058514,12208600
2017-06-07,56.58012390136719,56.92277794399045,56.181519482021606,56.6780250564024,13096500
2017-06-08,56.37733078,56.69900679,56.286418747882905,56.58012756723096,11720700
2017-06-09,57.43326568603516,57.44026015050323,56.42628154637186,56.74795755413225,13553900
2017-06-12,57.99269485473633,58.52416201756245,57.43325517437071,57.43325517437071,18172900
2017-06-13,58.01366043,58.23044072619674,57.74093511257391,57.93673735802304,12175500
2017-06-14,57.39129638671875,57.91576906187527,57.034653473752975,57.90877459901384,13714000
2017-06-15,57.52416992,57.62207107030627,57.04864777154637,57.18850503067319,11862600
2017-06-16,58.384307861328125,58.41927484710524,57.482214047450725,57.76892839222679,39726100
2017-06-19,57.87382507324219,58.38430892956528,57.72697333367474,58.38430892956528,10445700
2017-06-20,57.55913925170898,57.67102934211484,56.92977616642211,57.39130945131336,13232600
2017-06-21,56.95076370239258,57.78292371361939,56.740972415574426,57.37034094081483,11422300
2017-06-22,56.69898986816406,57.04863829310063,56.57311622177844,56.95772628808172,8139900
2017-06-23,57.06963348388672,57.12557852912854,56.475232050028616,56.53816622451578,10611200
2017-06-26,56.81087112426758,57.16751398980625,56.58010723264725,57.04164035109915,7718700
2017-06-27,56.71997833251953,57.15354437970986,56.71997833251953,56.95773674422186,9221600
2017-06-28,57.01367950439453,57.17452015045715,56.77592110219416,56.92976728489432,9189700
2017-06-29,56.43326187133789,57.23045996950457,56.23047045032013,56.90179488376511,20525100
2017-06-30,56.45423508,56.81087261660005,56.43325169055922,56.69898789881649,14000600
2017-07-03,57.41228103637695,57.68500643,56.44725312389002,56.49620369912025,8422300
2017-07-05,56.53817367553711,57.11859159218313,56.30740433491198,57.11859159218313,9830800
2017-07-06,56.02766799926758,56.69899236,56.00668461126983,56.54514619709771,9822400
2017-07-07,56.09761047363281,56.36334143323033,55.81089612085568,56.08362154,10777800
2017-07-10,56.05566787719727,56.23049218269968,55.91580523166669,55.9437777607728,6338300
2017-07-11,56.36333465576172,56.46823026819405,55.97173006024099,56.17452682155351,9681100
2017-07-12,56.61508560180664,57.00669022229964,56.468233869121775,56.77592626248787,7974000
2017-07-13,56.62207412719727,56.70598634552332,56.45424435533291,56.62207412719727,5582300
2017-07-14,56.83886719,56.92977922464177,56.48222417418922,56.643064853984576,7497200
2017-07-17,56.54514694213867,56.94374595595916,56.52416888907632,56.64304807990428,7914700
2017-07-18,56.36333465576172,56.69899954850268,56.230471859545744,56.65703810240226,8046100
2017-07-19,56.53817367553711,56.552162606297706,56.13258004690153,56.251464617511175,9393200
2017-07-20,56.54514694213867,56.98570206208388,56.46822385743543,56.62207002684191,9681000
2017-07-21,56.02766799926758,56.53115727176587,55.94375045291196,56.39829449238423,12268600
2017-07-24,55.85285186767578,56.09760474430986,55.77592877284613,55.98571466629853,9403000
2017-07-25,56.1325798,56.67803606127352,56.1325798,56.48222837797135,11465300
2017-07-26,56.2025032,56.57312977,56.083618656636034,56.34935494,10465100
2017-07-27,56.52417755126953,56.559139199993965,55.87383113061296,56.11158954870479,11149700
2017-07-28,55.66402816772461,55.88780294621471,54.73396207719544,55.69899514429338,22800800
2017-07-31,55.971717834472656,56.21647065321233,55.66402552793631,55.824866143228846,12820200
2017-08-01,56.06261444091797,56.32135613728169,55.92275723679239,56.05562531535894,10421200
2017-08-02,56.36333465576172,56.39130717475784,55.80390028147675,55.87382891136082,10410100
2017-08-03,56.28639602661133,56.51716524322492,56.153533267067054,56.18150044313143,10136700
2017-08-04,56.090614318847656,56.33536721,55.97872957,56.25145498376545,8292200
2017-08-07,56.05566787719727,56.06265700806299,55.84587658,56.06265700806299,7893800
2017-08-08,55.91578293,56.09760162752709,55.82487624654279,55.95773903778368,9028400
2017-08-09,56.090614318847656,56.18851547654963,55.78991638,56.11858684036436,8087100
2017-08-10,55.75875473022461,56.33067387044958,55.71639194559337,56.31655473788111,12580300
2017-08-11,55.222129821777344,55.95644853,55.21506756283501,55.92820488210477,10192400
2017-08-14,55.23625183105469,55.631652123064505,55.15858314699205,55.51162066112223,8862500
2017-08-15,55.10209655761719,55.25037166901998,54.84790911323383,55.15858385,10350900
2017-08-16,54.69964218139648,55.19389262664735,54.58666757,55.10210479736528,9117100
2017-08-17,53.84528350830078,54.56547767149151,53.80997760189168,54.55135854108286,13400400
2017-08-18,54.11359786987305,54.445454044951695,53.69701612629825,53.78880395447767,14324300
2017-08-21,53.930023193359375,54.099485124209245,53.718203860186655,53.99357276415968,10084900
2017-08-22,54.184181213378906,54.60076816633587,54.035906144777655,54.05003065812452,9503600
2017-08-23,54.09242630004883,54.374857482481005,53.993576194236574,54.15597048795952,7054300
2017-08-24,53.89471435546875,54.120658174840855,53.80292114367892,54.014745831120216,8678300
2017-08-25,54.17007827758789,54.45956624464061,53.96531586824568,54.057103684740426,6844900
2017-08-28,53.99355316162109,54.325409255395954,53.84527806615404,54.29716561050826,8229700
2017-08-29,53.97943878173828,54.007682431929446,53.71819444458957,53.80998226751676,7060400
2017-08-30,53.73232269287109,53.97944794031617,53.70407903788789,53.83117279184913,8218000
2017-08-31,53.89471435546875,54.00768357169202,53.697014186883855,53.85234618582515,15641700
2017-09-01,54.06416320800781,54.26186334856264,53.887644455808896,53.92295036101861,7361100
2017-09-05,54.494876861572266,54.621970596047696,54.09241426688767,54.113595658145975,12784800
2017-09-06,55.62459945678711,55.935274246612856,54.77731143153164,54.99619300422203,18574400
2017-09-07,55.80111312866211,56.01293780901965,55.50456288570186,55.79405086947008,9836400
2017-09-08,55.65283966064453,55.80817704593179,55.51868366663725,55.78699565465181,8436000
2017-09-11,55.95646286010742,56.07649435823833,55.70933760309479,56.06943748,12955800
2017-09-12,56.13296127319336,56.26711724407725,55.94938026886666,56.06235485212144,7644400
2017-09-13,56.32361984,56.32361984,56.04825092832882,56.13298189690074,8369700
2017-09-14,56.54954147338867,56.64839692465544,56.32359769961711,56.38008498979112,9072600
2017-09-15,56.53543472290039,56.63428480888618,56.16827803022829,56.57074063,16043700
2017-09-18,56.54954147338867,56.58484737647855,56.27417266744597,56.33772221562285,8594400
2017-09-19,56.641334533691406,56.76136598483605,56.47893492155346,56.52835995360858,9277100
2017-09-20,56.8743782,56.95204693282265,56.66961568262723,56.683734821019385,10606900
2017-09-21,56.40834045410156,56.86022809632858,56.31655262852989,56.83198444532369,11984200
2017-09-22,56.42952728271485,56.69783929965086,56.25300848712057,56.28831440100988,10205800
2017-09-25,57.17796707,57.19208620405229,56.47189193321157,56.507192457972174,10496600
2017-09-26,57.11441040039063,57.192079086894736,56.88140434087828,56.98731667583163,8755100
2017-09-27,57.495697021484375,57.50981615358415,57.04380937733288,57.114415811683,9724500
2017-09-28,58.032318115234375,58.21589377505593,57.58748732453584,57.63691236939946,15581700
2017-09-29,57.88404465,57.94052656659724,57.60161350261047,57.85580099406357,9944000
2017-10-02,57.63690185546875,57.77105783288027,57.36859528757061,57.40390119328677,6777900
2017-10-03,57.72871398925781,57.87698914543172,57.40392002,57.48158872896798,6082000
2017-10-04,57.749881744384766,57.80636904394494,57.50981341471671,57.75694400356113,6357100
2017-10-05,57.91228103637695,58.06761843022191,57.60866850847797,57.70046172498227,7375900
2017-10-06,57.69338607788086,57.82047978999688,57.44626091180098,57.73574885294467,6070600
2017-10-09,57.91934585571289,58.02525820955359,57.728707928340505,57.78518984838627,7489900
2017-10-10,58.08174133300781,58.42065437657548,57.96170446760713,58.13822324898528,7218500
2017-10-11,58.32181167602539,58.42066177516181,57.99701772358768,58.01114224,7023700
2017-10-12,58.20176315307617,58.25118819,58.01818214256841,58.11703221278225,6647500
2017-10-13,58.18765640258789,58.660725465960326,58.15235048988955,58.41360024,7180000
2017-10-16,58.47007751464844,58.568927598045136,58.27943960721923,58.39240882241881,5734000
2017-10-17,58.57599258422852,58.58305484392148,58.27944232023346,58.34298649669278,6444100
2017-10-18,58.43477249145508,58.87959783,58.27943511895879,58.57598534631074,6367100
2017-10-19,58.42064666748047,58.63953359061489,58.13115870542202,58.14527783582183,7945500
2017-10-20,58.681907653808594,58.696026786923646,58.33593232976672,58.49832660175686,9574100
2017-10-23,58.77367782592773,59.140839819705576,58.63246498950512,58.71013366561488,9829900
2017-10-24,58.93609619140625,59.17615916710533,58.82312157677648,58.99258349872114,7551200
2017-10-25,58.72425842285156,59.11966409919605,58.56892106,58.92195856756135,9153300
2017-10-26,58.93609619140625,59.06318993940168,58.6819086954154,58.86548975072571,9154500
2017-10-27,59.10552978515625,59.47974862374705,57.90520459870381,58.60421724790028,14866200
2017-10-30,58.98552322387695,59.27501125648845,58.89373538659551,59.105554715766445,7811100
2017-10-31,58.85136032104492,59.08436640408683,58.72426658365167,59.06318501234223,9754200
2017-11-01,59.218509674072266,59.26793470649602,58.78780351141191,58.87959131822045,9430000
2017-11-02,58.97845458984375,59.10554832838214,58.540691458042645,59.02787963333503,7775500
2017-11-03,58.73134613037109,59.05614013554899,58.717226994027385,58.9008027,6903500
2017-11-06,59.133785247802734,59.21851619282396,58.646591741049576,58.816053631092046,9276700
2017-11-07,59.01374816894531,59.18320465594335,58.62540477486169,59.12671736463581,8471800
2017-11-08,58.93609619140625,58.95727758491781,58.50538990025097,58.85842749057981,8691600
2017-11-09,59.28912353515625,59.40915500226148,58.66071716392864,58.81605454,10528800
2017-11-10,59.10384750366211,59.20361242207084,58.73328743233228,59.15372996286647,8693700
2017-11-13,59.06822967529297,59.210749469720696,58.8615721676256,58.89720483462336,6720400
2017-11-14,58.60503387451172,58.968466428575866,58.49814131,58.73330386790013,9251700
2017-11-15,57.87102508544922,58.49811957752901,57.82827024912872,58.25583492267311,9663600
2017-11-16,57.407833099365234,57.614490555445066,57.115665962687046,57.322323418766885,10527200
2017-11-17,57.179805755615234,57.47910598747812,57.122801106633695,57.23681584137778,9536400
2017-11-20,57.40073394775391,57.46486623393411,57.01592392032521,57.17269898003125,8468600
2017-11-21,57.62874221801758,57.89953191774594,57.46483961,57.50047226829784,8838400
2017-11-22,57.79264831542969,58.01356102988655,57.75702109081335,57.83540859646242,7941600
2017-11-24,58.02067565917969,58.22020549,57.87815590570698,58.03493089659501,3851300
2017-11-27,57.79977035522461,58.00642781046012,57.73563265825759,57.94941773244061,9127500
2017-11-28,58.19881057739258,58.433972993045074,57.942270748822295,58.01353604091951,9794600
2017-11-29,58.62638854980469,58.65489358580498,58.063431758333095,58.18457408374953,9725000
2017-11-30,59.35325241088867,59.43163989942009,58.72615793941691,58.754657538174136,18592700
2017-12-01,59.474403381347656,59.951850563251966,58.72616647764249,59.46015357989726,13779300
2017-12-04,59.55278778076172,59.98748009890291,59.14660050081767,59.29624787376757,12597700
2017-12-05,59.06822967529297,59.69532438226929,58.93995968559535,59.43878983965571,9357200
2017-12-06,58.63352584838867,59.289125474295545,58.583643386347504,59.03971316408973,13398900
2017-12-07,58.825931549072266,58.87581400944727,58.5551363897962,58.71903900918858,11359600
2017-12-08,58.90430832,59.07533308968328,58.61926341025303,58.7831605630092,11988600
2017-12-11,59.16798400878906,59.32475901661578,58.96132653817936,59.175111628266826,8760700
2017-12-12,58.97557449,59.41738898441139,58.93281421860337,59.06821178805532,11307000
2017-12-13,59.23211669921875,59.36038665506287,58.776046953279725,58.86868425153039,10172700
2017-12-14,59.07534790039063,59.38177030277868,59.06822028076835,59.16798520835695,9492400
2017-12-15,59.16798400878906,59.34613643826839,59.053969281048246,59.26062675165795,26582300
2017-12-18,59.10384750366211,59.62404951582474,59.082470083543136,59.27487230139418,9363500
2017-12-19,58.74754333496094,59.267745353009374,58.66915583578427,59.16798043347186,10285100
2017-12-20,59.053977966308594,59.24638022625999,58.80456018,58.86157026957571,10620300
2017-12-21,59.75231934,60.05161409047557,59.11809716889148,59.39601450335972,13578100
2017-12-22,59.83782958984375,59.87345680813785,59.574162077924136,59.773691898066616,10161400
2017-12-26,59.84496688842773,60.11575662573982,59.78795681,59.83071164938037,4777200
2017-12-27,59.78796005249024,59.93047983,59.67393988104248,59.85209232134383,7000600
2017-12-28,59.87345886230469,59.89484171815057,59.71668931022839,59.84495926140356,7495300
2017-12-29,59.60267639160156,60.00173609399894,59.60267639160156,59.85921632508008,8523400
2018-01-02,60.593204498291016,60.71434684761616,59.61693264730736,59.7309473770308,11469300
2018-01-03,61.78326034545898,61.975668013821405,60.44355603351985,60.68584616464648,13957700
2018-01-04,61.86878204345703,62.15382704816379,61.59086465898278,61.84740461954074,10863000
2018-01-05,61.81888198852539,61.91151927806865,61.077767361840166,61.81888198852539,11047600
2018-01-08,62.09680938720703,62.10393700657034,61.71199949329737,61.78325937658865,10927100
2018-01-09,61.83311844,62.103913504241945,61.74760878584328,61.95426617492793,8131600
2018-01-10,61.34144211,62.13243928208015,61.27018222803439,61.99704170410607,10822300
2018-01-11,61.947174072265625,62.26072414398226,61.23456422693266,61.54098668,14366000
2018-01-12,62.36758041381836,62.70250774529829,62.12529579593524,62.13954559360761,9834500
2018-01-16,61.97565078735352,62.538612960231546,61.71198330787013,62.52435773,10882800
2018-01-17,62.70966720581055,62.85931462286516,61.947174878847534,62.13957714740867,10546000
2018-01-18,62.30345535,62.845040152021184,62.23931766391496,62.54573999860202,9223700
2018-01-19,62.10393905639648,62.538631426635725,61.71912914978564,62.40323383816688,13090000
2018-01-22,62.88780212402344,62.91630716266892,62.03267271177996,62.11818239093618,10270400
2018-01-23,62.92342758178711,63.037442286543175,62.52436252319191,62.88779492836232,10281800
2018-01-24,63.08732986450195,63.36524719,62.716775247966304,63.05882482680229,10316100
2018-01-25,62.97331619262695,63.32962101459926,62.85216842120347,63.10158614600819,11271900
2018-01-26,63.42226791381836,63.42226791381835,63.04458561522776,63.16572796821324,10514400
2018-01-29,62.71680832,63.63607588171893,62.67404802160439,63.13011799172877,9315700
2018-01-30,61.84028625488281,62.98046100757743,61.840286254882805,62.38187130120603,12408000
2018-01-31,62.21081161499024,62.33195392533906,61.519579529102494,61.68347666974408,14404700
2018-02-01,63.472164154052734,63.60043415469315,62.24647424499592,62.35336681832661,17971000
2018-02-02,60.23689651489258,61.29156125333733,59.14660455384513,60.66446124358837,29822100
2018-02-05,56.80926132202149,59.85210316128023,55.676208769369296,59.346150791604046,30452700
2018-02-06,55.83296585083008,57.25818517280037,54.79968401711372,55.94698600624222,36262800
2018-02-07,54.82817077636719,56.58831692205622,54.81391554330321,55.897084911471126,21994500
2018-02-08,54.20823287963867,55.28427531,54.179727832274345,55.18451036393471,25650800
2018-02-09,54.55376434326172,55.05769526676064,53.200360690833016,54.89211662946271,29491600
2018-02-12,55.01450347900391,55.8783828,54.596962082551045,55.468041906741824,19340400
2018-02-13,54.92813491821289,55.25208632184604,54.517793910501446,54.784152244749066,11926600
2018-02-14,55.04331207275391,55.18729473708372,54.11464448424056,54.56098251,17188400
2018-02-15,54.86330795288086,55.21605567652857,54.316185111445805,55.15846813456755,14432400
2018-02-16,55.10089111328125,55.51843249499248,54.604160659439415,54.820131854773,13722400
2018-02-20,54.53217315673828,55.770396317097145,54.32340246180561,55.050499641760666,13387300
2018-02-21,53.91307449,55.028916804470896,53.89867897309783,54.582578781570405,11715000
2018-02-22,54.61137008666992,55.316865854260094,54.12904056297795,54.20822964804696,14020200
2018-02-23,55.813602447509766,55.87839602067945,54.67616409521648,54.77694921581187,13378800
2018-02-26,56.75664520263672,56.82143875255192,55.83517843512184,55.96476004257707,16940400
2018-02-27,55.79197692871094,57.49813355526947,55.79197692871094,56.87182164346018,14629500
2018-02-28,54.52498245239258,56.33192497013063,54.49618592111816,56.26713689404576,17087800
2018-03-01,54.136226654052734,55.20167612787201,53.89146442590712,54.37379387010628,15696700
2018-03-02,54.38820266723633,54.61856941180985,53.61791335015831,53.91306816709169,15630300
2018-03-05,54.90650177001953,55.1152724070005,54.07862521708971,54.15781426878505,14891000
2018-03-06,54.84172439575195,55.41764388517839,54.611357698456445,55.19447219952861,10754300
2018-03-07,53.45952606201172,54.16502169397958,52.95559511823061,53.99224803812273,27255500
2018-03-08,53.35873031616211,53.82665864514832,53.04917460286581,53.63228900767129,19299800
2018-03-09,53.67548370361328,54.03543196984969,53.42352101572273,53.86265833992112,19714100
2018-03-12,54.16502380371094,54.40979152705273,53.76908393143478,53.8986655514685,14226700
2018-03-13,53.65389633178711,54.58256366740017,53.452326148995226,54.22981584751438,13739700
2018-03-14,52.98438644,53.84106511979926,52.93399390389577,53.73307953584349,14820700
2018-03-15,53.57471466064453,53.99225609,53.34434792101116,53.52432210798649,15640600
2018-03-16,54.0786361694336,54.0786361694336,53.53151319937926,53.53151319937926,32109700
2018-03-19,53.380332946777344,53.999444450085626,53.171562277766405,53.99224394636109,12744800
2018-03-20,53.26514053344727,53.776266389710784,53.23634401434271,53.43071914520489,13003200
2018-03-21,54.02104568481445,54.45298257961542,53.257956987586894,53.437931151451934,15418500
2018-03-22,52.91240310668945,53.776276878828064,52.83321403679961,53.57470669815409,17737000
2018-03-23,52.47325897216797,53.42352219633711,52.31488085274398,53.135562478509385,20157300
2018-03-26,53.27236175537109,53.38034737,52.372490779773614,53.02039898067911,15032700
2018-03-27,53.05637741088867,53.91305612548168,52.75402215598827,53.27234858860336,15821900
2018-03-28,52.415672302246094,53.27955156075016,52.39407628,53.08517639332718,18163900
2018-03-29,53.71148300170898,53.913053160557325,52.739623740190254,52.79001627990234,14882900
2018-04-02,52.71083068847656,53.56030890838247,51.947742039067535,53.46671883391703,17891100
2018-04-03,54.006649017333984,54.093038600188905,52.62444864591159,52.876411397101705,15999200
2018-04-04,53.89865493774414,54.03543154301879,52.86920268474477,53.30834000547437,13122200
2018-04-05,54.726539611816406,54.94251079861844,54.00664297897687,54.03543950337551,14200000
2018-04-06,53.89865493774414,54.7985256,53.43072109685813,54.45297284672475,14299600
2018-04-09,53.89865493774414,54.56095842421762,53.84826240056409,54.150617623644415,11103100
2018-04-10,55.48243332,55.98635876554568,54.75533618145796,54.76973719,19006100
2018-04-11,55.74159622192383,56.18073360515165,55.25206629434408,55.51122952026133,13734000
2018-04-12,55.59042739868164,56.252731084374446,55.43924974166761,56.05116088,13270400
2018-04-13,56.03675461,56.28872283858591,55.86398094382682,56.007963574412855,10925000
2018-04-16,56.540672302246094,56.92941707499676,55.94315688344184,56.23831708756484,10743600
2018-04-17,56.38951110839844,56.69906691611593,56.180740401577246,56.54068875974288,10478100
2018-04-18,57.03022003173828,57.41896492640279,56.82864982540325,56.900638400183446,12061400
2018-04-19,57.17418670654297,57.46214644528349,56.73504934074808,57.10219814495163,11291500
2018-04-20,56.87184143066406,57.159801219927466,56.38951194176415,57.10220816359956,12072200
2018-04-23,57.28217315673828,57.30376918,56.69185816,56.81423926079331,11729800
2018-04-24,56.403900146484375,57.54133814579087,56.1303414,57.447753560674045,14102000
2018-04-25,57.23177337646485,57.31816293617473,55.784779832478016,56.29590570291873,13867500
2018-04-26,58.210845947265625,58.239642473532456,57.25338204530277,57.303774593175774,14554400
2018-04-27,56.00075149536133,56.619862947981765,55.05768880253528,55.39603555663631,16346800
2018-04-30,55.97197723388672,56.55509189509718,55.96477672788824,56.08716336,15028800
2018-05-01,55.39605331420898,55.61922504393668,54.697758072758695,55.61922504393668,16231000
2018-05-02,55.28807067871094,55.59762649016584,54.92812231619947,55.03610243,13883700
2018-05-03,55.10089111328125,55.15128365987567,54.28020935881471,54.99290551561446,12243100
2018-05-04,55.36004257202149,55.59040923492124,54.66894258332223,54.80571918504821,9887200
2018-05-07,55.96476745605469,56.92943188209083,55.72000522,55.96476745605469,15071500
2018-05-08,56.21672821044922,56.26712624992814,54.978510554144975,56.00796300986138,17430400
2018-05-09,57.54133605957031,57.76450225034454,56.83583496754578,56.85743647936688,17142100
2018-05-10,58.82994461,58.88033715,57.95166997566287,58.05245504927405,17710300
2018-05-11,59.10628128051758,59.60804652410158,58.83722326135736,59.033563046907936,14751000
2018-05-14,59.50623703,59.86256024123827,59.34625359494292,59.41169833763535,11852100
2018-05-15,59.47715377807617,59.65167865507884,59.19354877242967,59.52078361031538,12595700
2018-05-16,59.644412994384766,59.66623346141376,59.02629958168004,59.45534666450575,9570000
2018-05-17,59.542606353759766,59.83348488569959,59.22264496186785,59.77530806970232,11224100
2018-05-18,59.12084579467773,59.48444261863504,59.09175738299548,59.30264420665639,10030900
2018-05-21,59.83348083496094,59.88438415850075,59.2808122164957,59.433527735161306,8822400
2018-05-22,59.36806488037109,60.10253172017176,59.15717814228793,59.94982178184499,10753400
2018-05-23,59.73896789550781,59.79714472725689,58.59000043467964,58.86633206341571,15140900
2018-05-24,58.37183762,59.16448166,58.13913584687993,59.15720816715289,13360500
2018-05-25,57.23741912841797,57.68828124860171,56.78655700823422,57.65191934205296,14562000
2018-05-29,57.02651977539063,57.25195356008929,56.37931792664115,56.830179947991695,14644800
2018-05-30,59.266300201416016,59.382653883279815,57.60829907119919,57.63011399953643,16627500
2018-05-31,59.07720184326172,59.302635614123616,58.67724872,58.76450839804361,15803100
2018-06-01,59.50623703,59.88437515546908,59.3026237664813,59.53532543168548,9906100
2018-06-04,58.880855560302734,60.01527558669761,58.76450194321309,59.666225831520336,10954700
2018-06-05,58.66997909545898,59.37535776583525,58.47363926719136,58.60452878733857,12059300
2018-06-06,59.67349243164063,59.69530734734364,58.80813600316196,59.25172444927565,11603300
2018-06-07,60.269805908203125,60.56795795882913,60.03710416909991,60.16073130241029,13502500
2018-06-08,60.79339218139648,60.83702757604807,59.99348022138751,60.43706882201976,14350400
2018-06-11,60.42977142333984,60.93153665295908,60.30614987483944,60.88063333604448,10831600
2018-06-12,59.93528366088867,60.90245229452981,59.86256542447451,60.43704892382423,12351800
2018-06-13,59.27354431152344,60.06618257112471,59.24445590547667,59.94983449498381,12049300
2018-06-14,59.54988479614258,59.84803684189404,59.26627972962372,59.5862467,11477300
2018-06-15,58.65542984008789,59.49897140743905,58.54634970646983,59.42625316770903,23797500
2018-06-18,58.771766662597656,59.17899316556192,58.39362855956583,58.466346785374455,9192600
2018-06-19,58.684513092041016,58.87358495504692,57.96459308219594,58.09548813380833,8759700
2018-06-20,58.502716064453125,58.99720787659122,58.37182100982698,58.793594580071925,8917700
2018-06-21,57.95005416870117,58.451813931622524,57.68826405411336,58.19002381703472,10990700
2018-06-22,59.17900085449219,59.58623295841176,58.84449253387499,59.01902295614583,16012200
2018-06-25,57.98641204833984,59.07720237192511,57.666450659426445,58.74269400512454,10557200
2018-06-26,58.640872955322266,58.9099365,58.15365473,58.28454975721747,10382800
2018-06-27,59.41897201538086,59.97891403997666,58.94629519603314,58.94629519603314,12725900
2018-06-28,59.60805892944336,59.680777178186766,58.92449518555247,59.43353402284983,9390700
2018-06-29,60.16072463989258,60.74974963813054,59.84075770354284,59.95710579,17323200
2018-07-02,59.455352783203125,59.72441087573829,59.13538581040768,59.54988595787128,9998300
2018-07-03,59.80440902709961,60.684312748523446,59.68806091873704,60.05165777,7197300
2018-07-05,59.855316162109375,60.18982462343926,59.66624978051947,60.058929525697295,9035700
2018-07-06,59.86983871459961,60.13889674324707,59.38262042938511,59.60077513790636,7637100
2018-07-09,60.28434753417969,60.45159894690751,60.03709883756272,60.218897228469146,7158600
2018-07-10,60.83700942993164,61.17151776623114,60.72792929790993,60.86609228696118,8806200
2018-07-11,60.05891799926758,60.74248177,59.65169135024615,60.37888496523985,10405300
2018-07-12,60.13164138793945,60.53159454462235,59.85530426538176,60.36434312122401,9762200
2018-07-13,60.58250809,60.90247510487556,60.03711278771156,60.12437803292026,8720000
2018-07-16,59.98620223999024,60.20436255277237,59.62987890729013,60.00801716,8306900
2018-07-17,59.855316162109375,60.175283189489285,59.65897628952046,59.81895980321042,7373300
2018-07-18,59.78984832763672,59.86256656543687,59.258994650408425,59.48442840004856,8711900
2018-07-19,59.63713836669922,60.08072682976104,59.42625159343656,59.77530135411234,8659100
2018-07-20,59.19355010986328,59.57896176480658,59.08446997875485,59.42625180047315,9196300
2018-07-23,59.19355010986328,59.62986508625105,59.03356665731037,59.5935031931996,8425900
2018-07-24,60.36432647705078,60.37159442,59.25172144818456,59.28080430228508,11121000
2018-07-25,60.78610229492188,60.89518243005685,60.00073752765152,60.36433427940403,9523600
2018-07-26,61.25878143310547,61.375135061004485,60.6261266125552,60.96063497069535,13210100
2018-07-27,59.57167434692383,59.90618260220448,58.76448933,58.88084292485101,18220800
2018-07-30,59.44078826904297,59.72439325743292,58.69177993826718,59.72439325743292,11282800
2018-07-31,59.27354431152344,59.738947712179375,59.222640987953135,59.3680774701408,11716800
2018-08-01,58.459083557128906,58.85176870306018,58.335462,58.82268029802313,8936300
2018-08-02,58.11003112792969,58.36454772527466,57.77551726,58.09548415205528,8364300
2018-08-03,58.32090759277344,58.39363137012735,57.90640758286439,58.153656220168095,7811100
2018-08-06,58.30638885498047,58.48818727301819,57.986421863858894,58.35729219010913,10041800
2018-08-07,59.09901809692383,59.33171981387462,58.40091294607146,58.83723351989493,10698100
2018-08-08,58.70633316040039,59.06992990708229,58.42999608217266,58.91721439119536,7275000
2018-08-09,58.40820313,58.83725033237901,58.25549309974419,58.70635523243858,9828500
2018-08-10,58.34939956665039,58.42286784991747,57.937972696138175,58.41552494528027,12954300
2018-08-13,57.71757125854492,58.59185910024807,57.62206304,58.37144861074038,10308500
2018-08-14,57.53389358520508,58.092262674639606,57.36491707995894,58.03348580095783,8005900
2018-08-15,56.52737045288086,57.23267617370845,56.21145173993263,57.14451085662815,16307800
2018-08-16,57.30614471435547,57.37961301,56.718387141843166,56.77716402014872,11519900
2018-08-17,57.49715805053711,57.66613454346184,57.15919945941688,57.55592931466223,10178400
2018-08-20,57.90124512,58.04083880166323,57.43104130189955,57.49716669122497,8152100
2018-08-21,57.91593551635742,58.4669560748798,57.79838177334257,58.07756911036734,9192200
2018-08-22,58.74614334106445,58.81226872905768,58.05552904896743,58.12165443696065,10098200
2018-08-23,58.09961700439453,58.50369543956887,57.96737182800052,58.45226707126408,7203900
2018-08-24,58.49634552001953,58.81226420323455,58.349403338715405,58.422871626731926,6545200
2018-08-27,59.06940078735352,59.12082914494172,58.67266534084292,58.70940228423616,6671900
2018-08-28,58.981239318847656,59.37797479113728,58.92246245,59.201649782987765,8823400
2018-08-29,59.407371520996094,59.53961669688967,58.84900237774859,59.09880131,8004800
2018-08-30,59.15024566650391,59.34861068131892,58.86371530884155,59.10616019244361,7450900
2018-08-31,58.9004135131836,59.113475434524375,58.60653480770424,58.95184186624723,10700000
2018-09-04,58.98859786987305,59.28247667032581,58.63594218827535,59.076763191590445,8855000
2018-09-05,59.774715423583984,59.82614378895353,58.48165217322935,58.702062656396784,13878400
2018-09-06,59.11348724365234,59.98042651510674,59.02532193281469,59.59103953479838,13320600
2018-09-07,60.12001419067383,60.19348247307248,58.6432776117972,58.88572798845632,16417800
2018-09-10,60.03186035,60.78859445477925,59.99512900598474,60.42124736737138,10817900
2018-09-11,60.87675094604492,61.11920133384211,59.97307477574218,60.21552516353937,11891900
2018-09-12,61.07511520385742,61.55266746402071,60.88409878400879,61.16328050897508,11556300
2018-09-13,60.48001480102539,61.16328050110442,60.25226143608933,61.08981221615126,11162700
2018-09-14,60.92083740234375,61.08981952,60.443285085125126,60.55349033,9442600
2018-09-17,61.28082656860352,61.42776312011272,60.97225084200199,60.97959935115849,8403300
2018-09-18,61.44246673583984,61.80981379283934,61.31022157110917,61.64083728557148,9219900
2018-09-19,62.17715835571289,62.28001507912514,61.44981278,61.44981278,10413600
2018-09-20,62.31674957275391,62.69878801535271,62.11103613402602,62.34613800761086,11198200
2018-09-21,62.57392120361328,62.76494332,62.09636871873598,62.45637301341454,26639400
2018-09-24,63.624488830566406,63.98448726197195,62.97796023463633,63.02938858197998,13549500
2018-09-25,63.55104446411133,64.18288189,63.45553624177402,63.94043146976475,12200700
2018-09-26,63.02205276489258,63.55103336139139,62.95593299296553,63.19837776196865,10275500
2018-09-27,63.01470947265625,63.462873314837694,62.88246431258187,63.24981135664725,7895400
2018-09-28,62.463680267333984,63.13225448559395,62.44164034458172,62.63266235055176,9884900
2018-10-01,63.04410552978516,63.20573914555608,62.64002709562959,62.70614688102402,8566900
2018-10-02,63.52164459228516,63.675929664570944,62.904504303141984,63.03674945156846,8453100
2018-10-03,63.29388427734375,63.837556225403326,63.16898765236397,63.55837454510677,10206700
2018-10-04,62.87511444091797,63.24246144428121,62.63266407343332,62.81633757511494,10204600
2018-10-05,62.69878768920898,62.96327799627497,62.39756604271599,62.67674776449862,9217400
2018-10-08,63.27918243408203,63.41142755787897,62.19183862088006,62.29469531658108,13242400
2018-10-09,63.55837631225586,63.830209491208606,62.99265882176211,63.46286250968751,10177900
2018-10-10,62.09635543823242,63.78615445247184,62.081664019577175,63.72003466061482,16573400
2018-10-11,59.95103454589844,61.83919807,59.63511587393283,61.67022157167691,20320100
2018-10-12,59.78940582275391,60.42124321812769,58.973894896289394,60.34042641602607,15216300
2018-10-15,59.37798690795898,60.05390424818732,59.37798690795898,59.78941388,10558800
2018-10-16,59.65717315673828,59.70860153200915,58.78289077713358,59.15023791628905,9781800
2018-10-17,59.877567291259766,59.89225871,59.02531947118538,59.466140401718185,12247700
2018-10-18,60.13470077514648,60.59021305786531,59.657148570005326,59.657148570005326,17448600
2018-10-19,60.22289276123047,60.582891399312366,59.88493405533912,59.99513932156455,12098700
2018-10-22,59.620418548583984,60.37715246320538,59.24572304333454,60.244907320486185,9474100
2018-10-23,58.657981872558594,59.11349429162274,57.83512796105159,58.81961549239658,15465100
2018-10-24,57.02696990966797,58.96656228827881,56.97554153619239,58.87104844805823,16085700
2018-10-25,57.53389358520508,58.07757125885475,57.11511816944697,57.66613874835349,12315500
2018-10-26,56.96083068847656,57.60736506128893,56.542055290300816,57.21062958850069,18160100
2018-10-29,56.60818099975586,57.622056810353484,55.99838356923648,57.35756649362872,15707000
2018-10-30,57.87919998168945,58.06287350567566,56.880015562782816,57.026957745134446,17758200
2018-10-31,58.540435791015625,59.03267957413586,57.96737519511183,58.29063684097403,16629100
2018-11-01,59.26778030395508,59.32655718575113,58.26125282823961,58.65063986091248,14159300
2018-11-02,60.20817184448242,60.57551884928163,58.94450285640032,60.06858379424263,19350400
2018-11-05,59.98042297363281,60.88409913923086,59.83348640285028,60.61226031748524,15815000
2018-11-06,60.23755645751953,60.31837324187197,59.76735276961626,60.05388296676762,9063200
2018-11-07,61.00164794921875,61.08246474562389,59.99512065716176,60.39919903391651,12699800
2018-11-08,60.03186035,61.530637140819245,59.90696368710904,61.075124734535656,16865500
2018-11-09,60.01701736450195,60.410351664735664,59.14128969786916,59.56431035349132,15070100
2018-11-12,59.24519729614258,60.65526823039976,59.17098422846465,60.60331852,11906600
2018-11-13,57.88705825805664,59.26001940483566,57.61988676697514,59.222915713464126,15530200
2018-11-14,57.434356689453125,58.69599555579718,56.95938636362292,58.52530610293881,18552100
2018-11-15,58.028079986572266,58.028079986572266,56.33599727262848,56.90002106921397,18976000
2018-11-16,58.59951400756836,58.77020910752648,57.96127162665217,58.161653077128776,13704900
2018-11-19,58.79248047,58.89637987868073,58.20618770580192,58.22845105620234,9430800
2018-11-20,57.12266922,58.55500347069883,56.67738516350524,58.19877282827007,15533700
2018-11-21,57.56052017211914,58.16907626367141,57.33788101399591,57.46404376980837,9685300
2018-11-23,56.02430344,56.551223628008,55.43801051988111,56.43990684687104,10875400
2018-11-26,57.130104064941406,57.38242967312989,56.491861375635615,56.58091480812796,13741100
2018-11-27,57.18204498291016,57.478897261634856,56.69965153684112,56.82581432150854,10344500
2018-11-28,58.22102355957031,58.22102355957031,57.02617477547101,57.174606536842425,11482100
2018-11-29,58.673736572265625,59.02254416983405,58.02807674553485,58.0503401,10255200
2018-11-30,59.000274658203125,59.07448770774458,58.12454708459137,58.22102348278599,14040100
2018-12-03,60.276763916015625,60.45487638040077,59.47524933314273,59.54946238812877,19415100
2018-12-04,58.94832992553711,60.81852497723025,58.888957216062856,60.39550433088935,18540700
2018-12-06,58.17651367,58.21362303846351,57.08556397446753,57.88707873118662,23218100
2018-12-07,57.61989212036133,59.63851883515058,57.38982996136898,58.91864034296985,16224700
2018-12-10,56.80353546142578,57.78316243525833,55.512210282758495,57.78316243525833,17946200
2018-12-11,56.907447814941406,57.73864887910475,56.16530582761149,57.66443015069655,15742400
2018-12-12,56.41761398,58.03548324,56.41761398,57.91674350591807,14559800
2018-12-13,57.130104064941406,57.30821659202123,56.365692909446224,56.425065639171216,13749700
2018-12-14,56.09108352661133,57.04844721,55.72742993598293,56.93712479990993,12669300
2018-12-17,54.94817733764648,56.10591668713276,54.53257975826011,55.85359120310312,15464100
2018-12-18,53.43423080444336,54.81461555,53.15221884688516,54.643920380134254,18681200
2018-12-19,52.52880096435547,54.37673264623448,52.17257603541389,53.76817653570721,21679600
2018-12-20,50.93319320678711,52.439745920800895,50.50275523630472,52.01671963003019,28723700
2018-12-21,50.55471420288086,52.22453367396403,50.220746911407815,50.56955455130245,47287300
2018-12-24,48.61771011352539,50.11683403384936,48.56576041485309,49.62702339809514,14262800
2018-12-26,50.940616607666016,50.95546261557699,47.97947218384566,49.11494831903504,24887700
2018-12-27,51.16327667236328,51.16327667236328,49.04074987618407,50.27270278145122,22077000
2018-12-28,50.59180068969727,51.63822325330644,50.33205221500097,51.34136542704264,19710600
2018-12-31,50.60665512084961,51.31911062524682,50.213320841951536,50.70313152405892,15807000
2019-01-02,51.71987915039063,51.85346494038328,49.91647381653701,49.98326388,16727200
2019-01-03,50.925777435302734,52.135466651642105,50.73281896266502,51.94993118313092,13866100
2019-01-04,52.80340194702149,52.89245536,51.47496715009814,51.682765994382216,16043600
2019-01-07,53.07799149,53.50843518938935,52.49912165184959,52.87761564395048,10844200
2019-01-08,53.463905334472656,53.87207999885257,53.38969227386664,53.83497629959635,11439000
2019-01-09,53.74592208862305,53.879507874628416,53.17447524199092,53.879507874628416,13473500
2019-01-10,53.47132492,53.49358827120341,52.78113274316558,53.48616527,13151100
2019-01-11,53.22642517089844,53.35258795205503,52.74403173825337,53.32290159258981,9790100
2019-01-14,53.159610748291016,53.27093314160567,52.78112253795018,52.84791258,11012400
2019-01-15,53.18930816650391,53.70138788506458,52.92955963610839,53.39710699082032,10298300
2019-01-16,53.16703796386719,53.716221309085086,52.9221298115876,53.00376586234746,12595600
2019-01-17,53.53068923950195,53.686538347495,52.617857940958,52.83307975545114,10141700
2019-01-18,54.168922424316406,54.39156720460614,53.53068009371727,54.37672119947111,15759200
2019-01-22,53.35258865356445,53.96114487536774,53.19673951089346,53.72365965861753,15035600
2019-01-23,52.91470718383789,53.656848907807046,52.640112707616176,53.44162712840495,13187200
2019-01-24,52.98892593383789,53.41194653560081,52.42489657745646,52.76628112781841,11272500
2019-01-25,53.22642517089844,53.63459987,53.092839384352025,53.48617373860144,8996200
2019-01-28,52.87018585205078,52.89987220664932,52.22452604133549,52.70691373280543,13678400
2019-01-29,53.070560455322266,53.57521709393793,53.04829710778065,53.21156354378333,10513200
2019-01-30,53.64942932128906,53.85722811129722,53.07055964566853,53.263512429480464,11524700
2019-01-31,54.38417816162109,54.54002734030537,53.44907742741993,53.649458987225074,19876700
2019-02-01,56.343406677246094,56.76642729613389,55.15598087528851,55.60126484,22968700
2019-02-04,55.52706909179688,56.22468444495536,55.215370783315485,56.22468444495536,15483800
2019-02-05,56.098480224609375,56.13558956904785,55.6680424,55.79420512,12786700
2019-02-06,55.85359191894531,56.23208014984061,55.75710986385666,56.09107706193728,10866900
2019-02-07,55.423152923583984,55.80164684795663,54.84428319342166,55.62352872937368,14418900
2019-02-08,55.513214111328125,55.58074568402154,54.57523743532874,55.34812930035938,11959500
2019-02-11,55.60324096679688,55.69328876399364,55.07797646220008,55.43815620107968,10434800
2019-02-12,56.5787468,56.61626242278413,56.14352430127549,56.33862502719608,12599200
2019-02-13,57.21656799316406,57.434179233837504,56.661287493660254,56.71381395003285,13214600
2019-02-14,57.23158645629883,57.51673505026401,56.81137470724157,57.22408676431974,12772900
2019-02-15,58.31212234,58.34964369,57.59175708021272,57.73433134014908,14330300
2019-02-19,58.70231628417969,58.88991156017738,58.11701421410593,58.1995565935412,13551500
2019-02-20,58.92743682861328,59.13754265613884,58.529735694374985,58.75485235241205,12633100
2019-02-21,58.39466857910156,59.02499180535583,58.23708920377665,58.68731680826992,10266000
2019-02-22,58.84487533569336,59.24257634084519,58.24457398403209,59.06248650784207,9519300
2019-02-25,58.904930114746094,59.16756241612661,58.67981344216005,58.85240365446999,9274400
2019-02-26,59.02499771118164,59.37767212460304,58.822391547667145,59.04000281868578,10990600
2019-02-27,59.63279342651367,59.84289924139991,59.0249865,59.19006555232844,12398200
2019-02-28,59.30262756347656,59.84290296390832,59.06250579939072,59.61778630541028,14597900
2019-03-01,60.03050231933594,60.03050231933594,59.30263156272122,59.56526386537735,15419400
2019-03-04,60.26310729980469,60.44320289470912,59.287615256364205,60.21058085,18089900
2019-03-05,60.17307662963867,60.33065601132481,59.84290703470304,60.12055016907662,13745500
2019-03-06,59.49021911621094,59.565256089323306,58.42467921313472,59.167554979369086,18633600
2019-03-07,60.15058135986328,60.22561836184294,59.52025794833035,59.69284820534421,16541700
2019-03-08,59.287628173828125,59.52024454506947,58.71733678228436,59.19758035675648,16211300
2019-03-11,59.86541366577149,60.24810969639347,59.76786616676976,60.01549334687543,11060900
2019-03-12,60.03050231933594,60.465724835140286,59.94795992065047,60.11304471802141,11320000
2019-03-13,60.56326675415039,60.60078810462099,60.18057073417665,60.47321894799354,10260200
2019-03-14,60.36067199707031,60.71335211,60.29313470489169,60.63080971587514,9976700
2019-03-15,60.14303588867188,60.443189421653294,60.10551455019203,60.165546401778805,25316400
2019-03-18,60.84090805053711,60.96847147841064,60.36066454858042,60.36066454858042,9840600
2019-03-19,60.68333053588867,61.53125924,60.51074033854563,61.21610050818911,13936500
2019-03-20,61.02099609,61.47122364764815,60.45070480550356,60.59327905880366,13133600
2019-03-21,61.373680114746094,61.44871709107538,60.630804316663806,60.63830400682871,10117000
2019-03-22,60.39068222045898,61.111047494118296,60.25561337383822,60.953468127219786,12497700
2019-03-25,59.97045135498047,60.36065270183333,59.72282424,60.03048321218137,11320400
2019-03-26,60.75088119506836,60.98349761139564,60.16558458304738,60.278142944964365,9472800
2019-03-27,60.28561019897461,61.01348072610156,59.895414575902464,60.75835391966074,7258700
2019-03-28,60.58578109741211,60.62330245,60.04550567628823,60.053011091846805,7412300
2019-03-29,60.63079833984375,61.14105774351896,60.39067660428799,61.02849942764356,10889200
2019-04-01,61.32866287231445,61.36617850032546,60.84091391,60.953472242476366,10816400
2019-04-02,61.06601333618164,61.49373034454383,60.86341295,61.34365641089006,7646000
2019-04-03,60.70582580566406,61.35865363062854,60.48821462235828,61.35865363062854,8562900
2019-04-04,61.56878280639648,61.591293327521285,60.60829001375389,60.870928026755216,9360600
2019-04-05,61.89894485473633,61.92896079034655,61.49373831142988,61.64381798948098,10059100
2019-04-08,62.28163909912109,62.43171304793248,61.9739800616173,62.03401193112353,9108200
2019-04-09,61.47872161865234,61.96647046171788,61.33614738261464,61.92144370431198,8561600
2019-04-10,61.20108413696289,61.59128553695188,61.08853154557547,61.471221806200255,10324300
2019-04-11,61.49371719360352,61.58376496951048,60.79586267394363,61.18606397792141,9115100
2019-04-12,60.72085571289063,62.13907596540092,60.46572880924357,62.13907596540092,16638700
2019-04-15,60.51825714111328,60.825910518239525,60.42070390145063,60.69834706247877,8536100
2019-04-16,60.93096160888672,61.04351995319833,60.54827125316452,60.638313348649646,7005700
2019-04-17,61.1035385131836,61.30613890881432,60.84090625034601,61.19358631,8311400
2019-04-18,60.8784408569336,61.403711271354126,60.83341980496682,61.201105087592175,9493900
2019-04-22,62.20659255981445,62.44671427596401,61.26111079780849,61.43370096486285,10770600
2019-04-23,62.56678009033203,62.64932247728787,62.04151555966215,62.42421156,10595100
2019-04-24,61.35118865966797,62.34169193990185,61.32867813226931,62.289165467652936,11684000
2019-04-25,61.69635391235352,62.161586673312165,61.08104145031529,61.26863678294835,11135000
2019-04-26,60.398197174072266,60.50325011188632,59.70034224433276,60.23311235037711,18053500
2019-04-29,60.00798034667969,60.315633635385645,59.77536402656393,60.12053866204186,10023700
2019-04-30,60.24060059,60.428195882094485,59.97796831630855,60.30813786953015,13721500
2019-05-01,59.03248977661133,60.225598904972586,58.99497415021968,59.98547714,13909800
2019-05-02,57.99696350097656,58.90492406388397,57.95944215108158,58.73983928427276,15360400
2019-05-03,58.13203048706055,58.68731095303677,58.10951996782495,58.37215223383032,12180700
2019-05-06,57.87690353393555,58.27461040390229,57.56174478410945,57.71932416,13367100
2019-05-07,57.569244384765625,57.62177083776452,56.85637883697604,57.40415961106795,13498800
2019-05-08,57.65928268432617,57.99695762430273,57.34412398697762,57.43417178262876,11352900
2019-05-09,57.60675811767578,57.68930050181553,56.998951220786566,57.29159941,13221600
2019-05-10,58.10770034790039,58.28226887676535,57.0527151,57.81928907257691,11056000
2019-05-13,57.46257019042969,57.85724437306005,57.19692744668474,57.417033088809845,12176100
2019-05-14,57.53845977783203,58.28985659992302,57.50051412829548,57.78133393905768,10548400
2019-05-15,57.96349334716797,58.10011042345859,57.08307090205582,57.35630505463706,8918000
2019-05-16,57.95590972900391,58.40370666753086,57.84965263204573,57.98626972678874,8105200
2019-05-17,57.61435317993164,57.910355834274526,57.37147326808536,57.41701614684444,9279400
2019-05-20,57.60675811767578,57.95588928,57.43218964,57.72060662156076,7154300
2019-05-21,57.87240982055664,58.03179543470147,57.62953567653933,57.88758692118057,8489900
2019-05-22,57.34871673583984,57.84964797,57.219691098578586,57.69784799638165,7858300
2019-05-23,56.00531768798828,56.77189161132904,55.43608083008288,56.749117272928345,14657200
2019-05-24,56.24059677124024,56.35444529358498,55.73967137973031,56.27095676323726,7056400
2019-05-28,55.10970687866211,56.35443742383477,55.01862691539012,56.34684597925155,14912900
2019-05-29,54.76818084716797,54.97310358,54.35832959580547,54.56325233,13645200
2019-05-30,54.62396240234375,54.74539657112665,54.29000830468284,54.66190804671142,9362100
2019-05-31,53.71319580078125,54.305207090074006,53.60693870052868,54.03197289211664,13983300
2019-06-03,54.55564498901367,54.65431639280563,53.86497411534665,53.95604828429265,11831000
2019-06-04,55.85351563,55.906649955366895,54.77576193749477,54.988276096656186,10423000
2019-06-05,55.39054870605469,55.89147417487246,55.08695452980713,55.89147417487246,10617800
2019-06-06,56.39997863769531,56.63526711238981,55.8535104,55.94459036915988,11738900
2019-06-07,56.604923248291016,56.89333454939304,56.49107470107944,56.55179469833597,9095500
2019-06-10,56.85536956787109,57.17414075924528,56.50623259761288,57.06788369545388,7760400
2019-06-11,56.80224609,57.53846003,56.78706899198507,57.310768756815264,9415100
2019-06-12,56.18748092651367,56.627692224056496,56.02050382809552,56.52902657070836,7920800
2019-06-13,56.68081283569336,57.05271263607788,56.453115771454826,56.69598993770672,8986400
2019-06-14,56.43034744262695,56.7794787,56.33927324903882,56.680813056148125,8575900
2019-06-17,56.99198532104492,57.06788819,56.195057279802015,56.28613725190527,9355700
2019-06-18,57.48533248901367,57.8496466340814,57.18932977952354,57.24245832249415,10091500
2019-06-19,57.16655731201172,57.56881707986529,57.052708787572136,57.22727729712303,9757400
2019-06-20,58.14564514160156,58.41887928301252,57.74338537524002,57.86481955443573,16229700
2019-06-21,58.96534348,59.01847201078743,58.342978149874696,58.54790084642896,23108100
2019-06-24,58.40368270874024,59.018462278173104,58.29742565537161,58.84389381016744,10011800
2019-06-25,57.88758469,58.60862143546995,57.82687049555126,58.50236436347573,9740000
2019-06-26,58.13805770874024,58.540317502867175,58.03939206942244,58.19877769781744,11365500
2019-06-27,57.54604721069336,58.25190109730657,57.50051011819456,58.13046112987463,8147800
2019-06-28,58.16082382202149,58.23672670047865,57.63712986224214,57.8268754772318,14781300
2019-07-01,58.10770034790039,59.14750849331292,57.90277761369792,58.540320156174175,11437900
2019-07-02,57.47014999389648,57.88758685218502,57.23486729575973,57.78892122,10475400
2019-07-03,58.01662826538086,58.06216536562405,57.40184845921107,57.54605699741763,5246100
2019-07-05,57.781341552734375,57.948318646312224,57.37149026592805,57.82688444498676,6880800
2019-07-08,58.04697799682617,58.21394926504821,57.62194390427318,57.78892096307153,7876100
2019-07-09,58.00902557373047,58.26707681,57.47774020528903,58.02420267401041,7863000
2019-07-10,58.82873535,58.91980954583354,58.24431558229762,58.28985847001008,8077400
2019-07-11,58.874271392822266,58.90463138722711,58.47960304671306,58.75283720577976,6404000
2019-07-12,58.91981887817383,59.10956453372832,58.821153221893525,59.01089887744802,6139000
2019-07-15,58.50237274169922,59.00329818275662,58.35816421309352,58.919809644150895,7116400
2019-07-16,57.62953567504883,58.49477517499916,57.523278598955024,58.38092665330541,10197400
2019-07-17,57.287994384765625,57.65230269585479,57.18932296630615,57.485325640532174,7419300
2019-07-18,56.80224609,57.12860879217541,56.30132066743237,56.94645461811235,11424500
2019-07-19,56.91609573364258,57.11343280389464,56.57455592679357,56.84779008850354,11243100
2019-07-22,56.97681427001953,57.15138278744008,56.54419449010755,57.10583990126525,8368800
2019-07-23,57.20451736450195,57.50810575462143,56.733946094892985,57.03754027558983,8551200
2019-07-24,57.19690704345703,57.72060668758165,56.80982444603556,57.21967558614498,8260200
2019-07-25,56.87055587768555,57.51568981,56.77189024263494,57.51568981,9083900
2019-07-26,56.77946472167969,56.98439318797045,56.62007913155102,56.82500759784179,7677300
2019-07-29,57.18172454833984,57.21208453565797,56.695976332400825,56.83259338004464,7091900
2019-07-30,57.18933868408203,57.34872433781072,56.84020737726044,56.96923303162494,6961200
2019-07-31,56.43793487548828,57.42461436675808,56.36203778936979,56.95404316790108,13104600
2019-08-01,54.99586105,56.36961727065211,54.85165255223268,55.96735755,17132800
2019-08-02,54.45699691772461,55.60306216759862,54.02437710414766,55.10972236144804,21376700
2019-08-05,53.34128189086914,53.82703016,52.83276507503496,53.72077308905754,19080900
2019-08-06,53.85739517211914,53.89534661170592,53.34128686,53.348878308885695,12282400
2019-08-07,53.50827026367188,53.79668155,52.67339060916268,53.02252189,15231100
2019-08-08,54.93514251708984,54.9579168525477,53.59933769902926,53.77390040350745,14304100
2019-08-09,53.76632308959961,54.83649130492378,53.48550324148174,54.74541131088209,13686600
2019-08-12,53.50504684448242,53.91231409772819,53.274524515603694,53.83546745885984,9542600
2019-08-13,54.16589355,54.26579185029563,52.959475070818456,53.22842074634799,12403300
2019-08-14,51.983585357666016,53.090105557760495,51.983585357666016,53.07473974581278,18114400
2019-08-15,51.67621612548828,51.91442432,51.122953096615866,51.837583531813394,12874400
2019-08-16,52.48306274414063,52.60600683562805,51.69158561,52.08348125600941,12649000
2019-08-19,53.366737365722656,53.52042479892205,52.91337262858074,52.99789925119637,10032800
2019-08-20,53.04400253295898,53.2514791,52.79810850249447,53.2514791,9743500
2019-08-21,53.57420731,53.77399801,53.30526165930734,53.75862634035231,10134200
2019-08-22,53.458961486816406,53.75864471870592,53.21306740263584,53.72022724895805,8972000
2019-08-23,51.86063003540039,53.42820650748138,51.50715777148636,52.88262936996786,15371900
2019-08-26,52.13725662231445,52.45231139944372,51.89136264172024,52.34473314934469,7343900
2019-08-27,51.630104064941406,52.59062836522637,51.46105085007924,52.35241435220465,9490900
2019-08-28,52.00663375854492,52.23716196139455,51.607058184524725,51.89136965712011,9647400
2019-08-29,52.58295440673828,52.76737347252855,52.32168868950705,52.483061967471976,9004100
2019-08-30,52.62137222290039,53.08242277039137,52.298631563338496,52.72126465170777,9180800
2019-09-03,52.68284225463867,52.77505471078559,51.968211841583766,52.16800256528081,9849700
2019-09-04,53.24380111694336,53.48969518367132,53.09011366112776,53.40516854861699,6959200
2019-09-05,53.99684143066406,54.21200383812052,53.55884250356453,53.66642077600469,9901500
2019-09-06,54.50399398803711,54.519359798114415,53.88157608483717,54.05830928231537,10418500
2019-09-09,54.93430709838867,55.37999180473741,54.54241738382463,54.68073312501646,12840200
2019-09-10,55.380001068115234,55.97936742601036,55.03421458858385,55.43379020632181,13810800
2019-09-11,55.27241134643555,55.971669998325474,54.98041406557466,55.92556670728827,10525700
2019-09-12,55.310848236083984,55.44916400571041,54.32726617286468,54.542428596509794,9100700
2019-09-13,55.817996978759766,55.87947195124913,55.37231222207598,55.52599965329939,7337200
2019-09-16,56.65558242797852,57.76978855684243,56.55568412309758,57.66221027664495,19830200
2019-09-17,56.22526931762695,56.924534074528935,55.81032196670333,56.72474330647449,14452200
2019-09-18,55.95631790161133,56.07158202002636,55.57979391986038,55.82568796994337,7292200
2019-09-19,55.57978057861328,56.24062177881758,55.47220232393585,56.07156856073157,8050200
2019-09-20,55.38768005371094,55.71041484302479,55.21862682238207,55.70272900635285,19736600
2019-09-23,55.42609024047852,55.60282928529264,54.911250639938274,54.957353928770274,7495200
2019-09-24,54.66537094116211,55.22631983963616,54.41947689886936,55.18021067618499,13307100
2019-09-25,54.82673645019531,54.91894891131455,54.41947500642704,54.54242495458602,8035200
2019-09-26,54.53472518920898,54.826722447647214,54.311882862016105,54.72683003721235,8420200
2019-09-27,54.92663192749024,55.07262765520991,54.273470620952686,54.32725975486539,8224000
2019-09-30,54.25811004638672,54.90357972,54.23505839571008,54.74221229832556,9768900
2019-10-01,52.982521057128906,54.48862840427695,52.95178943684666,54.42715343856164,10279100
2019-10-02,51.59936523,52.70588521281405,51.49178698456252,52.45999123287483,14503700
2019-10-03,52.23715591430664,52.25252172351583,50.953890998775016,51.484102286405296,10788400
2019-10-04,52.99789810180664,53.074738885451794,52.11421443,52.33705680982154,10534800
2019-10-07,52.26789474487305,53.04400012496604,52.26789474487305,52.79042026871152,10993000
2019-10-08,51.25358200073242,52.19105479634323,51.2074787,51.899057475815255,9748700
2019-10-09,51.822208404541016,52.02199323593977,51.63778351968445,51.714630152995525,8580900
2019-10-10,52.44462966918945,52.52915628125205,51.77610260903308,51.81452592817986,7100100
2019-10-11,53.00557327270508,53.39746294920873,52.936412477538376,53.00557327270508,10101900
2019-10-14,53.15926742553711,53.30526902353745,52.70589681928267,52.71358265669748,6234600
2019-10-15,53.34367752075195,53.789362214691735,53.02862859060502,53.06704604607037,6645700
2019-10-16,52.42927169799805,53.428213656841024,52.41390002301089,53.18231962,9765800
2019-10-17,52.36009979248047,52.92872853243143,52.31399650243918,52.62136544872282,9757200
2019-10-18,51.952857971191406,52.36780532536152,51.952857971191406,52.15264874,13472700
2019-10-21,52.82114791870117,52.84419956269105,52.114203477662606,52.114203477662606,10199300
2019-10-22,53.09010314941406,53.60494869623688,52.75200253871685,52.85189496828578,9536000
2019-10-23,53.597259521484375,53.60494535791898,52.85189167686528,52.99020741981084,8641800
2019-10-24,53.09010314941406,53.82779107,53.03631401617297,53.75863026,9003600
2019-10-25,53.21304702758789,53.38978608100321,52.94410139202125,52.94410139202125,7607200
2019-10-28,52.74433135986328,53.53580276718503,52.69822805072297,53.374435322616485,11209600
2019-10-29,52.59063720703125,53.044001938951695,52.43694978,52.62137469331712,13894400
2019-10-30,52.03738021850586,52.53685416911218,51.69158785458914,52.53685416911218,12840600
2019-10-31,51.92211151123047,52.03737562235545,51.59169085271284,51.83758488724389,16169100
2019-11-01,53.48199462890625,53.48968046522641,52.490732796319136,52.55220776172966,14108700
2019-11-04,55.072635650634766,55.22632310025185,53.74327292126335,53.843165366581886,15858200
2019-11-05,56.16377258300781,56.18683009016633,55.21093414391128,55.35693570970729,14930400
2019-11-06,54.93430709838867,55.99472973505121,54.71146475,55.88715148,13996500
2019-11-07,56.10231018066406,56.11767599136203,55.32620483246525,55.34925647980001,13073800
2019-11-08,55.03687668,55.83789884,54.951336613247335,55.69013649,12106000
2019-11-11,54.70247650146485,54.91245522109172,54.41473623621971,54.601379372227136,8674000
2019-11-12,53.94811248779297,54.75690712750547,53.6448152395604,54.64802556323621,13918600
2019-11-13,53.504844665527344,53.77703381030009,53.34930377331551,53.67593074704281,11773700
2019-11-14,53.27153778076172,53.63705147106377,53.022678279555,53.55150546,11279800
2019-11-15,53.8081283569336,53.89367434,53.40372807,53.43483624347379,11252800
2019-11-18,53.28706741333008,53.5203757,53.115981396037526,53.42705119713391,10095600
2019-11-19,52.7426986694336,53.31818502331807,52.711590497159136,53.19375826749744,12605500
2019-11-20,52.90602111816406,53.30264296549429,52.35386431629714,52.626053453375455,16930700
2019-11-21,54.18142318725586,54.24363953831157,52.82047165762081,52.89823912980153,14080900
2019-11-22,53.94811248779297,54.57803662900264,53.91700431704131,54.21252303926675,12143600
2019-11-25,53.59038543701172,54.002558377865626,53.43484455999661,53.94812055422978,10670000
2019-11-26,53.45817184448242,53.69148018305005,53.22486943919231,53.59815566096749,15457000
2019-11-27,53.42707061767578,53.73036794,53.20154670988664,53.47373585142379,8393900
2019-11-29,52.98378753662109,53.29486337275624,52.88269041152035,53.1393284213277,7980800
2019-12-02,53.20930862426758,53.5670437,53.17042785943973,53.27152496792465,11116900
2019-12-03,52.789363861083984,53.07711003682408,52.509396212601146,52.88268838833754,12245800
2019-12-04,53.388179779052734,53.47372577,52.99155800000574,53.07710399,11049700
2019-12-05,53.20153809,53.63704064180213,53.04599722078776,53.57482429574223,13109000
2019-12-06,54.05699157714844,54.33695919854777,53.47372668811272,53.47372668811272,13710800
2019-12-09,54.17365646362305,54.41473743349033,53.67593153452144,53.72259676950879,12397700
2019-12-10,53.707027435302734,54.554708799987175,53.42705982,54.17364407883103,14281800
2019-12-11,53.629276275634766,54.251428033953616,53.40374641157616,53.45818424543314,13748400
2019-12-12,54.70247650146485,54.73358467967913,53.58261175214199,53.629271052824265,17068500
2019-12-13,53.83924865722656,54.85801625620899,53.75370265222884,54.81135695649321,12274500
2019-12-16,54.43805694580078,54.632478577750064,54.204748614150695,54.204748614150695,15208700
2019-12-17,54.18920135498047,54.73357958991211,53.90145518321502,54.42250970325275,14450700
2019-12-18,54.33696746826172,54.66359443184556,53.87812926708407,54.15031840340394,13652300
2019-12-19,53.96366882324219,54.47694479034806,53.84701465496563,54.43027956307096,13273200
2019-12-20,54.39140701293945,54.61693686,53.96367697573249,54.32919065602238,35092000
2019-12-23,54.66359329223633,54.671371819762776,54.07254979906494,54.32918780793544,14172500
2019-12-24,54.45361328,54.82690546098837,54.368073213614494,54.71025128399027,3979400
2019-12-26,54.539161682128906,54.82690787361597,54.44584308304632,54.58582691494838,8840200
2019-12-27,54.352516174316406,54.67914312338123,54.34473764697355,54.59359712,10516100
2019-12-30,54.03366470336914,54.78024309,53.971448354693145,54.50804805,12689400
2019-12-31,54.266971588134766,54.28252864322605,53.66815549923794,53.67592809350551,13151800
2020-01-02,55.137977600097656,55.23129618883127,54.62470162895278,54.62470162895278,12456400
2020-01-03,54.69469833374024,55.50349308506448,54.56249303975933,55.48015750382282,17386900
2020-01-06,55.114654541015625,55.49571933487576,54.61693556401677,54.68692451393307,20081900
2020-01-07,54.66359329223633,54.84245789239839,54.05699867729008,54.82690677062354,17387700
2020-01-08,53.83924865722656,54.66359459635566,53.79258342423259,54.52361076393013,15137700
2020-01-09,54.25141143798828,54.36028707239627,53.37262190319614,53.76924367612643,14811800
2020-01-10,53.76923751831055,54.40694013250158,53.75368640086626,54.38361048969695,11995600
2020-01-13,54.28253555297852,54.33697338617139,53.74592982,53.81591877329242,9953900
2020-01-14,53.815914154052734,54.11143888025834,53.57483318964568,53.955897989287415,16261000
2020-01-15,53.73035812,54.11920137874928,53.57482319510218,53.81590411453487,11390300
2020-01-16,53.520389556884766,54.11143301191952,53.50483843611333,53.89368172145347,13340300
2020-01-17,53.31818389892578,53.7225841966884,53.10821115709766,53.46594623079409,18144100
2020-01-21,52.55605316162109,53.20930694962943,52.50161534595373,53.17819877877994,17982600
2020-01-22,52.25275421142578,52.64937002697237,52.10499188802016,52.54049439918193,17033100
2020-01-23,51.92612838745117,52.05056108,51.36619905481559,51.87946909305092,19605900
2020-01-24,51.576168060302734,51.85613567288934,51.35841679,51.74726003835867,18238600
2020-01-27,50.347434997558594,51.117349097945024,50.316326817749975,50.87626218774788,21231000
2020-01-28,50.277442932128906,50.70516702815593,50.26188587654785,50.63517807787593,19664700
2020-01-29,49.85748672485352,50.65072441954896,49.69417325633616,50.57295694881846,14202800
2020-01-30,50.38631057739258,50.45629951654535,49.328656430605946,49.60084552721781,18544700
2020-01-31,48.30989456176758,49.14979757982748,48.10769733518233,49.14979757982748,34282900
2020-02-03,47.22890853881836,47.765511243879885,46.94894087821616,47.73440603342112,27389300
2020-02-04,46.63787078857422,48.14658186812694,46.575654430668095,47.78884671008442,31922100
2020-02-05,48.78427505493164,48.93981295229549,47.12780193628817,47.24445610097072,32099200
2020-02-06,48.12324905395508,49.00203280181992,48.045478611684494,48.93981941464248,16055400
2020-02-07,47.80440139770508,47.952160799622085,47.485549976044695,47.75773912869163,15112500
2020-02-10,47.29952621459961,47.741284053836296,47.03131663528253,47.70972927762744,20934500
2020-02-11,47.74918365478516,48.0331707,47.46519661354651,47.78862863991375,14908700
2020-02-12,48.33292007446289,48.53802009078852,47.772836367161226,48.38813942536706,17862100
2020-02-13,48.064720153808594,48.45125568770134,47.77284595342822,48.167271687164224,16949400
2020-02-14,47.84383773803711,48.24615062061295,47.55196055873407,48.23826343081819,10855300
2020-02-18,47.236427307128906,47.63874023652343,46.89722093,47.44941756712469,18948500
2020-02-19,47.59929275512695,47.820170180269926,47.19697987229808,47.41785729744105,12804900
2020-02-20,47.22063827514648,47.75705738824856,47.11019957701879,47.512512407230936,14817200
2020-02-21,46.644779205322266,46.94454053906369,46.376569637239065,46.94454053906369,20315700
2020-02-24,44.45966339111328,45.59560827283473,44.45966339111328,45.45361478646591,32096600
2020-02-25,42.75574875,44.767319323588026,42.57431328,44.767319323588026,36414500
2020-02-26,41.817012786865234,43.24483495188515,41.753906237556336,43.03184470566256,29801000
2020-02-27,39.300575256347656,41.36736501597877,39.28479786774233,40.79150387,48141300
2020-02-28,40.57851409912109,40.57851409912109,37.87275361196399,38.47228234881697,62446700
2020-03-02,42.50331497192383,42.51120216199235,40.33397358633207,41.48569592701302,38127600
2020-03-03,40.46807098388672,42.716298988631415,40.21563880927543,42.55852812719214,50580700
2020-03-04,41.35158920288086,41.39892137050021,40.32608297829589,41.20170851926351,24079600
2020-03-05,39.52933883666992,39.99476122065041,38.68526819255377,39.77388081198296,40788200
2020-03-06,37.62032699584961,38.66161073633387,37.23379144556437,38.52750742560665,55640500
2020-03-09,33.02132034301758,35.15910693147564,32.185136769173454,32.90299142840299,72896300
2020-03-10,34.24403381347656,36.492258749187485,32.69788603280418,36.42126201388984,60445900
2020-03-11,33.115989685058594,34.29926708070531,32.93455418,33.43941871949949,51986100
2020-03-12,29.329490661621094,32.066805550353315,29.187497191303475,31.47516709377284,65725300
2020-03-13,30.07101821899414,31.664498603826477,27.60980239127087,31.561947066646024,79891500
2020-03-16,27.207481384277344,29.88168668430653,26.22930449412018,27.136484650239897,48924700
2020-03-17,29.037622451782227,29.48726752970788,26.978719721686133,27.77545834824036,41204400
2020-03-18,26.12675666809082,28.95873322153134,24.63582805249093,27.25481437381301,54036400
2020-03-19,27.16015243530273,27.53091353567822,25.51934016994061,26.607955884104747,49412400
2020-03-20,25.826993942260746,27.751790109653257,24.89614762484084,27.483580536315618,76534600
2020-03-23,24.80937385559082,25.795437975374007,23.752312998814084,25.66133169028448,56952500
2020-03-24,27.95689392089844,28.53275511038575,26.292419912000295,27.152265091836465,61835600
2020-03-25,29.416275024414062,30.441781437662183,27.751797772284576,28.80096876908131,56607700
2020-03-26,30.62320899963379,31.206960319518267,28.96662237733929,29.58192546403798,46722000
2020-03-27,29.14806365966797,29.723924896184496,28.556425031971987,29.290057171053377,51558600
2020-03-30,29.581933975219727,30.094688701148844,28.28821787751357,28.580092116818022,45835000
2020-03-31,29.952686309814453,31.120185930623077,29.479373700797524,30.244560462709345,41491600
2020-04-01,29.605592727661133,30.52855045068099,28.66686062441745,29.07706372,36045900
2020-04-02,31.869592666625977,33.10019872790216,29.897464482038448,30.560099672429008,62000200
2020-04-03,30.930858612060547,33.273747925505965,30.38655230082416,32.69788684019616,48425700
2020-04-06,31.92481803894043,32.20880503258306,30.946640950752403,31.4593955791882,41301900
2020-04-07,32.53223801,34.17304760327788,32.469128440565925,33.84173140933126,48921800
2020-04-08,34.59113311767578,34.74101681145164,32.713668928908014,33.09231724452242,33355600
2020-04-09,34.02316665649414,36.847253513067216,32.92666353302458,35.861189120129886,60107300
2020-04-13,33.731285095214844,35.25376856301592,33.10809477,35.064445909067736,29651900
2020-04-14,33.470970153808594,34.51225391696493,33.06076700328796,33.92061527838839,30769000
2020-04-15,31.93270301818848,32.39023825609653,31.064967717007967,32.34290609069009,33125000
2020-04-16,30.883533477783203,31.932704273764102,30.70998520703162,31.932704273764102,30934000
2020-04-17,34.09415817260742,34.173042108225424,31.451504200194787,31.459394399294137,40829100
2020-04-20,32.484901428222656,33.71551071583068,31.980037005377103,32.14569508,39260800
2020-04-21,32.31135177612305,33.23430945476636,31.26218100638147,31.86959692959152,44381600
2020-04-22,33.234310150146484,33.86539066498826,33.02131991,33.605068259924565,27074200
2020-04-23,34.275596618652344,35.23010616525972,33.77073216455355,34.02316439160295,35271000
2020-04-24,34.496463775634766,35.411531078055944,34.02315424340018,35.02499566221771,28653800
2020-04-27,34.662132263183594,34.961896662246524,33.31319698124471,34.38603545432927,28274400
2020-04-28,35.474647521972656,35.80596365714656,34.79623485368796,35.00133488842954,26545100
2020-04-29,37.43889236450195,37.54933109567038,36.41338599178548,36.49226993998301,29502500
2020-04-30,36.65792465209961,37.61243410126112,36.10572808334173,37.61243410126112,37076300
2020-05-01,34.03105163574219,36.59481889074825,33.92061291238788,35.99529310286936,35399300
2020-05-04,35.403648376464844,35.45097753014904,33.305303968310774,33.53406856598536,27465600
2020-05-05,35.36420822143555,37.19434315184718,35.23010192426764,36.49226290757596,29276200
2020-05-06,34.70157623291016,35.71130511499713,34.63057948281158,35.4430955,22659000
2020-05-07,34.898780822753906,35.71129665192672,34.68579062293382,35.46675167971208,22160300
2020-05-08,36.42915725708008,36.46071203,35.48253499175199,35.74285739363963,19977400
2020-05-11,36.08206558227539,36.44493651635196,35.900627106007725,36.37393977,22258000
2020-05-12,35.47895050048828,36.72537723527507,35.47895050048828,36.52434057,25439100
2020-05-13,33.71787643432617,35.27792016201633,33.45250651108222,35.173383283989935,30827900
2020-05-14,34.01540756225586,34.21644425360202,32.326700581978656,33.02630741,24856500
2020-05-15,33.77415466308594,34.58634131834593,33.65353146,34.079731207054074,22445600
2020-05-18,36.46001434326172,36.65301091604199,35.43070746863751,35.70411749065662,32026100
2020-05-19,35.334205627441406,37.497362258611446,35.326165510007975,36.62888233213955,21771600
2020-05-20,36.4841423,36.653015476000014,35.84082542679238,35.88103215641387,19352400
2020-05-21,35.83277512,36.82187510769423,35.696068593045005,36.54042194524394,19130700
2020-05-22,35.86494827270508,35.921238306782826,34.94018123601581,35.422668118847014,15406400
2020-05-26,36.91837310791016,37.23198981509274,36.56454968116654,36.78166964788742,20356500
2020-05-27,37.18374633789063,37.90747655810047,36.51630307609044,37.52148649380662,20788300
2020-05-28,36.21876525878906,37.36065201064324,36.13030863792622,37.33652859316282,19698000
2020-05-29,36.564552307128906,36.74146249941786,35.679989075378934,36.04185571256863,25874700
2020-06-01,37.21590423583984,37.35261075507111,36.025767617737905,36.443924224245485,19031000
2020-06-02,38.04418182373047,38.15676187193152,37.59385856335006,37.68231519195837,22319000
2020-06-03,39.59618377685547,39.72484712264023,38.55883382595427,38.59904054634148,23418000
2020-06-04,39.48359680175781,39.52380658578669,38.72770010268265,39.306686635849225,18731400
2020-06-05,42.684112548828125,42.98164599846481,41.49397261512832,41.53418240818388,41328900
2020-06-08,44.01898956298828,44.51755963377502,42.98967975118771,44.002906261662766,33579400
2020-06-09,43.03792953491211,43.39979614478497,42.17749285564556,42.52327616423784,27276900
2020-06-10,40.73003768920898,43.02185490082013,40.68982789411884,43.02185490082013,31156800
2020-06-11,37.13549423217773,39.27452429580671,37.07116102,38.221091032045095,39183000
2020-06-12,37.93160629272461,39.09761986488921,36.91838258873565,38.63121627656949,30978100
2020-06-15,37.907474517822266,38.40604460725378,35.98556442,36.46805120490785,27929300
2020-06-16,38.75986862182617,40.00629529903467,37.98788858,39.86154865857681,26203400
2020-06-17,37.49736022949219,38.70358023926821,37.473233743344906,38.59904031283298,19279400
2020-06-18,37.73056411743164,38.06026723050291,36.805797193519936,37.079207211801744,21478700
2020-06-19,36.97466659545898,38.80812017401148,36.97466659545898,38.775956635892726,48899900
2020-06-22,37.32849121,37.34457451428294,36.50826421,36.74146444292296,17565400
2020-06-23,37.553653717041016,37.97181039379758,37.39282375404597,37.71448368003607,18916600
2020-06-24,35.78452682495117,36.95858023,35.58349015739527,36.91837350726343,27626900
2020-06-25,36.32330322265625,36.37959631,35.133166531904685,35.422659820818104,19353600
2020-06-26,35.076873779296875,36.13834704,34.980377046366065,36.090100211585806,31518600
2020-06-29,35.63978576660156,35.84886565,35.01255224711221,35.22967225022236,17052100
2020-06-30,35.96144104003906,36.16247771299532,34.70697109646461,34.92409107136651,22153600
2020-07-01,35.14924621582031,36.49217259727644,35.11707961645682,35.77648263310539,17290100
2020-07-02,35.446781158447266,36.33938124619082,35.32615794972687,35.881017961174315,18216600
2020-07-06,35.696067810058594,36.25093093860568,35.25378778456772,35.921227881019206,22692000
2020-07-07,34.77130126953125,35.382451352245724,34.66676134979654,35.302037917111896,17407600
2020-07-08,34.69088363647461,35.32616018,34.44964027135774,34.69892682027147,18291400
2020-07-09,33.25951385498047,34.65872764133605,33.20322382148207,34.49790072709877,25882000
2020-07-10,34.29685974121094,34.34510658243687,33.05042983821714,33.06651314115124,18951000
2020-07-13,34.304901123046875,34.81151444762283,33.959117766162265,34.56222784432242,20028300
2020-07-14,35.438743591308594,35.535240333031844,33.98323701059241,34.20035698,21444100
2020-07-15,35.88906478881836,36.25897150067884,35.55132161065049,36.21072159877602,17332400
2020-07-16,35.60761260986328,36.03381241947099,35.213582469986136,35.6317391,14673700
2020-07-17,34.99646759033203,35.937317833198655,34.89192765193248,35.64782757448494,17958900
2020-07-20,34.17623519897461,34.988422026910804,34.16015189665418,34.74717862725682,18553900
2020-07-21,35.90515137,36.339388253650064,34.66676471348115,34.698931317686146,28821800
2020-07-22,35.06884002685547,35.50308000520779,34.87584345839564,35.50308000520779,21345400
2020-07-23,35.141212463378906,35.23770921136792,34.59439244548064,34.89996905961822,17934400
2020-07-24,34.92408752441406,35.720190950624485,34.73109098824361,35.28595411249874,16415300
2020-07-27,35.438743591308594,35.454826892858485,34.55418347909724,34.76326026409363,18547900
2020-07-28,35.02058410644531,35.583487344621155,34.94821078914305,35.310077375654366,19190500
2020-07-29,35.40658950805664,35.4548394297676,34.85172921,35.149262727419256,14143200
2020-07-30,33.66962432861328,34.723057699376696,33.63746078924054,34.68285097447841,29901100
2020-07-31,33.83848953,33.910859779741585,32.897636439464385,33.09867308430774,32116200
2020-08-03,33.97520065307617,34.17623734333106,33.34796716110539,33.81437068735697,23033600
2020-08-04,34.95625686645508,35.060793725318746,33.96715682650482,34.04757026679628,17724000
2020-08-05,35.26183319091797,35.63174302130123,35.004506480480444,35.50307966608247,17175100
2020-08-06,35.092960357666016,35.30204021071956,34.779343645661825,34.89996687377549,14434900
2020-08-07,34.93213653564453,34.996469753274646,34.42552625090234,34.76326644073047,18757900
2020-08-10,35.79256820678711,35.864941532367865,35.060794833726646,35.37441462296074,24367800
2020-08-11,36.16248321533203,37.32849364183277,35.96948663019493,36.58868004522329,28987500
2020-08-12,36.15427780151367,36.85128575927919,35.777073568560404,36.45768093427234,22503200
2020-08-13,35.26866912841797,35.97387903682062,35.194868018745744,35.67047587,17338700
2020-08-14,35.42446517944336,35.490064413119974,34.77665593338809,34.93245685045124,13595700
2020-08-17,34.96525955200195,35.39986426930076,34.82585921931853,35.39986426930076,15554600
2020-08-18,34.79305648803711,35.41626328374134,34.678255483151545,34.92425808334814,13014000
2020-08-19,34.407649993896484,34.98165813908717,34.33384890197064,34.72745368287755,14473100
2020-08-20,33.882850646972656,34.35025661674976,33.866450053354974,34.18625380866632,15678500
2020-08-21,33.628639221191406,33.89924426808417,33.38263662371155,33.86644308759546,25517700
2020-08-24,34.62086105,34.858661836116305,33.69424786449553,33.850048808727045,18208900
2020-08-25,33.52204895019531,34.49786087,33.374446727017805,34.16165649856879,31285600
2020-08-26,32.808624267578125,33.4892346,32.80042553755437,33.32523184566046,26795000
2020-08-27,32.58723068237305,33.04643473000016,32.23462578689196,32.80043211475807,32034300
2020-08-28,33.366249084472656,33.55485125391423,32.60363854,32.66924093,33477100
2020-08-31,32.75123215,33.39084273584236,32.71843409064337,33.32524036650922,25259600
2020-09-01,32.33302688598633,32.595430098164364,32.02142189849003,32.595430098164364,22464100
2020-09-02,32.13622283935547,32.57083070010758,31.93942199471827,32.16902402282601,26413400
2020-09-03,32.07062911987305,32.82503770097131,31.88202697459848,32.14443023133645,28817200
2020-09-04,32.04602813720703,32.62823513752303,31.69342319265657,32.35763003343358,24632500
2020-09-08,31.308013916015625,31.71801933332532,30.62740342179685,31.36541442419153,38496400
2020-09-09,31.119409561157227,31.849218650981985,31.09480711078488,31.44741199455752,25886100
2020-09-10,30.34039306640625,31.463806744620857,30.258393255301524,31.38180693351613,34381200
2020-09-11,30.25840377807617,30.59460812547287,29.92219943067948,30.447005911679845,26838600
2020-09-14,30.06159782409668,30.34860037215639,29.922197480208585,30.26660053788024,26129900
2020-09-15,29.741792678833008,30.652005185306457,29.692590903747703,30.17639741,23724200
2020-09-16,31.004613876342773,31.28341771305281,29.741796314297712,29.897597262305844,30890900
2020-09-17,30.99640274047852,31.14400491151685,30.31579551010616,30.62739731288268,24696200
2020-09-18,30.49620056152344,31.01280824199316,30.09439702078596,30.77500435897296,46853800
2020-09-21,29.872995376586918,30.10259741252753,29.25798724195187,29.872995376586918,35351800
2020-09-22,29.134984970092773,30.209200327056823,29.08578632027774,29.89759532315776,27303200
2020-09-23,28.20017433166504,29.34819084213541,28.167373144944552,29.233389816707035,31251400
2020-09-24,28.14277648925781,28.55278197788697,27.68356921587945,28.208378868923425,26796000
2020-09-25,28.405168533325195,28.65117110372709,27.781961813100885,27.880362215643164,23486000
2020-09-28,28.95458412,29.43839064635766,28.782379466554563,28.815180651163345,23396500
2020-09-29,28.109968185424805,28.790578625786967,27.87216743955307,28.700376940621588,20770500
2020-09-30,28.150972366333008,28.634775737096952,27.98696958012689,28.40517371326417,22223700
2020-10-01,27.16695976257324,27.962368143170096,27.011155702384364,27.70816678701869,36890200
2020-10-02,27.04395294189453,27.34735602986693,26.412544317454447,26.445345496719742,32694300
2020-10-05,27.66716766357422,27.675366395774933,27.199758597710968,27.322761477373906,22965200
2020-10-06,27.38015937805176,28.22476947843679,27.31456014241735,27.97876687064524,26731800
2020-10-07,27.470361709594727,27.667165677307946,27.23255782763503,27.58516272072204,23779300
2020-10-08,28.913578033447266,28.97918039575951,27.68356189292792,27.781965436396288,34413700
2020-10-09,28.48717498779297,29.47938724999926,28.413373894763996,29.25798397091233,29228600
2020-10-12,28.396976470947266,28.47897630430453,28.068970881331943,28.323175369688474,17912800
2020-10-13,28.060766220092773,28.593771280479167,27.962362687144616,28.478970286798788,20995100
2020-10-14,28.00337219238281,28.56097982886684,27.90496864,27.92957108966895,17743000
2020-10-15,28.24937438964844,28.25757312178209,27.28176133703364,27.63436625255055,23251600
2020-10-16,27.96236991882324,28.405176547331983,27.78196965128112,28.183773233077613,22627200
2020-10-19,27.404760360717773,28.183771272664703,27.38016103687613,27.96236797381075,23645800
2020-10-20,27.63436317443848,27.82296527343614,27.330960069798127,27.601561993371195,23040600
2020-10-21,27.191558837890625,27.568763066731726,27.175158246015837,27.478561375466885,28619300
2020-10-22,28.585580825805664,28.66758066557609,27.07676062613885,27.20796224662756,31831500
2020-10-23,28.011568069458008,28.765979612313817,27.76556546151761,28.67577792618067,27429100
2020-10-26,27.347360610961918,27.69176679475547,27.01935815,27.560565183808677,30888700
2020-10-27,26.91275405883789,27.22435903700289,26.81435363924108,27.183359122845296,27100700
2020-10-28,25.88774299621582,26.55195292909642,25.846743078206877,26.32234775767849,42136400
2020-10-29,27.035757064819336,27.166958667636557,25.51053647701105,25.756539091281724,38622800
2020-10-30,26.748756408691406,27.17516247958593,26.248549226909496,26.57655485931868,47885700
2020-11-02,27.87217140197754,28.25757439143897,26.707754316811357,27.17516027175958,40130300
2020-11-03,27.396562576293945,28.282175802338116,27.16696053758316,28.282175802338116,36773000
2020-11-04,27.24896049499512,27.99517025226782,26.674952267533072,27.281761680128533,35410100
2020-11-05,27.19976043701172,27.81476862,27.175161110652944,27.36376324495476,30824100
2020-11-06,26.87994956970215,27.60155986,26.748747983681533,27.142352741743377,33985600
2020-11-09,30.282997131347656,31.16860711133537,29.569588657455785,29.864789898723185,76879400
2020-11-10,30.954835891723636,31.43351865676572,30.21581559337891,31.11439574555005,49055400
2020-11-11,30.635713577270508,31.17318173069515,30.392172319136566,31.147988912116773,34124500
2020-11-12,29.585968017578125,30.47615158658949,29.28364140155303,30.11503959562204,30933700
2020-11-13,30.29979705810547,30.442560632326217,29.711940074147986,29.728736354096807,29241500
2020-11-16,32.04656219482422,32.054958731358255,31.15637875479275,31.56787952332903,38596800
2020-11-17,32.47486877441406,32.50846134085101,31.39153573711193,31.752647817400454,26521100
2020-11-18,31.248762130737305,32.86116972959766,31.240365592737174,32.76879179378239,31068000
2020-11-19,31.408327102661133,31.492305302041395,30.70289933575289,30.95483713745663,26954400
2020-11-20,31.022018432617188,31.416723009608237,30.88765139417216,31.36633416885526,18351000
2020-11-23,33.05432129,33.113106664239744,31.307546702188176,31.49230256906676,29367600
2020-11-24,35.25459289550781,35.33857431569252,33.77655513945678,34.02009324908339,46979300
2020-11-25,34.272029876708984,35.027843339307246,34.13766282534286,34.99425077557491,28178200
2020-11-27,33.75135040283203,34.38119647566323,33.48261633470907,34.179647526352404,14971900
2020-11-30,32.02137756347656,33.49101850673222,31.887010519664283,33.42383338304457,45614300
2020-12-01,32.33209991455078,33.29786522,32.30690709560166,32.718404755064334,32472900
2020-12-02,33.54139709472656,33.944498141421874,32.19772693907553,32.23971603077168,29369500
2020-12-03,33.76814651489258,34.12925851780808,33.36504541470935,33.650575761117814,27038900
2020-12-04,35.00265121459961,35.06983313983753,34.13766350444561,34.23843799408412,28723600
2020-12-07,34.34761428833008,34.885082536748165,34.15445863321409,34.78430483749718,24899400
2020-12-08,35.47293472290039,35.766861629440776,33.96130148,34.03688314127491,32573800
2020-12-09,35.943214416503906,36.724223785013486,35.59050216159646,35.86763276137192,37824800
2020-12-10,36.95937347412109,37.34568157677969,35.909629811212405,36.27914163083685,38058700
2020-12-11,36.78300476074219,36.89217896144259,36.28752579271709,36.69902657778024,25478800
2020-12-14,35.45613479614258,37.33727321169379,35.422542237831344,37.2364987403228,30595000
2020-12-15,36.14476776123047,36.29593107649848,35.32176926897288,35.64088897581617,27138400
2020-12-16,36.699031829833984,37.04334755495326,36.07758229486705,36.74102092732409,34273000
2020-12-17,36.51427459716797,36.984560800811465,36.44709268439757,36.95096824264493,21204600
2020-12-18,35.884429931640625,36.766213794365264,35.62409240115275,36.33791987369197,46596800
2020-12-21,35.22938537597656,35.338559574894965,34.036875335295214,34.523957758498625,27869500
2020-12-22,34.633140563964844,35.187405029466895,34.62474082158097,34.91867093731821,21792900
2020-12-23,35.07823181152344,35.598903729579604,34.81789425071377,34.85988335315064,19085900
2020-12-24,34.93546295166016,35.14541165498398,34.750710271158006,34.97745526,8039000
2020-12-28,35.05303192138672,35.73326357294124,34.868276063649674,35.01103962385556,23877500
2020-12-29,34.65833282470703,35.37215714478988,34.59954744322082,35.30497522461837,20287700
2020-12-30,34.93546295166016,35.62409444227728,34.65833232912545,34.70872117120584,23807300
2020-12-31,34.61634445,35.00264931081023,34.40639574116458,34.82629316264401,22786500
2021-01-04,34.85148620605469,35.48133234230868,34.43158878188535,34.80949710435038,27764700
2021-01-05,36.53107452392578,37.62280714484775,35.12861871784392,35.13701525644263,44035100
2021-01-06,37.46324539,37.87474303723284,36.69903227542106,37.29528579628322,36484800
2021-01-07,37.75716781616211,38.26944308044163,37.396055849655646,37.79076037201445,29528100
2021-01-08,38.17707824707031,38.47940494630421,37.74878422553133,37.95873296627002,28628200
2021-01-11,39.33599090576172,39.58792872007228,37.580819540957705,37.82436081633527,38246200
2021-01-12,40.20937347412109,40.452911516593154,39.39477154255224,39.85665801,36915100
2021-01-13,40.66285705566406,40.90639828284368,40.04980732,40.75523498346064,29000300
2021-01-14,42.25007629394531,42.89671865528222,40.73004659753808,40.73004659753808,35474800
2021-01-15,40.217769622802734,41.21712741459662,39.71389406,41.074360642813474,42411300
2021-01-19,41.01557922363281,41.519454835272604,40.604078351395344,40.688059755710654,24932600
2021-01-20,41.59503173828125,41.77139106538374,41.14154502111631,41.24231949120156,22342400
2021-01-21,40.402530670166016,41.47746705100634,40.041418629059386,41.42708141,29044500
2021-01-22,39.83146667480469,40.00782280976342,39.168028029697645,39.47875120132438,23264800
2021-01-25,39.38637924194336,39.51234654569203,38.76492965133545,39.38637924194336,26395800
2021-01-26,38.52138137817383,40.19257421411131,38.50458510001397,39.68869548000296,23976800
2021-01-27,38.084693908691406,39.184826279152766,37.396062410711934,37.790767002320784,32410300
2021-01-28,38.680946350097656,39.12603653108683,38.37021999397064,38.58016867610706,24967200
2021-01-29,37.65639877319336,38.66415316890284,37.37926495285902,38.25265230937809,38961100
2021-02-01,37.72357940673828,38.27784702853737,37.19451100994191,38.27784702853737,24412400
2021-02-02,38.31983566,39.46195705,38.02590557572396,38.47099897540234,31940400
2021-02-03,39.82307052612305,40.03301924008253,38.14348081444725,38.31984016888119,28459300
2021-02-04,40.587284088134766,40.62927318728399,39.68030416940949,40.20937579,25280300
2021-02-05,41.94775391,42.09051749476874,41.183540711636994,41.301111479490814,34980100
2021-02-08,43.75330352783203,43.97165194851436,42.58598938234317,42.762345504274016,36998700
2021-02-09,43.24087905883789,43.52271599373683,42.50638998915154,43.27503884084877,28977000
2021-02-10,43.65935897827149,43.91557522744407,43.03589824403053,43.240873198148414,25723800
2021-02-11,42.566165924072266,43.49708741705527,41.66086507742074,43.46292438330248,26972200
2021-02-12,43.14692306518555,43.30919258329367,42.19892008610426,42.21600160242608,19756700
2021-02-16,44.445091247558594,44.86357701587547,44.08638590246356,44.37676517879143,28060100
2021-02-17,45.13687896728516,45.49558434569643,44.24012040820685,44.70985077172724,25509700
2021-02-18,44.42801284790039,45.21374314606011,44.29136395874364,45.10271816347222,20627600
2021-02-19,44.72692871,44.88920149736117,44.34260271410029,44.50487550052396,22607200
2021-02-22,46.37526321411133,46.81083382,44.9148275096448,44.9148275096448,36435100
2021-02-23,47.01580810546875,47.195159182575466,45.89699621287907,46.95602441309985,33527900
2021-02-24,48.42499923706055,48.681215509199845,46.86207444,47.13537222981164,28728600
2021-02-25,47.62218094,48.89472634164159,47.27201796336123,48.66413073475123,29670900
2021-02-26,46.43504333496094,47.02434430787559,45.36747289,46.46920637123904,35291000
2021-03-01,48.16878128051758,49.20218872152352,47.93818566626586,48.22856496666063,36998300
2021-03-02,47.886940002441406,48.64704964407278,47.84423783589392,48.38229425669845,30302600
2021-03-03,48.271270751953125,49.501110862167806,47.72467514741327,48.18586315251453,35358900
2021-03-04,50.14164733886719,50.79073198689834,48.766616099240416,48.78369761713244,52137500
2021-03-05,52.03765106201172,52.14013690665241,50.48326884343514,51.09819042721181,51429800
2021-03-08,51.98641586303711,52.61841907761198,51.089657230680565,52.59279842633424,38154600
2021-03-09,51.18359756469727,52.43051905984068,50.79073242370136,51.76435614615488,35645900
2021-03-10,52.75505828857422,52.88316477939335,51.26899888612208,51.68748790858356,31579100
2021-03-11,52.36219787597656,53.42122596363167,52.31949245056638,52.763602159506654,24802600
2021-03-12,52.92587661743164,53.26749722566525,52.52446906334133,52.56717123,20422700
2021-03-15,51.57647705078125,52.83194128311259,51.13236723214725,52.51594125641878,31243600
2021-03-16,50.48327637,50.95300675459351,49.91105686190012,50.85052089467888,30624800
2021-03-17,50.70531845092773,51.01277922099355,50.064776265945945,50.124559942573626,25575500
2021-03-18,48.518951416015625,50.36371334387681,48.27127424666272,50.227064432848834,38622800
2021-03-19,48.24564743041992,49.082622310785865,47.66488881825308,48.43353762285041,84439400
2021-03-22,47.75028991699219,48.56164409,47.74175078708346,48.25418328873301,29315100
2021-03-23,47.16098785400391,48.07482779416808,46.50336414,46.92184988510621,33493300
2021-03-24,48.11753082275391,48.92034255103784,47.89547762402555,47.89547762402555,29781800
2021-03-25,47.98088455200195,48.254182315096166,46.54606966677418,47.15244887501657,31495900
2021-03-26,49.28758621,49.34736988999926,48.271260430894245,48.93742327424658,34226500
2021-03-29,49.02283859,49.38154071618832,48.4591615,48.97159403573517,21144400
2021-03-30,48.41645050048828,48.98866991594222,48.24564184676829,48.56164176570976,20303400
2021-03-31,47.68196487426758,48.36520926384136,47.65634096980678,48.12607128401586,23686500
2021-04-01,49.01428985595703,49.065534406114175,47.94671949576293,48.10044988826817,23194500
2021-04-05,48.25418472290039,48.95451068302021,47.946723909586034,48.93742916472869,23264800
2021-04-06,48.11753082275391,49.14239900773234,48.04920475670448,48.54455896166441,18926300
2021-04-07,48.33104705810547,48.48477745563978,48.03212865065892,48.16023514329331,22385000
2021-04-08,47.82715988,47.89548595953238,47.24640125096371,47.76737619237715,21999300
2021-04-09,47.71612930297852,48.20294118,47.42575000184956,47.82715754522485,20020700
2021-04-12,47.40013122558594,48.50186478733588,47.23786167894293,48.47624087936417,20238800
2021-04-13,47.57947922,47.81007482657626,47.04996518451393,47.22931623889497,19370600
2021-04-14,48.95450973510742,49.54380744390497,48.04066970098816,48.17731858670787,28051100
2021-04-15,48.66413497924805,49.03991863549357,48.49332304,49.03991863549357,23250300
2021-04-16,48.39083099365234,49.26196883159825,48.20293756057588,48.98867106965047,22752000
2021-04-19,48.23710250854492,48.80077957216519,47.79299281327343,48.467698115203184,21123300
2021-04-20,47.22077560424805,48.228562341469846,46.78520504838171,48.228562341469846,21782100
2021-04-21,47.82715988,47.93818812926189,46.37526330502156,46.54607524190631,16625600
2021-04-22,47.203704833984375,47.81862657852373,46.99019070134901,47.81862657852373,21600100
2021-04-23,47.45991516113281,47.77591512538324,47.12683367746794,47.20369888584958,15337900
2021-04-26,47.55386352539063,48.07483848257586,47.348888543330254,47.374512452317056,16083800
2021-04-27,48.17732620239258,48.36521967169606,47.664893614431925,47.83570230510752,19278600
2021-04-28,49.62921524047852,49.92813366112125,48.501861114102425,48.60434696432758,24729800
2021-04-29,50.33807373046875,50.79926488305928,49.66337177534484,50.32099221467288,27318400
2021-04-30,48.886192321777344,50.29538350056905,48.81786624238617,49.817113976697975,30518400
2021-05-03,50.235599517822266,50.38079080670042,49.313220257175175,49.51819197822263,20509600
2021-05-04,50.55160140991211,50.81636009,49.97084274825617,50.38933185308382,23522200
2021-05-05,52.07181167602539,52.14013448328826,50.73094359658465,51.04694350335342,31526200
2021-05-06,52.56717300415039,52.64403821373823,51.26900682998186,51.97787523595485,26836800
2021-05-07,53.31873703,53.35290006519728,51.96932646259117,52.15721989804872,33610600
2021-05-10,53.44685363769531,54.67669048181057,53.40414820927502,54.01053075839542,31956600
2021-05-11,51.74727249145508,53.28457321385167,51.57646057608517,52.635491845005575,34563800
2021-05-12,52.02455139160156,53.44560787441209,51.7732661267214,51.99855419857477,34426500
2021-05-13,51.38334655761719,52.379820886559415,50.90677317198643,51.123397738675735,24268200
2021-05-14,52.65710449,52.75241983840858,51.92924575473339,51.92924575473339,20735400
2021-05-17,53.88752365112305,53.93951473479757,52.36248822304981,52.45780355707222,25282500
2021-05-18,52.362491607666016,53.98284247449819,52.336497716862766,53.72289365017983,25170800
2021-05-19,51.10606384277344,51.86858319,50.62082365698882,51.210042702074304,28889800
2021-05-20,50.98475646972656,51.25337211,50.46485884895937,51.08007180480052,20692500
2021-05-21,51.05407715,51.84259375764506,50.99342253317978,51.48732628909469,20792700
2021-05-24,51.651954650878906,51.816588107514,50.854774643308616,51.19271169444603,18400300
2021-05-25,50.48218918,51.59130924301471,50.36087994611671,51.556648517935066,25616100
2021-05-26,51.071407318115234,51.22737727259792,50.17025162107246,50.47352469621735,21698700
2021-05-27,50.74214172363281,51.72994925843214,50.27423184753986,51.322693999007306,33556000
2021-05-28,50.57749557495117,50.9500900400913,50.35220751263365,50.88943543,19246800
2021-06-01,52.38846969604492,52.59643067602759,51.51330814688957,51.51330814688957,28474200
2021-06-02,52.80440521240234,53.12501196331317,52.13720112,52.639771725355565,22978300
2021-06-03,53.01236343383789,53.21165763556769,52.29316829655216,52.46646860840414,20272800
2021-06-04,53.24632645,53.46295104289385,52.66577080946357,53.25498997599886,20427800
2021-06-07,52.899715423583984,53.488934474874526,52.87372153484211,53.14233717174551,15477900
2021-06-08,53.83553695678711,54.138810020756765,52.570447005330216,53.28964213621324,28953400
2021-06-09,54.28611755371094,54.95331830811474,53.88752584020442,54.30344461021123,29133000
2021-06-10,54.37276840209961,55.43856091595944,53.93951925148527,55.11795747002486,27488700
2021-06-11,53.87019729614258,54.75402595176785,53.8442034050864,54.59805599457347,17631700
2021-06-14,53.78354263305664,54.39875555744708,53.35029353608958,53.98283682101009,16997200
2021-06-15,55.74183273,55.80248734483161,54.02616332864952,54.13880902,30717100
2021-06-16,55.54253768920898,56.14909044367907,55.07463113634024,55.73316836601795,24803200
2021-06-17,53.71422958374024,55.85447807777323,53.090349767281786,55.33458043434359,28491800
2021-06-18,52.33649444580078,53.33296542764594,52.19785486113413,52.85639206194361,39590700
2021-06-21,54.23413086,54.3294462,52.76974986481273,52.79574375709652,33145400
2021-06-22,55.27392578,55.464556459575775,53.92218728166727,54.45941528689702,25140400
2021-06-23,55.68117904663086,56.062433778855656,55.09195997589404,55.49921520857556,20701600
2021-06-24,55.90646743774414,55.94112816306595,55.29125774313986,55.58586729751784,19568400
2021-06-25,56.02777862548828,56.26173023839569,55.76782651260729,55.98445107,18438300
2021-06-28,54.59805679321289,55.94112850609608,54.37276868809706,55.94112850609608,20570000
2021-06-29,54.26012802124024,55.25660249,54.23413412739013,54.77136220134288,19579300
2021-06-30,54.65870666503906,54.78867940850636,54.11281188727735,54.32943643181776,17875500
2021-07-01,54.81467819213867,55.81981603636749,54.39009589795578,55.74183436657876,22530300
2021-07-02,54.736698150634766,54.866674222855146,54.0868244,54.59805854946647,14555300
2021-07-06,53.177005767822266,54.38143801235668,52.769753768392135,54.37277448276415,22110800
2021-07-07,52.34516525268555,53.55826426628011,51.660630762079634,53.01236937961967,21671400
2021-07-08,52.111209869384766,52.60511366093657,51.39201796,51.51332720209282,18935900
2021-07-09,53.0556869506836,53.24631762162361,52.19785554231048,52.59644394025008,20086000
2021-07-12,53.003692626953125,53.28963861588785,52.12853091057658,52.35381898529596,21809400
2021-07-13,52.75241470336914,53.29830622424978,52.43180796902887,52.85639356847566,17147300
2021-07-14,51.582637786865234,53.488934524855416,51.43533467661914,53.003694333507326,21573600
2021-07-15,51.08007049560547,51.72994415762226,50.92410055228717,51.27069786,15851100
2021-07-16,49.66767883300781,51.34868422799839,49.52037571887089,51.27936608764821,27049500
2021-07-19,47.96067428588867,48.69719974280152,47.310800632662925,48.21195955843877,37969100
2021-07-20,48.48923873901367,49.04379706112231,47.6833951442532,48.09065035817663,26756100
2021-07-21,50.04893493652344,50.51684476118172,49.24309464573863,49.26908853418797,20908700
2021-07-22,49.485721588134766,50.03161648,49.095796667257886,50.02294964,13493800
2021-07-23,49.42506027,49.641684831644014,48.931156541157016,49.641684831644014,14088200
2021-07-26,50.67281723022461,50.82012365145114,49.39040021771432,49.52903980540656,18387600
2021-07-27,50.109596252441406,50.26556289914989,49.57236494822335,50.26556289914989,16861400
2021-07-28,50.447540283203125,50.80280451172867,49.92763923544405,50.25690956848187,16855300
2021-07-29,51.06274032592773,51.40934094,50.74213691031834,51.12339493684226,18607800
2021-07-30,49.88431167602539,51.01942574841865,49.66768708014013,51.01942574841865,28652800
2021-08-02,49.892974853515625,51.17539197049784,49.73700489147723,49.866977656223376,20873800
2021-08-03,50.430206298828125,50.61217016504279,49.32975296128433,49.88431139475512,18208200
2021-08-04,49.25176239013672,50.15292139505529,49.225768499461886,49.55503546610517,20868300
2021-08-05,49.563697814941406,49.99694691593665,49.24309440572485,49.50304320523634,15180200
2021-08-06,50.13558578491211,50.31754961144633,49.84963979570553,49.96228548588645,14888500
2021-08-09,49.563697814941406,49.840976975144095,49.24309440572485,49.50304320523634,17828200
2021-08-10,50.41286849975586,50.56883844934583,49.65034911347474,49.75432797805855,16340200
2021-08-11,50.56017303466797,50.69014909811664,50.01428150121223,50.42153344285608,18278600
2021-08-12,50.44581604003906,50.83284799831128,50.02360210366236,50.48979938472134,19225500
2021-08-13,49.93564987182617,50.19953320356608,49.52223052697654,50.16434786454513,20063000
2021-08-16,49.205562591552734,49.33750591746728,48.61622334150629,49.27593326016267,16959500
2021-08-17,48.871315002441406,49.52222695002101,48.37873035810298,48.818537,16243700
2021-08-18,47.84217071533203,49.09122344708234,47.7718033904854,48.74817141378181,21890500
2021-08-19,46.38200759887695,47.24402820592233,45.82785029596979,47.03292289892994,30923500
2021-08-20,46.390811920166016,46.74265526482599,45.83665454188952,45.97739255084527,16918300
2021-08-23,48.299564361572266,48.43150769381876,47.45513643047799,47.45513643047799,21632600
2021-08-24,48.69538879394531,49.126397396210365,48.38752215115496,48.63381613647888,17915600
2021-08-25,48.78335189819336,49.05603322404669,48.26437992670371,48.58983925753271,13270300
2021-08-26,48.12364959716797,48.85373034933562,48.05328226812252,48.55466165110991,11842600
2021-08-27,49.056034088134766,49.44306273173169,48.73057810703148,48.73057810703148,15822500
2021-08-30,48.51947021484375,49.557414192705615,48.48428487701082,49.4694542,14086100
2021-08-31,47.95651626586914,48.65141156002616,47.90373826128284,48.31715757522964,27104100
2021-09-01,47.29681015014648,48.16762548607973,47.14727413606728,47.93013283479512,21644100
2021-09-02,48.44910812,48.941689484770905,47.73662005532648,47.75421272614172,23293300
2021-09-03,48.26437759399414,48.66020422353457,48.02688161626988,48.48428090424346,13840000
2021-09-07,47.98290252685547,48.616225146019566,47.91253521109184,48.088455178230056,14354400
2021-09-08,47.54309844970703,48.53706242358327,47.50791311220769,48.194013771610905,18756700
2021-09-09,47.57828521728516,48.37873321443288,46.88338988034961,47.164865877887806,19110800
2021-09-10,47.48152160644531,48.58103814055749,47.45513428337323,48.545852806155935,15123700
2021-09-13,48.70418548583984,49.196770121621455,48.04447553787116,48.07086621750156,22052300
2021-09-14,48.00929641723633,49.05603505573285,47.85976040861768,48.98566437980442,19940300
2021-09-15,49.62778472900391,49.72454273658554,48.65141670680613,48.70419136151704,23240900
2021-09-16,49.10002136230469,49.66297342026599,48.81854533332404,49.66297342026599,17907200
2021-09-17,48.51947021484375,49.91805551684687,48.46669220809436,48.67780087963342,30000400
2021-09-20,47.22643661499024,47.64865059406401,46.58431931209939,47.30560194578272,27555100
2021-09-21,47.18246078491211,47.94772347979741,46.83941210635865,47.82457814446629,19696800
2021-09-22,48.56344985961914,49.17917984542648,47.82457454774203,47.87735255411128,25690600
2021-09-23,50.20833587646485,50.34907389015355,48.625029028143246,48.74817437,23069400
2021-09-24,50.65693664550781,50.85924732806888,49.85648857300151,49.87408124393623,22328600
2021-09-27,52.16107177734375,52.60087845903376,51.73885776557638,51.76524509,32972200
2021-09-28,52.70642852783203,53.19901319503497,52.34578720082265,52.688839214234186,37619300
2021-09-29,52.67124176025391,52.94391971720996,51.94116116030192,52.63605642533757,23422800
2021-09-30,51.73885726928711,52.92633395627615,51.73006261213949,52.88235395962076,31289600
2021-10-01,53.59484863,53.64762664862058,52.257835764806174,52.257835764806174,24407300
2021-10-04,54.28974151611328,54.59760487183685,53.61243877806252,53.93789480489299,33946700
2021-10-05,54.20177078,55.15175476017546,53.67400414294037,54.99342409722467,29641600
2021-10-06,53.207820892333984,53.761974968915176,52.55690544060067,53.19022822007534,25284900
2021-10-07,53.35734558105469,53.72678493223038,52.899946237220256,53.31336558472532,19513600
2021-10-08,54.69435501098633,54.905460322959065,53.876314377310486,53.876314377310486,22186900
2021-10-11,54.14899826049805,55.46841826665138,54.09622025228682,55.44202758481647,22121500
2021-10-12,53.86751937866211,54.51843133447922,53.52446737683273,54.15779001964584,20198600
2021-10-13,53.71798324584961,53.99945922965744,52.96151528106917,53.462894586943015,14991700
2021-10-14,54.53602600097656,54.72954201,53.80594533260145,54.28093733211356,18594500
2021-10-15,55.05500411987305,55.4772181590316,54.923060764622726,55.17814946186193,16092600
2021-10-18,55.02861404418945,55.53878805774301,54.773525359683305,55.494808060007855,18282800
2021-10-19,55.85544204711914,55.95220004265677,55.12536143021398,55.30128475342254,18933200
2021-10-20,56.16331100463867,56.18090367427784,55.169350335965774,55.31888299,14305200
2021-10-21,55.14295959472656,55.978592946669416,54.84389092209834,55.82906028808462,16564600
2021-10-22,55.52118682861328,55.60915016598223,54.843884230434384,55.21332353646752,14266800
2021-10-25,56.603126525878906,56.6646992,55.92582709393693,56.04897244519911,17939800
2021-10-26,57.91373825073242,58.001704952199965,56.611914284384895,56.72626160100875,25585100
2021-10-27,56.40959930419922,57.39476862994604,56.27765932062386,57.31560665307592,21764500
2021-10-28,56.56793212890625,56.70867348549444,55.96979814069957,56.13692346846011,16626400
2021-10-29,56.70866775512695,57.49152301701939,56.58552243601466,57.21884505483024,23966300
2021-11-01,57.72902297973633,58.124853022255856,57.19245828788264,57.23644164069062,19656400
2021-11-02,57.01653671264648,57.57069070365985,56.875802067226665,57.20125470965094,16300000
2021-11-03,56.23368453979492,56.69108055181373,55.996188520789694,56.330442549996185,17372800
2021-11-04,56.655906677246094,57.07811738363871,56.14572925534669,56.893399360727166,17720100
2021-11-05,57.19245147705078,57.46513615,56.78783018088842,57.21884551214286,18565100
2021-11-08,57.80819320678711,58.38873455593842,57.50912116377408,57.65866054,17696000
2021-11-09,58.37114715576172,58.37994516902892,57.44755037932357,57.85217174768264,18781300
2021-11-10,57.22119522094727,58.52268905888992,56.84679088,58.22851398,20177200
2021-11-11,57.32815933227539,57.79170915,57.06964247139835,57.22119152853768,13319300
2021-11-12,56.89135742,57.38164918543346,56.67741501646152,57.01615772512508,18158900
2021-11-15,57.381649017333984,57.73821742494309,56.35649784269176,56.83786995373854,18849200
2021-11-16,57.961082458496094,58.27309005114813,57.35490657730588,57.35490657730588,17028700
2021-11-17,57.32815933227539,58.15719381677534,57.21227527785736,57.39055948482456,15497000
2021-11-18,56.70415496826172,57.52427316,56.25843767204907,57.19444671453811,16948200
2021-11-19,54.08333969116211,55.295691384086346,53.85156817,55.17089107461828,32035500
2021-11-22,54.832149505615234,55.75032960261073,53.77134338641979,53.77134338641979,21994400
2021-11-23,56.27626800537109,56.49912665836182,55.19762954,55.43831729377196,21185900
2021-11-24,56.58826828,56.91809813150699,55.78597917639008,55.78597917639008,15869700
2021-11-26,54.60036849975586,54.75191074740807,53.07601617083419,53.94962165876392,24979600
2021-11-29,54.903465270996094,56.28518842526123,54.63603553,55.77707090014795,18946400
2021-11-30,53.343448638916016,54.54688403469248,53.18299013273872,53.89613716,34979800
2021-12-01,53.29888534545898,55.29569731212548,53.26322713877293,54.28837847739759,30630600
2021-12-02,54.62711334228516,54.89454645321632,52.71944376755532,53.25430658886439,29216000
2021-12-03,54.27945327758789,55.47397580022599,53.79807776834123,55.19762984479479,22014700
2021-12-06,54.89454650878906,55.41157682930266,54.75191370251964,55.01934681372154,19210500
2021-12-07,55.50963211,56.187120900106684,55.35808646,55.57203225960778,19800400
2021-12-08,55.67009735107422,56.32975712068761,55.57203899059164,55.81272676617064,18214400
2021-12-09,55.81271743774414,55.955346829001776,55.09957048,55.31351286806598,16910300
2021-12-10,56.16929626464844,56.47238418417641,55.47397832,56.40107117987454,17942400
2021-12-13,54.93911743164063,55.91078131847632,54.68951342180772,55.68792266003284,17793700
2021-12-14,54.85889053344727,55.68792505048833,54.57363171043888,54.60928651289988,22551100
2021-12-15,54.61819839477539,54.82322794487685,53.49498889354621,54.54688199445151,19961900
2021-12-16,54.70734405517578,55.67009511888863,54.64494390110773,54.76974420924383,21187800
2021-12-17,53.51282883,54.62712230339692,53.20974086527615,54.33295059389085,44338100
2021-12-20,52.73727416992188,52.81750343,51.66755190145534,52.40744429900042,21819300
2021-12-21,53.93180084228516,54.092259364769305,53.23648284522293,53.26322479878576,19798900
2021-12-22,54.36859893798828,54.70734164499025,53.45933521805799,53.78916507510863,14058300
2021-12-23,54.39534759521485,55.12632380126727,54.37751849256068,54.529060764290605,13543300
2021-12-27,55.17089844,55.22438574893311,53.86048821209648,54.31512186,12593700
2021-12-28,54.99260711669922,55.54529909616213,54.73409363013828,55.18872384493145,12781000
2021-12-29,54.511226654052734,54.91236949995898,54.30619370543222,54.80539830108752,12733600
2021-12-30,54.19031524658203,54.91237516413577,54.17248614483888,54.573632432676206,11940300
2021-12-31,54.54688644,54.79649046503359,54.11008535841213,54.14574356148287,14072000
2022-01-03,56.64175796508789,56.69524186725027,54.56471362,54.59145896873338,24282400
2022-01-04,58.77228927612305,59.00406419940858,57.14096216,57.16770411661852,38584000
2022-01-05,59.503265380859375,60.26989975607211,59.26258100776092,59.280406709020944,34033300
2022-01-06,60.90282440185547,61.04545723236819,59.78853091762867,60.61756554193772,30668500
2022-01-07,61.40201568603516,61.66944879904937,60.59972995,61.08109867086074,23985400
2022-01-10,61.03652572631836,61.66052720109575,60.57297594410717,61.48224300861821,22760300
2022-01-11,63.60387802124024,63.64845248616958,61.13460637,61.41094900866412,32936100
2022-01-12,63.41666793823242,64.01392759192609,62.97095056065075,63.41666793823242,23045100
2022-01-13,62.962032318115234,63.80889938940945,62.676773477526304,63.398840231132056,21043200
2022-01-14,64.06741333007812,64.31701395397657,62.93528747,62.97986192500037,23012900
2022-01-18,65.14603424072266,65.85917775292702,64.19219960730643,64.91425936873117,32841200
2022-01-19,65.17278289794922,65.84135883510413,64.67358170789419,65.74330048689959,26431600
2022-01-20,65.3154068,66.29599024990475,64.4150628,64.62900518501048,26774600
2022-01-21,64.33483887,65.23518979331322,63.32752013276232,65.23518979331322,35995200
2022-01-24,64.88752746582031,65.14604432438213,62.23104927871787,63.18488405977384,41507000
2022-01-25,66.79519653320312,67.07153908981262,63.63951715355104,64.70923598006416,39278400
2022-01-26,66.11771392822266,67.74904115676313,65.51153802477575,67.24092362,35252400
2022-01-27,66.96457672,67.75795305546794,65.95725116336772,67.26766125288941,29174700
2022-01-28,67.10720825195312,67.41029960967204,65.92159837815738,66.83086565020658,30595700
2022-01-31,67.71338653564453,68.12344572717113,66.20685955,66.83086798868747,36085500
2022-02-01,72.05467224121094,72.66084814,67.98972516963384,68.15018369615804,61033100
2022-02-02,71.86746215820312,72.03683011277177,70.55705216685799,71.36825414176764,30299300
2022-02-03,71.02951813,71.59111954762844,70.44116795296317,71.39500282280237,28529400
2022-02-04,72.57170104980469,73.57010354538893,72.09032550324503,72.09032550324503,32197500
2022-02-07,73.44529724121094,74.06038930070439,71.88528666803126,72.33100397465402,34949200
2022-02-08,71.54653930664062,73.54335081,71.24344802128917,73.33831786584592,34356300
2022-02-09,71.20404815673828,72.13240363373114,70.94266538262806,71.72681370495872,40106100
2022-02-10,70.51903533935547,71.81693393121253,70.11344547,70.95167049547533,28527700
2022-02-11,72.29464721679688,72.39379265264988,70.51004312445109,70.86155626011023,42002100
2022-02-14,71.18602752685547,71.96115390585346,69.44648525018347,71.72681641112317,34652800
2022-02-15,70.29370880126953,70.47397632177741,68.87864142867092,69.31127660138705,25075100
2022-02-16,70.61819458007812,71.86201659965481,70.33878847492863,71.01477631113201,21733800
2022-02-17,70.51003265,71.31220424185851,70.25765811497564,70.73536190610358,23738800
2022-02-18,69.72589111328125,70.45595576073387,69.30227097781979,69.54563044463981,23394800
2022-02-22,68.91470336914062,71.91609091,67.87818734796664,71.80793038157162,35947800
2022-02-23,69.19409942626953,69.82502541899866,68.61725712671884,68.91469337144103,25385000
2022-02-24,68.31983184814453,71.23108192850421,66.72449689568474,71.20404351854779,46199900
2022-02-25,70.15853118896484,70.29373015128346,68.73445516518942,69.12202185636684,28310300
2022-02-28,70.68128967285156,71.14096334750556,68.68036448771505,68.95977748189902,32204600
2022-03-01,71.35727692,72.69122932045245,70.60017381333341,70.99674868220667,40002300
2022-03-02,72.58305358886719,74.04318953760267,71.94311937332645,72.64614550092043,44321400
2022-03-03,73.04272461,73.70068211542483,71.77186444123386,71.97917036016202,30196600
2022-03-04,75.79174805,75.96300048824138,72.70023714,73.05175024403351,42802200
2022-03-07,78.52273559570312,78.62188101087405,75.62049390034193,76.53983416878734,55207900
2022-03-08,79.11760711669922,82.47952263551605,76.99951348960968,80.26228358585396,72082300
2022-03-09,74.62004089355469,78.02701831074926,73.54747138202917,75.73767213258333,65466700
2022-03-10,76.93643188476562,77.22485309549607,74.71919253793081,75.71965511688731,44644200
2022-03-11,76.53986358642578,77.72059392731266,75.68361490067664,75.77374525551782,35303400
2022-03-14,73.79983520507812,75.21490265300984,72.55602019162006,74.86338956493466,37462600
2022-03-15,69.59970856,71.35727418,68.83359038647843,71.04181456244224,47957900
2022-03-16,69.33832550048828,70.86155361583982,68.72542959104244,70.13148208121073,37812300
2022-03-17,71.18602752685547,71.33924978,69.46450856650743,70.46497109682937,34041900
2022-03-18,70.90662384033203,71.55557333708096,70.3928733,71.25813700498692,41461500
2022-03-21,74.08825684,74.37667800938944,71.87101777568132,72.21352264675144,33089300
2022-03-22,73.76378631591797,74.08826101391203,72.81740751052159,73.57451055,23132200
2022-03-23,74.92648315429688,75.95398403107443,74.85438301714831,75.11575890775555,27716300
2022-03-24,75.15182495117188,76.29650163521089,74.58399759607268,75.22393197685241,19871600
2022-03-25,76.79221344,77.05359622163895,74.62004282535703,74.73721157170269,22398300
2022-03-28,74.63807678222656,75.08873539,73.92603535329839,74.96255153152306,21552400
2022-03-29,74.24150085449219,74.34965451842514,71.88906239288632,72.83544133482256,27036300
2022-03-30,75.51234436035156,75.71965031578085,74.54793535344902,74.86339495822955,22079000
2022-03-31,74.43976593017578,76.07115433676948,74.40371930236961,74.69214046033876,27861500
2022-04-01,74.91747283935547,75.83681316993918,73.89898021039649,73.89898021039649,18671100
2022-04-04,74.95352172851562,75.40418020872121,73.95305935233898,75.31404301147795,20869400
2022-04-05,74.56595611572266,76.67503452938236,74.41272700434773,75.25996715846887,21753100
2022-04-06,75.39517974853516,76.34155861476539,74.75524540760689,75.18787378173957,24768200
2022-04-07,76.65702056884766,77.00853368068051,74.54793502134683,75.55741262865105,26122000
2022-04-08,78.27037048339844,78.60386027239115,76.76517263791081,76.76517263791081,24866500
2022-04-11,75.57543182373047,77.45017290228427,75.25997223755633,77.31497397206586,21800100
2022-04-12,77.15274810791016,78.25235615171997,76.95445723096029,77.25189354638509,22444200
2022-04-13,78.24332427978516,78.51372212247337,76.78319518347669,78.06306363566155,19306800
2022-04-14,79.16267395019531,79.73050119,77.72056812203769,78.11714292696666,24566400
2022-04-18,79.81163787841797,80.11808241,79.09058139430691,79.76656926947193,19032300
2022-04-19,79.09957885742188,79.91076550207977,78.65792859302313,79.32490809891003,20382600
2022-04-20,79.27986145019531,79.76657357174584,78.68499566374776,79.28887654777161,20689400
2022-04-21,78.44161987304688,80.93827189229044,78.22530571167484,80.17214691702956,29010900
2022-04-22,76.72912598,79.42406918762184,76.61195722340935,78.10814698,23591600
2022-04-25,74.14234924316406,74.50287747145657,71.46543625946006,74.24149468,37698300
2022-04-26,74.16938018798828,76.35958087441824,74.07023476327926,74.56596188682437,28941500
2022-04-27,76.28749084472656,77.04460090410633,74.16038160259485,75.16084429175447,32773000
2022-04-28,78.59484863,79.44208891013326,75.77372857589874,76.50379323,33683800
2022-04-29,76.83728027,79.44208605751352,76.34155313397521,79.44208605751352,34656500
2022-05-02,77.8828125,78.45063978716608,76.27846231481767,76.62096720757175,36335200
2022-05-03,79.48714447021484,80.01891817,77.62141865,77.74760247182344,33908100
2022-05-04,82.65077972,82.81301709,80.13611093242972,80.66788474904783,46188400
2022-05-05,81.39794158935547,82.96623822678848,79.66741448,82.95722313,41013400
2022-05-06,82.64176177978516,82.75893051970158,80.53267633,82.00182750515853,29619300
2022-05-09,76.12523651123047,80.72195205,75.72865481243043,80.61379840422943,45851600
2022-05-10,76.62996673583984,78.31543196666206,75.27799126368916,77.18878573986983,34483200
2022-05-11,78.22531891,80.16315222176793,77.76564522128619,77.90084417364118,33020600
2022-05-12,78.58042907714844,78.65326776159634,75.93983398827831,78.26173117655412,29491500
2022-05-13,80.91142272949219,80.99336884348227,78.62594172002196,79.54559858746423,25798400
2022-05-16,82.81447601,83.75234785362512,81.01159185500376,81.02069929534167,26101200
2022-05-17,83.87071990966797,84.18030342325589,82.9692778,83.52471358031528,23120700
2022-05-18,82.54130554199219,84.60824965,81.79465530243864,84.23492800314008,25451200
2022-05-19,82.98748016357422,84.04372090906088,81.03890480601633,81.03890480601633,24387400
2022-05-20,83.64308929,85.21833625890217,82.31368767,83.70682749044778,28795000
2022-05-23,85.49150085449219,86.29278199659035,84.27136773264212,84.37152874377215,27239300
2022-05-24,85.95586395263672,86.31097765958981,84.06191955092652,84.51719424670644,24293300
2022-05-25,87.68592071533203,87.89534321,86.01961344241813,86.11977444441459,29947800
2022-05-26,87.99550629,88.71484125110547,87.59486226920154,87.95908347167916,24314800
2022-05-27,88.86052703857422,89.17011749724743,86.77537468734342,87.36722633588204,25588800
2022-05-31,87.41275787353516,90.8546341,87.14869766715915,89.74376252714137,44888100
2022-06-01,89.08815765,89.88033820110824,87.97729312532081,88.34150736,25815400
2022-06-02,88.93338012695312,89.32491674323067,88.13209895856892,88.58737377066178,19089100
2022-06-03,90.22634887695312,90.74536877,89.14279967,89.14279967,21038200
2022-06-06,89.99871063232422,90.85462939853494,89.84391888220485,90.30830107950445,20682100
2022-06-07,94.12349700927734,94.17812775201524,90.59056077748971,90.78177532401315,37810200
2022-06-08,95.234375,96.12671662408763,93.76839660183188,94.23277187492248,31613200
2022-06-09,93.17653656,95.21616559468484,93.0217448047528,94.16903222907531,26607000
2022-06-10,91.47380828857422,94.10529597055708,90.86374174847536,92.82142469881084,30950500
2022-06-13,87.27616119384766,89.02441442652774,85.51880052175359,88.79677706976395,33421000
2022-06-14,87.50380707,89.84391904530203,86.74804930258718,88.69663165733772,31264000
2022-06-15,86.40203094482422,87.93175419583888,84.92693843411492,87.40363388308536,29620800
2022-06-16,83.21512603759766,84.79948037073854,82.20441544224691,84.14389050481067,35696700
2022-06-17,78.41651916503906,83.17868877862418,77.99766726219373,82.82357505780007,64610200
2022-06-21,83.29706573486328,84.25313848,80.60183328216416,80.65647097,35951500
2022-06-22,80.00086975097656,81.73091497681949,79.70038678580026,79.70949422481968,29727200
2022-06-23,77.58792114257812,81.08443479358225,76.04909028277957,80.72932104854279,35757200
2022-06-24,79.12676239013672,80.49258680326815,78.13425970418459,79.17228570240911,26639000
2022-06-27,81.06623077392578,81.98588782638501,79.82788274693381,79.95535914,25478700
2022-06-28,83.31527709960938,84.89963124357317,82.26814381,82.96927079943879,33096900
2022-06-29,80.23762512207031,84.86321134166344,79.90982674353218,84.66289628539363,25400900
2022-06-30,77.97946166992188,79.76413792599378,77.09622751,78.43473643770373,39948100
2022-07-01,79.71861267089844,80.01908873062212,77.13264844062907,78.98106284118019,26327900
2022-07-05,77.22370910644531,78.94464728919593,75.58472399984298,78.61684887848703,34591100
2022-07-06,75.83055877685547,77.60613441214689,73.76361454,76.26762557926385,33375700
2022-07-07,78.25262451171875,78.99927481,77.66987340044163,77.74271207914535,23817400
2022-07-08,78.38010406,79.49097558682803,77.33297073134625,79.17227769842926,17673800
2022-07-11,77.97946166992188,78.41652850364679,76.81395937591097,77.55150227669627,15603800
2022-07-12,76.94142150878906,77.44222643939756,75.44812110271691,76.28582485,21013000
2022-07-13,77.25102233886719,78.58953132,75.84878211156982,75.92162079763973,19928600
2022-07-14,75.70307922363281,75.85787095981294,73.47223589392345,74.52846962267478,26343000
2022-07-15,76.97785186767578,77.28743534827981,75.48455131512931,77.21459667145248,17243700
2022-07-18,78.39830780029297,80.07372243371296,78.07961688,78.83537460155853,19395800
2022-07-19,80.37420654296875,80.60184393279435,78.53489949,78.68969124764767,18248900
2022-07-20,81.25743103027344,81.63075963956891,79.44543956863656,79.74592255461471,16584400
2022-07-21,79.90071105957031,79.94624130903581,77.58791471492536,79.15406081814484,21375700
2022-07-22,79.29065704345703,80.55632037117556,78.88090557488673,79.71861644650205,15479500
2022-07-25,81.93123626708984,82.06781311653421,79.60022513042621,80.27403667,17536400
2022-07-26,81.61254119873047,83.11494912,81.03889757075747,82.97836531509155,15141200
2022-07-27,83.37901306152344,83.77054960385388,81.40312241748099,82.20440343453213,18047000
2022-07-28,84.35330200195312,84.90873773214928,82.86910887278862,83.93445008108966,20353100
2022-07-29,88.25955963134766,88.79678047940695,85.68270298656894,86.00139390888727,29825800
2022-08-01,86.02872467041016,86.82089833406225,84.89053773119345,86.31099280831454,20793200
2022-08-02,85.65539551,86.68431399381504,85.42775812132986,86.21993872718849,16722500
2022-08-03,82.87821197509766,85.97408164736832,82.66878948154276,85.97408164736832,23580800
2022-08-04,79.39081573486328,82.25904119648997,78.69879614699684,82.23172582210368,31821500
2022-08-05,80.53810119628906,81.66718758790127,78.56221043137985,78.63505605927898,17408000
2022-08-08,80.99337005615234,81.58522858,80.32867285403344,80.68378658052237,14458500
2022-08-09,82.48668670654297,83.41545120883967,81.90393550574368,81.99499602525917,19083400
2022-08-10,83.26974487304688,83.57933530012674,81.21190810674031,82.56862484941767,18302000
2022-08-11,85.67858887,86.69911986241347,84.06964449,84.43739759257588,18797900
2022-08-12,86.42329406738281,86.44167891593695,84.68563477973642,85.02581410073213,15058200
2022-08-15,84.87870788574219,85.25566392108993,82.43311617230663,83.23298685750898,20755200
2022-08-16,84.0880127,85.40275012172404,83.93171695584665,84.61206847985756,14038200
2022-08-17,84.76835632324219,85.69694877232092,83.59152990016038,83.91331727921576,13678000
2022-08-18,86.77264404296875,87.62768311681178,85.58662164928718,85.64179021221963,17770400
2022-08-19,86.49683380126953,87.52655350390694,86.23940387561018,86.57038721272632,16128600
2022-08-22,86.43247223,86.87377864797878,84.45576822990648,85.89002461323342,16019900
2022-08-23,90.10086059570312,90.47781654267705,87.75639662,87.84834188658611,23764700
2022-08-24,90.63413239,90.99269655298583,89.51246724,90.1100765236118,17050300
2022-08-25,91.10300446,91.81094375577192,90.19280379831288,90.94670871921323,15305700
2022-08-26,89.98135375976562,91.85692379040734,89.56762105354827,90.80880514332064,15531400
2022-08-29,92.04999542236328,93.37392183284705,90.22958696,90.26636367,23059200
2022-08-30,88.54708862304688,90.67089964,88.09658623110249,90.43185455081134,17086800
2022-08-31,87.88512420654297,89.03437004258066,86.04633086888266,86.45086765,18340900
2022-09-01,86.30376434326172,87.40703749553079,84.85111598170374,86.80942828,16423000
2022-09-02,87.88512420654297,88.98840442,87.44381773359085,88.58386763889706,18206800
2022-09-06,87.29669189453125,88.80450154199653,86.89216221813413,88.40916779432888,19201500
2022-09-07,86.55200195,86.96572764885133,84.86031544724678,85.67857792239613,16274700
2022-09-08,87.25994873046875,87.72883602160992,86.16586435559165,87.03009954344016,18759200
2022-09-09,88.72177124023438,89.18146953681591,87.63688298,88.74015608574433,17158000
2022-09-12,89.74231719970703,91.19496575,89.07115448681758,89.77909391138705,16118900
2022-09-13,87.64607238769531,89.89859106755247,87.25992753076646,88.82289881706258,18229100
2022-09-14,89.79746246,90.615724860048,88.39998274535823,88.43675945036394,22655700
2022-09-15,87.18639373779297,88.75856131,86.46926540948257,88.46435463351335,21092300
2022-09-16,85.69696044921875,87.65527277811043,84.58449135,87.40703877028349,37874700
2022-09-19,85.68775939941406,85.95438525230027,83.66508970678402,83.67428563672887,15342100
2022-09-20,84.98902130126953,85.43952365719365,84.25350123840472,85.25564714869704,14712500
2022-09-21,83.61911774,86.31295004806792,83.54557133999036,86.02793934746363,17332400
2022-09-22,83.2697525,85.19129510674044,83.22377987,84.76836648421367,16139400
2022-09-23,78.83826446533203,80.44720863809391,78.01080605930936,80.44720863809391,27738800
2022-09-26,77.21092987060547,79.27037629899783,77.12818052875805,78.05677306260455,22043400
2022-09-27,78.82906341552734,79.9507284,77.97402428723574,78.70954438136768,17307300
2022-09-28,81.69758605957031,82.10212283,78.99455769109927,79.17844122791618,19543300
2022-09-29,81.53210449,82.15729456599804,80.10703671654214,81.07240611481036,17896000
2022-09-30,80.27251434326172,81.86307353655623,80.27251434326172,81.06319597491942,21357600
2022-10-03,84.51092529296875,84.915462,82.48825578207588,82.78246238392282,23881300
2022-10-04,87.59089660644531,87.67364593435995,85.23724394171776,85.72452293735856,22133700
2022-10-05,91.13059235,91.93046288867204,87.94948099280067,88.03222331880654,34857700
2022-10-06,93.83361816,93.94394828527334,90.40427264942494,90.53298761695108,29124700
2022-10-07,92.88664245605467,94.99206162694172,92.1051567061998,93.95314594,24507600
2022-10-10,90.87315368652344,93.8060309918534,90.76283058727388,93.30955600191282,16786100
2022-10-11,90.10086059570312,91.71900046432192,88.95161492483956,89.38373241939449,17804100
2022-10-12,90.49620056152344,90.93751398146236,89.39292753333437,89.64116150962332,12635800
2022-10-13,93.65894317626952,94.19218792458852,89.54923886,89.68714976279955,22019100
2022-10-14,91.19494629,93.99910156558455,91.05703540329672,92.96938191600334,15222000
2022-10-17,92.50969696044922,93.75088108218443,92.39936683306207,92.92342266288094,14283200
2022-10-18,92.6751709,94.10023127850071,91.23171866011148,93.35552235094794,14065400
2022-10-19,95.42418670654295,95.60806324533723,93.07053334066272,93.08891818876604,20921700
2022-10-20,95.55288696289062,96.53664102,95.07480382702892,95.91145106839672,17649000
2022-10-21,97.32733154296876,97.82380658392862,95.5345108515358,96.03097887805576,22814100
2022-10-24,98.00767517089844,99.0006251723722,96.64697214467672,97.14344714541362,17024200
2022-10-25,97.34571838378906,98.67884778434988,96.60100931431582,97.83300451847408,15719800
2022-10-26,98.50415802001952,99.13854396280168,97.45604638421244,97.69509148089612,17383800
2022-10-27,98.88111114501952,100.74748519638342,98.761585092932,99.67179281423374,18214000
2022-10-28,101.77720642089844,102.2461006767718,99.40516839320222,100.63715653813873,28169400
2022-10-31,101.87833404541016,103.8090724988447,100.61876520447044,100.67392675533225,26401800
2022-11-01,102.88968658447266,103.49648475023858,101.73124479508674,103.31260821865862,22213100
2022-11-02,100.77507781982422,103.06437375172182,100.49925599044067,102.58629053048958,20654200
2022-11-03,102.14496612548828,102.80693283394112,99.57984863745337,99.82808966034304,17103700
2022-11-04,103.2574234008789,104.3515075306222,101.86913967267373,103.89180925956218,17541500
2022-11-07,104.4802246,104.80201200277094,103.09193383850788,103.34937076766371,16008000
2022-11-08,104.81122589111328,105.41803109215108,103.52406908254488,104.3331426839286,14661000
2022-11-09,100.1222915649414,104.14924616471838,99.818889,103.9837544954432,19522800
2022-11-10,101.59333801269533,101.77721455173854,98.89950533,101.3083272728462,20146700
2022-11-11,104.7652359008789,105.27090681800745,103.42291775611125,103.50566709456824,20518900
2022-11-14,105.07108306884766,106.24811331977804,104.25549637128296,104.38524751482154,20858300
2022-11-15,105.77544403076172,106.14616461282635,104.6076837429825,105.46960609114734,19373800
2022-11-16,104.64476776123048,105.89594367319997,103.67162701252768,105.13596958015194,13591000
2022-11-17,104.78377532958984,104.91352647860786,102.64287429988528,103.14334604791505,12425900
2022-11-18,103.87551879882812,104.24623940323734,101.58632666782673,102.78189690482004,15415000
2022-11-21,102.84676361083984,103.05992316712992,99.61224093489996,101.9384985619108,20973000
2022-11-22,105.82180786132812,106.09058016015908,103.2731130737922,103.9960144640025,17719100
2022-11-23,105.29352569580078,105.6086336347836,103.89405867812866,104.09795537789772,11546700
2022-11-25,104.92279052734376,106.22030901533658,104.78376942668258,105.54374342993586,7136000
2022-11-28,101.77167510986328,103.30089305864726,101.59558831712567,102.55945898138404,23015500
2022-11-29,102.44825744628906,103.61602497086196,101.75315890776604,102.51313302704824,14453200
2022-11-30,103.18968200683594,103.70869367534112,101.74387944443772,103.3750458423404,23158100
2022-12-01,102.68921661376952,103.86624690967744,102.11459933406464,103.46772350474976,14398300
2022-12-02,101.81802368164062,103.53259848049888,101.20633363862883,101.49364581227402,15248400
2022-12-05,99.0283660888672,103.20822709950046,98.18498357549328,102.59653701803369,19287700
2022-12-06,96.27577209472656,99.20445712009833,95.59921352567672,98.14790798332685,21197000
2022-12-07,96.06261444091795,97.17476922,94.87631412822824,96.18309563580102,20061700
2022-12-08,96.77625274658205,98.98203667797516,96.11822696556642,98.50009772,21128800
2022-12-09,95.96066284179688,98.1942422768028,95.73823331,96.93379646957264,21298200
2022-12-12,98.32398986816406,98.46301097307344,96.00699502269796,96.22943161891584,20413200
2022-12-13,99.39908599853516,100.59465627304044,99.18591934626669,99.90882773,24305300
2022-12-14,98.66690063476562,100.37221239663825,98.00887499395331,100.08490024801394,17597300
2022-12-15,97.72158051,98.3981390657422,96.10894694,97.61963216270026,15365100
2022-12-16,97.03575134277344,97.85133813816977,95.58067871205976,96.09969041937774,54596600
2022-12-19,97.47134399414062,98.42594480310056,96.73917272539768,97.55475949103923,13611100
2022-12-20,98.88007354736328,99.640047568149,97.37865835321766,97.47133673216088,14680000
2022-12-21,100.14979553222656,100.64099736989208,99.31568293968937,100.36296219601569,13565400
2022-12-22,98.12937927246094,100.27028766964298,96.47967980278608,99.99224541414144,13213000
2022-12-23,100.72440338134766,100.78000899670212,99.07470413,99.12103978652289,11539400
2022-12-27,102.12387084960938,102.38337315055692,100.86342504137204,101.2712113410436,11962100
2022-12-28,100.44638061523438,101.9477961587356,100.0015214644324,101.86438771955102,10702100
2022-12-29,101.20632934570312,101.6882682205256,100.08490471865684,100.08490471865684,10534000
2022-12-30,102.22581481933594,102.41117157753878,100.65952405016566,100.65952405016566,11799600
2023-01-03,98.71324157714844,101.96629695916404,97.76790380475428,101.74386745367988,15146200
2023-01-04,99.00056457519533,99.31567958,97.09136290971182,97.12843567915615,18058400
2023-01-05,101.21560668945312,101.90143521576232,98.5278911294966,98.55569393759048,15946600
2023-01-06,102.43899536132812,103.7921197718375,101.64194841020624,102.02193903451465,16348100
2023-01-09,100.5297852,103.4677332643298,99.91809505200456,103.4677332643298,17964600
2023-01-10,102.03118896484376,102.253625577072,100.10345448855216,101.75315380591988,15104600
2023-01-11,103.21749877929688,103.2916372475431,101.10439333885442,102.86531100376924,16710400
2023-01-12,104.93206787109376,105.41399970694157,103.56040375676054,103.63454929178556,15357300
2023-01-13,104.8671875,105.18229540308504,103.94965952647388,104.83011473418289,12011400
2023-01-17,104.66329193115234,105.72911097922702,104.4223224862442,105.1081580547591,16542200
2023-01-18,102.5131378173828,105.76620110953716,102.3185110660106,104.96915418244625,16399700
2023-01-19,103.17115020751952,103.92185430394872,101.55852371222792,102.01265273974244,12928000
2023-01-20,105.05255126953124,105.13596676591384,102.51312674428284,103.20822524020504,16515600
2023-01-23,104.50574493408205,106.20177990788856,104.3945266280506,105.32132463225624,16584400
2023-01-24,105.4788589477539,105.67348564387386,97.19329114177664,101.16925468770044,13583000
2023-01-25,104.92279052734376,105.33058387037472,103.23601861422516,104.94133044524892,11914700
2023-01-26,109.13975524902344,109.15828810135427,105.97010011137112,106.32228794383744,21019700
2023-01-27,107.1471176147461,109.05631923685014,106.94322092288884,108.38902354382918,15179200
2023-01-30,105.2471694946289,107.03588976242138,104.8671860244373,106.6651691803734,18672100
2023-01-31,107.51782989501952,107.87928052223478,102.34629574591474,103.89404659280125,27861800
2023-02-01,106.3407974243164,108.78754350695311,105.04327884815272,107.35101089158869,19464900
2023-02-02,103.01359558105467,106.64664191943184,101.79022254584984,106.4427452350798,24562100
2023-02-03,103.72722625732422,105.75691605772012,103.39357842517948,103.70869340927496,20226600
2023-02-06,103.5511474609375,104.81158628207515,102.24435883882394,104.13502767689224,13855200
2023-02-07,106.50762176513672,106.86907241030856,103.81990621903522,104.16282401587584,16013300
2023-02-08,105.58081817626952,107.35100561136862,105.51594260419772,106.62810435945212,18459700
2023-02-09,105.97935485839844,107.73100259491362,105.8218008880238,106.2295943,17439300
2023-02-10,110.44650268554688,110.87282886578674,107.65684613196166,107.98122397878474,24918600
2023-02-13,110.01691436767578,110.37180506552126,108.24244662781308,109.94219828645012,14536200
2023-02-14,108.72808074951172,110.02624230471248,108.3545074898508,109.27910291070792,12079000
2023-02-15,108.40120697021484,108.41988242683112,106.5987225807601,108.07433303955048,13663400
2023-02-16,108.08367919921876,109.06430103538464,107.2151243584332,107.69142333943478,11360600
2023-02-17,103.92768096923828,106.64541942657628,103.6475063746156,106.64541942657628,20758300
2023-02-21,103.8249512,104.95500512467322,103.48873594827847,103.48873594827847,14469400
2023-02-22,102.48009490966795,103.63816558203943,101.46210797262265,103.18054208756732,13973800
2023-02-23,103.42335510253906,104.44134200470958,102.63885771031978,103.41402093738186,11289400
2023-02-24,103.43270874023438,103.62883311170144,101.81700731055184,102.10653034727558,14351000
2023-02-27,103.24591827392578,103.90900742296638,102.69489611466726,103.47940066972812,11710500
2023-02-28,102.64820861816406,104.00240372579444,102.00379489609512,103.89032960555537,18107000
2023-03-01,103.56344604492188,104.46935883811082,102.02246087998418,102.08783566272376,13200000
2023-03-02,104.0397491455078,104.31992372414304,102.89101270968492,103.31128526561282,10339900
2023-03-03,105.35659790039062,105.87960333155704,102.6855586235466,102.7789572855775,13006700
2023-03-06,106.29051208496094,106.31852882937524,104.47869373477836,104.59076071243548,14347400
2023-03-07,104.2358856201172,105.69281354947836,103.82495430657735,105.3565983157308,11525300
2023-03-08,102.71356964111328,104.99235277802724,101.8636903751672,103.88098151720408,13509800
2023-03-09,101.91973114013672,104.81491849975336,101.8263396084465,103.54477371787844,12961200
2023-03-10,100.65894317626952,103.70355603117684,100.07057002307567,102.3213369228678,15795700
2023-03-13,99.50085449,100.73364120549503,96.86717346260696,98.38013476397892,20745600
2023-03-14,99.87444305419922,101.80767722217306,98.02525913794172,99.32342083,18263500
2023-03-15,94.90593719482422,97.31547036789831,93.59843421,96.02664996716946,25733800
2023-03-16,94.35490417480467,94.96195982588672,91.54377414846066,92.5617610941798,27465200
2023-03-17,93.24352264404295,94.89658193403643,92.58977481062674,93.95331109554988,43199500
2023-03-20,95.68108367919922,95.70910755217568,92.92599423785214,93.04740251948084,32042100
2023-03-21,99.9678192138672,100.19196030926908,97.25008082151594,97.2874388583024,31592300
2023-03-22,97.6796875,100.09856872197516,97.6516707537556,99.74367806068466,14952700
2023-03-23,96.57765961,99.31406639,95.67174679005105,98.39881940610782,14385900
2023-03-24,96.68973541259766,96.98859261523924,94.24284429,94.76584261592492,13401600
2023-03-27,98.80974578857422,99.44481815,97.04461957075772,97.81977565,14805900
2023-03-28,100.04255676269533,100.5375383870648,98.2400720713968,98.4735545074442,11047600
2023-03-29,101.76097106933594,101.9477612694978,100.38809338074594,100.9204329819015,14219100
2023-03-30,102.25595092773438,102.33066700655498,101.35003806665756,102.31199154950856,11578200
2023-03-31,102.41471862792967,102.89101757171169,101.84502102820576,102.43339408392784,14418000
2023-04-03,108.45724487304688,109.12967534363652,105.64612182977284,105.8982796935852,28087700
2023-04-04,107.42057800292967,108.98957999470603,106.62673927873772,108.5786558214837,16365500
2023-04-05,109.26042175292967,109.26976304400524,106.75749014349022,107.72877778114167,16479500
2023-04-06,107.4486083984375,109.43787597515625,107.18710211283576,109.13901877407196,15778000
2023-04-10,106.9722900390625,108.50393390994688,106.62673354520658,107.19643113288738,13006600
2023-04-11,107.72877502441406,108.52261373790334,106.82286219683844,107.36454306027996,11758500
2023-04-12,107.61671447753906,108.88685221996154,107.33653273821024,108.48526931907725,10919000
2023-04-13,108.12102508544922,108.23309920093462,106.58938113373524,107.02832917940644,12399700
2023-04-14,108.38253021240234,108.9522278241424,107.51397542116892,108.24243935085168,11530800
2023-04-17,107.12171936035156,108.81213673565414,106.86022021950488,107.8595245793502,13260400
2023-04-18,109.21372985839844,109.46588771561504,106.74815628094048,106.83220652490688,17436100
2023-04-19,108.86817169189452,109.1763701657382,108.12102517202818,108.41054818926796,10682600
2023-04-20,107.99962615966795,108.0369842013992,105.74885936657522,107.5233200342422,17038700
2023-04-21,108.3451690673828,109.15768321550593,107.64472190503284,108.79345126110928,14315300
2023-04-24,110.3904800415039,111.03489376995772,108.22376357263688,108.26112161308671,15831300
2023-04-25,108.82146453857422,109.9608596930596,107.99026783577423,109.7834179294696,12179800
2023-04-26,107.8221664428711,109.35381037384629,107.1030438061994,108.3638473057401,15566100
2023-04-27,109.11100006103516,109.27910767895185,107.28983301271808,107.98094606710758,16279200
2023-04-28,110.52122497558594,111.99683544741018,109.1109964157894,109.50324513605132,24374000
2023-05-01,107.0937042236328,109.54994360205907,106.88823857407289,108.32649099567512,17355000
2023-05-02,102.82564544677734,106.41193874311276,102.06916476624131,106.41193874311276,24324100
2023-05-03,100.7990264892578,102.5548116501138,100.64026016028356,101.87304700201598,16212300
2023-05-04,99.03389739990234,101.5648458058656,98.91248911,100.77100705681428,17177200
2023-05-05,101.4994659423828,102.19991311981222,100.42544551192763,101.37805766340922,14964700
2023-05-08,101.90105438232422,103.63816392577893,101.8356795984444,103.19921589459284,11187800
2023-05-09,101.9290771484375,102.94706412933216,101.060522325417,101.18193060970164,11370800
2023-05-10,100.621582,102.7416064,99.65963559800286,102.48944139687724,14884800
2023-05-11,98.80040740966795,99.76235370086094,97.9972274310314,99.45415524096892,17165900
2023-05-12,98.79105377197266,99.93979010376316,97.85712434380076,99.28603522885318,12608300
2023-05-15,98.97948455810548,99.78963414770756,98.51789003891494,99.39398170268711,13715600
2023-05-16,96.57728576660156,98.73454366814696,96.10626894584004,98.56497732518696,14795200
2023-05-17,98.74396514892578,99.13020238838514,96.88815774149592,97.39685676590408,14064700
2023-05-18,99.63890075683594,99.77079208630964,98.09396607,98.48962568615036,12005600
2023-05-19,100.10049438476562,100.8447018063627,99.68599729,100.39252250681967,13357700
2023-05-22,98.88527679,100.83528622957414,98.80049003,99.7048415,12882000
2023-05-23,100.23239135742188,101.94689247646218,99.62006798909024,99.84615407425296,14394400
2023-05-24,101.35340118408205,102.22007764048767,100.543258823442,101.15557497178249,16340300
2023-05-25,99.53527832,100.26064106417928,98.64034204581613,99.79904659080952,14316500
2023-05-26,98.88527679,100.75049946083936,98.75339265386538,100.29832731807592,12370300
2023-05-30,98.00918579101562,98.08455021099314,96.66207732929064,97.30266052,11938000
2023-05-31,96.25699615478516,97.06714564780223,95.84249905961934,96.3606204285766,24926100
2023-06-01,97.3686065673828,99.45992259061536,95.39033718,95.85193169241316,13551900
2023-06-02,99.62947082519533,99.978018640898,98.47076639,99.06425212942024,14110300
2023-06-05,99.1867218017578,100.97658713684751,98.99831076340055,100.97658713684751,10628000
2023-06-06,99.99687957763672,100.10991902286344,97.95266815545588,98.11281216095828,12209800
2023-06-07,102.23890686035156,102.57803953597474,100.54325066938178,100.59977038627028,16027100
2023-06-08,101.91862487792967,102.81355398799704,99.76136691496636,102.46499894333736,13517100
2023-06-09,101.16500091552734,102.31428320727558,100.94833718408776,102.17297671142758,12251600
2023-06-12,100.25121307373048,100.85411399726596,99.44106361013978,99.67657200799415,14112000
2023-06-13,100.2700653076172,102.05992351613646,100.11933647183012,101.15557206285352,13533800
2023-06-14,99.06426239013672,101.8432587913708,98.33889245,101.22151313061812,16627700
2023-06-15,99.75194549560548,100.8258633125542,99.32803321575864,99.38455293649916,16224100
2023-06-16,99.03599548339844,100.58093010138845,98.87585148709194,100.19470004046414,43124000
2023-06-20,96.76570129394533,98.69686603632246,96.20048252025312,98.61208645448464,17514100
2023-06-21,97.84904479980467,98.56498525018118,96.39831201275724,96.55845601977722,13285700
2023-06-22,97.31208038330078,97.86787679532894,96.69975706,96.87873857309508,12455300
2023-06-23,96.46425629,96.85990873198568,95.72947112033054,96.64323781,17933600
2023-06-26,98.24469757080078,98.82876106,96.27584335769151,96.27584335769151,14283400
2023-06-27,98.48962402,98.54614374429585,97.28381487700258,98.01860718389383,13227500
2023-06-28,99.29035186767578,99.68600429,97.21787345,98.2635314133864,13084100
2023-06-29,100.51499938964844,100.5432664396725,99.03600667286744,99.53529060323126,11364400
2023-06-30,101.03311157226562,101.62659019972295,100.6186145,101.0990536419831,13542700
2023-07-03,101.2309341430664,102.17296778354216,100.86354159825255,101.25919400233728,7397000
2023-07-05,100.71282196044922,101.66427078154818,99.94976980919562,101.39108015790757,12491200
2023-07-06,96.95410156,99.5917986581588,96.49250708626094,98.99831285870506,17961400
2023-07-07,97.18019104003906,97.97149583,95.67293150838796,96.01206418429486,21926600
2023-07-10,98.62149810791016,98.67801782300565,96.79395065693392,97.00119919514516,14877600
2023-07-11,99.82730865478516,100.0062973510665,98.73454615328346,99.15846561492664,12581100
2023-07-12,100.31716918945312,101.40993175839483,99.97803647406757,100.79760840077384,13238200
2023-07-13,98.48020172,100.0722409394948,97.33091948221356,99.82731017,26826800
2023-07-14,95.08888244628906,98.01860778107168,94.70264518567974,98.01860778107168,28165400
2023-07-17,95.50336456298828,95.77655517168375,94.41060931535236,94.88162611921094,18051300
2023-07-18,95.07003784179688,96.27583980962385,94.52365657914196,95.07003784179688,24617800
2023-07-19,95.7294693,96.46425445,94.957001935712,95.19251036592246,15556500
2023-07-20,97.41570281982422,97.65121123,96.42656461628864,96.59613096011913,15740200
2023-07-21,97.8678741455078,98.32946861605068,97.27439554052413,98.12222725274816,17099600
2023-07-24,99.40338897705078,100.00629713366465,97.93381876236737,98.31063367,15090900
2023-07-25,99.55412292480467,99.94035301,98.48020506860172,98.97005943626664,14116100
2023-07-26,98.99832153320312,99.59180738465967,98.57440922828874,99.01716623266203,15159600
2023-07-27,99.30918884277344,100.78818143321654,98.66860565274509,99.85557010221017,17677900
2023-07-28,98.12223052978516,99.0642641999076,96.38888483944363,99.01715964154288,17566400
2023-07-31,101.02369689941406,101.60776040925369,99.09253203257867,99.09253203257867,24197000
2023-08-01,100.43962097167967,101.0990415902468,99.4128006517444,100.75048658492092,14177400
2023-08-02,99.1867218017578,100.21353500900652,98.50845643796414,100.1004955731384,13484100
2023-08-03,100.91065216064452,101.62659259526862,99.19615112042918,99.75194755155684,16280400
2023-08-04,101.19325256347656,102.90775351230492,101.10847298513742,101.70195159495044,14275700
2023-08-07,100.98600006103516,102.13528221454,100.33600175775562,101.64542789995645,12410800
2023-08-08,101.48529052734376,101.50412803841706,98.76280660629632,99.89325132365244,14065600
2023-08-09,103.20921325683594,104.01936284037636,102.03167109321872,102.40848602300562,19919600
2023-08-10,103.73675537109376,105.1592211072036,103.09617215686497,103.80269744371375,15837200
2023-08-11,105.34762573242188,105.57371179801248,103.6708069705942,103.97225745376385,14043700
2023-08-14,105.43241119384766,105.48893810375874,104.358493338446,105.20632511564384,12973400
2023-08-15,102.7256088256836,105.28994703708132,102.54515287328924,105.18547330107018,14909600
2023-08-16,100.99705505371094,103.83683086529226,100.94007200935263,102.83958411264062,13695100
2023-08-17,102.95354461669922,104.61561749993815,102.0227806138178,102.0227806138178,16709500
2023-08-18,104.51115417480467,104.66311137130866,102.21274632644833,102.23173825873754,16218400
2023-08-21,103.24796295166016,105.40391290103912,102.70660237885822,104.8150616348434,11092400
2023-08-22,102.66860961914062,104.20721675992225,102.52614478731712,103.68484812525683,10520800
2023-08-23,101.76634979248048,101.90881463181424,100.40819851681552,101.66187606003987,11435600
2023-08-24,101.00653076171876,102.35518229713048,100.74060028950367,101.07301337977252,10818500
2023-08-25,102.81108856201172,103.45692294166643,101.26298886707416,102.03228892002193,13579300
2023-08-28,103.67536163330078,104.5111442498608,102.99153619881405,103.00102854102548,10382100
2023-08-29,104.29269409179688,104.49214196324208,102.97253395742445,104.15023650223785,9665000
2023-08-30,105.3089370727539,105.55587564852333,104.45416251504788,104.89104938229356,11922100
2023-08-31,105.60336303710938,105.82180284085965,105.06200245268737,105.53688041256852,17479800
2023-09-01,107.81629943847656,108.10122914088376,106.5626217907988,106.5626217907988,14828400
2023-09-05,107.82579040527344,110.0102319595488,107.79729888652368,108.36715099970684,18304000
2023-09-06,108.75655364990234,108.83252861734827,107.54086721801497,107.77830620068244,13325500
2023-09-07,108.22468566894533,110.02922339089154,107.98724668569088,108.88951916969536,13248500
2023-09-08,109.80128479003906,110.2191797223295,108.5760987580571,108.77554663590588,14283200
2023-09-11,108.42414093017578,110.81752269617591,107.86378116102554,110.3426447290593,14383600
2023-09-12,111.58682250976562,111.75777886750294,109.47836317969312,109.54484580514304,20145800
2023-09-13,110.58958435058594,112.03321019605588,110.07671527170424,111.51084877490696,13472800
2023-09-14,112.5650634765625,112.69803596586486,111.43485890902198,111.64380636155988,15210700
2023-09-15,110.83650970458984,112.55557279653488,110.64656142460348,111.9762211226953,34545100
2023-09-18,111.7292938232422,112.29914596670004,110.83652087598487,111.62482008490088,14045300
2023-09-19,111.4348602294922,112.8689864051557,110.75103482983316,112.66004619620423,12562900
2023-09-20,110.55158996582033,112.09018991078788,110.4756078,110.68455521424806,11879900
2023-09-21,108.9939956665039,111.47285929423836,108.84203123525658,111.10245505065164,14400600
2023-09-22,109.16494750976562,110.81752077782636,109.04147460297258,109.8962564,13197300
2023-09-25,110.3901367,110.78903247675078,109.0604769460179,109.30740827464916,11316000
2023-09-26,110.56109619140624,110.86501781263884,109.57334911088456,109.69681477867611,11805400
2023-09-27,114.1606674194336,114.44559711565718,111.50135498762054,111.96673339512678,23976200
2023-09-28,113.46733856201172,114.63553426152193,112.25165216906412,113.95171610003575,16808100
2023-09-29,111.67230224609376,113.1919102611716,110.8650112,113.11592804890206,18810700
2023-10-02,109.8202667236328,111.87174284515336,108.79453590893463,111.62480429436394,14395000
2023-10-03,110.0102310180664,110.58958271456224,109.25042337628288,109.63982678536418,13297100
2023-10-04,105.89778137207033,108.35764564062998,104.94802548532527,108.31966178169507,19622200
2023-10-05,103.5138931274414,105.32793036781035,103.23846304793742,104.2832003309051,20128800
2023-10-06,101.78534698486328,102.83007711721557,99.8288519781274,100.41770329631942,25363400
2023-10-09,105.3469238,106.43914457414832,104.01726410453408,104.89104504899028,22369900
2023-10-10,104.90054321289062,105.8502991758722,104.58712925211456,105.44190382194762,13892000
2023-10-11,101.13951110839844,101.7853454571513,99.5629199678348,101.58589757319184,57939000
2023-10-12,101.12052154541016,102.42168261591202,100.7596096312631,102.18424361810504,31183000
2023-10-13,104.34968566894533,104.66309961592806,102.42167506225148,102.60213100601624,30276500
2023-10-16,104.42566680908205,105.11899186080116,103.64686719751342,104.94803549503914,18452000
2023-10-17,105.7933120727539,106.18271548072754,104.16923030797253,104.2167210027224,19775400
2023-10-18,107.2749252319336,107.69282014365592,106.08773036550645,106.20170368126593,23380300
2023-10-19,107.3414077758789,108.2436802213392,105.73632524496912,107.0564853557828,20972500
2023-10-20,105.49889373779295,107.6263450585278,105.2234636399648,107.24644122545229,22439800
2023-10-23,103.9507827758789,105.38491624715378,103.21947390412625,105.07149505380436,18185000
2023-10-24,102.9440460205078,104.30219730802791,102.68761510431882,104.18822398635348,16786100
2023-10-25,103.1339874267578,103.9982687547934,102.69710059192724,103.06750480506756,22047300
2023-10-26,102.19373321533205,102.89655055122788,101.1490031763382,102.05126838136414,18768300
2023-10-27,100.24674224853516,104.34018802642204,99.68638247663591,103.4189236063262,23092000
2023-10-30,100.5601577758789,101.07302686043866,99.92382302591255,100.42719252203707,19379900
2023-10-31,100.53166198730467,100.8260912477904,99.287484059452,100.27523107894623,22185200
2023-11-01,100.33221435546876,101.7853397471285,100.1612580007992,101.17749654076184,28984900
2023-11-02,103.62787628173828,103.70385849972446,100.19925659029067,100.56016125663032,25212700
2023-11-03,102.3647003173828,103.31445631549704,101.18700490861885,102.9535516447964,30549000
2023-11-06,100.5506591796875,102.83006753009978,100.4556777933683,102.73509338984302,19097300
2023-11-07,98.97406005859376,99.59140283,98.1002863821044,99.22099861797112,20272500
2023-11-08,97.75838470458984,99.62940517122752,97.7203935953208,98.5181923978446,19184100
2023-11-09,97.78686523,98.74612071,97.69189109490848,98.46119104446844,18380500
2023-11-10,98.53717803955078,99.16402043338238,97.73938653401537,98.70813439731734,17825500
2023-11-13,99.57240295410156,99.85733261644926,98.59415555733668,98.82210218563976,15308400
2023-11-14,99.95579528808594,100.46376775928424,99.55325189343708,99.96538174,18260500
2023-11-15,99.35197448730467,100.78004919806682,99.19862045301792,99.63950233310814,20137600
2023-11-16,98.20184326171876,98.97817797,96.94628815658746,98.62355955267957,22469100
2023-11-17,100.5979461669922,101.04841451599304,98.4797928622274,98.776907172282,22984900
2023-11-20,100.15705871582033,101.47970432288494,100.08996815558493,101.00048394625423,17458800
2023-11-21,100.11872100830078,100.3487447434714,98.93025651220944,99.87911082,14989000
2023-11-22,99.68743133544922,99.79286041021182,97.70345913850691,98.31686067585852,18072000
2023-11-24,100.22415161132812,101.08674977182692,99.59158450184422,99.69700625982252,9480800
2023-11-27,99.63950348,100.06121976581962,98.89192083406544,99.77368460438656,18013500
2023-11-28,99.58200836,100.5500356928892,99.56283544941776,99.90787474935809,20629500
2023-11-29,98.08682250976562,100.23373504729848,97.41591691198823,99.93661344343484,26802100
2023-11-30,98.47020721435548,100.13789949612068,97.57885696,98.82483294808505,29254700
2023-12-01,98.70981598,99.88870138083752,97.97181978016845,98.24018203429044,17843200
2023-12-04,98.17308807373048,99.0644382796916,97.36799402689972,97.88555291865032,21523900
2023-12-05,96.26579284667967,98.08682445164824,96.1220252693604,98.01973389054228,22250300
2023-12-06,94.99106598,96.53415621472496,94.2530624859254,95.84407769,31154800
2023-12-07,94.32974243164062,96.64916742868031,94.01345521050165,95.709899533103,29990700
2023-12-08,95.41278839111328,95.64281214,94.64603279543611,94.90480860439128,22069200
2023-12-11,95.47988891601562,95.70991269,94.48310946259896,95.65240858,22252300
2023-12-12,93.97512817382812,94.57894327629027,93.42881718,94.57894327629027,26084000
2023-12-13,94.80896759033205,94.91439666933309,93.60133737830373,93.965542270647,19915400
2023-12-14,97.35841369628906,97.8951381794128,95.57571330611644,95.70030797189226,26165700
2023-12-15,96.70668029785156,96.80252291748346,96.14119641107406,96.4095586709726,55518700
2023-12-18,97.42550659179688,98.82482925085355,97.30090461,97.88555407055156,21610400
2023-12-19,98.70981598,98.9015085264646,97.55968994353168,97.76096163412316,18904700
2023-12-20,97.06129455566406,99.62033699516768,96.92711343147413,99.19862071210044,20988900
2023-12-21,97.50218963623048,97.77055190081362,96.62041850818451,97.252992970979,19250900
2023-12-22,97.67470551,98.66189836008118,97.58844203090356,98.05807597577746,12921800
2023-12-26,97.89513397216795,98.74814562289656,97.87596837530408,98.47019694,16835100
2023-12-27,97.43508911132812,98.28810078470606,97.12838105478345,97.79929395999112,14558800
2023-12-28,96.02619171142578,97.38717597211348,95.96868028768056,97.17631781380231,16329300
2023-12-29,95.82491302490234,96.40955517716682,95.47987375687298,96.19870435,17741400
2024-01-02,98.10599517822266,98.81523928160269,96.65874760678066,96.72583816639332,23483000
2024-01-03,98.93026733398438,99.31364514275413,97.43510192333828,98.01974412411585,23490800
2024-01-04,98.06765747070312,100.22414916311118,97.80888168503613,99.75451524199264,19395200
2024-01-05,98.36477661132812,99.10278012177707,97.8855562116216,98.88233552048996,15825000
2024-01-08,96.72584533691406,96.84086087,94.78979810719412,96.54374655436456,23370100
2024-01-09,95.52779388427734,97.08047063064524,95.06774639,97.08047063064524,19496600
2024-01-10,94.58852386,95.65239372617869,94.08055141623416,95.65239372617869,18206100
2024-01-11,94.56935119628906,95.36485880864532,94.46392212,94.92397692,15833400
2024-01-12,95.79615020751952,96.46706312110337,95.04856759,95.97825629028584,18032100
2024-01-16,93.6300811767578,95.85366347103336,93.47672714361748,95.67155738,20235700
2024-01-17,92.94959259033205,93.88886048538215,92.56621480543842,92.58538040413774,18384000
2024-01-18,92.77707672,93.05501813139765,91.83780147566648,92.96876196526262,20940300
2024-01-19,92.92082977294922,92.98792033,92.40327819173494,92.70039249063996,20079300
2024-01-22,92.79623413085938,93.06459637380388,91.78986840749484,92.68121860717343,19955900
2024-01-23,93.84093475341795,94.40641127040207,92.70997440712736,92.78664410764692,15863400
2024-01-24,95.46070098876952,95.50862595308185,93.67800053873052,94.23389795053257,17330600
2024-01-25,97.88555145263672,97.93347641520656,95.47987042794148,96.14118957500496,22089500
2024-01-26,98.71940612792967,98.79608314978276,96.98463055436292,97.73221323662212,20817200
2024-01-29,98.84399414,98.9110847,97.62677757814022,98.70023387,18317500
2024-01-30,100.49250793457033,100.52125998617156,97.85679595706104,98.15391755,19610900
2024-01-31,98.53730010986328,100.5212723499168,98.49896159890532,100.3870912177256,22415300
2024-02-01,98.13474274,99.68741930402456,97.3967466148712,99.26570305587173,19240700
2024-02-02,97.73220825195312,99.67784188022036,97.38716898353576,99.43823168339291,21968200
2024-02-05,97.32966613769533,98.12516644410724,96.32330037,97.23381620786374,17190900
2024-02-06,98.00057220458984,98.75774131719454,97.34883216540624,97.82805256738467,13347900
2024-02-07,97.97182465,98.46063152589404,96.9750452866638,98.00057670146244,13826800
2024-02-08,99.64909362792967,100.08038907374277,97.86639311054216,98.08683041,19636900
2024-02-09,97.54051208496094,100.48292490024356,97.47342152483355,99.77368079142228,20410500
2024-02-12,98.88233947753906,99.10278408764788,97.7609654523084,97.91431949626642,18173100
2024-02-13,98.03106689453124,99.72392631099925,97.31523126490356,99.40470700147912,18917400
2024-02-14,97.54739379882812,99.26927987993476,97.14110930588134,98.54376869383776,17651300
2024-02-15,100.34303283691406,100.54617507490718,97.3152282232862,97.3152282232862,23196300
2024-02-16,100.34303283691406,101.2136403196614,100.13988321863982,100.61388915423824,20146700
2024-02-20,99.39503479003906,100.7203045774743,99.29830143904913,100.4494408623082,17650000
2024-02-21,101.42645263671876,101.55221262032408,99.62718447691373,99.65620374073627,20999200
2024-02-22,101.3394012451172,101.96817906201072,100.07217006268463,100.75899379116976,20470700
2024-02-23,100.44943237304688,100.69126942022422,99.5207789975196,100.48812718622897,15975900
2024-02-26,100.8460464477539,101.5135190449253,99.68523159902878,100.33335309989565,13360800
2024-02-27,100.63323211669922,101.71666475815532,100.4591091453988,101.2620099230775,16360000
2024-02-28,100.91375732421876,101.98751434636634,100.6042062156894,101.05886102077828,14810500
2024-02-29,101.10723876953124,101.63928327454548,100.8170387142994,101.2620180365469,17566100
2024-03-01,102.3841323852539,102.91617686004484,101.93915308828387,102.2680553218677,18459500
2024-03-04,100.95246887207033,102.39381576821746,100.6332421627714,102.21002461036684,18138000
2024-03-05,102.19066619873048,102.8000929253692,100.91376683319122,101.11690907540414,19952700
2024-03-06,103.28376770019533,104.05764923953284,102.68401651847596,103.13867136931567,20472800
2024-03-07,103.86418151855467,104.45426452590566,103.11931925275309,103.11931925275309,15195400
2024-03-08,104.84120178222656,104.86055288038796,103.28377049290206,103.72875718723608,16274600
2024-03-11,105.46029663085938,105.55703735427164,103.8351513732986,104.71544177043948,17577300
2024-03-12,104.78316497802734,105.7118184375035,104.50263309230826,105.49900063590408,14957200
2024-03-13,105.95364379882812,106.74686900241475,105.54735933900392,105.57637860323696,17122200
2024-03-14,107.83030700683594,107.90769663551868,106.10842836019134,106.24385652024556,22121000
2024-03-15,107.63683319091795,108.63320805694347,107.23054870978984,107.23054870978984,38263900
2024-03-18,108.63320922851562,109.1749219,107.47238692384032,108.1398595645216,16770500
2024-03-19,109.39740753173828,109.78434829888756,108.40104003801876,108.555819296991,14878800
2024-03-20,109.30067443847656,109.69729075530162,108.46875437027497,109.03949366370688,16119700
2024-03-21,109.78433990478516,110.19063173838155,108.89438137458488,109.23295175234794,14878000
2024-03-22,109.78433990478516,109.97781396370742,109.13621841302718,109.77467173704956,14695400
2024-03-25,110.90647888183594,111.9995797527892,110.11325360816154,110.11325360816154,14011700
2024-03-26,110.07455444335938,111.22570118270728,109.70696477798327,110.91615004863236,13152300
2024-03-27,111.21602630615234,111.3030841036302,109.7069654409529,109.7746795213072,12415700
2024-03-28,112.4445571899414,112.64769943441644,111.30308597316636,111.75774082615966,18482100
2024-04-01,113.1700668334961,113.41190388986836,111.61263560003609,112.60901047172614,13817000
2024-04-02,115.38529205322266,115.69484318184526,113.49896601634757,114.06969791150632,19919600
2024-04-03,115.40464782714844,115.83995158244382,114.85325962630964,115.57877080532286,16504300
2024-04-04,115.81092071533205,115.96569258027168,114.766183,115.1627992316035,18467400
2024-04-05,117.40705871582033,118.1615891632686,115.73354301087164,116.06244525069452,21714100
2024-04-08,116.61383056640624,117.7649699265874,116.28492833472508,117.12652394081285,17513900
2024-04-09,117.22325134277344,117.67790616276967,116.41067504356552,117.04912837724896,14135700
2024-04-10,118.20995330810548,118.47114146880662,116.78795757871605,117.26195615517918,17409200
2024-04-11,117.81333923339844,118.68395409735996,116.4106799024934,118.68395409735996,17555900
2024-04-12,116.43970489501952,119.70933913738595,115.7625567303162,118.93545762923388,21539500
2024-04-15,115.77223205566406,117.71660399044582,115.54973872390774,117.13618917030963,15029500
2024-04-16,114.81456756591795,116.29460922577113,114.06970527130174,115.6561558303858,18082200
2024-04-17,114.75651550292967,115.45300739502038,113.29582501953624,114.67913325513828,14538600
2024-04-18,114.65010833740234,115.81093063514308,114.11807124201728,115.11443873255487,13821400
2024-04-19,115.9656982421875,116.9814167927654,115.06606413119252,115.2692137455329,21566500
2024-04-22,116.62349700927734,117.60052076093088,114.56304799348312,115.3659487733596,16340700
2024-04-23,117.07815551757812,117.1071747837376,115.54974353740778,116.08178801793584,13929800
2024-04-24,117.0975112915039,117.30065354301404,115.4917096172596,116.37200008741846,12101200
2024-04-25,117.3683624267578,117.78432246054864,115.50138004908472,117.07815500586884,16041000
2024-04-26,114.1083984,115.21117484969167,112.42521455262026,115.11444150095726,27289500
2024-04-29,115.7335433959961,116.13015971882564,113.91493135301052,113.91493135301052,17309900
2024-04-30,114.40826416015624,116.275246412723,114.1277396871178,115.2208404560259,21083300
2024-05-01,112.24141693115234,114.60174903681616,111.88350279991351,114.41795050653796,27777700
2024-05-02,112.4445571899414,113.43125652628464,112.1156623313479,112.46390828767125,25513600
2024-05-03,112.21239471435548,112.28010879526494,110.40345086680036,112.21239471435548,28023300
2024-05-06,112.93790435791016,114.4759844807206,112.59933395794695,112.8605147292668,31401300
2024-05-07,112.37684631347656,113.74081091135724,112.1446847960668,113.45060347938389,30122000
2024-05-08,112.35749053955078,113.13136464130736,111.64165496584872,111.93185498640216,18957200
2024-05-09,114.57272338867188,114.65978118430336,112.39618993451188,112.405858102728,17564000
2024-05-10,114.1083984,114.7855466392039,113.74080876019656,114.66946219255372,13648100
2024-05-13,114.0600357055664,115.1531365712181,113.29582970239557,114.55337799928768,15060600
2024-05-14,114.75243377685548,114.82069786685048,113.59194424694049,113.89425558260008,15079100
2024-05-15,115.6398696899414,115.89341776235116,113.20185594596504,114.69391916684218,18244300
2024-05-16,114.9474639892578,116.3420080187275,114.62564441932786,115.60084982622338,15745200
2024-05-17,116.67357635498048,116.85886776644936,115.03523094473069,115.3668046578736,15104500
2024-05-20,115.72763061523438,116.91738247162746,115.61061072131191,116.7613534663218,11551300
2024-05-21,114.9279556274414,116.48828278924567,114.85969154661956,115.46432157691794,14495000
2024-05-22,112.61672973632812,114.54763237960348,112.10961873086283,114.54763237960348,17879300
2024-05-23,110.69557189941406,114.59639367075228,110.54928959494346,112.73374770362928,15979800
2024-05-24,110.60780334472656,112.22664800681714,110.23722794218617,111.99259333552362,12211400
2024-05-28,112.01210021972656,112.25590158579072,110.26648154588004,110.70532102870462,13978300
2024-05-29,110.8125991821289,111.70979390395313,110.01293096327493,111.69028562726804,13902000
2024-05-30,111.1636734008789,111.30020157632286,110.15921292144368,110.46152424703708,14692000
2024-05-31,114.35259246826172,114.57688555389684,111.16366649925337,111.2904479687426,29037400
2024-06-03,111.6122589111328,113.4749048608131,110.93937222123262,113.4163949156636,19589300
2024-06-04,109.87639617919922,110.28598068222172,108.169786643045,110.19821576309994,19412200
2024-06-05,110.31524658203124,110.38351066802583,108.7159101899632,110.09094604791912,14863500
2024-06-06,111.14417266845705,111.21243675624288,109.33028983274468,109.95442076113736,13154100
2024-06-07,109.95441436767578,112.05110757093632,109.87639614610627,110.9686289273978,13289200
2024-06-10,110.27623748779295,111.38797114001407,109.90565464356769,110.25672921166144,15245200
2024-06-11,109.3887939453125,109.87639667211542,108.55011665999332,109.70085939285728,12462400
2024-06-12,108.1795425415039,110.49078217228023,107.79921300533184,110.49078217228023,13606800
2024-06-13,107.31161499023438,108.11128320916356,106.99954952529195,108.09177493247664,14466900
2024-06-14,106.4046630859375,107.47738755096508,105.89755210523052,107.29209614183443,13313400
2024-06-17,105.67325592041016,106.74598035390149,105.49771865382236,106.46316989994187,21147900
2024-06-18,106.66797637939452,107.97475563629564,106.10236283618391,106.32665593774308,17762900
2024-06-20,108.96945190429688,109.82763743845176,106.87275875638704,107.18483163442656,17433200
2024-06-21,108.01375579833984,109.90564927823476,108.01375579833984,109.12548939628876,52220600
2024-06-24,111.22218322753906,111.69027767145204,108.87193454964532,108.87193454964532,16266700
2024-06-25,111.53425598144533,111.70979326947617,110.646815403004,111.28070046757244,16213700
2024-06-26,111.57325744628906,111.97308780592395,110.33474237668332,111.55374917105205,15771800
2024-06-27,112.05110931396484,112.13887423442542,111.28069610449288,112.13887423442542,16812700
2024-06-28,112.26565551757812,113.65044548862544,111.83656273322032,112.98730547653942,24565900
2024-07-01,112.10961151123048,113.8454759269113,111.69027289304256,112.84101555875172,11972900
2024-07-02,111.34896087646484,113.06532458714824,110.67606672120596,113.02631547551596,13326700
2024-07-03,111.91458129882812,112.79226770578268,111.4367252637918,111.4367252637918,7732900
2024-07-05,110.55904388427734,111.78779738697074,109.8959038846312,111.76829655178722,12631000
2024-07-08,109.39855194091795,110.73458613795336,108.6573936867779,109.60334420056968,13350500
2024-07-09,108.18929290771484,109.7496201094382,107.87722746737016,108.3550760453483,11727000
2024-07-10,109.1449966430664,109.18400575548938,107.68218840822828,108.16979115317432,10004100
2024-07-11,110.4420166015625,110.5102806850758,108.17954026768705,108.66714298998974,13082700
2024-07-12,110.4615249633789,111.31971057485202,109.8373940315226,111.16367412177416,11684900
2024-07-15,112.3534164428711,113.27986606340788,110.76383427405491,111.43672095987576,13032500
2024-07-16,113.16284942626952,113.46516075657702,110.89061877916264,111.51474971670385,13614100
2024-07-17,114.7231674194336,115.24977925010435,113.66019706065104,113.84548103498231,13602800
2024-07-18,115.85441589355467,116.94664128725994,114.52813582386048,115.0254852698252,13033600
2024-07-19,113.1920928955078,115.93241774710404,112.9970547874371,115.64960728224268,16157700
2024-07-22,112.41192626953124,113.06531956003646,111.73903958441755,112.32416135243132,12065900
2024-07-23,110.59805297851562,112.31440920304128,110.36399831498544,111.96333464797306,11251700
2024-07-24,112.15837860107422,112.3436625734422,110.2664776857737,110.94911851076512,14925200
2024-07-25,114.51837921142578,115.10350100830146,111.71953682007114,112.31441275495916,17021700
2024-07-26,114.4208526611328,115.10349347275908,113.58217541243378,113.87473257160498,11252500
2024-07-29,113.22135162353516,114.47936755093554,112.51920250682544,114.4111034668236,8861800
2024-07-30,115.24002075195312,115.65935937308907,113.3481273284186,113.4749013523986,12483900
2024-07-31,115.6496124267578,116.7906084744306,115.62035745326854,116.6735811402462,15137700
2024-08-01,114.05027770996094,116.5273005176456,113.47491004907876,115.41556686761284,15051500
2024-08-02,113.98200988769533,115.92267408284064,112.55821082889167,113.0945768004599,20403800
2024-08-05,111.9243164,113.15307724874262,110.44200752595886,112.67522870341688,18025900
2024-08-06,111.32946014404295,112.7630059366655,110.8125949946064,111.61226318324152,13647800
2024-08-07,112.8117676,114.21606581726138,112.40218307178594,112.5874670492857,13660700
2024-08-08,114.96696472167967,115.1815111014426,112.86052491357243,113.20184531763763,13851000
2024-08-09,115.90316009521484,116.35175368558748,114.4501061350702,114.96696380571196,12151900
2024-08-12,116.04944610595705,117.1904346727729,115.09374151138458,116.5858120682518,13228900
2024-08-13,114.9377212524414,115.57160631784306,114.58664667591826,115.34730577830923,11585100
2024-08-14,116.0006866455078,116.92713629787885,114.7134157342013,115.17176349144852,12194500
2024-08-15,116.71832275390624,117.60306776457227,116.1186575799312,116.24645224810742,11579400
2024-08-16,116.16780853271484,116.47256121004742,115.666455,115.99085802656695,10056000
2024-08-19,116.5217056274414,118.45832846291354,116.1678046270441,116.39391096068071,12417500
2024-08-20,112.63863372802734,116.63967402801308,112.56982006193924,116.63967402801308,15632000
2024-08-21,111.9209976196289,113.6118562503546,111.83252612157156,113.06134692877023,11752400
2024-08-22,112.78609466552734,113.06134933217076,111.71455899880593,111.85218633212762,10609500
2024-08-23,114.34915161132812,114.74237577954936,113.08100760638146,113.08100760638146,10381400
2024-08-26,116.79695892333984,116.92476108872746,114.9389824431279,115.7647539344038,13671000
2024-08-27,115.68611145019533,117.38680282205478,115.41085677732264,116.9444228119717,9991600
2024-08-28,114.54576110839844,115.5878063,114.29017177156766,115.0176316150804,10742900
2024-08-29,116.12847900390624,116.7772999909528,114.37863937235936,115.21423602223965,10753900
2024-08-30,115.94171142578124,116.02035026292413,114.31966634518535,114.81119470293396,13284700
2024-09-03,113.51355743408205,114.12304778308788,112.10778606440768,113.8772836100688,15725100
2024-09-04,112.1274414,114.18203374709422,112.04880257272836,113.33660441068731,12620600
2024-09-05,111.25252532958984,113.32677557388295,111.15422115927016,113.1203345661734,17200800
2024-09-06,110.73149871826172,112.24540683551896,109.83692108086652,111.66539952105504,13467700
2024-09-09,113.06134796142578,114.18203194781668,110.75116632281744,110.95760732029711,21645300
2024-09-10,108.9423370361328,113.44473826766944,108.30334871722556,113.14981827428856,20913400
2024-09-11,107.8609848022461,109.07014037095644,105.94401969312526,108.90302252814728,19571900
2024-09-12,109.34539794921876,109.44370211731264,107.9003034278438,108.03793076320072,15923300
2024-09-13,109.26675415039062,110.5643886996746,109.05048047548873,109.58133199566772,10035400
2024-09-16,110.8003158569336,111.17387468973884,109.79760135828413,110.15150235783736,11729000
2024-09-17,112.24541473388672,112.43219790763952,110.2203203242078,110.41692866490632,12202600
2024-09-18,112.63863372802734,113.67083871934922,111.88167590093089,112.17659589852404,12569900
2024-09-19,114.03457641601562,115.58780779136778,113.23830289453076,114.1918690869954,12660600
2024-09-20,113.3169403076172,113.55287931112552,112.31422579315226,113.50372347702944,36206200
2024-09-23,115.3715362548828,115.79425094080813,113.16949132128768,113.37593233067528,16066300
2024-09-24,115.06678771972656,116.15798123762518,114.85051404949408,115.84339589901263,11984900
2024-09-25,112.82540893554688,115.06678440788654,112.1077817778417,114.51626758128678,13816000
2024-09-26,110.88880157470705,111.55728044767991,109.25692381122444,109.25692381122444,16887900
2024-09-27,113.8576202392578,114.12304223315464,111.33116496349096,111.83252595210382,15964000
2024-09-30,115.23390197753906,115.4010198083922,113.01219184340356,113.50372016953186,13247600
2024-10-01,117.89798736572266,118.55663353812628,113.96576066462308,114.07389749891352,23235900
2024-10-02,119.46104431152344,120.73902099405502,118.1634097954712,119.86410114990537,17129700
2024-10-03,120.50308990478516,121.08308974722532,118.88104487912057,119.8346110608803,16524300
2024-10-04,122.71497344970705,123.06887447264349,120.35563579683983,121.11258617915372,19752300
2024-10-07,123.24581909179688,124.19937777454072,122.74445808325208,123.12784958974888,15714400
2024-10-08,119.97224426269533,121.91869238856702,119.20546121310176,121.78106504633882,14818500
2024-10-09,120.0213851928711,120.50308836107256,118.75324868918352,118.85155285611928,11144900
2024-10-10,121.05359649658205,121.60410582606949,120.21799983571655,121.07326182985064,10243300
2024-10-11,121.51563262939452,121.9285146207429,120.8569864765111,121.01427163982748,8294800
2024-10-14,121.97767639160156,122.15462689652672,120.54241451837623,121.151904868575,9808100
2024-10-15,118.31086730957033,119.88375646260144,117.750525314424,118.7729051,15771300
2024-10-16,118.6156234741211,119.38240649009414,118.55663497280425,118.84172231209914,8426800
2024-10-17,118.31086730957033,119.52003029916344,117.68171164835788,118.71392413947706,11204900
2024-10-18,117.97663116455078,118.5959541566194,117.13120184197182,118.39934582584029,12898600
2024-10-21,118.04544830322266,119.42172915954782,117.69154729730684,118.9302008180122,10177800
2024-10-22,118.65493774414062,119.13664091527326,117.90782007078082,118.2223979069658,9201400
2024-10-23,118.2322235107422,118.7040940168278,117.37696899989491,117.93731100705,8320300
2024-10-24,117.5637435913086,118.39934776109564,117.11153842302356,117.966800426159,9905600
2024-10-25,117.46544647216795,118.38952219765756,117.29832862823449,118.16341584988524,10714600
2024-10-28,116.88543701171876,116.99357384306856,114.79152155024212,114.8111868832841,11844500
2024-10-29,115.29288482666016,117.15086132922865,115.08644382638887,116.57086149515138,14731000
2024-10-30,114.71288299560548,116.2661068039586,114.50644199892804,115.66644914701578,12303700
2024-10-31,114.80136108398438,116.65933766086036,114.70305691327516,115.16509476574872,20512000
2024-11-01,113.00235748291016,117.91764067051176,112.89422065277276,117.8979828378172,20939300
2024-11-04,116.60034942626952,116.68882092438211,113.96575731398576,114.10338464446778,14965400
2024-11-05,116.94442749023438,117.19019167229187,116.01052659846684,117.06239699766792,10436700
2024-11-06,118.94985961914062,119.84444480807298,117.2786662443772,119.0973196228262,20807700
2024-11-07,119.09732055664062,119.44138890118646,117.58341234051152,119.2447805614824,12184400
2024-11-08,119.05799102783205,119.36273618813011,117.63256189081454,118.93019636386474,12836000
2024-11-11,118.42884063720705,119.5593573306646,118.03561646120518,118.94985948285536,11969700
2024-11-12,118.31086730957033,119.254600801389,117.80950631387296,119.07765030291505,11972800
2024-11-13,119.41189575195312,119.9820704246281,116.78713622446526,118.52714324265182,15127900
2024-11-14,119.49118041992188,120.79947773978392,119.2632237051598,120.58143448793744,13041800
2024-11-15,118.25226593017578,120.16515599809222,118.07386140087634,119.33260656919934,19051700
2024-11-18,119.24340057373048,119.55065743983768,118.21261968865169,118.7280139120695,14243700
2024-11-19,117.57829284667967,118.68836630175528,117.15210467356428,118.68836630175528,11584400
2024-11-20,119.25331115722656,119.40198285507452,117.58820477719404,118.11350488940106,11360900
2024-11-21,120.84903717041016,121.46354331967544,119.20375017161436,120.00657430699054,14675400
2024-11-22,120.71028137207033,122.11769066045764,120.56160967276028,120.74001419958095,13323400
2024-11-25,118.90641784667967,120.79948097946809,118.54960878971576,120.35347343914157,26580300
2024-11-26,116.92414855957033,118.61898779768777,116.80520968677448,118.47031609713216,14827300
2024-11-27,116.6168975830078,117.67741127450404,116.38893330386075,117.0430781904556,11079100
2024-11-29,116.91423797607422,117.44945157420294,115.91318990021732,116.39885130477822,9426500
2024-12-02,116.80520629882812,117.15210188222493,115.78433891265053,117.00343774773812,12687300
2024-12-03,116.6268081665039,117.66750253547792,116.220446907045,117.66750253547792,11756600
2024-12-04,113.26686096191406,116.50787534089564,112.85058624442776,116.4583155861562,19520600
2024-12-05,113.7624282836914,114.59498528057762,113.04881016114808,113.6930491640973,15751200
2024-12-06,112.56315612792967,113.75251462225906,112.49377700845642,113.52455789902842,16171100
2024-12-09,111.89909362792967,113.92100904300904,111.75042193119096,113.6236656495316,17412600
2024-12-10,111.67113494873048,112.87040692215656,110.75929292027116,112.58297697718976,20990900
2024-12-11,110.9277801513672,111.39361461289327,110.1249635629752,111.00707273242624,32392200
2024-12-12,110.82866668701172,111.38369962330496,109.797885832641,110.60070241003037,14543300
2024-12-13,109.85735321044922,110.90796100717584,109.27258743793028,110.90796100717584,13106100
2024-12-16,107.50836944580078,109.42125949377971,107.20112014478175,109.22302804009264,20256100
2024-12-17,107.05245208740234,107.21102969399082,105.84326664491743,106.28927419781438,17554000
2024-12-18,105.4765396118164,107.86517756619368,105.36751420367224,106.61634588493295,17114500
2024-12-19,104.57461547851562,106.715462317516,104.27727206893586,106.43794583484532,20565600
2024-12-20,104.9314193725586,105.19902237858288,103.91054441626405,104.51513710731678,40141200
2024-12-23,105.35761260986328,105.65494845733916,103.9898420015004,104.37638389644894,12285100
2024-12-24,105.45671844482422,106.23971565276749,104.76291971742506,105.57564975221634,7807000
2024-12-26,105.5459213256836,106.08113491653144,105.00080183331114,105.5756541537712,9652400
2024-12-27,105.5360107421875,107.03261847575313,104.83229855380095,105.35760621981956,11943900
2024-12-30,104.82239532470705,105.6152984518543,104.57461167964412,105.35760890545372,11080800
2024-12-31,107.56999969482422,107.9000015258789,105.77999877929688,106.16999816894533,12387800
2025-01-02,107.30999755859376,109.0,106.87999725341795,108.27999877929688,12685400
2025-01-03,107.86000061035156,108.48999786376952,107.45999908447266,108.0,14237900
2025-01-06,107.73999786376952,109.77999877929688,107.5199966430664,108.23999786376952,15623700
2025-01-07,108.75,110.05999755859376,108.27999877929688,108.94000244140624,12625900
2025-01-08,106.93000030517578,107.70999908447266,106.01000213623048,107.30999755859376,17858100
2025-01-10,106.54000091552734,110.0999984741211,105.77999877929688,108.6999969482422,19304500
2025-01-13,109.29000091552734,109.62999725341795,107.12999725341795,107.12999725341795,17073400
2025-01-14,109.72000122070312,109.76000213623048,107.83000183105467,108.79000091552734,11191200
2025-01-15,111.51000213623048,111.7300033569336,109.47000122070312,110.0500030517578,14521100
2025-01-16,111.31999969482422,111.69000244140624,110.5500030517578,111.19000244140624,10366600
2025-01-17,112.31999969482422,112.87000274658205,110.81999969482422,111.02999877929688,19298500
2025-01-21,111.47000122070312,112.18000030517578,111.12999725341795,112.0500030517578,20416300
2025-01-22,109.52999877929688,111.56999969482422,109.4000015258789,111.1999969482422,15718000
2025-01-23,110.1500015258789,111.13999938964844,109.61000061035156,110.30999755859376,13726800
2025-01-24,108.66000366210938,110.70999908447266,108.41000366210938,110.23999786376952,14235900
2025-01-27,110.16999816894533,110.4499969482422,108.38999938964844,109.01000213623048,15926700
2025-01-28,108.04000091552734,110.87000274658205,107.79000091552734,110.41000366210938,15862000
2025-01-29,108.66999816894533,108.77999877929688,107.47000122070312,107.70999908447266,12345500
2025-01-30,109.56999969482422,109.8499984741211,108.6999969482422,109.23999786376952,14346300
2025-01-31,106.83000183105467,110.5500030517578,106.0999984741211,110.5500030517578,20376500
2025-02-03,107.08999633789062,107.3000030517578,105.31999969482422,106.63999938964844,14623200
2025-02-04,109.95999908447266,110.27999877929688,106.52999877929688,106.70999908447266,14835700
2025-02-05,109.87999725341795,110.01000213623048,109.0999984741211,109.73999786376952,13364400
2025-02-06,108.43000030517578,111.0500030517578,107.98999786376952,110.7699966430664,13411400
2025-02-07,108.88999938964844,109.7300033569336,108.31999969482422,108.77999877929688,10051600
2025-02-10,110.97000122070312,111.02999877929688,109.87999725341795,110.01000213623048,12142200
2025-02-11,111.66999816894533,112.51000213623048,110.81999969482422,111.5999984741211,12713100
2025-02-12,107.3499984741211,110.2300033569336,107.18000030517578,110.0500030517578,18244100
2025-02-13,108.12999725341795,108.41000366210938,106.5199966430664,107.1500015258789,15460000
2025-02-14,108.23999786376952,110.2300033569336,108.0999984741211,108.5199966430664,15733500
2025-02-18,110.13999938964844,110.98999786376952,108.31999969482422,108.62999725341795,20060300
2025-02-19,110.3000030517578,112.12999725341795,110.05999755859376,110.76000213623048,10964700
2025-02-20,112.0,112.41999816894533,109.9499969482422,110.56999969482422,16325800
2025-02-21,110.69000244140624,111.8499984741211,110.55999755859376,111.31999969482422,14710000
2025-02-24,111.2699966430664,111.86000061035156,110.31999969482422,110.93000030517578,13153500
2025-02-25,109.7300033569336,112.12999725341795,108.88999938964844,111.3000030517578,14497000
2025-02-26,109.45999908447266,109.87000274658205,108.5199966430664,109.73999786376952,10446400
2025-02-27,110.1500015258789,111.29000091552734,109.27999877929688,110.01000213623048,15293200
2025-02-28,111.33000183105467,111.58000183105467,109.33999633789062,110.11000061035156,18821700
2025-03-03,107.76000213623048,112.16000366210938,106.51000213623048,111.6999969482422,18706900
2025-03-04,107.54000091552734,108.95999908447266,105.94000244140624,106.36000061035156,19394900
2025-03-05,105.44000244140624,106.33000183105467,103.66999816894533,105.83999633789062,24822200
2025-03-06,107.62000274658205,108.11000061035156,104.36000061035156,105.43000030517578,17150200
2025-03-07,109.0199966430664,110.4000015258789,108.3000030517578,108.41000366210938,19625000
2025-03-10,111.8000030517578,112.56999969482422,109.08000183105467,109.27999877929688,22749100
2025-03-11,109.16000366210938,112.0999984741211,108.79000091552734,111.91999816894533,19904700
2025-03-12,109.12999725341795,110.12999725341795,108.41999816894533,109.0500030517578,14051500
2025-03-13,108.66999816894533,110.81999969482422,107.62999725341795,108.33000183105467,17767800
2025-03-14,111.9000015258789,112.18000030517578,108.30999755859376,108.94000244140624,15890100
2025-03-17,113.76000213623048,114.5,111.7300033569336,111.8000030517578,19908800
2025-03-18,113.63999938964844,114.54000091552734,112.56999969482422,114.08999633789062,15998700
2025-03-19,115.41000366210938,115.81999969482422,113.83000183105467,114.1999969482422,17315000
2025-03-20,115.9000015258789,116.47000122070312,114.20999908447266,114.72000122070312,16230800
2025-03-21,115.5,115.98999786376952,114.3499984741211,115.5,41102800
2025-03-24,115.8000030517578,116.91000366210938,115.58000183105467,115.68000030517578,14207500
2025-03-25,116.58999633789062,117.63999938964844,115.95999908447266,116.43000030517578,12081800
2025-03-26,118.2699966430664,119.18000030517578,117.68000030517578,117.68000030517578,14110800
2025-03-27,117.88999938964844,119.06999969482422,117.26000213623048,118.0999984741211,12740800
2025-03-28,117.7300033569336,118.45999908447266,117.23999786376952,118.0999984741211,10233400
2025-03-31,118.93000030517578,119.91000366210938,117.79000091552734,117.79000091552734,21652300
2025-04-01,119.04000091552734,119.27999877929688,117.93000030517578,119.22000122070312,12425400
2025-04-02,118.66999816894533,118.83999633789062,117.66000366210938,118.38999938964844,12614600
2025-04-03,112.43000030517578,115.4499969482422,112.2300033569336,114.37000274658205,21204600
2025-04-04,104.33999633789062,110.83000183105467,103.83000183105467,109.87000274658205,30841300
2025-04-07,102.94000244140624,105.8000030517578,98.45999908447266,100.38999938964844,35068500
2025-04-08,100.7699966430664,105.5999984741211,99.01000213623048,105.45999908447266,27147800
2025-04-09,105.8000030517578,106.58000183105467,98.12999725341795,99.37000274658205,30063300
2025-04-10,99.93000030517578,103.77999877929688,97.8000030517578,103.70999908447266,33999300
2025-04-11,103.13999938964844,103.93000030517578,98.79000091552734,100.3000030517578,22884600
2025-04-14,103.38999938964844,105.08999633789062,102.72000122070312,105.02999877929688,18020000
2025-04-15,103.0999984741211,105.41000366210938,103.0,103.63999938964844,13164900
2025-04-16,104.19000244140624,105.58999633789062,103.6999969482422,103.9499969482422,13607000
2025-04-17,106.91999816894533,108.5500030517578,104.45999908447266,104.69000244140624,17916500
2025-04-21,105.3499984741211,105.62999725341795,104.12000274658205,105.61000061035156,16926500
2025-04-22,108.3000030517578,108.94000244140624,106.13999938964844,106.13999938964844,13147000
2025-04-23,107.37000274658205,109.3000030517578,106.47000122070312,108.80999755859376,14235700
2025-04-24,108.62999725341795,108.87999725341795,106.95999908447266,107.97000122070312,9849600
2025-04-25,108.56999969482422,108.76000213623048,107.41999816894533,108.13999938964844,11245800
2025-04-28,108.62999725341795,109.25,107.68000030517578,108.75,13890900
2025-04-29,108.36000061035156,108.83000183105467,107.5199966430664,107.73999786376952,9483100
2025-04-30,105.62999725341795,107.41999816894533,104.1500015258789,107.41999816894533,20379300
2025-05-01,105.77999877929688,106.91999816894533,104.9800033569336,105.0999984741211,18610300
2025-05-02,106.20999908447266,109.0,104.5500030517578,107.72000122070312,16581900
2025-05-05,103.2699966430664,104.66000366210938,103.06999969482422,104.6500015258789,19624000
2025-05-06,104.70999908447266,105.9800033569336,103.4800033569336,103.88999938964844,16303400
2025-05-07,104.61000061035156,105.29000091552734,104.06999969482422,104.98999786376952,12332200
2025-05-08,106.06999969482422,107.38999938964844,105.33999633789062,105.33999633789062,19196500
2025-05-09,107.30999755859376,107.75,106.37999725341795,107.13999938964844,10992100
2025-05-12,109.16000366210938,110.44000244140624,108.31999969482422,110.2699966430664,14244600
2025-05-13,109.45999908447266,110.51000213623048,109.0199966430664,109.31999969482422,13350800
2025-05-14,108.4800033569336,108.86000061035156,107.93000030517578,108.86000061035156,15494900
2025-05-15,108.58000183105467,108.6500015258789,105.97000122070312,106.48999786376952,15004300
2025-05-16,108.19000244140624,108.88999938964844,107.4499969482422,108.6500015258789,14042500
2025-05-19,106.47000122070312,107.56999969482422,105.72000122070312,107.56999969482422,16802700
2025-05-20,104.9499969482422,106.72000122070312,104.77999877929688,106.38999938964844,12429300
2025-05-21,103.66000366210938,104.97000122070312,103.63999938964844,104.52999877929688,16716100
2025-05-22,102.97000122070312,103.47000122070312,101.88999938964844,103.05999755859376,13417400
2025-05-23,103.02999877929688,103.47000122070312,102.06999969482422,102.5999984741211,12061600
2025-05-27,103.5199966430664,103.86000061035156,102.9000015258789,103.48999786376952,13043600
2025-05-28,102.11000061035156,104.43000030517578,101.79000091552734,104.29000091552734,14292400
2025-05-29,102.69000244140624,102.8499984741211,101.75,102.27999877929688,13825300
2025-05-30,102.3000030517578,102.38999938964844,101.19000244140624,102.16000366210938,28645800
2025-06-02,103.0500030517578,103.8499984741211,102.22000122070312,103.75,17290500
2025-06-03,103.8000030517578,104.66000366210938,102.20999908447266,102.9000015258789,19194300
2025-06-04,102.3000030517578,104.91999816894533,102.3000030517578,103.91999816894533,15648500
2025-06-05,101.83000183105467,103.0500030517578,101.7300033569336,102.9800033569336,13924800
2025-06-06,104.2699966430664,104.5,102.68000030517578,102.76000213623048,15487800
2025-06-09,104.97000122070312,105.8499984741211,103.83000183105467,104.33000183105467,17087300
2025-06-10,107.22000122070312,107.6500015258789,105.93000030517578,106.08000183105467,17634800
2025-06-11,109.30999755859376,109.38999938964844,106.45999908447266,107.76000213623048,22648200
2025-06-12,109.7300033569336,110.19000244140624,108.22000122070312,108.91999816894533,17469400
2025-06-13,112.12000274658205,112.52999877929688,110.68000030517578,112.3499984741211,28540200
2025-06-16,112.4800033569336,113.16000366210938,111.12999725341795,111.81999969482422,22986100
2025-06-17,114.0,114.93000030517578,113.11000061035156,113.9499969482422,19451700
2025-06-18,113.19000244140624,115.23999786376952,112.94000244140624,114.61000061035156,17968900
2025-06-20,114.6999969482422,115.04000091552734,113.18000030517578,113.4499969482422,36273300
2025-06-23,111.73999786376952,116.9499969482422,111.16000366210938,116.6999969482422,26631100
2025-06-24,108.33999633789062,110.94000244140624,107.91000366210938,109.25,24828300
2025-06-25,108.37000274658205,109.23999786376952,107.6999969482422,108.11000061035156,17483200
2025-06-26,109.98999786376952,110.44000244140624,108.5500030517578,108.94000244140624,18304800
2025-06-27,109.37999725341795,110.0999984741211,108.37000274658205,109.94000244140624,22002100
2025-06-30,107.8000030517578,108.83999633789062,107.72000122070312,108.63999938964844,19199000
2025-07-01,109.23999786376952,109.63999938964844,107.1500015258789,108.12999725341795,15536900
2025-07-02,111.0500030517578,111.36000061035156,108.83000183105467,110.0,11892200
2025-07-03,112.1999969482422,112.47000122070312,110.62000274658205,110.86000061035156,11223600
2025-07-07,111.11000061035156,112.0500030517578,110.22000122070312,111.54000091552734,15415900
2025-07-08,114.19000244140624,114.45999908447266,110.8499984741211,110.88999938964844,17913400
2025-07-09,113.8000030517578,114.2699966430664,113.2699966430664,113.91999816894533,10652100
2025-07-10,114.93000030517578,115.2699966430664,113.06999969482422,113.70999908447266,14901700
2025-07-11,115.43000030517578,115.76000213623048,114.51000213623048,114.8499984741211,11683900
2025-07-14,113.91999816894533,115.2300033569336,113.22000122070312,115.2300033569336,13220300
2025-07-15,112.91000366210938,114.05999755859376,112.5999984741211,113.66000366210938,10959300
2025-07-16,112.2300033569336,113.5,112.0999984741211,112.87999725341795,11158900
2025-07-17,111.66000366210938,112.2300033569336,111.08999633789062,111.48999786376952,13151400
2025-07-18,107.7699966430664,111.7300033569336,107.33999633789062,111.11000061035156,32366600
2025-07-21,108.0500030517578,108.7699966430664,107.44000244140624,107.5999984741211,17010400
2025-07-22,108.54000091552734,109.44000244140624,107.61000061035156,107.9800033569336,13970900
2025-07-23,109.93000030517578,110.0,108.8499984741211,108.93000030517578,12002700
2025-07-24,110.79000091552734,110.9499969482422,109.12999725341795,109.66000366210938,15647200
2025-07-25,110.4000015258789,110.9800033569336,109.6999969482422,110.7300033569336,10548900
2025-07-28,111.44000244140624,112.11000061035156,110.83999633789062,111.0,12353000
2025-07-29,112.87999725341795,113.0,111.41000366210938,111.9000015258789,15928000
2025-07-30,111.9000015258789,112.61000061035156,111.26000213623048,112.41000366210938,12996900
2025-07-31,111.63999938964844,112.5,110.36000061035156,110.36000061035156,17233700
2025-08-01,109.63999938964844,112.54000091552734,108.86000061035156,112.0,19652000
2025-08-04,107.37000274658205,109.91999816894533,107.08999633789062,109.22000122070312,19129500
2025-08-05,107.23999786376952,107.81999969482422,106.06999969482422,107.22000122070312,21314300
2025-08-06,106.51000213623048,109.0500030517578,106.37000274658205,108.30999755859376,15321800
2025-08-07,105.9499969482422,108.05999755859376,105.88999938964844,107.13999938964844,13468300
2025-08-08,106.8000030517578,107.51000213623048,105.9499969482422,106.5,14417700
2025-08-11,105.83000183105467,107.52999877929688,105.52999877929688,107.11000061035156,13570700
2025-08-12,106.12999725341795,107.27999877929688,105.77999877929688,106.33999633789062,14109400
2025-08-13,107.5999984741211,107.5999984741211,105.73999786376952,106.0,17958700
2025-08-14,107.37999725341795,107.58999633789062,106.44000244140624,107.5500030517578,13683500
2025-08-15,106.48999786376952,107.55999755859376,105.9499969482422,106.19000244140624,19271900
2025-08-18,106.72000122070312,107.2300033569336,105.66999816894533,106.0999984741211,13040000
2025-08-19,107.41999816894533,107.45999908447266,106.1500015258789,106.1999969482422,16113600
2025-08-20,108.52999877929688,109.33000183105467,107.68000030517578,107.87999725341795,18959700
2025-08-21,109.2300033569336,109.56999969482422,107.95999908447266,108.41999816894533,12194900
2025-08-22,111.27999877929688,111.41000366210938,109.5999984741211,109.5999984741211,13586700
2025-08-25,111.73999786376952,111.91999816894533,110.54000091552734,110.9000015258789,9744900
2025-08-26,111.48999786376952,111.80999755859376,110.36000061035156,111.37000274658205,18143900
2025-08-27,112.75,112.9800033569336,111.41999816894533,111.41999816894533,15262600
2025-08-28,113.3499984741211,113.6500015258789,112.06999969482422,112.87000274658205,14189800
2025-08-29,114.29000091552734,114.79000091552734,113.58000183105467,113.72000122070312,14597900
2025-09-02,114.69000244140624,115.23999786376952,113.33000183105467,114.18000030517578,15206700
2025-09-03,111.91000366210938,114.43000030517578,111.45999908447266,113.97000122070312,14920100
2025-09-04,112.4000015258789,113.12999725341795,111.37999725341795,112.11000061035156,12864400
2025-09-05,109.2300033569336,111.77999877929688,109.0199966430664,111.5999984741211,16826700
2025-09-08,109.8499984741211,110.0500030517578,108.3499984741211,109.7300033569336,15440500
2025-09-09,110.6500015258789,112.51000213623048,110.52999877929688,110.52999877929688,14899500
2025-09-10,112.5,112.55999755859376,110.83999633789062,111.16000366210938,15837600
2025-09-11,112.13999938964844,112.7699966430664,110.87000274658205,111.4000015258789,11534500
2025-09-12,112.16000366210938,113.22000122070312,111.87999725341795,112.86000061035156,11105700
2025-09-15,112.3499984741211,112.45999908447266,111.31999969482422,112.18000030517578,12880500
2025-09-16,114.68000030517578,115.31999969482422,112.77999877929688,112.95999908447266,17208000
2025-09-17,115.29000091552734,115.48999786376952,114.0500030517578,114.52999877929688,13302000
2025-09-18,113.93000030517578,115.3499984741211,113.4000015258789,115.16999816894533,14628700
2025-09-19,112.81999969482422,113.9800033569336,112.63999938964844,113.9000015258789,38746500
2025-09-22,112.0199966430664,112.8000030517578,111.55999755859376,112.4499969482422,15611500
2025-09-23,113.9499969482422,114.75,112.4800033569336,112.72000122070312,25369100
2025-09-24,114.55999755859376,115.76000213623048,114.47000122070312,114.56999969482422,14756100
2025-09-25,115.58999633789062,115.9000015258789,114.41000366210938,114.63999938964844,15012600
2025-09-26,117.22000122070312,118.36000061035156,115.91999816894533,115.95999908447266,18568900
2025-09-29,114.22000122070312,116.5,113.66999816894533,116.05999755859376,19189300
2025-09-30,112.75,113.48999786376952,111.94000244140624,113.3499984741211,18076200
2025-10-01,111.98999786376952,113.0199966430664,111.29000091552734,112.55999755859376,16614000
2025-10-02,111.29000091552734,113.08999633789062,111.02999877929688,111.97000122070312,13062600
2025-10-03,113.26000213623048,113.75,111.9000015258789,111.9000015258789,12950100
2025-10-06,114.1999969482422,114.7699966430664,113.18000030517578,113.29000091552734,12036800
2025-10-07,114.26000213623048,114.51000213623048,111.73999786376952,114.06999969482422,11945000
2025-10-08,114.0199966430664,115.01000213623048,113.41000366210938,114.37999725341795,12301000
2025-10-09,112.91000366210938,115.51000213623048,112.73999786376952,114.43000030517578,10976200
2025-10-10,110.7300033569336,112.62000274658205,110.70999908447266,112.26000213623048,13811600
2025-10-13,112.23999786376952,112.3000030517578,111.31999969482422,111.54000091552734,10296500
2025-10-14,112.29000091552734,112.95999908447266,110.70999908447266,110.76000213623048,11167200
2025-10-15,111.61000061035156,113.56999969482422,110.97000122070312,112.8000030517578,12182900
2025-10-16,110.63999938964844,112.19000244140624,110.38999938964844,111.87999725341795,11782200
2025-10-17,112.23999786376952,112.91000366210938,111.18000030517578,111.62999725341795,13460100
2025-10-20,112.6999969482422,113.1500015258789,111.9800033569336,112.0,9523600
2025-10-21,112.70999908447266,113.36000061035156,111.98999786376952,112.88999938964844,9202300
2025-10-22,114.70999908447266,115.18000030517578,113.08000183105467,113.4499969482422,12938800
2025-10-23,115.9800033569336,116.8499984741211,115.36000061035156,116.62999725341795,15001100
2025-10-24,115.38999938964844,116.47000122070312,115.18000030517578,116.3499984741211,9919400
2025-10-27,115.94000244140624,115.98999786376952,115.0999984741211,115.6999969482422,10975400
2025-10-28,115.02999877929688,116.18000030517578,114.98999786376952,115.48999786376952,9535200
2025-10-29,116.4499969482422,117.0500030517578,114.80999755859376,114.91999816894533,12570600
2025-10-30,114.69000244140624,116.5199966430664,114.52999877929688,116.43000030517578,16172900
2025-10-31,114.36000061035156,115.2300033569336,112.62000274658205,113.9800033569336,20213400
2025-11-03,113.76000213623048,114.98999786376952,113.63999938964844,114.5,12290300
2025-11-04,114.13999938964844,114.3499984741211,112.51000213623048,113.37999725341795,16860700
2025-11-05,113.68000030517578,115.18000030517578,113.66999816894533,114.08999633789062,12400900
2025-11-06,114.5,114.94000244140624,113.63999938964844,113.63999938964844,14219700
2025-11-07,117.22000122070312,117.51000213623048,114.9000015258789,115.20999908447266,17181100
2025-11-10,118.22000122070312,118.4499969482422,115.45999908447266,117.44000244140624,13048000
2025-11-11,119.77999877929688,120.80999755859376,118.83000183105467,118.83000183105467,16077100
2025-11-12,118.12000274658205,119.27999877929688,117.79000091552734,119.0999984741211,13790900
2025-11-13,118.79000091552734,119.76000213623048,118.27999877929688,118.62999725341795,17291900
2025-11-14,119.29000091552734,119.4800033569336,116.66000366210938,118.4499969482422,17064300
2025-11-17,117.68000030517578,119.5,117.11000061035156,118.97000122070312,16034900
2025-11-18,119.02999877929688,119.4800033569336,116.4800033569336,117.26000213623048,15808500
2025-11-19,117.3499984741211,118.18000030517578,115.93000030517578,116.8499984741211,15919200
2025-11-20,117.0199966430664,119.01000213623048,116.73999786376952,117.9800033569336,14401000
2025-11-21,117.08000183105467,117.37999725341795,115.6500015258789,116.98999786376952,15667600
2025-11-24,115.97000122070312,117.1999969482422,114.73999786376952,117.1999969482422,18034900
2025-11-25,114.51000213623048,115.9000015258789,114.19000244140624,115.18000030517578,14434600
2025-11-26,114.7699966430664,115.73999786376952,114.30999755859376,114.41000366210938,11650600
2025-11-28,115.91999816894533,118.73999786376952,114.81999969482422,114.9499969482422,7240800
2025-12-01,116.62999725341795,117.41000366210938,116.0999984741211,116.0999984741211,12658100
2025-12-02,115.37999725341795,116.5999984741211,114.69000244140624,116.44000244140624,14607700
2025-12-03,117.8000030517578,117.9800033569336,115.87999725341795,115.9499969482422,16819100
2025-12-04,117.13999938964844,118.33999633789062,116.66000366210938,117.5,13686900
2025-12-05,116.54000091552734,118.77999877929688,116.41000366210938,116.75,12516900
2025-12-08,115.9800033569336,117.0,115.04000091552734,115.83000183105467,14904200
2025-12-09,118.25,120.47000122070312,116.88999938964844,116.9000015258789,23790800
2025-12-10,119.54000091552734,119.87000274658205,118.37000274658205,118.7300033569336,19845200
2025-12-11,119.54000091552734,120.36000061035156,119.06999969482422,119.11000061035156,14781800
2025-12-12,118.81999969482422,119.91999816894533,118.30999755859376,119.44000244140624,14459500
2025-12-15,117.76000213623048,119.02999877929688,116.8499984741211,119.01000213623048,16358700
2025-12-16,114.68000030517578,116.83999633789062,114.61000061035156,116.7699966430664,17638700
2025-12-17,117.41000366210938,117.62000274658205,115.16999816894533,115.20999908447266,18502200
2025-12-18,116.54000091552734,116.98999786376952,115.62999725341795,116.98999786376952,13705600
2025-12-19,116.69000244140624,117.56999969482422,115.95999908447266,116.75,45412800
2025-12-22,118.1500015258789,118.45999908447266,117.33999633789062,117.33999633789062,11768600
2025-12-23,119.41999816894533,120.02999877929688,118.31999969482422,118.47000122070312,12567600
2025-12-24,119.22000122070312,120.0500030517578,119.12000274658205,119.33000183105467,6137400
2025-12-26,119.11000061035156,119.5500030517578,118.52999877929688,118.88999938964844,8066100
2025-12-29,120.52999877929688,121.3000030517578,119.4000015258789,120.1500015258789,14782500
2025-12-30,120.98999786376952,121.8000030517578,120.62999725341795,121.0999984741211,11150500
2025-12-31,120.33999633789062,121.26000213623048,119.87000274658205,121.18000030517578,10559900
