Date,LinearRegression,Ridge,RandomForest,GradientBoosting,ResidualHybrid,ConfidenceWeight,Actual
2022-10-28,0.0010838874119228244,0.0012574015122051273,-0.0024396651761744493,0.0007511965924571708,-0.0014150574831023474,0.0009173683866182144,-0.015530455647200892
2022-10-31,0.00024361240715692649,0.0003198340993656799,-0.002661950732655768,-0.00035042499477531394,-0.001851671165069747,-5.364065853411058e-05,-0.017698408511727257
2022-11-01,0.0012660264459958626,0.0001002581069901266,-0.004542140758171132,-0.0015043629727499175,-0.003207853000577609,-0.0007021284049531621,-0.038018520573267524
2022-11-02,0.003269066692134038,0.0003680915729453796,-0.004847186931062874,-0.0014792906827659975,-0.0032033861841992096,-0.0005556102549920543,-0.043330338809810486
2022-11-03,0.005029005579623473,0.0007676766141514139,-0.0042896308273503445,-0.0014014588282424535,-0.0025921462018669897,-0.0003168627743502609,-0.0019492089790141577
2022-11-04,0.0060824503608975025,0.001398733610274986,-0.00825344504411361,-0.0024118111103303775,-0.0053081245777785654,-0.0005065558015508753,0.003894514816864274
2022-11-07,0.005020975776917425,0.0005017345090902545,-0.006945949272684822,-0.0021380634961591927,-0.004563492553785481,-0.0008181688561105304,0.004166594151465541
2022-11-08,0.0049074363281470705,0.00044118949485030725,-0.007412264370305218,-0.0024594863352708505,-0.004937800100195801,-0.0010091559580591655,-0.03375333240095688
2022-11-09,0.004534626873462591,0.00024638875924378346,-0.005630564431511082,-0.0011889628413882466,-0.0036286273468206422,-0.00047128890978481947,0.08523656253834472
2022-11-10,0.0012050332696814394,1.988502238346561e-05,-0.010666050906697795,-0.0028808446025212872,-0.007667985431922899,-0.00143062506681412,0.019085215657103444
2022-11-11,3.075327581414638e-05,-0.0010926342462514952,-0.0033921584920909562,-0.0018317622183570594,-0.002675569124034871,-0.0014622212394467217,-0.00953085827580921
2022-11-14,0.0006885412427813705,-0.0016034256662329043,-0.003010080253286167,-0.0018317622183570594,-0.0024030204735826163,-0.0017175746653431683,0.01179968339293434
2022-11-15,0.0017963845431285975,-0.0015327648912699145,-0.0033204275662657855,-0.0015063955566432259,-0.002483413956666471,-0.0015195784368661582,-0.008366064109119508
2022-11-16,0.0018458142787479113,-0.0018707085432663516,-0.003406675514103642,-0.0013995553460462184,-0.0025698139483210916,-0.001635102180331771,0.012887920126207772
2022-11-17,0.0008551511703057844,-0.0015816440161741056,-0.0036736461317616684,-0.001945789627437174,-0.0028636499290593943,-0.0017637048512623588,0.0037745932954309233
2022-11-18,0.00012664215278869592,-0.001317723570067591,-0.0031164365117822114,-0.0014461810306336113,-0.002465243547587848,-0.0013819550032212464,-0.021918635681582848
2022-11-21,6.899662842739605e-05,-0.001286555755393051,-0.0008814911271573724,0.00015738258515750336,-0.000752087602717658,-0.0004063368159460229,0.014554672511554968
2022-11-22,-0.00025312745911593507,-0.0011168706633154085,0.001236126377787977,0.0011120390765577087,0.0008148172227416905,0.00042933276664363935,0.005908867503761323
2022-11-23,-0.0018107370540936338,-0.0005304644891260708,0.001099639687886567,0.0012061946243960972,0.0006485077921090227,0.00028443632821323654,-0.019788062788552364
2022-11-25,-0.0012027908987748076,-0.0007974969755045712,0.0016106715157883011,0.0011120390765577087,0.0010277976729556322,0.00015728446558530717,-0.02661522243240325
2022-11-28,0.0013852633725067965,-0.000324919732906707,-0.001339279719592937,2.347172142635783e-06,-0.0008547638126705947,-0.00016127147390357038,-0.021375129477976106
2022-11-29,0.0037897405203438234,0.00033862414108313177,-0.0018838798525271934,-0.0008209444686005417,-0.0010078399447598068,-0.00024107636078356297,0.04745002749096371
2022-11-30,0.0037048671623460894,0.0002838332488562137,-0.001106469157484271,-8.902848598781445e-05,-0.00041091269823376176,9.744932084090397e-05,0.001889703442270175
2022-12-01,0.002429290441190712,-0.0003537565987981853,-0.001359241703589193,-8.902848598781445e-05,-0.0007823881388433799,-0.00022136171736528902,-0.0033768677563157327
2022-12-02,0.00198402486106375,-0.000658660023726144,-0.0014506475558444514,2.347172142635783e-06,-0.0009161219983687217,-0.0003280941897350056,-0.00801539691122836
2022-12-05,0.0019674451672075186,-0.001045549304392338,-0.0017566619994150436,-8.902848598781445e-05,-0.0011863845331594042,-0.0005672064713447012,-0.025697246616167076
2022-12-06,0.0016461152751604232,-0.0013609889823012803,-0.0017249017653600573,-0.0002651687661196694,-0.0012451981627316514,-0.000812944966342868,-0.013880894864139424
2022-12-07,0.002333512040596273,-0.001150347634136456,-0.0026258434283812776,-0.0008209444686005417,-0.0018403602505151486,-0.000985622313969303,0.012059859374304184
2022-12-08,0.001027179461827424,-0.0020416179269354827,-0.0017309792550137095,-0.00019660935763414402,-0.0013801460653721043,-0.0009636889319899788,-0.0034408333126327417
2022-12-09,0.0013418164655923338,-0.001325288643043333,0.0004519736703898615,0.00020591802572911605,0.0003090975488786511,0.000328924275594866,0.016257023766421262
2022-12-12,-0.0001840911685587085,-0.0013560826091150602,0.00041885053853067927,0.00020591802572911605,0.0001396110315370527,1.0785301411042066e-05,0.006759672326977853
2022-12-13,-0.0021250085864304613,-0.0010655003873989957,0.00040755619580127444,0.0007653164604267536,3.098792744901912e-05,-0.00032905736481921477,-0.015658001955397714
2022-12-14,-0.001768134578118005,-0.0014108933679841795,0.00041180766174309666,0.0007653164604267536,2.7430162005504498e-05,-0.0004995434691832383,-0.04798742906487702
2022-12-15,0.0009023647052460103,-0.0006016668347280942,0.00012193775280280595,0.00025765168800587847,0.00012266784616911494,0.000189790320602559,-0.01468610177205532
2022-12-16,0.0043153365930090355,0.0013869170565662756,0.0046813232133022156,0.003752187729823753,0.004188444560894896,0.004033632766321549,-0.01603749982010283
2022-12-19,0.004338172184141157,0.0006396763095258572,0.010401194329368377,0.007333555462689697,0.008449319008317989,0.005835848597794508,-0.0005288679922286533
2022-12-20,0.004006237244563537,0.0013290718280995237,0.011578298176785457,0.007333555462689697,0.009330103660729915,0.005669934515121443,0.023530413295112247
2022-12-21,0.0021620755063231556,0.001435353219654658,0.004334997219972455,0.002708668965277444,0.003660288042099378,0.0024354258669891174,-0.02405979461174904
2022-12-22,0.001748114748688463,0.0013359704260634702,0.006241141779724109,0.004878130631935105,0.005140258162254812,0.003313199952983969,-0.0028020041192177592
2022-12-23,0.0013396134695347287,0.0013667291479389269,0.007793703744860221,0.004590206891041612,0.0061790213335850405,0.002978663482886554,-0.013975504852008843
2022-12-27,0.0018350325296022602,0.0016705913844873908,0.00959365478035401,0.006709889255929203,0.007711236752689522,0.004272601883320827,-0.031165904943411503
2022-12-28,0.004282257871753444,0.002586742371734719,0.02016146978300045,0.013355891257700113,0.016075820720272683,0.00881917940752555,0.02793074417520536
2022-12-29,0.004698086010203504,0.002368809146068805,0.004706266507286735,0.003026462838258309,0.004294169129442715,0.0038621531997392955,0.0024657257424248284
2022-12-30,0.003731221473761365,0.0023437550601933524,0.002719177971043442,0.002142794136770455,0.002721835070600643,0.0025315903576532558,-0.038122170675833005
2023-01-03,0.004202545603021258,0.0029105748218795574,0.016304937141098336,0.010843924806698966,0.013168011860965771,0.007523345514976271,0.010261300331658878
2023-01-04,0.002684438670106073,0.00253034592799731,0.0068342195254468266,0.0037002694536885238,0.005685825884258325,0.003192570030741574,-0.010661139265718593
2023-01-05,0.0018993876539305443,0.002657572437899652,0.009620177603886811,0.005983067750658545,0.007788836837706221,0.004320444422733659,0.03613333707119466
2023-01-06,0.0009440841194860207,0.002173645919012546,0.0033780073766723705,0.002164557649615481,0.0029094741400369013,0.0021691017543407198,0.004080553913767743
2023-01-09,-0.00025635484571061014,0.0014282425039125063,0.0030453225717597602,0.0020166613243596493,0.0024636241045648795,0.0017224207689872798,0.0044463770219663945
2023-01-10,-0.0004714914000155475,0.0009643958056503139,0.0012253288502389928,0.0007155968046197678,0.0009938222253958458,0.0008399016631584559,0.020892737794425808
2023-01-11,-0.000990691317327384,0.00036288454318905293,0.0002478591506908117,0.00040323362066811496,0.00015854394343872079,0.0003051645063501535,-0.0005995191187359703
2023-01-12,-0.001963448585186903,-0.0003776655855401449,-6.974333112332048e-05,0.00040323362066811496,-0.00024237348063031738,-0.00022377199742818808,0.01006789508578142
2023-01-13,-0.0018822450345351855,-0.0013808184877737992,-0.0005995634547262046,0.00016401678981374984,-0.000745344472411254,-0.0009901551425085405,0.008718346636051089
2023-01-17,-0.0008965481377525596,-0.001254602324441303,0.0019810320148270196,0.001245981962486257,0.0012767014008417963,0.00017476369026406372,-0.005384324656396352
2023-01-18,-0.0008996606828892302,-0.0008911390163718212,0.0021282931227600103,0.0005529908928867853,0.0013641854674638731,-0.00016887007677546408,0.0004437736676496247
2023-01-19,-0.0008531067516723181,-0.0007160771390478016,0.002290450879582436,0.0007308110317363003,0.001518354731425792,7.532794241778664e-06,0.019038292841187264
2023-01-20,-0.0012256832310311566,1.2742566357539691e-05,0.0011298196045463806,0.00022768595186613657,0.0007048884206234952,0.00012020201024492963,0.02322860487017864
2023-01-23,-0.0007496230226057847,0.00022479385079891075,-0.0005042937019068269,-0.00016992524809224572,-0.00041485864112696287,-0.00033706957847549787,0.010012608261312266
2023-01-24,-9.781426216620942e-05,0.0005532641594710047,0.00010797010849240134,-0.00016992524809224572,0.00011679936168123779,5.222235726574557e-06,-0.004711580943601682
2023-01-25,0.0010392921191935873,0.0009556642800124381,0.00014192834299020767,-0.00016992524809224572,0.0002934854446475284,0.0005487188365081989,0.014694628886286483
2023-01-26,0.002877970305791487,0.0018426318804937616,0.0007754864599637129,0.0008261338789394328,0.0010993694630827334,0.0013345618853828163,0.01359145920204597
2023-01-27,0.0034547627997528795,0.002310416759877725,0.0010190469990686343,0.0008261338789394328,0.0013794560597232522,0.001664862548215995,-0.02028226212058516
2023-01-30,0.004763723805224566,0.002406600912151566,0.0010003925857745607,0.0008261338789394328,0.001499629079539824,0.0017036852960410492,0.008980449462400973
2023-01-31,0.005989422132239446,0.002797945264444502,0.001718416969991145,0.0008261338789394328,0.0021669159277449028,0.0022582732823026837,0.007869563663233829
2023-02-01,0.005384816323989615,0.002703381553519107,0.002004960741178467,0.0008261338789394328,0.002302099389329216,0.0023542195665120337,0.036392397653764105
2023-02-02,0.004324319753953037,0.003156085249528353,-0.0005137010136972611,-0.000985367984179351,0.0003223303554102956,0.0013212462684097901,0.024106962723898607
2023-02-03,0.002861995090898778,0.0029160235120014254,0.0013103024957657286,0.0007772851428271874,0.0015958372813964354,0.0020860518842609993,-0.01809154470810023
2023-02-06,0.0020988821004693206,0.0012317192803673145,0.00039073826104680175,0.000697021288546702,0.0006731799776716272,0.0009644556124057437,0.019061906025355062
2023-02-07,0.0029031414116120605,0.001413287452130151,0.00028980585836039017,0.000542037598683508,0.0006848699160768058,0.0009778048775380495,-0.017810335553010242
2023-02-08,0.0031343132794560686,0.0009146364619098905,0.0013108493090786264,0.000542037598683508,0.0013706960408738152,0.0011128449921332158,-0.0069354342879675256
2023-02-09,0.004011293812549013,0.0007434858279450002,0.0015185161142612347,0.000542037598683508,0.0015796448399063652,0.0011311884501600835,0.00245305032515478
2023-02-10,0.004812261499302948,0.0008018761752339107,0.001806983649192194,0.000542037598683508,0.0018651294269861922,0.0013046140331035875,0.018632244277163222
2023-02-13,0.003592214564295724,0.0007895857199019798,0.0017164021909702445,0.000542037598683508,0.0016857257632528254,0.0012531531602678987,-0.0042341359443731534
2023-02-14,0.0025702778899955292,0.000667219675342428,0.0019088796186938505,0.000542037598683508,0.0017122204544071107,0.0012881545128180562,0.013807929031279503
2023-02-15,0.001059276599837226,0.0005023021159831723,0.002188586256608029,0.0006711501890762388,0.001760655330292257,0.0008653582647691922,-0.010484441562377413
2023-02-16,0.0008580376654426588,-2.337286599662881e-05,0.0015277674235981773,0.0006711501890762388,0.0012139747241973595,0.0007645921959672637,-0.007575122411677878
2023-02-17,0.0016267357677537662,-0.0006301590031057777,0.0014898447370040979,0.0006711501890762388,0.0011888727079443831,0.0010803268327713865,-0.027042195751233074
2023-02-21,0.0022852844647160233,-0.0008574448182879506,0.00020682028092727935,0.0002107129891910782,0.0002783418409377141,0.00020876730495349537,0.002891711046377971
2023-02-22,0.0028613811236645127,-0.001117797426888807,-6.0141271742628256e-05,0.0002107129891910782,0.00011334566376662233,7.531604685624775e-05,0.0032852768564028433
2023-02-23,0.001774555363702046,-0.0014968169114209316,-0.00022797645090439692,0.000106774709439528,-0.00015933490448097657,-6.058934713178865e-05,-0.018169346084672324
2023-02-24,0.0005981006287907663,-0.001675311123696639,-0.0008713285550592153,-0.0008648869349485679,-0.0008264103942427191,-0.000868106576885429,0.008213649668614577
2023-02-27,-0.0007620979431168132,-0.001857399520641127,-0.0012301856627920668,-0.0008648869349485679,-0.0012281744231614172,-0.0010476808994986286,-0.003453802581041987
2023-02-28,-0.0015869076977500754,-0.0020677201223109555,-0.0012301856627920668,-0.0008648869349485679,-0.0013295007056524952,-0.0014085688335753594,-0.014348371890054185
2023-03-01,-0.0018665465313795213,-0.001983438851989005,0.00024151940274195268,-0.0008648869349485679,-0.00030545454814674374,-0.0013655569447152851,0.0041204949962192075
2023-03-02,-0.0018815100270399682,-0.002116580372004895,0.0003467713975383797,-0.0008648869349485679,-0.00024782191992236085,-0.001373068198086583,0.03448868257476727
2023-03-03,-0.002400049924972714,-0.0020384303270175592,-0.0005614971246054663,-0.0009302823704663994,-0.0009348320972847738,-0.0014843548839802456,0.018369429787950066
2023-03-06,-0.002586682203028935,-0.0019466035862457376,-0.00036554913987171643,-4.410771174813423e-05,-0.0007285612073767084,-0.0011561248578508818,-0.014602608231320912
2023-03-07,-0.00382634584259499,-0.0026305868555263844,0.0007211140937751538,0.00027115369318558575,-0.00012859264047617423,-0.0011797815133240592,0.00834244040015144
2023-03-08,-0.003767597148005199,-0.0026283033118395947,0.000704976408031954,0.0006080898533732081,-0.0001058984340254356,-0.0010102077213527997,-0.015026950450183188
2023-03-09,-0.0029806512485533866,-0.002420011907195062,0.00043868030938542477,0.00036339551147261673,-0.00021719237944553077,-0.0010283725753230063,-0.013975878876178347
2023-03-10,-0.0024328494697530424,-0.0017548831671693609,-0.0002875038284785182,0.00027115369318558575,-0.0006103468514372384,-0.0010212090334680152,0.013178675292104937
2023-03-13,-0.0025363542546234753,-0.0014656759203919168,0.00011865914051987092,0.00027115369318558575,-0.00029947077811637464,-0.0006736349681209851,0.013990940948524353
2023-03-14,-0.0034081547604864035,-0.0016596750637232487,0.0005303827445513901,0.00036339551147261673,-0.0001044688944057807,-0.0006482922347001136,0.0026178050507510747
2023-03-15,-0.004369906101054609,-0.0014413796669207534,0.0007266547783938837,0.0006681341829464977,-4.6803339802428375e-06,-0.0003868351961275058,0.018521485929709217
2023-03-16,-0.0054033324750917665,-0.0014643046561519262,0.0014591339042478793,0.000978313598403351,0.00044008429368886325,-0.00024315828509085722,-0.005468846641961718
2023-03-17,-0.0036079083266249974,-0.0006590907835591398,0.0015595246254970032,0.000978313598403351,0.0007717452649622857,0.000159480242600028,0.015365215020891578
2023-03-20,-0.0024601507716269797,-0.0009479781891933711,0.00150045774510851,0.000978313598403351,0.0008038159687399136,1.5082338208367212e-05,0.011873365847423023
2023-03-21,-0.0017203967313519416,-0.00047947171321281355,0.0012297963039018904,0.000978313598403351,0.0007356742813928544,0.0002493010379400053,-0.009145209524233748
2023-03-22,-0.0003442149930013953,-0.00031821135691794636,0.0015436903874243184,0.000978313598403351,0.0011047385608388687,0.00033017324815415636,0.006945460715064618
2023-03-23,9.430017001646127e-06,-0.00020959634720966547,0.001858768254188183,0.000978313598403351,0.0013730585235892843,0.0004939814116108395,0.008271162179987244
2023-03-24,-0.0005351679981641771,0.00015549920585904077,0.0017941268627736948,0.00129221972337585,0.001345080727045139,0.0007238327766370239,-0.012369487152628826
2023-03-27,-0.0006300291443128708,0.0001790256680999641,0.001787339731620889,0.00129221972337585,0.001334140284710602,0.0007355812779961065,-0.003988087677175995
2023-03-28,-0.0005100939788419146,0.00015995262621864832,0.0016011246215122646,0.001163261005544993,0.0012006416182302256,0.000661571104798883,0.019597301426069226
2023-03-29,-0.001526589471773537,4.510941387593037e-05,0.0005148644640253258,0.0009564437953570806,0.00030710107079874637,0.00027989911497100625,0.009841330796182384
2023-03-30,-0.0019776555106069452,-0.00010274078531363826,0.00035553287092211365,0.0009564437953570806,0.000135256157901564,0.00012632580802115104,0.015522998361838873
2023-03-31,-0.0016523657540196243,0.0006313729899059597,0.00030028351574970725,0.0009564437953570806,0.00021137021819427456,0.00046572062232379003,0.007672155879674955
2023-04-03,-0.0008071007106777945,0.0009007072121836208,0.0005669122402774925,0.0007629254696148337,0.000493633548655197,0.0006647776630046274,-0.003254779593066611
2023-04-04,0.00038152506278817295,0.0009785700918840848,0.000521296583553466,0.0007629254696148337,0.0005813912477232576,0.0006421480672463445,-0.011354559560190157
2023-04-05,0.0014812756625265616,0.0011643637973368965,0.0005651700395983882,0.0007629254696148337,0.0007365794293858741,0.0009636847231466424,0.005480752035281672
2023-04-06,0.0017061262847751506,0.0010201530107068679,0.0005271924867573778,0.0007629254696148337,0.0007140743583218755,0.0008916171528528334,-0.016101255003747674
2023-04-10,0.0017004035556972314,0.0005088636259489794,-0.00013049725592165272,0.00047157767770841184,0.00016501176336579197,0.0004902281606527523,-0.007620197390094885
2023-04-11,0.0012430619703366567,0.00039994573092724946,-0.0005720693296375839,0.00030208501635370323,-0.0002167159509571775,0.00035101448361302855,-0.0043626235901741296
2023-04-12,0.00034199458505930144,0.00042818572105189385,-0.0014487071992793524,-5.5512082186749126e-05,-0.0009474437713639999,0.00014303828366558037,0.033535046133574595
2023-04-13,-0.0012103322040688943,0.00022822476058509107,-0.001017300808830467,0.000683479876815939,-0.0007483517553623102,-0.0003944824880136801,-0.002116219720953661
2023-04-14,-0.0021214846324372674,-0.0003008419360459243,-0.0007057445112813016,0.0003629357861741193,-0.0007012748502677247,-0.0005033393837615367,0.00012099144668537599
2023-04-17,-0.001991746711518918,-0.0005869131510914432,-0.0006482455132823592,0.0003629357861741193,-0.0006815507348181404,-0.0006175838256671887,0.007476828589123962
2023-04-18,-0.0009664845378696559,-0.0003909698377502737,-0.0008491145753157912,0.00015029504823770183,-0.0007230620551459354,-0.0006199192828468294,0.006944077984400737
2023-04-19,-0.00020182286678349073,-0.0003706080851249358,-0.0015634797243198246,0.00015029504823770183,-0.0011543177644563279,-0.0002862722292120311,-0.00586354395652316
2023-04-20,0.0002074853474709656,-0.0002665815586767008,-0.0023129697437031353,-0.0009518799121190153,-0.0017266749000731394,-0.0006093141387699588,-0.00982911221204742
2023-04-21,0.0011805055434796086,-8.101496328180742e-05,-0.0032580016117816028,-0.0009518799121190153,-0.0022824600760557433,-0.0005164879567789252,0.0018767677766352421
2023-04-24,0.0006333805562227555,-0.0002243450221136895,-0.0015027722858575428,-0.0004072786517492873,-0.0010634203712544508,-0.00031582079133339955,-0.009480525860065852
2023-04-25,2.2773021400109244e-05,-0.00011567340169117723,-0.0023895146776728247,-0.0004072786517492873,-0.0017347831137190309,-0.00026164853589611715,-6.098623209470998e-05
2023-04-26,-0.0016120859967473254,-0.00046871737556732963,-0.0022731667111147913,-0.0004072786517492873,-0.0018459967279968637,-0.0010405320391532501,0.02799955550554523
2023-04-27,-0.002003628329959541,-0.00029709423610778103,-0.0023322573264232126,-0.00023254728976994637,-0.0018898133869255076,-0.00115041812061996,0.00751285111581586
2023-04-28,-0.0026174132192196354,-0.00048404251251963726,-0.0024003741525404606,-0.0004072786517492873,-0.0020315899152655013,-0.001442237846678981,-0.000530609791205899
2023-05-01,-0.0022558600131702116,-0.0002869761591893028,-0.0021074478663837344,-0.0003685842663383416,-0.001764719125774599,-0.0012380319735353917,-0.006210578641491679
2023-05-02,-0.0013770352510718074,-0.0002671051351838408,-0.002060955010193091,-0.0003685842663383416,-0.0016474771972885337,-0.000872934965165955,-0.006488399291785129
2023-05-03,0.00029744427543971976,0.00022192487403309966,-0.002741970234099364,-0.00023254728976994637,-0.0019046033723399392,-5.546858939336788e-06,-0.009963002550706238
2023-05-04,0.0015447419080611337,0.0007136938247078431,-0.003745336946415887,-0.00023254728976994637,-0.0024406450770678985,0.0002404748281033274,0.04585918783710699
2023-05-05,0.0008462830010313843,0.0010311003995891518,-0.002045195866478497,0.00037589907716998076,-0.001216095449721783,0.0006109128703936852,-0.00040340190380421057
2023-05-08,-0.0011368700267893974,-0.00024392646619679427,-0.0022172305850220826,-0.0002275887758175118,-0.0017209849650562331,-0.0006906044975551452,-0.010021109051384784
2023-05-09,-0.0019356585023651259,-0.00046028620628515353,-0.0021651951156269997,-0.0002275887758175118,-0.0017837918013174935,-0.001197971649738948,0.01036687938792175
2023-05-10,-0.0027038201360365956,-0.0002860269455359427,-0.0029801646739554045,-0.0005117918603145449,-0.002435468587579594,-0.0016078144167084242,0.0010940773984571951
2023-05-11,-0.001897066003882918,-5.780754525749258e-05,-0.002815900005282088,-0.000948678213351878,-0.0022543963173372677,-0.001422874703807603,-0.0054322708888845895
2023-05-12,-0.000950487906849451,-3.696408726282913e-05,-0.0028024803551368093,-0.000948678213351878,-0.002154095452517277,-0.0009495835880112355,-0.0029015167137997756
2023-05-15,-0.00021777333849896127,-2.2840250191038776e-05,-0.0027451550768266236,-0.000948678213351878,-0.0020435053716939726,-0.000583397040240765,0.0
2023-05-16,0.0004850915467596331,0.00043144620364249267,-0.0031614592728268255,-0.001089673703872708,-0.0022315619528538904,-0.0003293214971548734,0.00359668327483596
2023-05-17,0.000826522998146588,0.001071187470753306,-0.003993308035528239,-0.0014848852086755669,-0.002747116933133446,-0.0003293434140239159,0.013573693412125264
2023-05-18,-0.00012632217177506423,0.0014308102401413847,-0.00421316211129707,-0.0012714594612852803,-0.0029320388034353535,-0.0006989344070107311,0.000627943395330333
2023-05-19,0.00019601006378444326,0.0012331462349846382,-0.0038392300790040003,-0.0013732265623994577,-0.0026689755817397905,-0.0005886791154877022,-0.005495727718195582
2023-05-22,0.0009680141390514131,0.001227369862455001,-0.0010768084777242463,-0.00037399266324005805,-0.000560551993629208,0.0002969382418464011,-0.015270864955536659
2023-05-23,0.001158223852912316,0.0011510936151802034,-0.0011513510126751167,-0.0005034432933587598,-0.000615188415232,0.000323704015902875,0.001630751567404093
2023-05-24,0.000952406417191936,0.0006969589830105533,-0.0011399937904797422,-0.0005985407678972206,-0.0006868378203005888,4.9156261959871074e-05,0.006669875930038292
2023-05-25,0.0014351589182787546,0.00101724270651155,-0.0016882933746924073,-0.0007567898914422977,-0.001005696209229905,0.00013016582219586208,0.014006289045368672
2023-05-26,0.0009508133889722158,0.0009375999916536851,-0.001727059968181374,-0.0005034432933587598,-0.001066218791370963,0.00021689609774676568,0.010603234814060596
2023-05-30,0.0002488153884300027,0.0008614092632554537,-0.0016754022636349367,-0.00037399266324005805,-0.001093170078082917,-6.264558549630729e-05,-0.00028208486513510385
2023-05-31,0.0009082430809456907,0.0018777385161895092,-0.000551117248442911,0.0007163749365563536,-2.7623970173588225e-05,0.0008122998262247501,0.015895486767694672
2023-06-01,-0.0007074202704031802,0.0008901114513665924,-0.0026194329898882574,-0.0006435998670505398,-0.001869236583429133,-0.0006755120737211124,0.004764073020018354
2023-06-02,-0.0011717630762174012,0.0003923229980948332,-0.0026533789206825485,-0.0004977382547642866,-0.001981824548560998,-0.0008347870242716711,-0.00759988545338666
2023-06-05,0.0011903578566851676,0.0017689374650191852,-0.0003749910190366383,0.00014681895761942777,6.274427658687449e-05,0.0006685970778697076,-0.002062623347218884
2023-06-06,0.0006351003108096326,0.0005144908386455929,-0.002496560500913651,-0.0002554133975553723,-0.0016677061792756637,0.00012932729658394636,-0.007786302499653542
2023-06-07,0.0004670393884626731,0.0004764680225832576,-0.002380974443016792,-0.0002554133975553723,-0.0016060800024840513,0.00010554730087636039,0.01534658769511825
2023-06-08,-0.00028293772641668487,0.0003920328315213748,-0.0022581952399527492,-0.0002554133975553723,-0.0015990778166430583,-0.000269182890235738,0.00215751026435625
2023-06-09,-0.00044418351706290043,0.0007276170176900481,-0.0022581952399527492,-0.0002554133975553723,-0.0015753765707661863,-0.00034981645842299637,0.015517693027510451
2023-06-12,-0.0006013545920081226,0.0010228322290444362,-0.002390845356091758,-0.0002554133975553723,-0.001649735087292172,-0.0004283981192964116,-0.002615068944446739
2023-06-13,-0.00023166617104851167,0.0012075297949553248,-0.002420134913110343,-0.0002554133975553723,-0.0016145810870548186,-0.00024354125039488268,0.003485380564140737
2023-06-14,-2.1347248535001076e-05,0.0013539111942940754,-0.002477591900392885,-0.0002554133975553723,-0.0016186502244709433,-0.00013839375604556372,0.011136358930582863
2023-06-15,0.000668771819900484,0.0016081203636020792,-0.0025468433465411703,-0.0001095517852691191,-0.0015615180139513997,0.0002795460752098697,-0.005877065455596354
2023-06-16,0.002670277783240735,0.002572346789648189,-0.002133876656006699,-3.6146558580242474e-05,-0.0009650896825448645,0.0012679351530374989,0.0004865428803532384
2023-06-20,0.002194582266490324,0.0016181949499675685,-0.0024717795091861515,-0.0002554133975553723,-0.001377057374819797,0.0006812803688826075,-0.005691535222543028
2023-06-21,0.0026726286355428517,0.0018482262685597611,0.0001644417719236296,0.0007485856165473427,0.0006423313651048476,0.0012984353230836988,0.01639034495434398
2023-06-22,0.001430119082370196,0.0016611099827861327,0.0001644417719236296,0.0007485856165473427,0.0005046738886124889,0.0010892756118659024,-0.0017127898782510092
2023-06-23,0.0008398131865557143,0.0014380441036639451,0.00019925776830677206,0.0007485856165473427,0.00044839046342522756,0.0007942021599122017,-0.007581641359393876
2023-06-26,0.0002509701471570924,0.0010120984624540483,0.00016015427758676263,0.0005794658095219778,0.0003023218396049436,0.0004153442561225858,0.014946816375110222
2023-06-27,0.00014367196411802278,0.000886701964620112,0.0002426456287770955,0.0008463970660239532,0.00035859611865444443,0.0005444859125590272,0.006307831395109381
2023-06-28,6.811164784881261e-05,0.0009467376381035108,0.00031137178847183417,0.0008463970660239532,0.0004070596654302184,0.0005788219258132904,0.0017950114630155337
2023-06-29,0.00016376905234608235,0.0010096091619142182,0.00031137178847183417,0.0008463970660239532,0.00042325548957882067,0.0005788915680735734,0.02283967188058003
2023-06-30,0.001143351884654889,0.0019224338474004364,0.0003411912281385126,0.0007485856165473427,0.0006330285243783859,0.0009460179627137794,-0.00781517880393622
2023-07-03,0.00040492126188266197,0.0008387693923241296,0.00013632119348918733,0.0007485856165473427,0.00029406224750883633,0.0005766663215062169,-0.005888676610545284
2023-07-05,0.0015118382132189095,0.0014715987082584132,0.00025053777273642054,0.0007485856165473427,0.0005512829773724391,0.0011099479916135287,0.002505589795123625
2023-07-06,0.0013648284946598478,0.0014875798904333442,0.0002107354220802124,0.0007485856165473427,0.0005112603253246816,0.0010565931879175964,-0.005908691406155232
2023-07-07,0.0015475458098495453,0.0013714022868280766,0.00015279724009864364,0.000646559897290649,0.0004653616757780535,0.0010089005197539457,-0.010915250848642326
2023-07-10,0.0020732197380347933,0.0016034856566352308,6.183235682938269e-05,0.0004877209032979808,0.00046358975856673756,0.001045611056333228,-0.0028139985547198793
2023-07-11,0.0011702186285140776,0.0011944405750080615,-0.0001423372655432094,0.00041819700411761405,0.0001818186499739561,0.0007940469710775155,0.0089455128207249
2023-07-12,0.0011375996259207573,0.0014887835819794415,-0.00013757778654784403,0.0007881298401367536,0.00024726310537044854,0.0009627949536750522,0.0040493333849870574
2023-07-13,0.00027166330789073277,0.0009896859084849161,-0.00010972312448116811,0.0007881298401367536,0.0001284332033194901,0.0005298433512298101,0.0007869495655437801
2023-07-14,4.985070755860019e-05,0.0010292500855172478,-8.958249860251963e-05,0.0007881298401367536,0.00012652514273625923,0.0004190265403827794,0.017157321376710735
2023-07-17,0.0005893912977343425,0.0011291737836044496,0.00033834706437123395,0.0007881298401367536,0.0004909840917756797,0.0006887837421372849,-0.0013411289976523447
2023-07-18,0.0009248220127614627,0.0011243011960844842,0.0002698046292050631,0.0004877209032979808,0.0004480141648970289,0.0007062641601920506,0.007046822278355858
2023-07-19,0.0014282995468911912,0.001603848160193784,0.0006134560267116831,0.0004877209032979808,0.0007933716956316525,0.0010208966154250404,-0.01014849460596754
2023-07-20,0.000916727350966042,0.00072193615794071,0.0008051006365567094,0.0010159059280214285,0.0008236590056681389,0.0008609290355356003,-0.00618079329533026
2023-07-21,0.0016011679244194888,0.0009864991715105907,0.0009070934410289711,0.0010159059280214285,0.0009902448327758517,0.0010012659745280547,0.00421112047282002
2023-07-24,0.0004124384028865913,0.0002446333796691242,0.0009460999430856987,0.0010159059280214285,0.0008211108906401639,0.0006792168126597436,0.004503451441126353
2023-07-25,-0.000763013282152273,-3.357338733268639e-05,0.0010229461116276848,0.0010159059280214285,0.0007335218690762381,0.0004909995088959076,0.004534699071299175
2023-07-26,-0.0009072945535849523,0.0003245663081503311,0.0010472780246596316,0.0010159059280214285,0.0007786143068201641,0.0006700137779346001,-0.006602613098133537
2023-07-27,-0.0012131409469181363,0.0001487539714621533,0.0010276639321024628,0.0010159059280214285,0.0007158764905080988,0.0005821023841912982,0.013417307295974873
2023-07-28,-0.001659901326486844,0.00018554082830933593,0.0009651851757772256,0.0010159059280214285,0.0006342303480330771,0.0005751308493185088,0.003161144598463313
2023-07-31,-0.0009678085498503405,0.0003395869807359803,0.0009769078998148365,0.0010159059280214285,0.0007249490150608262,0.0006580224203297212,-0.004285064677819126
2023-08-01,-0.00017937660351994016,0.0005359509329247406,0.0009043849045660067,0.0010159059280214285,0.0007699952788689369,0.0007200200293712683,-0.015611273834712213
2023-08-02,0.0013900741557184907,0.0009971491564371218,0.000925813164639397,0.0008597839809774273,0.0009718564798309727,0.0009615924010985225,-0.0073485901060710845
2023-08-03,0.0026359541961426492,0.0016715651442823108,0.00034835454324078926,0.0005478034370458776,0.0007316240091973206,0.001109803320217079,-0.0492112836195609
2023-08-04,0.0054909202528786675,0.0035474934010747807,0.007254307056205608,0.00502791483689185,0.006474122715627913,0.005259426089153387,-0.017404335216339308
2023-08-07,0.0060776073403174214,0.003980622216149371,0.013163583709502286,0.009500041856379197,0.011132850287621081,0.007788871920528694,0.005297668561462432
2023-08-08,0.005216806690713363,0.0039601339599489764,0.009789034622868713,0.008042566016178239,0.008541793864550479,0.006629713917288953,-0.008994638811476718
2023-08-09,0.004883902259931492,0.004377529838110232,0.01332896453956443,0.010367077855979198,0.011257082568567745,0.007625599343207286,-0.0012354245648289036
2023-08-10,0.004110323759321224,0.004720934671231284,0.013976916381072261,0.010935056682932182,0.011730364096598674,0.007828094569172718,0.00033748619798149563
2023-08-11,0.003972768818597769,0.00503105720172526,0.018645339201976422,0.012698788780764258,0.015202112384465885,0.008865046319907576,0.009349279951972244
2023-08-14,0.0038202793935354145,0.0048552405403175175,0.006144133021512328,0.003761871736336354,0.005577764193516275,0.004337952043677752,-0.011263469322374231
2023-08-15,0.00461501504561022,0.00498601235964536,0.01686877728169932,0.011629241996968567,0.01391094497458908,0.008307782761762571,-0.004971475028349967
2023-08-16,0.005587310485348128,0.0053083154603831015,0.019577409393179104,0.013601351049635599,0.016119806860628902,0.0095944906661252,-0.014662094022193137
2023-08-17,0.004616012649774994,0.003911256366670296,0.009332521828124059,0.006791726214461365,0.008052048544593205,0.005703975066278633,0.002812134929683278
2023-08-18,0.003873151053560277,0.004036476057788025,0.010422334336670922,0.006791726214461365,0.008767579542590257,0.005414296404157303,0.007707068166106421
2023-08-21,0.002378865072028325,0.0038046120187302844,0.004388439273618559,0.003544109647696417,0.004062272200680467,0.0036743248067690605,0.007873725634312503
2023-08-22,0.0014884239772635362,0.003710331062800042,-0.0019629717729277713,-0.0007381718611099505,-0.0008822807652858664,0.0003751767194369519,0.021711459575385856
2023-08-23,0.00040810099726946417,0.0035748461687072526,-0.0008817942297692057,-0.0004836113790450716,-0.00021306331959400652,-3.7602449619940776e-05,-0.02651891301202152
2023-08-24,0.00041582770663115204,0.003395176661757942,-0.0004567148659156231,-0.0004836113790450716,6.741775673271296e-05,-2.0178413290279938e-05,0.012563904205482162
2023-08-25,0.00032900322416237824,0.0030116476825495105,0.00018300234351975475,0.00014527621386058412,0.000520180051152549,0.00025623909785249825,0.008807235712831898
2023-08-28,0.00039817438123264934,0.0023656639785382904,-5.397505839290848e-05,-0.000195154730174984,0.0002558489266158363,0.00017228831401315764,0.02157574052020218
2023-08-29,-1.1250818327692151e-05,0.0017319997698756837,-0.0005582691089833323,-0.0014465769376995783,-0.0003173960304352289,-0.0002847177962805981,0.018990737528917022
2023-08-30,-0.00020542435471351827,0.0014862876333418874,0.0009333499799375662,0.0007507779909660742,0.000875496316402464,0.0008420393282791423,0.0011717893056819614
2023-08-31,-5.511111071713278e-06,0.0014755549350373588,0.0007956581786978369,0.0007507779909660742,0.0007955858570285664,0.0007732165024149163,0.008427761652713162
2023-09-01,0.00013399011712894322,0.001751506376497361,7.203637222753879e-05,0.0005467651610633416,0.0003117530676729544,0.00034059126700041245,0.001265859233347032
2023-09-05,0.0008467646040782477,0.0022272959344722884,0.00011811498595805137,0.0007283849975846254,0.0004811363994812997,0.0007875973179341678,-0.03644958878525358
2023-09-06,0.0030127163111522896,0.0030007084087729503,0.00015652580961423714,0.0007283849975846254,0.0007999129278458328,0.001864458011410686,-0.0296856887410939
2023-09-07,0.005441798214927288,0.0035165926601444884,0.00041742053818068887,0.0011882006786111605,0.001309497584424071,0.0023524721427478907,0.00348572283455423
2023-09-08,0.004549292481940835,0.0026397998129777975,-0.0007986289314851461,0.000633454239503826,0.00021849748796358025,0.0016366515241101553,0.006600699922197482
2023-09-11,0.004062675734227649,0.002606268384102065,-0.0007275381380089475,0.0003906601835945578,0.00019900416270220817,0.0014984866869504972,-0.017207865759124457
2023-09-12,0.004723756517319489,0.003347296567240278,-0.002073320427814522,0.00023474080273155583,-0.0006181899143530773,0.0017909750764356486,-0.011925563353883678
2023-09-13,0.004947768045182702,0.0032775019716150904,-0.002157358795270903,-1.9819679333322788e-05,-0.0006861614907858842,0.0016288202395704407,0.008744028193943548
2023-09-14,0.004559159374228351,0.0026502894993537898,-0.0023305169434463097,-0.0001409777892923423,-0.0009275106735265862,0.0012546440952756002,-0.004162498432679361
2023-09-15,0.005102834481839058,0.0031624538812962386,-0.00011571578415691567,0.0028843709643141943,0.001002760444030178,0.0030234016663897665,0.016771957572420195
2023-09-18,0.003950684854565321,0.001763831807208786,-0.0016465679978493943,0.00011953025909524285,-0.0005812861333625661,0.000941698182042976,0.006161872712150292
2023-09-19,0.003883222649382817,0.001098159718038878,-0.0014326190166606175,0.00045051817497656667,-0.0004853699382109442,0.0007743578959225765,-0.020194831472811894
2023-09-20,0.0041197788872534575,0.001093749561070188,-0.0015116300288078874,0.00045051817497656667,-0.0005196431821068233,0.0007721539171901486,-0.008929203790570248
2023-09-21,0.0041904818001319635,0.0014844383828988973,-0.0019559574370901314,0.00045051817497656667,-0.0007820334444203143,0.0009674853185981961,0.004932344559539449
2023-09-22,0.003450415364125686,0.001387566934473487,-0.002542793280077706,-5.491687855589649e-05,-0.0013197384767779069,0.0006663112071501017,0.007353330565495836
2023-09-25,0.0028138968324751003,0.001156725629354254,-0.0012262836932697896,0.00045051817497656667,-0.00043260614300397236,0.0008036211781306155,-0.02367656449455937
2023-09-26,0.0031032619183293648,0.0016725669256436719,-0.0015112446021910968,-4.637862275601056e-05,-0.0005892663852605586,0.000813092141361521,-0.008937368855522447
2023-09-27,0.0030298027947795662,0.0020053977075709683,-0.000736948801932947,0.00038197780828243597,2.575255091051673e-05,0.0011936801971758782,0.001524446176360981
2023-09-28,0.002601190867787396,0.0017817252552193596,-0.0007539218306061053,0.00016864068163667588,-7.006359145342615e-05,0.0009751729867574403,0.003041758655182307
2023-09-29,0.002122526819714371,0.001632000035239214,-0.00031219321708863797,0.00021257443441137183,0.00018391649505239242,0.000922282057102455,0.014726587377350156
2023-10-02,0.001694396819297225,0.0010712013756561645,-0.0005736475518632197,0.00035580554370800147,-9.362663993790955e-05,0.0007134706077665182,-0.0078000490401920865
2023-10-03,0.001702489000683666,0.00024604925709370096,0.00013860301886387013,0.0005799199123209765,0.000334209070873546,0.0004131596589253967,0.007282046447975858
2023-10-04,0.0014029349780442278,8.018153785853345e-06,0.00014266218397902044,0.000276660772335824,0.00025609004629359574,0.00020977793532611026,0.007172106996897024
2023-10-05,0.0008276243670483598,-0.00011980886536887443,-0.0011753610082121844,0.00034125646880935317,-0.0007387527243345085,0.00011066680675768817,0.014642831366344877
2023-10-06,0.0004786473673571615,-0.00023850252898690216,0.0011210860868686755,0.0008466915223418166,0.0008809593266872488,0.0006625936544748419,0.008415690157786843
2023-10-09,0.00027605378811729274,-0.0007419327026731204,0.0016061507796534032,0.0008466915223418166,0.00114680903690819,0.0005613508900505905,-0.0033578164577189916
2023-10-10,0.0003933146465189872,-0.0005428119099053118,0.0013206768091755256,0.0010259100731266249,0.0009940233093570945,0.0007095166512914276,0.007872920767668911
2023-10-11,0.00026254578155781086,-0.00025069106883147594,0.0009151163932699998,0.0010259100731266249,0.000728838076588478,0.0005887170394312109,0.005048598025330736
2023-10-12,0.00035159496965170495,0.00011496114496072627,0.0010238502207794845,0.0010259100731266249,0.0008562586000843068,0.0006876091365078849,-0.010346150587617899
2023-10-13,0.0006065772583907823,0.00021073068482781903,0.0007784304136430105,0.0008618399569166995,0.0007038278421406667,0.0006923810775374279,-0.0007272428408359674
2023-10-16,0.0014243505857742308,0.000470765265992693,0.0007327479901419086,0.0008618399569166995,0.0007779436613786329,0.0007973355271280024,-0.008823600378494131
2023-10-17,0.002010335798445412,0.0006996614142750871,0.0006830842651666401,0.0008618399569166995,0.0008240002974052442,0.000781014694159869,-0.007422209697693307
2023-10-18,0.0024065978946616537,0.0008789060573601849,0.0006819134337797127,0.0008618399569166995,0.0008808849955670466,0.0008703944587323069,-0.0021635268464982507
2023-10-19,0.002728352522575761,0.0011531901907519096,0.00044149005307027924,0.0007024834328906362,0.000759238298384335,0.0009279676228597868,-0.014813239556067781
2023-10-20,0.003497435642604547,0.001434175376690773,-0.00032673751750674987,0.0006169849299479605,0.0003132255364981269,0.0010256356667178496,0.0006937845504079722
2023-10-23,0.003681550921496983,0.0012416820631824025,-8.16840198785067e-05,0.0004855994203628221,0.0004703735608269914,0.0008637457027988973,0.002540386853670654
2023-10-24,0.003217404891877359,0.0009758472114247072,-0.00011152528779681413,0.0004855994203628221,0.00037522324405325525,0.0007308040159701342,-0.013583674010427132
2023-10-25,0.00364762377537041,0.0012676737620172201,-0.0006640835521994805,0.0002583046359430192,3.9350877466610176e-05,0.0007630599132347078,-0.024913258378371602
2023-10-26,0.004565987922008417,0.0016394841874647179,0.00789393312378958,0.006470592139676229,0.006740941227610811,0.00551823131734741,0.007937670088389146
2023-10-27,0.004235097387224821,0.0015158967498121846,-0.0012098324567084518,0.0008137842105910935,-0.00021618884442834493,0.0011648553125027726,0.012230176648538671
2023-10-30,0.0036067470575230375,0.0013152131883184888,-0.001451945356094551,6.904878816871876e-05,-0.0005318836532005196,0.0006921616826031936,0.0028148999977761612
2023-10-31,0.0027195463845891194,0.0010373401433136772,-0.0009784310774937279,6.904878816871876e-05,-0.0003120864302731209,0.0005532309573620292,0.01856512901948734
2023-11-01,0.00195829286297162,0.0010454232387401233,-0.0005851209602906063,0.0004855994203628221,-6.914674077430102e-05,0.0007655000813187991,0.02048211377823701
2023-11-02,0.0014519173649059198,0.0011978263611029023,0.0004629287199950356,0.0009099694199063849,0.0006777958663963413,0.0010538524972768934,-0.005194746546356299
2023-11-03,0.0010311116804918477,0.00101696630114984,0.0005680237346505863,0.0008618399569166995,0.0006878520327694102,0.0009391950315219874,0.014499641457413656
2023-11-06,0.0005062469587454832,0.0004987758073745368,0.0005396979466924647,0.0009099694199063849,0.0005630044023046898,0.0005232117254576,0.014347354097429127
2023-11-07,0.0007550444214143485,0.0006027938872634008,0.0004983776030695113,0.0009099694199063849,0.0005690437857902111,0.0006789526922986887,0.005867750650799094
2023-11-08,0.0006098726186731439,0.0003033717649768942,0.0007081307306606379,0.0006958529969632392,0.0006511699267301457,0.0006526370703521735,-0.0026281132722152586
2023-11-09,0.0008743525333395657,0.0006854819784053032,0.0006513896660228385,0.0006603829558581264,0.0006769079504681739,0.0006731326622574793,0.022954599697305875
2023-11-10,0.0010685276242480457,0.0014414891211541713,0.00019699245596447958,-7.172885124045019e-05,0.0003995207932757421,0.000632785273458855,-0.008620759442994497
2023-11-13,0.0009904565908289112,0.0012577155937568607,0.0001882385986009274,-7.172885124045019e-05,0.0003648143640496378,0.0005893496569885474,0.014184760174328345
2023-11-14,0.001545295608920136,0.002035371437036504,0.0003932872971947117,-7.172885124045019e-05,0.0006514154401204845,0.0009692956554374499,0.0030363110474085145
2023-11-15,0.0020377798649743265,0.0023285221616733843,0.00046632588525137824,-7.172885124045019e-05,0.0007829060232644083,0.0012520118681421195,0.009001413427536816
2023-11-16,0.002938878477042146,0.0027083042110733497,-0.00029802401559304344,-7.172885124045019e-05,0.0003705700337258071,0.00131828829037115,-0.00010551883759749448
2023-11-17,0.0034230305860972225,0.003001413023981,0.0003634121760717625,0.0008986222672471542,0.0009989001033490902,0.0019500025179016453,0.009235519040272483
2023-11-20,0.003856418137695368,0.0031860953998633264,0.0007006105618589387,0.0008986222672471542,0.0012990918673851915,0.0020424225229649542,-0.004239897680293823
2023-11-21,0.004521952621388651,0.003210007652813005,0.00097260236992691,0.0011718021151746606,0.0015792849534138832,0.002191026812331331,0.003508391400916057
2023-11-22,0.005022807290982962,0.0033294635781895626,0.0009109928242290097,0.0011718021151746606,0.0015963049629690302,0.002250763079906952,-0.007028973352273155
2023-11-24,0.004303779102386807,0.002669363316340605,0.0008132718519480713,0.0011718021151746606,0.0013838231413748335,0.0019207037554432361,-0.0009480418134619465
2023-11-27,0.004790122439589912,0.0027375655674949273,0.0006834820015708081,0.0009106215607637307,0.0013233899665719296,0.0018242520670130706,0.0032088946901166937
2023-11-28,0.004165127450150217,0.0023461009096527,0.0011364452109846315,0.0009106215607637307,0.0015400272502485279,0.0017414337633904775,-0.005424169553320666
2023-11-29,0.003643674626270315,0.0018080428864627063,0.0005166590579079325,0.0009106215607637307,0.000991018011404681,0.0013594554033832934,0.0030581038836951678
2023-11-30,0.003294313008086761,0.0015618656824700802,0.00034180380659276985,0.0007357124506828202,0.0007916222033552643,0.0011489071919534189,0.006768232244609081
2023-12-01,0.0029494545627444615,0.0012590200132708365,0.0002448842957577049,0.0007357124506828202,0.0006559167147887041,0.0009974524581462586,-0.009509683440365332
2023-12-04,0.0022534885600529703,0.0005899850953019505,0.0002913729126635814,0.0006509291234373591,0.0005393721725419703,0.0006204930901026248,0.020844503566414777
2023-12-05,0.0021734180751235223,0.0006971217677438909,0.0005227163919330448,0.0007357124506828202,0.0007149520959964029,0.0007164597494001371,-0.0057033896993347
2023-12-06,0.0011630124679571207,-0.00027188744096380644,0.0003669116347218166,0.0007357124506828202,0.00039851444789091174,0.0005512813213522055,0.010088332006325388
2023-12-07,0.0011505875386526667,-0.00024655833268076273,0.0005143710675117845,0.0007357124506828202,0.0005045267028405455,0.0006250058168046082,0.007385057457762978
2023-12-08,0.0007727389140096399,-0.0002790433752134791,0.0006957484302232148,0.0009106215607637307,0.0006084287871988973,0.0007341624364316812,-0.013011611551238795
2023-12-11,0.0009126450625625808,-0.00013770935093129516,0.0009855846075323366,0.0008907009478203114,0.0008410446141548739,0.0009016128486770665,0.007889059924423758
2023-12-12,0.00038471009347394627,-0.0005383300391481307,0.0008888248294880174,0.0010621419041104596,0.0006914864580767853,0.0006366327565134178,0.01655364943752831
2023-12-13,0.0004495408614349528,9.621139089329832e-05,0.0011503052572865299,0.001087078925086007,0.000957785808515762,0.0007682011780075261,0.0007573851514980623
2023-12-14,6.914162897861387e-05,5.06772378326345e-05,0.001163626698939163,0.001087078925086007,0.0009264164949661896,0.0005781352006641899,-0.002729461824262607
2023-12-15,0.001970474360405422,0.0018333936173617793,0.00289933410415228,0.001405856662120504,0.002563791797919621,0.001901965781186182,-0.008539721833880458
2023-12-18,-0.00014136146267859412,-6.096491949255701e-05,0.000889966548349815,0.0009556977690246442,0.0006893408278840926,0.000414494617190013,0.005345826994611223
2023-12-19,-1.585259360362644e-05,-0.00016761582079254653,0.0008012968117261554,0.0007883322869474506,0.0006119755581520217,0.00038617426159265713,-0.01077167583355024
2023-12-20,0.00039987556416156745,0.00018054506673598127,0.0007687522949676351,0.0007883322869474506,0.0006680088305449937,0.0005841811875206032,-0.0007702984717850965
2023-12-21,0.00040448494364477494,4.195394113913067e-05,0.0008461888411697899,0.0006607297661901968,0.0006964384036510277,0.00053255205224995,-0.005562973256163103
2023-12-22,0.0003496949638297197,-0.00020099880412080388,0.00017929103596716784,0.0005026561371820538,0.00017849171440447218,0.0002644239905569052,-0.0028448185158693826
2023-12-26,-9.373512748094036e-05,-0.00027312962459789326,-3.445904584372659e-05,0.0005026561371820538,-2.236562990053902e-05,-6.405530666049932e-05,0.0005177481070451799
2023-12-27,0.00011383263963363362,0.0002260896977147234,-0.00023089827845528587,0.0005026561371820538,-8.419207412894658e-05,0.00016994861577515185,0.002223909642169916
2023-12-28,-0.000278795061269543,-0.000205562918436114,-0.00018912798081741113,0.0005026561371820538,-0.00014118918318328842,-0.0001972990266767949,-0.005439027064505039
2023-12-29,-2.803888341529825e-05,-0.00011672826274484983,-0.0007708634440301714,-0.0001809909802642094,-0.0005762963760427694,-0.00014895371792065295,-0.03644273780987131
2024-01-02,0.001621426945874212,0.000855239409129407,-0.0008961894482446383,0.0001013338469667138,-0.0003748214023659303,0.00047826530149420787,-0.0075157523282191885
2024-01-03,0.0015853291800208983,0.0008039788762162534,0.0012834928759348167,0.0012298415457502668,0.001251783281777122,0.0012566564571835457,-0.012781387012276829
2024-01-04,0.002782809592517585,0.001851273332567762,0.005059761012637416,0.003602929511902634,0.004353926258869512,0.00319290363522173,-0.004021151929209284
2024-01-05,0.002667452665980274,0.002194957436060467,0.004383345270523168,0.004678314080188807,0.003995144192256428,0.0035253696864820166,0.023887305566656403
2024-01-08,0.0017320999739997445,0.0021126321703101494,-0.0006031853137840882,-0.00027697541462603825,-4.3945684463890283e-05,0.0007275707817913934,-0.0022659968895573077
2024-01-09,0.0007923178805452467,0.0017971455136171596,-0.0004044992241571167,0.0003452360065064147,2.4662422617367048e-05,0.0005687967611010124,0.005655352352216092
2024-01-10,0.00025251561455440414,0.001736832632041915,-0.0009125566143076503,7.183500551316644e-06,-0.00042033865615680286,0.0001298685123586467,-0.0032277243947313045
2024-01-11,0.0003464415170405424,0.0017875687970397667,-0.0019489379000364262,7.183500551316644e-06,-0.0011383806119352232,0.00017680078224829678,0.0017765499153709326
2024-01-12,0.0006786666119979682,0.0016303474618441264,-0.0016567684959515091,-0.0002658601167665481,-0.0009419370703045023,0.00020637298684511671,-0.012393546452136913
2024-01-16,0.0019378739243140464,0.00208967825882736,-0.0020330636233940945,-0.0002658601167665481,-0.001037302090365907,0.0008358552940751604,-0.005186989966402669
2024-01-17,0.0014751140435816756,0.0017582203081113643,-0.0012982319332468877,-0.0005564412749117731,-0.0006237651692400604,0.00045927567069427105,0.032051600316620535
2024-01-18,0.001046536350707144,0.0021309220780363443,-0.0015109977881141593,-0.0005564412749117731,-0.0007711601594505149,0.0002450584419367856,0.015413610822676331
2024-01-19,-0.0005711379809427688,0.0015540346497393436,8.269061483086452e-05,-0.000260573664673799,0.00016268549527504098,-8.883907426086674e-05,0.012089867514476113
2024-01-22,-0.0018465203232380797,0.0011743896058958867,0.00016946472418081672,-0.00016984930135173444,6.869976935942472e-05,-2.1588032344743648e-07,0.006631151678414191
2024-01-23,-0.0020892891891147163,0.0007645482098184635,0.00016378824194545477,-0.00016984930135173444,-5.324629057347843e-06,-3.090539666333796e-06,-0.0034899271839376974
2024-01-24,-0.001162257791969673,0.0011655695413210162,0.00020101332643242598,-0.00016984930135173444,0.00015389161805866682,1.558036307542214e-05,-0.0016982721757283275
2024-01-25,-0.00029980641177639543,0.00125209600580984,0.0004002032676588816,-0.00016984930135173444,0.0003852531210526736,0.00011532541425548508,-0.009053539683819223
2024-01-26,0.0003474266122467282,0.001113932335120657,0.00014485705604055582,-0.00016984930135173444,0.000249225452505883,0.0002461958158304204,-0.003592193623210181
2024-01-29,0.0011827302100065966,0.0012830602299754939,-5.67760982052864e-05,-0.0003032532604666542,0.00019300292953896948,0.000562936494496273,-0.019433539626183122
2024-01-30,0.0017430546875700649,0.0015359125758335373,-1.1312971397899713e-05,-0.0003032532604666542,0.0003066803256000272,0.0007622819568676409,-0.019547366789236943
2024-01-31,0.0018258881475868819,0.0018463779435814603,-0.0005747620413988492,-0.0005564412749117731,-6.936164678680368e-05,0.0006347238802904165,0.013252412093164903
2024-02-01,0.001958444775418622,0.002121944966547331,-0.0010426231631352257,-0.0005564412749117731,-0.00035590919129694254,0.000700956360624522,-0.0054198321833221486
2024-02-02,0.0023826245527251775,0.002505460314656812,-0.00038111414504279955,0.0018411826065780688,0.0003974142131480032,0.0021116963591282898,0.00979847825993172
2024-02-05,0.0013160380476597289,0.001374393974374108,-0.0009188128905143245,-0.00021534009023938005,-0.0003860205344747102,0.0005502308109578,0.008594779028270438
2024-02-06,0.0008692872195798522,0.0006623127669473925,-0.0005197838492846223,-0.00021534009023938005,-0.00022789712070294955,0.00022345911298985897,0.000580843521890342
2024-02-07,0.0013467878662902185,0.0007606480518137534,-0.00042530515939138936,-0.00011510868840457504,-9.671631324746123e-05,0.00032282201226437,-0.0057713410809924455
2024-02-08,0.0014925623547006367,0.0003072174429564825,0.0001847966681059618,0.0007876615123515386,0.00037180557581304526,0.0005475794184935431,0.004085680393254057
2024-02-09,0.0018598182512749827,0.0003677485707666119,0.00026657586933553424,0.0008594835954317093,0.0004769549935954904,0.0006137919783138046,-0.009042728607479393
2024-02-12,0.0021712890291155596,0.0002675195282096049,0.00023762294110782936,0.0007876615123515386,0.0004679562666287172,0.0005278321824728932,-0.011338409985954496
2024-02-13,0.00247317553262564,0.0005683052579532023,1.4657889779142342e-05,0.0007876615123515386,0.00037326660701032837,0.0006780305008033177,-0.0048213817403131645
2024-02-14,0.0017803402246962103,0.0004759909408500512,-0.00026528950102407795,0.0005786370001997154,8.239736110456411e-05,0.0005273254557624202,-0.0015759510925203194
2024-02-15,0.002022872858281768,0.0010442919635111252,-0.0006420094626517759,0.0005786370001997154,-9.5634657042638e-05,0.0008114508443105386,-0.008466113423310924
2024-02-16,0.0015315046403267915,0.0009349690880514723,-0.0002452882231189768,0.0011986455088156818,0.00017848232758204367,0.0010667301609600878,-0.00412235711594915
2024-02-20,0.001776646051896953,0.0012746439365491637,8.082365524814037e-05,0.0010156997789066142,0.00045576277598903455,0.0011451358645272048,0.004177351867075589
2024-02-21,0.0014767040056276977,0.0009513101101239394,-0.0005748731010835995,0.0004266153254818347,-0.0001227139557147906,0.0006889132796107515,0.01118102167138643
2024-02-22,0.0014893906934653116,0.0010096599504454543,-0.00034194105841799945,0.0005786370001997154,6.26750232903403e-05,0.0007941002767208977,-0.010084785130198545
2024-02-23,0.0012264214774528191,0.0006175160378164397,-0.00039803451096828165,0.0004266153254818347,-5.9626571610249925e-05,0.0005220513927496707,-0.007479045697706138
2024-02-26,0.0015051569228989067,0.00048450490537832827,-0.0008142377473978594,0.0004266153254818347,-0.000343193784858634,0.0004555577086483778,0.008081615049408526
2024-02-27,0.0016260970314987025,0.0005483184240680594,-0.000348266330100779,0.000635639837633658,2.2481517952032857e-05,0.0005919811891157826,-0.006647472396278508
2024-02-28,0.001391246288768444,0.0004427228428219821,-0.00026064933310591194,0.000635639837633658,5.0292118788170285e-05,0.0005391846728952667,-0.0036999441158057232
2024-02-29,0.0034406558056670634,0.0026189036792392444,0.001671222704884153,0.0010415223611106893,0.0018929524704101245,0.0021450859653061294,-0.006048725682826138
2024-03-01,0.0018455551310237943,0.001152712435309173,-0.001243131893339315,0.00015157181978055353,-0.0005605749765125005,0.0006520842280626578,-0.025708963371207785
2024-03-04,0.0024147808929416382,0.0016559036273746113,0.009923145109012954,0.006635110617620467,0.007990328532069286,0.0045250559619459145,-0.02885312874193839
2024-03-05,0.0036143757851306644,0.0026676106150743265,0.013436426846232655,0.008571569305377872,0.01086589805829901,0.0060930986575716,-0.005895638573131165
2024-03-06,0.003592499456715914,0.0027150056082764036,0.012051619184819092,0.008571569305377872,0.009890333170961097,0.006082136493992713,-0.0007096838495934531
2024-03-07,0.004091657257043213,0.0032270015541898027,0.012978741471241294,0.008571569305377872,0.010651522566214268,0.006331738990380898,0.010184695726507905
2024-03-08,0.0030698724989618622,0.0027002584466814497,0.007512896432892443,0.007461947183200629,0.006537776895290233,0.00526587818662871,0.01176205002898626
2024-03-11,0.001984297551483185,0.0021428944885500895,0.001550369377774617,0.003211396236865748,0.0017991052115020406,0.0020636347685215333,0.002774600957298003
2024-03-12,0.0016385948418474825,0.0018922644158512205,0.0013484174309916315,0.001285671617304728,0.0014330547106581628,0.0014936151419271324,-0.012196528924675763
2024-03-13,0.0016967277335943874,0.0017106141302020393,0.00432069879750226,0.004581112341690344,0.003796072233336819,0.003015697194591028,0.010867971071566708
2024-03-14,0.0022236537437281545,0.0019842599125168415,-0.00031062477708648106,0.0009471490973324015,0.0002969694185375457,0.0014655727407007248,-0.0021988908661735224
2024-03-15,0.003401283656960711,0.0027653153827093815,0.002897148052615696,0.0029236760322278663,0.0029312373520898392,0.0029104443162057915,0.006352178165252417
2024-03-18,0.002135400688286772,0.0015863066915495264,0.0011858045475284331,0.0010384708282193985,0.0013083541375611004,0.00138616425451746,0.013493708660077812
2024-03-19,0.0010185619921348772,0.0010503053113182425,0.0014678436049886808,0.0010384708282193985,0.0013415253546102894,0.001044494288877073,0.014601873276082065
2024-03-20,0.00018782674099225777,0.0008246727977844359,0.0011513753612785657,0.0003290708297250832,0.0009544545228216344,0.0005769387667227924,-0.04171544480556542
2024-03-21,0.0010301805858200625,0.001343093227086456,0.0014322975493371336,0.0008022543637451155,0.0013314219357306533,0.0011865614925052718,0.005296055496525127
2024-03-22,0.0005620332275821288,0.0006635515479099843,0.0011151211584860866,0.0008022543637451155,0.0009849807700326133,0.0007329900198810976,-0.008334988183388212
2024-03-25,0.0006642686024647331,0.00037367061045851565,0.001481048032530908,0.0009043135424232375,0.001228328682398913,0.0007843399363369216,-0.006694887041648424
2024-03-26,0.0011258065840045362,0.000409085151841794,0.0010368082834843176,0.0011405300068975204,0.000981344451528699,0.001081063754018626,0.020990727569241585
2024-03-27,0.000639250035150352,0.00016360629393321377,0.0015426193824105792,0.0008022543637451155,0.0012366692063796394,0.0007207733521383539,-0.01061523497268452
2024-03-28,0.0007278280277795399,6.106623111316824e-05,0.0014658937424263596,0.0003290708297250832,0.0011390398096465207,0.000528530557166346,-0.008491695134131847
2024-04-01,0.0004383132765900865,-0.00045417563533899617,0.001284919757561643,0.0003290708297250832,0.0009245481445908632,0.0003836942413422866,-0.007023432162592594
2024-04-02,0.0009368615846036186,-0.00022445558691448384,0.0013168770300781474,0.0009043135424232375,0.0010686410248557275,0.0009205737640416242,0.004785908657973759
2024-04-03,0.0012538695656247713,-0.000177311085991918,0.0012932531992612727,0.0008022543637451155,0.001078404569387015,0.0010278435345415456,-0.004904229345221808
2024-04-04,0.0018820506767230566,-0.00015601639172307133,0.0012824434201300441,0.0009043135424232375,0.0011404795257387316,0.0010933414165577705,0.004491526367188642
2024-04-05,0.0013741778363591376,-0.00038066172354982,0.0013084841252846771,0.0008022543637451155,0.0010769208498292075,0.001055161346767109,-0.006685763921665855
2024-04-08,0.0011708960297421185,-0.0005293796875600411,0.0008024653742008335,0.00016477649244460652,0.0006293837578386088,0.00048356723944004365,0.007216389483433657
2024-04-09,0.001093233885621461,-0.0003510476812021223,0.0007201407861458864,0.00016477649244460652,0.0005845285547310759,0.00044243099230932586,-0.01120178370238854
2024-04-10,0.0011761846547227355,-0.00010325466716312487,0.0006886652637222636,0.00016477649244460652,0.0005986448183954078,0.00042677177590538936,0.042360984270124726
2024-04-11,0.0013492840294430626,0.00033027748484338335,0.000672797467625914,0.000640754330302749,0.0006937200448161111,0.0006567891087447791,0.00858957816758484
2024-04-12,0.0011789362844998304,0.0003822737603249612,0.0019505070290188838,0.0015623360202343577,0.0016646469053732446,0.0013705819388467972,-0.022106034329289998
2024-04-15,0.0007875086411436361,-0.0002939016037207873,0.0007997074358657623,0.000640754330302749,0.0006588778016174202,0.000713863692625319,-0.019353305409120117
2024-04-16,0.0012252271282017825,-0.00030158808839210493,0.0004646298379883084,0.000640754330302749,0.00046198639686996913,0.0005526795196381572,-0.008180764079140665
2024-04-17,0.0013025108041116432,-0.0006681647942380606,0.0005279890393847259,0.000640754330302749,0.00047165580152765514,0.0005843556811754634,-0.005730868756968561
2024-04-18,0.0012664226589727625,-0.0008920439359630391,0.0004928843307313447,0.000640754330302749,0.0004176092303148538,0.0005667935565404459,-0.012287635086528177
2024-04-19,0.0022890525907486134,0.00012030196660673634,-0.0006207743276126845,0.0004972382932991905,-0.00016933522015883068,0.0003088170937318998,0.005077853242118067
2024-04-22,0.0016100004720633275,-0.0001227763208163172,-0.0010461648710022242,-0.00039048214734555735,-0.0006362627862846694,-0.00025658536957860756,0.006371392239628354
2024-04-23,0.001264173424543721,-6.961031370894262e-06,-0.0008771119406643537,-0.00039048214734555735,-0.0005356718237377973,-0.0001986586394752321,0.01262227872972245
2024-04-24,0.0003109576921240145,-0.00011688472719310233,-1.1964180807103706e-05,0.0005831053878934037,5.615006463950081e-05,0.00014957517161188073,0.005134175226577702
2024-04-25,0.0005716583245910034,-0.00022209329922125685,0.0007421649743380654,0.000640754330302749,0.0006063324719290201,0.0006061122143285262,-0.0034789227811460937
2024-04-26,0.0011524898965009516,-0.00045528951237631444,0.0007441041184110928,0.000640754330302749,0.0006350157077386694,0.0006923975629610859,0.024505255915257932
2024-04-29,0.0014541148645916139,-0.0002129523978790397,0.0009399430270497545,0.0008661932430408305,0.0008485960026067024,0.0009030516304996437,-0.01843988911603386
2024-04-30,0.001325624472634159,-0.0004921031967507621,0.0005236763183215049,0.000640754330302749,0.0004911012247002391,0.0005822037979384605,-0.0060653667992241304
2024-05-01,0.001069933607777017,-0.0008607238634690085,0.0005285959054986112,0.000640754330302749,0.00042812201499329693,0.0005846389903917734,0.021792749175453582
2024-05-02,0.0016179381088621391,7.188161866671073e-05,0.0011579712946416876,0.000640754330302749,0.0010319615473741084,0.000899345077599681,0.0580955236726524
2024-05-03,0.0012286952282428455,0.0011551389210915368,0.0004815991991922593,0.0011465297636466532,0.0006851224004258032,0.0011508057421872379,-0.009148512164605428
2024-05-06,-0.000870774913115917,-0.00033826293928405904,-0.0008457638841395902,0.0008790747763580062,-0.0006443419418991165,-0.0005917742327121099,0.003790040725596495
2024-05-07,-0.0006152176719401554,-8.291265306415048e-05,-0.0005596183510808645,0.0008790747763580062,-0.0003886884638544687,-0.0003210621434525307,0.0018623400743853925
2024-05-08,-0.0005260516365585498,-0.00033916603536850284,-0.0003532426896216707,0.0010221063784595248,-0.00025202483169140807,-0.0003461855469761502,0.009964396749023288
2024-05-09,0.0005645859684070211,0.00029634030172984605,2.4155881736237485e-05,0.0010221063784595248,0.0001900423704464752,0.0004305036650106052,-0.006914127810283578
2024-05-10,0.0015615483296388438,0.0007783213356317168,0.0005204952702605865,0.0011860105999250048,0.0007035059119023229,0.00098219808726695,0.017491644213420997
2024-05-13,0.0028683220084493918,0.001620940360518526,-8.195210278804643e-06,0.0011860105999250048,0.0005491176624023516,0.0014034779154728472,0.006154528628585486
2024-05-14,0.0026739440709673133,0.0016934331381837893,-2.5085164897643108e-05,0.0011860105999250048,0.0005273962907844563,0.001439708239409993,0.01214388051911052
2024-05-15,0.0026635715419809727,0.00240509331785686,0.0002616090663710613,0.0011860105999250048,0.0008113060425910517,0.0017954536460388095,0.0006323131526960732
2024-05-16,0.0023440066915310248,0.002343295040339982,0.00029366746306215975,0.0011860105999250048,0.0007969860203620434,0.0017644744911382959,0.00015805590559578368
2024-05-17,0.0031622425490554613,0.0021438951998317642,0.0006648860637232494,0.0011860105999250048,0.0011128091338010859,0.0016650097276711513,0.006143180209748109
2024-05-20,0.0035977651448128385,0.002129313703071106,0.0006409127236639798,0.0011860105999250048,0.0011348527993962692,0.0016577437319781703,0.0068338319086096826
2024-05-21,0.003757134415729381,0.0020448578332156672,0.0006410383826268378,0.0011860105999250048,0.001140071148382591,0.001615525203451095,-0.007566906763814336
2024-05-22,0.0037751076432890134,0.001774403506026985,0.0006035684727310875,0.0011860105999250048,0.0010840220228693885,0.001480291346553195,-0.02128309262327773
2024-05-23,0.004437986052680178,0.0018165810726136758,0.0006920281571888169,0.0011860105999250048,0.0012133405998709166,0.0015014089990946927,0.01645209777636328
2024-05-24,0.00333835275359238,0.0011506373211286228,0.0005969003048338269,0.0011860105999250048,0.0009664701833974802,0.0011683357363864444,5.270304150165048e-05
2024-05-28,0.0033554773464915945,0.0012861649020785067,0.000831816522273788,0.0011860105999250048,0.001149798432065345,0.0012361351639004936,0.0015777092204099473
2024-05-29,0.002590902614620298,0.0007895749748733229,0.0006195492993029551,0.0008877671929384378,0.0008458733680508505,0.000838759291421104,0.005241418831748354
2024-05-30,0.0014358280906495908,-0.00016395779929139506,0.00010861665541679902,0.0007447355908369192,0.0002546168990268667,0.0004267543793538312,0.005006021675533584
2024-05-31,0.0009661502073801129,-0.0003948070067816134,0.0004001181085698881,0.0007447355908369192,0.0003901655478458521,0.0005723275130787877,0.009216072810221482
2024-06-03,0.00048149612474258745,-0.0006365322983738953,0.0007224033490457259,0.0009633833295552782,0.0005632205663011046,0.0006018522813419336,0.0016479284475213966
2024-06-04,0.0004943245801589075,-0.00064573126579469,0.0011105402289454378,0.0009785110350602304,0.0008390242419845998,0.0007362505559684502,0.007790513234313717
2024-06-05,0.0007482479799178463,-0.0005221834582637865,0.0011787330029625182,0.0009785110350602304,0.0009252188932892148,0.0008632638988963005,-0.007121851688091251
2024-06-06,0.0003321871778459532,-0.0010346348820694587,0.001094545156785936,0.0009785110350602304,0.0007676540723310394,0.0006551630804736781,0.01231589016026176
2024-06-07,-7.43716095671454e-06,-0.0006862387561561045,0.0009034654258191703,0.0009785110350602304,0.0006410906742682178,0.00044787406776389705,-0.01933350994190553
2024-06-10,0.0006458253053788899,-9.530914727065131e-05,0.001784053171523102,0.002105542990161976,0.0014877284554707432,0.0012148726724281148,0.07013147792191343
2024-06-11,0.0006618945502147071,0.0012997359752375767,0.0010603580484464666,0.0011737801463511139,0.0010603362302826467,0.0011169921920333586,0.028177686758104354
2024-06-12,-0.0003450593158808528,0.0016306373890424353,0.0004004410185353854,0.0006809002603450985,0.0004965054268647219,0.000540683667012715,0.005476039901613616
2024-06-13,-0.0022032965265662294,0.00017836192648445581,-0.0016180582277772282,-8.243304188623113e-05,-0.001336007098293416,-0.0008502996151834401,-0.008201965434730512
2024-06-14,-0.0017831926645336285,0.0001473771189644523,-0.0026215846401666776,-0.00048070770122677703,-0.0020433111808501265,-0.001131974571748291,0.019480539472972142
2024-06-17,-0.0005943359653276531,0.0010478582125976817,-0.0034977175059081834,-0.00048070770122677703,-0.002447655089425753,-0.0005375300630487603,-0.011045277006011418
2024-06-18,0.0001288494289025786,0.0011420558281148956,-0.002887902296697387,-0.00048070770122677703,-0.001938121014123407,-0.0001759799431479594,-0.02174761014444757
2024-06-20,0.0015049702625679123,0.0015164654349102023,-0.0027591304674495828,-0.0007268736815256663,-0.001696030242277036,0.00038885838315027687,-0.010499406953092897
2024-06-21,0.004541409866337354,0.0041991180170749196,-0.0015980529926040005,0.0003026710830875647,-0.00019512398121409214,0.0022507919777277697,0.0031277321993305462
2024-06-24,0.0012671792711830571,0.001405248991609447,-0.002282240694699226,-0.0007268736815256663,-0.001393945338698494,0.00027000364902704044,0.004458243611517874
2024-06-25,-0.0004567992251918626,0.001169719443362343,-0.0021291759711483554,-0.0007268736815256663,-0.0014739520085097083,-0.000591831258794038,0.01979607108885593
2024-06-26,-0.0008700278605360776,0.0010622931990459331,-0.0018527614745108207,-0.0007268736815256663,-0.0013295413400289725,-0.0007984366376120355,0.003978080263363169
2024-06-27,-0.0008919527841181764,0.0005897325436229115,-0.0023353867845020294,-0.0007268736815256663,-0.0017273652295112414,-0.0008094155766184517,-0.016387825497209244
2024-06-28,0.00014658099335312436,0.0006356870301547415,-0.0020124235239066543,-0.0007637611963238311,-0.0013998464399851498,-0.000308668280384555,0.028689126908457506
2024-07-01,-0.0007646865052793346,-0.00016163482049673546,-0.002647193892228547,-0.0015741876626587247,-0.0020939965374373046,-0.0011694848401172311,0.016109451442078704
2024-07-02,-0.0007826518107011878,-0.0005196459670991259,-0.003387249713462484,-0.0015741876626587247,-0.0026602114833652077,-0.0011785714215115726,0.005794294051833943
2024-07-03,-0.0008784403863903702,-0.0006300916839725193,0.00016760298177806595,0.0008915046653103639,3.868529358336056e-05,-0.0002311565359047875,0.021389932573596806
2024-07-05,-0.0011649095702072135,-0.0003484610159342512,-0.00029149451402818926,0.0008915046653103639,-0.00028010159929624,-0.00031997264808693245,0.006517591527992053
2024-07-08,-0.0020150444447092496,-0.0005817725536898876,-0.00038984862780271534,0.0008915046653103639,-0.0004559805374020314,-0.0004858138639279548,0.0037677243736156936
2024-07-09,-0.0025765229968995086,-0.0007815362692818912,-0.0013451093462974574,0.0005642434320801299,-0.0012343573911700767,-0.0010633172515376803,0.01862897754736954
2024-07-10,-0.0033737574638228684,-0.0009403226936867646,-0.00126303269365312,0.0006740657105917047,-0.0012598902411660585,-0.0011016869190744359,-0.023494654134823476
2024-07-11,-0.002617438560015713,-0.000707446759480687,6.818082810476692e-05,0.0010013269438219387,-0.00019371006668927594,-0.00031968370416841484,0.012966437311274804
2024-07-12,-0.00209230393247433,-0.00035523287710641953,-0.0001152759057634224,0.0010013269438219387,-0.00023367863904607156,-0.00023526948414867197,0.01660470124116281
2024-07-15,-0.002163165664721232,0.0003066326345070172,-0.0011539316464152314,0.0010013269438219387,-0.0008981318460979324,-0.00042368110403533365,0.0017902760634318736
2024-07-16,-0.002210719435054773,0.00037777643858407696,-8.42743334620513e-05,0.0010013269438219387,-0.00013815682161955013,0.00014667812273196003,-0.025621488494561848
2024-07-17,-0.001004705287516137,0.0008344006104630829,-0.0040168048836143585,-0.0019115141963399578,-0.0029980060610128247,-0.0014581184146331555,-0.02074858662227469
2024-07-18,6.599098105169001e-05,0.0011536028264505782,-0.004367366790382014,-0.0026273205556891846,-0.0031692032206392033,-0.001280703897001214,0.000579713426434432
2024-07-19,0.00029982897273576664,0.0009312684946529045,-0.003570070476013597,-0.002007426458406061,-0.0025572295276885563,-0.000853870873817269,-0.0015615068719245476
2024-07-22,0.00034029362742355937,0.000862721851834069,-0.002594931675391696,-0.002007426458406061,-0.0018719888835238905,-0.0008335740252906714,0.004677360770454165
2024-07-23,-0.00045979814964432653,0.00030709958030611785,-0.002608151886907985,-0.0018434895042675765,-0.002006441192120629,-0.0011516435801973797,-0.029175810094056384
2024-07-24,0.00025274138578997485,0.0003634316509607923,-0.005705573554814298,-0.0029013082161225426,-0.004212135034487477,-0.00132445775235912,-0.004816100408648301
2024-07-25,-0.00037706462968760195,1.5075933026099009e-05,-0.0045503909933298356,-0.0029013082161225426,-0.003494530757537746,-0.001639289450244525,0.0021586349174637118
2024-07-26,-0.0009741763817825902,-0.0002841471498687425,-0.003940515778301342,-0.0018334653118255476,-0.003063849659420569,-0.0014039048625177314,0.0012838420793781532
2024-07-29,-0.0015629658261424625,-0.0008265793323293493,-0.004736972023223938,-0.0018334653118255476,-0.0037445507890003643,-0.0016982661438609172,0.0025626799897949426
2024-07-30,-0.0014893815987566121,-0.0008174496131729247,-0.0028717795744419967,-0.0012441527635212969,-0.0023684287504652838,-0.0013668289763037146,0.01487960387187996
2024-07-31,-0.0020796572800563895,-0.0007698157695512838,-0.0033786550482476957,-0.0018640468608044204,-0.002828556260409412,-0.0019718581389574423,-0.0168925800097172
2024-08-01,-0.00211493118854911,-0.0005659875243846817,-0.004355972042466344,-0.002478588599869307,-0.003550938471816906,-0.0022967675642601485,0.006845853573222129
2024-08-02,-0.001504433927671885,0.0004749869422664829,-0.0013514683592584932,-0.0004186116208728227,-0.0010762968709608454,-0.0008849075985843897,-0.04936566237644779
2024-08-05,-0.0011634642777540493,0.00018627811465715314,-0.0006605910049166063,-0.0011291884996061346,-0.0006491725587842287,-0.0008946776619415796,-0.009796025390799098
2024-08-06,-0.0014443866309546667,-0.0005855855831964848,-0.0012519638114593412,-0.002152480344108007,-0.001268742548835862,-0.0013481781547567166,0.012420829886868075
2024-08-07,-0.0022871593981521896,-0.0005084746466681117,-0.0017015948746792581,-0.002340257570705674,-0.0016722169547160573,-0.0019941638517629204,0.01649637745004826
2024-08-08,-0.003929931758578008,-0.0007554825552353978,-0.001678026493255167,-0.002340257570705674,-0.0018375131244835628,-0.0020091797300958707,0.01364251790129967
2024-08-09,-0.0052452659479165775,-0.0009686413721929088,-0.0018737380737755588,-0.002340257570705674,-0.0021233392716615285,-0.0021070552658745117,0.007104604949250217
2024-08-12,-0.006193260588187423,-0.0013802869219860308,-0.002256811389612042,-0.0022569160202161515,-0.002523226533857539,-0.0022568641704992917,0.017046877216997356
2024-08-13,-0.006792294639659374,-0.00178369959267695,-0.0019834065180267283,-0.0017623170663045376,-0.0023908651658751745,-0.0018838357818453133,0.0020316882446879334
2024-08-14,-0.006288650365455809,-0.0020197102601735017,-0.004629415083855552,-0.0016201757110718001,-0.004229733698900308,-0.0033246641378125493,0.013439841891571077
2024-08-15,-0.0057412235842636255,-0.0017991429480094642,-0.0038546591566609723,-0.0015373591627860432,-0.003598444318766031,-0.002827042089757607,0.0059010671300012175
2024-08-16,-0.0047850563855577405,-0.0017029329484129342,-0.0031202598291946233,-0.0015373591627860432,-0.0029788430122264157,-0.0024117610191110544,-0.0007080766952773161
2024-08-19,-0.0048723453407704094,-0.0014902771900429455,-0.0027778712546804767,-0.0014043265735936502,-0.0027091856536324713,-0.0021342817392451738,0.002740932881484461
2024-08-20,-0.005253494949821738,-0.0013449282822405116,-0.0030089831304415714,-0.0014043265735936502,-0.0028913807549058317,-0.002206863814556335,-0.00048580657710012396
2024-08-21,-0.004949803923241004,-0.0007525840565847576,-0.0031549524983428712,-0.0014043265735936502,-0.002897793619538318,-0.002279724117895722,-0.00829393727625344
2024-08-22,-0.004237521390997311,-0.0002679172553117172,-0.0021133852660180034,-0.0001606546926017467,-0.0019342971924604338,-0.0011908365935967102,0.010235546895234784
2024-08-23,-0.003968425116349026,-0.00014771846542463983,0.0004109825623091833,0.0011809808496378513,2.226368500124324e-06,0.00013154702569362307,0.0014977110217189056
2024-08-26,-0.0037486745508621532,-0.00012339012846450674,0.0009295298436445555,0.0011809808496378513,0.00039214943855957836,0.00040287366503235264,0.0037345266541774485
2024-08-27,-0.0028531352307875537,0.00024223763785690615,0.0007878815346980176,0.0011809808496378513,0.00041788105893080207,0.0005149274338115241,-0.006776351633834053
2024-08-28,-0.0019638238177852657,0.0004836019823145673,0.0006570810093740471,0.0011809808496378513,0.000436347138349916,0.0005702915243909596,0.01446506377263764
2024-08-29,-9.719138994190672e-05,0.0010736749686743761,0.001090855878814857,0.001005792606482948,0.0009707551287532361,0.001039496968869009,-0.0034438619759409256
2024-08-30,0.0008206945372055929,0.0013638970297710279,0.0009188129998888167,0.001005792606482948,0.0009683766796147603,0.0009623859676806866,-0.027582178524702215
2024-09-03,0.00118072865059584,0.001017762128044449,0.0001841622793147643,0.0008615385307460988,0.00043051959039927545,0.0009395589307870187,-0.008656056477639121
2024-09-04,0.000976342879566174,0.00033855563726369715,-6.778660531517483e-05,0.00019379148960562646,9.86752635037004e-05,0.0002662234681886066,0.006903831489813704
2024-09-05,0.00023714006119739779,-0.00036188801833525106,-0.00040574044236923985,5.3625523009700946e-05,-0.0003019788099003348,-0.00015404364279671752,-0.007039626721892546
2024-09-06,-4.018530961011509e-05,-0.0003520309663409799,-0.002091200540807236,5.3625523009700946e-05,-0.0015182848595487093,-0.00019630864388583922,0.00040739961216601744
2024-09-09,0.00017611198576643306,-1.2029297050346983e-06,-0.0024156890528362874,-0.0003272604179564707,-0.001719011052227327,-0.00016439135213904699,-0.003627911326816567
2024-09-10,-0.000584157277348791,-0.000660990911242475,-0.0015482816421351331,0.00010541709354293433,-0.0012165981658735041,-0.0006225795965750376,0.0115184674717428
2024-09-11,-0.0010316003861886676,-0.0009684866620043076,-0.0010622354010267562,5.3625523009700946e-05,-0.0009546495718573764,-0.0009998532951996828,0.0004938959526257127
2024-09-12,-0.0014918062942141951,-0.0012324840621480001,-0.0004238569280451198,5.3625523009700946e-05,-0.0005768187251620277,-0.0008281213893425506,-0.001212688308036617
2024-09-13,-0.0009876509050889548,-0.0011513602159841626,-0.0005738538037735843,5.3625523009700946e-05,-0.0006264037236760805,-0.0007806417585437993,-0.028168304513275635
2024-09-16,0.00067916202570157,-0.0003905089873875413,-0.0010346494352716585,-2.8920200193056205e-05,-0.0007155576814888786,-0.0002097080702177791,0.00217026002489774
2024-09-17,0.0005233516273329065,-0.0004229066171265893,-0.00023315355369971224,2.2871370340177177e-05,-0.00016287250014442451,-0.0001050645385508019,0.01782992162772445
2024-09-18,0.00016087753604305318,-9.448846040881599e-05,-0.0006168491962875745,5.3625523009700946e-05,-0.00042746028844754965,-2.0544211419176872e-05,0.03639514091948372
2024-09-19,-0.001028759933434189,-0.0003679398137579423,-0.0024164589078488714,-9.284006597128505e-05,-0.0018547184846945675,-0.0006984789774399932,-0.002931739943646299
2024-09-20,0.003655198543473792,0.004770646764665784,-0.0010594869936998337,0.0010274222131325243,0.00022984818964850344,0.0023412576026375334,-0.007609931573439083
2024-09-23,-0.0023544755857005002,-0.001265032645600617,-0.0016063665160550092,2.5904300627684155e-05,-0.0014994608779272448,-0.0014356695162224666,0.003966169155698654
2024-09-24,-0.0024948673839339827,-0.001452674602309979,0.00011032511154874963,0.0008449894021791716,-0.00025169958907886867,-0.0006712042656574276,-0.004407812440849207
2024-09-25,-0.001979112252888133,-0.0014430243014570596,0.0009884011954050585,0.0008449894021791716,0.0004183441740788444,-0.000299075599622035,0.005067325209960504
2024-09-26,-0.0016252771116679883,-0.0014402999343660267,0.001091081766542318,0.0008449894021791716,0.0005242960101157325,-0.00029764499013447415,0.0011859474393447179
2024-09-27,-0.0012053919015454603,-0.00131045261720888,0.0009506871269342639,0.0008402543568880233,0.00047885814096730405,-0.00018256764479696386,0.02261438593525238
2024-09-30,-0.0014700536334910671,-0.0007551094739708909,0.0007773584681952106,0.0008402543568880233,0.00039574808240725584,1.1006365462388795e-05,-0.029574666397851283
2024-10-01,-0.0016539616121286032,-0.0007279439553800654,0.00029369735196647516,0.0007433437021389787,3.162842319666528e-05,-0.00021718436453343833,0.0025165802328990963
2024-10-02,-0.00222262125380405,-0.0012215800024735928,0.00046158926853977504,0.0007433437021389787,4.019367674814152e-05,-0.0003800865520388486,-0.004906682845954342
2024-10-03,-0.0013191801691001654,-0.0010828194190112364,0.0005259332274155788,0.0007433437021389787,0.00018608665509750415,-0.00027844711884388983,0.004994880932335283
2024-10-04,-0.0008363176737513578,-0.0009679740163046537,0.00014364879751473043,0.0004822342932753658,-4.778039023359542e-05,-0.0003462762505071801,-0.022788594353652342
2024-10-07,-0.0003214232738489466,-0.0008734468737771517,-6.668165410655807e-05,0.00036700793050668253,-0.00014716334472824057,-0.00019406889800236584,0.018236793853760407
2024-10-08,-0.0006045487159810939,-0.0010619938014472842,-0.00017989661734856281,0.00034116386878533996,-0.0002775962599597363,-0.0003922121054451361,0.016560514759523887
2024-10-09,-0.0010874593916102696,-0.0010814612945981485,0.00032413900852093855,0.0006341613932556943,5.6038544194585724e-05,-0.0003785804688847935,-0.0021806427982555623
2024-10-10,-0.0012475108730395311,-0.001168451795854938,0.0005846512014885272,0.0007752318177457202,0.000227083706365562,-0.0002918746804474909,-0.006526652803847134
2024-10-11,-0.0009164976378040927,-0.0010316575537394094,0.00030310990041754383,0.0004822342932753658,5.0107263649006354e-05,-0.0003066750201967585,0.016345554589088766
2024-10-14,-0.0006609856505245165,-0.0012073159298145743,0.0008479176294604373,0.0008402543568880233,0.0004689625502829584,8.95192435821621e-05,0.010964327826690986
2024-10-15,-0.0009546310138811323,-0.0011427125818886026,0.0007942395639433227,0.0008402543568880233,0.0004110512588277699,-8.022935977671303e-05,-0.00889126420660312
2024-10-16,-0.0017007418548378064,-0.0019998434213795817,0.0009530106031540624,0.0008402543568880233,0.0003546106328532921,-0.0004302729813814389,0.0015950639797129111
2024-10-17,-0.0013882509332942355,-0.0017656867934949883,0.0009332468181511443,0.0008402543568880233,0.0003968695800729417,-0.0002740462127128656,0.01220177212377261
2024-10-18,-0.0005327506759422637,-0.0008793774608980892,0.0005450055174920205,0.0008402543568880233,0.00030467187174243324,6.115912064675905e-06,0.006278170604951655
2024-10-21,-0.0012447194257745714,-0.000886315866800827,0.0005810055976108733,0.0008402543568880233,0.00026282607867667067,-0.00015267479042766358,-0.002625223368369319
2024-10-22,-0.001067783257726542,-0.0006347378468492878,0.0005685775393841889,0.0008402543568880233,0.0002996230415774081,-3.3112984060717425e-05,-0.021860225168375123
2024-10-23,-0.00012528443822398436,-0.0003692662695436739,3.0219589999139693e-05,0.0004822342932753658,7.590164667817708e-06,-4.7492446802493955e-05,-0.0008236062730139384
2024-10-24,-0.0002896554911235523,-0.0008120960106480929,0.00012762231548188292,0.0004822342932753658,9.949845953496729e-06,-8.104863348707125e-05,0.003636435773139959
2024-10-25,-2.7949384722967337e-05,-0.0002775422756682021,-8.146577802567651e-05,0.0006551234879580129,-3.7133140616307984e-05,-5.466830294364871e-05,0.00856267527365526
2024-10-28,2.803729608927654e-05,-0.00022169545799588465,0.00010017969017167902,0.0008761492756084601,0.00012155998374871735,6.414696034045041e-05,0.001156152840737251
2024-10-29,0.00028827924103817305,-0.00010426474769701397,7.183339275105144e-05,0.0008761492756084601,0.00013938948868126886,0.00018014535981003725,-0.015395885133909545
2024-10-30,0.0007789843568765826,0.00022018576112677957,-0.0005301887345661966,0.0006551234879580129,-0.00022150674929583995,0.000437510513306975,-0.018377252738856164
2024-10-31,0.0016365587885812391,0.0007742734358345007,-0.0008627856348303506,0.0005232157037173362,-0.00032364485684317247,0.0006487245362514335,-0.013368639266068563
2024-11-01,0.0023632194223428015,0.0009684122891660682,-0.0012566828996373664,0.00036988357487606786,-0.000524724200103994,0.0006691387993098157,-0.0040456856205795515
2024-11-04,0.0021406109722623833,0.0004963340953873958,-0.00039270337376407047,0.0002578475212141575,1.3254848596222241e-06,0.00037713030851773945,0.006465277482363723
2024-11-05,0.0017190515254421291,0.00017568428224182134,-0.00028071873569592026,0.0005075057964604538,2.509375957075895e-05,0.0003416564469309963,-0.003272283299564157
2024-11-06,0.001984769586083922,0.0010694165909244692,-0.0008031671948156783,0.0005075057964604538,-0.00021620803657983341,0.0007884369646525617,0.021146925153982407
2024-11-07,0.0005184366903445984,0.0005304807054711721,-0.0002101618205830748,0.0005075057964604538,3.822020439054344e-06,0.000512826908065057,-0.0011889106154221152
2024-11-08,-0.00012595276340161647,0.00034875391729811305,-0.0005655190123047394,0.0006608379253017221,-0.0003156700333865553,0.00011137133415790404,-0.012101494233944446
2024-11-11,0.00035822490406801487,0.0003971212886099278,-0.0006500996567250331,0.0005635588311355683,-0.0003328437799720237,0.0003776310451818965,0.0
2024-11-12,0.0010537893348059506,0.00046769986706444186,-0.0008251336462901093,0.0005635588311355683,-0.00038347010839893876,0.0005156038299641819,0.003961283872803023
2024-11-13,0.0013738862650765115,0.0006682977233229952,-0.0010189177802870314,0.0005578443937918591,-0.0004678822433818843,0.000613052382097079,0.01367651789709803
2024-11-14,0.0006316866846401904,0.0004453274908570126,-0.00038221693972237533,0.0005578443937918591,-0.000112835645514465,0.0005014372141400289,-0.014209730591478287
2024-11-15,0.0003183096806312723,0.00046141509161007354,-0.0005896578904333788,0.0005578443937918591,-0.0002868968518388324,0.000389720433068425,0.013332985939628984
2024-11-18,-0.0005823686376619912,0.0001307370162910729,-0.00021791335395508632,0.0008818857820757404,-0.00011913695740230132,-4.353424418661503e-05,0.0011395580003046447
2024-11-19,-0.0012596806977061312,-0.00030469450259155517,0.00028588198092246325,0.0008818857820757404,0.00012347184224859598,-9.443345174410577e-06,0.0031490514805055008
2024-11-20,-0.0016647163444706336,-0.00032804751530771125,0.00016829438297639098,0.0007667503040615378,-9.87146667521033e-06,-7.993239474457846e-05,-0.0020982208685509556
2024-11-21,-0.0011347618661072555,-0.00022077862919263824,0.00016592029644939808,0.0007667503040615378,5.0335475911655094e-05,-2.7457704939866942e-05,0.005890169053299703
2024-11-22,-0.0009383118480655502,-0.0003595791131075861,0.0002539288010577332,0.0006607205145308228,0.00010594712977714357,-5.285522859546945e-05,0.012966421654385205
2024-11-25,0.00019116847803677132,0.0009003514032806406,0.0014862133889043437,0.0030632373423769964,0.0014302950225397726,0.001193337869455853,0.009360429110505202
2024-11-26,-0.001046533685486769,-0.00018714949474378235,0.00023433859923208122,0.0007359712675697377,0.0001082385260607061,2.3554810370097224e-05,-0.0005531822812282468
2024-11-27,-0.0010080376103844516,-0.0002454529043478199,0.0002731455676702973,0.0009172946324113438,0.00014779227495411888,1.383322407512426e-05,0.010164002412875916
2024-11-29,-0.0005785511512489049,-0.00012415311078673406,0.00014732957880100333,0.0009172946324113438,0.00011296874089417294,1.1622030336476561e-05,0.009477507067357113
2024-12-02,-8.571427479249266e-05,0.0006324645527287782,0.0002233535930447797,0.0009172946324113438,0.0003001345373158151,0.0004279020686403474,0.012690952567357212
2024-12-03,-0.0001894973736583527,0.0005404017335382111,0.00019992522890580563,0.0009172946324113438,0.0002632453455698039,0.00037016081426449114,0.0014825158879694022
2024-12-04,0.00032699540734052856,0.000873980932173931,6.321453780808169e-05,0.0009172946324113438,0.0002533646288696276,0.0006003833103026876,0.00012344907684724127
2024-12-05,0.0006512127786744441,0.0009347559310865091,0.00024206455152862066,0.0009172946324113438,0.0004171036314585816,0.0007840499768051832,-0.0008232608843984134
2024-12-06,0.0010362895648654362,0.0011456363232205428,0.00015049050158723337,0.0009172946324113438,0.00041268672616570775,0.0009766755773180191,0.015972929852267316
2024-12-09,0.0012395230728684732,0.0015091037464144627,0.0001353850478804962,0.0009172946324113438,0.00046297048735494123,0.0010783288438970702,0.004125199410760832
2024-12-10,0.0012399974565076794,0.0014576860601166618,0.00021581908580107812,0.0009172946324113438,0.0005139391108600069,0.001078554557499117,-0.005179474908716754
2024-12-11,0.0017806102283073858,0.0016296202142832708,9.530653548299802e-05,0.0009172946324113438,0.000499091993458941,0.0012733243567627295,0.0059460727296458205
2024-12-12,0.0015341986414320434,0.0013634996474039018,0.00021777868786627307,0.0009172946324113438,0.0005319227877800519,0.0011402814933170473,0.0006853050861063307
2024-12-13,0.0018713554239984612,0.0015046847593692299,0.00021777868786627307,0.0009172946324113438,0.0005797190478152634,0.0012109352922330015,0.01165946795563418
2024-12-16,0.002320496870132013,0.0019674986229418394,0.00013921071336318096,0.0009172946324113438,0.0006195792245849679,0.0014423316477041987,0.009672622642056034
2024-12-17,0.002462490752352215,0.0019187269115027456,0.00013921071336318096,0.0009172946324113438,0.0006272075716300268,0.0014179801778529415,-0.0216545467198679
2024-12-18,0.0027825817986349456,0.0016311410294369642,0.0005009015581669307,0.0007359712675697377,0.0008643268614771547,0.0011836841218752685,0.006990201614130762
2024-12-19,0.0028248330142771395,0.0015287457840429176,0.0001046228085549268,0.0007359712675697377,0.0005762949679816521,0.0011324163786308188,0.0186410435083139
2024-12-20,0.0037572744149391474,0.002968295846096617,0.0018087848642206858,0.002593271602456245,0.002190704362371569,0.0027807840973192513,0.00306026961125
2024-12-23,0.0011834067976187654,0.0005257013478246824,0.001135785151834818,0.0010635539839591503,0.001063688392696698,0.001099520338498411,0.011412693717317514
2024-12-24,0.0006764265851327139,7.776770913647075e-05,0.0010199219973584433,0.0010635539839591503,0.0008826910737799805,0.0008479842316104851,0.0031706527777160686
2024-12-26,0.0006599403856137162,0.00021973278737227528,0.000895795943480856,0.0010635539839591503,0.0008097972246624681,0.0007777912342259008,-0.013330586108350995
2024-12-27,0.0009684671763832986,0.00023440370736205066,0.0009372007665569429,0.0010635539839591503,0.0008695781516616488,0.0009527760696231171,-0.013352171986366934
2024-12-30,0.0008854794124985403,-0.00017606400728349485,0.0006221367043809539,0.0008321626844198579,0.000572210442899052,0.0007269527120962471,-0.005984061379483157
2024-12-31,0.0013190208552006947,-0.00014888804356451703,0.0005810025482474088,0.0006448305194620761,0.0005709968141313444,0.0006129149073410302,-0.026586193743010193
2025-01-02,0.0024481712905781174,0.0001423706182938796,-0.0002535958612358225,0.00027136279458310687,8.864647494221013e-05,0.00020691862488428716,-0.0020114761668546003
2025-01-03,0.0017721877828458968,8.281304443674589e-05,4.700638972155718e-05,0.00027136279458310687,0.00023114557914762847,0.00017732733723965874,0.006716379525724993
2025-01-06,0.0009922758585567553,0.00027154262504953995,-6.272465741485063e-06,0.00027136279458310687,0.0001424382394838861,0.0002714539067775284,-0.011453064367293209
2025-01-07,0.0006945385447335538,0.0002395938240817323,-0.00022219730693018777,0.00027136279458310687,-4.170834966238352e-05,0.0002554768166722175,0.0020209539809241065
2025-01-08,0.0005676802438203149,0.00036329484129658937,-9.415651913104974e-05,0.00027136279458310687,5.125045340463248e-05,0.00031729709174191075,-0.024399045019057174
2025-01-10,0.0019413971103672894,0.0010882529042414485,-0.0001988686095346907,0.00027136279458310687,0.00018925766452470007,0.0006798584489781342,-0.010398023475332542
2025-01-13,0.0026702163275805733,0.0011596410644001826,0.0013552487461824633,0.001972908349609584,0.0015074420444935754,0.0016641831005526381,-0.004789588076455764
2025-01-14,0.0030510586596089176,0.0014487608226254906,0.001083822467304667,0.0042955704945945895,0.0015799643645289308,0.0022500056667195743,0.019484841837673374
2025-01-15,0.0024022462717843297,0.0015166503152818991,0.0010939407728822713,0.000194519995972037,0.0011892713723759012,0.0013052945354339878,-0.04123897936511371
2025-01-16,0.003755240906505331,0.002580446529942379,0.006015382395955389,0.004826931670531371,0.005307545674238665,0.0042910872343432365,0.007507023982913734
2025-01-17,0.003233470300510458,0.0029336654281471954,0.001985682393720362,0.001262026983781167,0.0021508215979116553,0.0024596018747946916,-0.0324362155667787
2025-01-21,0.003961649563771489,0.00403804735211981,0.012952630162012823,0.010526196447322528,0.010879075064713351,0.007282235962290024,0.005330728855885256
2025-01-22,0.0033214728470934156,0.003805231544710537,0.010824584965489967,0.008151410532745235,0.009088132114778637,0.005978434147204967,-0.0007597853584952443
2025-01-23,0.0031536370041333832,0.0041472591797382,0.012580992213402776,0.008739001361798695,0.010403106132892342,0.006443235694061806,-0.003942326035964259
2025-01-24,0.0014267280353626411,0.0026297862930048425,0.007755267981554969,0.006618882569323272,0.006476578818415183,0.004624330358473265,0.031285698658298555
2025-01-27,0.0010309889340424788,0.0030985544433259813,0.002091670644836877,0.004115452690046924,0.002279200732053177,0.0025951090489364833,0.03589206071994881
2025-01-28,-0.0012383006400034928,0.0018780174648155086,-0.001394508948083187,-0.0010000399153665578,-0.0009687404626950968,-0.0011190108080011796,0.0046062060201635495
2025-01-29,-0.0025890535388670504,0.0007908384109978898,6.119548045983182e-05,0.00010459740321125125,-9.839840004256915e-05,8.288491138015307e-05,-0.007422213688913956
2025-01-30,-0.0013545877936160574,0.0007376020229999482,-0.0006720557242913767,-0.0003107676775499119,-0.0005425805582229873,-0.0004913851867846395,-0.006714678621519887
2025-01-31,-0.000469211522776867,0.0011085867689366587,0.0015979820524400765,0.0012221422242424233,0.0013167627710907234,0.0011653193423437473,-0.03444234147562098
2025-02-03,5.10854858812522e-05,0.00039070222702913924,-0.0008702152866480262,-0.00023818759887686357,-0.0005853470274826413,-9.359642536170998e-05,0.020790265416218968
2025-02-04,-0.0011607080420211469,-0.00018782914204844628,0.0003040830684014342,-4.9813907772501576e-05,8.06812895938099e-05,-0.00011886543555132024,-0.0014185392712259676
2025-02-05,-0.0017320133193251884,-0.00032161241564781747,-0.0002120478569890844,-4.9813907772501576e-05,-0.00035300956778918795,-0.00026692509085468727,0.003221029631331898
2025-02-06,-0.00250223477718275,-0.0004562749833549052,-0.00016910013004681472,-4.9813907772501576e-05,-0.00041013673778342243,-0.00031287192796751034,-0.024260694116362343
2025-02-07,-0.0026291040335270216,-0.0003187542693183883,-7.955483727044227e-06,-0.00035785568006622064,-0.0003181006314119712,-0.00033833059249744354,8.780975987685215e-05
2025-02-10,-0.002414527857443808,-0.00026953734894455525,-2.3549417565555823e-05,-0.00035785568006622064,-0.00030339965375682416,-0.0003137579049818139,0.021596864950554004
2025-02-11,-0.0014146083663805213,3.8555816093169726e-05,-0.000517790175451637,-0.00035785568006622064,-0.0005238315955618918,-0.0004378614647216137,0.0181052469002164
2025-02-12,-0.0010150406383888917,-0.0002131587950791649,0.0005448041553072743,0.00029493201339038974,0.0002905485566248525,4.079055195589303e-05,0.0194822371053569
2025-02-13,-0.00026388400258263694,-5.8495521143334095e-05,0.0004202099372647983,-1.5986339010498695e-05,0.00026432207485660507,-3.72179986207383e-05,0.012630564280164371
2025-02-14,7.137557732783521e-05,-6.095036431926577e-05,0.00018600505137604553,2.2411605045466138e-05,0.0001330092098949829,4.6915216102511225e-05,-0.0005316412126182514
2025-02-18,0.0002858172091064144,0.00037138020154520916,0.0002123989723106385,2.2411605045466138e-05,0.00022163181481357606,0.0002490513278522943,0.0016348305414047041
2025-02-19,0.000416975460291342,0.00012752959406923134,0.00020943628667759049,8.606819641047042e-05,0.00020897803685519667,0.00016860827961262258,0.003912810045455582
2025-02-20,0.0007996972440611592,0.00019450323260122653,-0.0002546543367265357,6.86591986098105e-05,-7.709762352528534e-05,0.00013161197757785486,-0.001139642666854185
2025-02-21,0.0016106059769412312,0.0006212467795679164,-0.0009959605526101104,-0.0008303796897198787,-0.0005517934135945569,-0.0001044457170966337,0.006292532781645574
2025-02-24,0.0007326065568212731,0.000450679398518296,0.00029758832925611786,0.00043941044285371637,0.00036783350998757986,0.0004450554146328273,-0.0002428980359896897
2025-02-25,0.0003245626715536441,0.0005429097283125818,0.00029758832925611786,0.00043941044285371637,0.0003403768330381136,0.0003820927404143325,-0.027412437654113806
2025-02-26,0.0008739617860993967,0.0005455810794248031,-0.0001468467862963893,0.0002633929102711694,6.299013071672278e-05,0.0004044695050040394,-0.01281262570299574
2025-02-27,0.0017119528464354414,0.0006652268467550079,6.801780639645459e-05,0.0002633929102711694,0.00030697378216582217,0.00046443966556879715,0.018951159026453435
2025-02-28,0.0022218025556222255,0.0008892026290310096,0.00028156614668780743,0.0002633929102711694,0.0005314303249510238,0.0005856264334839489,-0.015879624308909775
2025-03-03,0.0025733066006157013,0.0006180879523283819,9.096072936272119e-05,0.0003030562449757414,0.0004015329840765503,0.0004607130344945393,-0.008861591205009525
2025-03-04,0.002902833565932036,0.000700828362764468,-0.00019264415455151683,0.00018497891078656146,0.00023143452219686933,0.00044302368153625816,-0.0008055937143746543
2025-03-05,0.002746367013561274,0.0004268825274704259,-0.0003423937054245192,0.00018497891078656146,7.931360012746971e-05,0.0003059923263894111,-0.0017407339005490968
2025-03-06,0.002667481937040355,0.00030517267009663913,-0.0004312841043015585,0.00018497891078656146,-4.953218200993439e-06,0.0002451065113884284,0.015767634514395192
2025-03-07,0.0021171346158634025,7.245824838032473e-05,-0.00035662864840828215,0.00018497891078656146,-3.045443404546311e-05,0.0001287600201924386,-0.04969412305716032
2025-03-10,0.003000296085271992,0.00020516153573756654,-0.0005820453467536376,0.00018497891078656146,-9.200271471719135e-05,0.0001950753276325497,-0.029623862823691748
2025-03-11,0.004110299207913011,0.0005658235273025308,0.0038129780881083165,0.004031405864926995,0.003484071273647703,0.003921981708921443,-0.01763327712947823
2025-03-12,0.004470812756558262,0.0011648879011620498,0.006939808914318585,0.005321492760039933,0.0059060193702031236,0.0048961121669458645,-0.0342226396190386
2025-03-13,0.00530084253614345,0.002398349277083003,0.01113082500069793,0.009664554515761443,0.00945432225882736,0.007482642722240439,0.018007494809852607
2025-03-14,0.005442983100081069,0.003159086985905691,0.01288394471764812,0.009588718713903219,0.010788459379416944,0.00751588222650444,0.002385996127308193
2025-03-17,0.004655844786647856,0.0033227733694528583,0.01011411834170279,0.008495244521028296,0.008683696482120442,0.006575559867576521,-0.006140297016690643
2025-03-18,0.0041974591864384755,0.00363642338742809,0.011714710901462295,0.009588718713903219,0.009900671417263916,0.006893168259821662,0.011917992137169538
2025-03-19,0.003911828882462271,0.0039502925879642305,0.005475607255430536,0.003593475000876131,0.004995003138896262,0.00393108324707281,-0.005310486038914098
2025-03-20,0.0037408177198693963,0.00379831871881818,0.006737381121202793,0.005226441501137781,0.005990904046165024,0.0045125662437771105,0.019289624021771094
2025-03-21,0.0049219847442546595,0.004379720072007507,0.007127203844762756,0.006151192523296651,0.006521775414783828,0.005536638280202432,0.011207367671882662
2025-03-24,0.0038502777890676394,0.0032753154230764853,0.003068899575251584,0.003189128953259796,0.0031758354776572567,0.003232306437653181,0.013589141357894689
2025-03-25,0.00296093487360531,0.0025957494832034456,0.003569314964421479,0.003428456200773801,0.003388192522488495,0.0031946180604182353,-0.00997134217070943
2025-03-26,0.0025943118168703437,0.002381336117451003,0.0033968322639829126,0.003428456200773801,0.0032072487543265424,0.002995495724405757,0.010418196968814864
2025-03-27,0.0018098637565845828,0.0023231264467717806,0.0011322270360401563,0.0013219735742193669,0.0013490341832526824,0.0015660019598714076,-0.026939998013123245
2025-03-28,0.0018303109950882292,0.00198333266247965,0.0017374906250240798,0.0013219735742193669,0.001739590548931322,0.0017838434655057446,0.01922660411136273
2025-03-31,0.0017923048712041806,0.001985442530141145,2.5423289706695716e-05,0.000551475210766178,0.0004610957878810918,0.001171823059259285,0.004760619523474436
2025-04-01,0.000710329966041467,0.0010961267067113012,0.0007377808239676991,4.749523053898247e-05,0.0007185214776823262,0.0007240467894534017,0.0031314195104993705
2025-04-02,0.0005140622093772873,0.0008120992291720469,0.0008830854728964033,-0.0004871833634932097,0.0007251170976617339,0.0006628854636329733,-0.0970133431749755
2025-04-03,0.002383539692918084,0.0013925806145354182,0.009172912766446694,0.00872935949628391,0.007602840956933642,0.005556417908963289,-0.07568028859562168
2025-04-04,0.005171838470299277,0.0024576078540189403,0.015487949969758427,0.013913894422387782,0.0128869768436485,0.00954283115486081,-0.03742594457404607
2025-04-07,0.007700603817113755,0.004279712672220361,0.015311103184680262,0.013913894422387782,0.013208588147562171,0.010807181575799872,-0.05110193057859606
2025-04-08,0.008761459981493323,0.0049976641371949305,0.018412936839902992,0.01515203020329978,0.01568763361343208,0.011956732985970235,0.142617452185724
2025-04-09,0.00615583569496524,0.004431566332598136,0.002849756193761499,0.004585858844265043,0.0034873211327886293,0.004508712427052057,-0.04331865310609652
2025-04-10,0.004112893360249148,0.003212133263701859,0.0016501529000592728,0.0032460970303182434,0.0021948692944090582,0.003229110745585878,0.039792139592271
2025-04-11,0.0020907907004622125,0.0023603178417255935,0.000987002687315284,0.0021684316836500543,0.0013481272088729937,0.0021295490908554773,0.021814379364254597
2025-04-14,0.001459298740986738,0.001971390863584047,-0.0005356166909762218,0.0016900537466868644,0.00012754974823772798,0.0015745750850784928,-0.0018781445711302358
2025-04-15,0.0014537439254491756,0.0013487130581652232,0.00208516048643819,0.0019293809942008686,0.0019280187964898078,0.0016915895297015945,-0.039711557583991274
2025-04-16,0.003426640286995373,0.0014621538026462983,0.0027924195516611096,0.0019293809942008686,0.0026253814840334413,0.002360926346729448,0.013853213008659493
2025-04-17,0.0036414466866709814,0.001699180645148385,0.0024912994393955453,0.0019293809942008686,0.0024599425193529375,0.002210468936288488,-0.019583299087451538
2025-04-21,0.0031933811740587066,0.001954599170458795,0.003002586026937708,0.0019293809942008686,0.0028090530312862134,0.0024786524527884556,0.0334976683522773
2025-04-22,0.0019802877500450728,0.0016933421740002832,-0.0016854551954026986,0.002054710347979214,-0.0006381062328259786,0.0018365857876695315,0.024040335032419598
2025-04-23,-0.0020003884030152996,0.0010643393502647173,-0.0029649089584370724,0.0022153860853360023,-0.001973530951023438,-0.00046801113442024,0.01825843879975266
2025-04-24,-0.0022194471476974847,0.0004198331452175961,-0.0035612324397699237,0.0014138915154031358,-0.0025574493170038345,-0.0008998313007462285,0.004357740287230528
2025-04-25,-0.0028186890334794086,-6.851487117097974e-05,-0.005414411425881609,-0.0026459570391571888,-0.00432155897047602,-0.002732323144469174,0.0041009099201662
2025-04-28,-0.0018961702922439356,-0.00014856821242001405,-0.005187500429844474,-0.0026459570391571888,-0.004084230341967855,-0.002271084557090716,0.005078958627559431
2025-04-29,-0.00035676048485229733,-0.00040971957363263663,-0.005081821165670483,-0.0026459570391571888,-0.0038959093936085758,-0.0015280340519029355,0.006089057380782453
2025-04-30,0.0010646254563799308,-0.0007286662246743325,-0.005112318985076538,-0.0032990045498234952,-0.003876509906245245,-0.002013836339757978,0.00385143170235058
2025-05-01,0.0013606585279003379,-0.0010781424430947797,-0.004894059809845297,-0.0032990045498234952,-0.0037349278679413038,-0.0021885376645341906,-0.038077549941753934
2025-05-02,0.002980622070931421,-0.00022757472469736432,-0.004983003776741236,-0.0037772318561067487,-0.00358850809063,-0.002002322226788385,-0.03196396511870276
2025-05-05,0.0027574881997687517,-0.00011379983589975017,-0.005431624444043207,-0.005310312887269023,-0.004042365161751438,-0.00271191636266182,-0.0019124559862643917
2025-05-06,0.002033406780730675,-0.0003465385024487282,-0.00421130596620574,-0.005310312887269023,-0.0032741635813383786,-0.0022788608752133083,-0.011450092357583347
2025-05-07,8.732749458424422e-05,-0.0017547485626400194,-0.005192643888777303,-0.0035948519821533643,-0.004167981417748859,-0.0026747882946792654,0.006298621300274167
2025-05-08,0.000740801172585696,-0.0011312620337848953,-0.002109393137198373,-0.00279764523522569,-0.001788134826139747,-0.0016202481323626674,0.005252238097486805
2025-05-09,0.00023757376695560984,-0.0014168042356824128,-0.002016295535649478,-0.0024255977933324135,-0.001770992546504791,-0.0017164452319657377,0.059922129300548174
2025-05-12,-0.0009959054934672263,-0.0019098950083699699,-0.0026292121741592206,-0.002652224410426,-0.0023955216650102,-0.002269349719174923,0.01010109344017187
2025-05-13,-0.0011300731900735607,-0.002203415957383192,-0.0030284287681935046,-0.002652224410426,-0.0027241827951721104,-0.002427741260680181,-0.002821761983669661
2025-05-14,-0.00011940010909009923,-0.0021944401262391023,-0.0036054328084830375,-0.0025002065033341257,-0.003023877295933979,-0.0023472990471242313,-0.004153127331358633
2025-05-15,0.0009061932843762115,-0.002399160170624598,-0.001954520112796609,-0.001941346183542937,-0.00173759045316519,-0.001947926156320019,-0.0008989730928671391
2025-05-16,0.0014669556623954898,-0.0021715303329122937,-0.0018325725082449762,-0.0005965693080800493,-0.0014595553698986256,-0.0012144265129004645,-0.011808516259790512
2025-05-19,0.0002607949343153196,-0.0028153679575385806,-0.0019576406686632117,-0.0013397862461363179,-0.0017975276210466472,-0.0016486709451768266,-0.00923882123310149
2025-05-20,0.0006125747806156736,-0.0021991010926278856,-0.001119711883984133,-0.00026797555151331255,-0.0010109251411134575,-0.0006938602319839841,-0.023329114291235003
2025-05-21,0.0015719330601320068,-0.0014306140412193736,-0.00042788553454119795,-0.000613209029019609,-0.0003725234717049235,-0.0005205202440357382,-0.003618770750769896
2025-05-22,0.0020310673874836486,-0.0009332232315410762,-7.527798893940997e-05,-0.0003635745969321279,-1.908799702416466e-06,-0.00021936517147755943,-0.03071111572604032
2025-05-23,0.0032911949544151397,0.00029519821600809855,-0.0012721118605660462,-0.0012716079983456534,-0.000664847646038976,-0.0004879579616522837,0.024983611085566255
2025-05-27,0.002683718645505346,0.00010733507479020752,-0.0002309373622660486,-0.0005846645153391015,5.058522766156876e-05,-6.16910234868858e-05,0.001048306276362571
2025-05-28,0.0021020261434352146,3.615310348860368e-05,0.00021045399664540099,-0.0002394310378328052,0.0003291299261352067,0.00012339005309219294,-0.002347835463872541
2025-05-29,0.001525482270143548,-1.901880968073564e-06,-6.7290756249009e-05,-0.0005846645153391015,4.548448302104997e-05,-3.457732439145482e-05,0.00449107116349544
2025-05-30,0.0009146890984665972,-2.68001445874232e-05,-0.000812572215360361,-0.001033893908152723,-0.0005791181799255485,-0.00041956854415053425,0.004223038636265648
2025-06-02,0.0002480676063030641,-0.00041771694268635936,-0.000514104890624341,-0.0002981282794853951,-0.00041361439972695095,-0.00035780736111035735,0.007753735759536577
2025-06-03,0.00031003927842130285,-0.00033421306967340364,-0.0012387109826436553,-0.0003635745969321279,-0.0009159522248553854,-0.00034889685014233903,-0.0022162432937545516
2025-06-04,9.336479944874415e-05,-0.0006041954017163699,-0.0014796654769144585,-0.0003635745969321279,-0.0011377162552973182,-0.0004839227805945871,-0.010856482266256429
2025-06-05,0.0003562770708482895,-0.000601959028894383,-0.0021936971427865973,-0.0007088080744384242,-0.0016467413462616948,-0.0006553923534121164,0.016265311059071526
2025-06-06,3.198602244970964e-05,-0.001046586587737432,-0.0018977392012619612,-0.0008734898589904698,-0.0015330131416504639,-0.0009600358844957123,-0.012186554600183343
2025-06-09,0.00045034880018684977,-0.0008386737909318377,-0.002338788984417709,-0.0016679527293103874,-0.0018485791926797564,-0.0012532604375111223,0.0060378350081640355
2025-06-10,-2.3739125501346997e-06,-0.0009200743165240265,-0.0016320269481234098,-0.0011431145155236754,-0.0013564513442579124,-0.0010315605061801405,-0.01938035209767723
2025-06-11,-0.00040895759808226996,-0.0010056814461661952,-0.0019900558202528094,-0.0012387135609424908,-0.00166546686058164,-0.0011222102350033358,0.0021106504315444113
2025-06-12,-0.0010589704753495174,-0.0013165513466344525,-0.001594518627251011,-0.0008934800834361944,-0.0014534044202861968,-0.0011878048750320082,-0.013901399360486715
2025-06-13,-0.0013052226575376857,-0.0012701958009321973,-0.0009889852852668938,-5.440244309233409e-06,-0.0009682386668459875,-0.001129359687488378,0.00997805652363861
2025-06-16,-0.00193134098103102,-0.0016215719158276408,0.00015835660533915626,0.0005708822204914302,-0.00020768599860499393,-0.0007315905792240545,-0.014109754442192705
2025-06-17,-0.002057852347851434,-0.0016799671815286967,-2.5486736093898745e-05,0.0004014938658694413,-0.0003704688352450204,-0.0008527189329812487,0.004793249901647917
2025-06-18,-0.0022726864859642856,-0.0016794305109372285,-0.0003374356040831551,0.00026843212285811776,-0.0006222018338480962,-0.0010084313428179194,0.022235425606040273
2025-06-20,-0.001497458013697438,-0.0010191327776867196,0.0024194741701820603,0.0027141327437376125,0.0016812756143374807,0.0007001510821716865,0.0024844733276619658
2025-06-23,-0.0023925043667886482,-0.00188241829722669,0.00034366674142572486,0.0005870361090334929,-0.00014852001510062856,-0.0007694142130292657,-0.0059731234790300165
2025-06-24,-0.002270700544165243,-0.002074091611302763,0.000307581456596522,0.0005870361090334929,-0.0001847935186353978,-0.0008832419015906044,0.006270833792136
2025-06-25,-0.002395183544838553,-0.0022942654988205406,0.00018424043335357125,0.0005184850160203279,-0.0003148152513001766,-0.001054975619199273,-0.002782183640767865
2025-06-26,-0.0020719497978602995,-0.002094799297886386,0.0001904451377604121,0.0005184850160203279,-0.0002572012712802356,-0.0009406977801279712,0.00039793987139912456
2025-06-27,-0.0015296654135380633,-0.0017009517961529355,0.0002870124542978248,0.0005870361090334929,-8.702670088129894e-05,-0.0006213015513724148,0.020136046923066173
2025-06-30,-0.0014214088745366788,-0.0016150715517580076,-0.00013398259138450868,0.00014570213805916468,-0.00040175789042618356,-0.0007776750889303151,0.012833460814047843
2025-07-01,-0.0016536053143281122,-0.001806442441166036,0.0005305107838101489,0.0007393873647197799,7.417553058154452e-05,-0.0005615371054274606,0.0219872513788248
2025-07-02,-0.001647739092564309,-0.0016911938374500957,0.00048523401936055035,0.0007393873647197799,5.6026332748388395e-05,-0.0005812118883664029,0.005211404531662551
2025-07-03,-0.0017046967590204239,-0.0017083397812895538,0.000749918258735998,0.0007393873647197799,0.00023584603851705722,-0.0004826533013616936,-0.01700161898351503
2025-07-07,-0.0013221370363115886,-0.0014760238484692993,0.0005953647516924815,0.0007393873647197799,0.00018914630527492058,-0.00036338820641714604,0.00028572988009705597
2025-07-08,-0.0009211918441867754,-0.0011377848342411375,0.0006112305253495689,0.0007393873647197799,0.00027687678048480613,-0.00015500183942354452,0.005366295196147193
2025-07-09,-0.0003753266516057956,-0.00065526100952252,0.0007441874649284345,0.0007393873647197799,0.0004775855792447248,0.00018194138672829197,0.0059969688087457475
2025-07-10,-8.021122454095826e-05,-0.00033106240668464106,0.0007668566967727597,0.0007393873647197799,0.0005586200402505319,0.000329499133804581,-0.005902229181318377
2025-07-11,0.00028360937370633583,-8.40939548135669e-05,0.0006657375529929547,0.0008636083953134101,0.0005600910570931205,0.000474620763211603,-0.012101765455702237
2025-07-14,0.0005983646458173721,8.218803055967954e-05,0.000223617845281607,0.0008636083953134101,0.0002961353614589884,0.0004110434480316651,0.0023460403749842543
2025-07-15,0.0008628382005301811,0.00019349293048810537,0.0006304703847617531,0.0007393873647197799,0.0006108654677096948,0.000684847408492807,0.005008730585109051
2025-07-16,0.001007045443025526,0.00026761559437778843,0.0005564490212506352,0.0007393873647197799,0.0005805654401014886,0.0006479124875674638,-0.0006663781816620189
2025-07-17,0.000972437056923924,4.214893605203871e-05,0.0003131756538814281,0.0007393873647197799,0.0003793079426303875,0.0005262686734410626,0.005508031075055801
2025-07-18,0.0010000694176081444,-0.00011228775564697672,0.00122008985590899,0.0006660349885738306,0.00099902549419864,0.0008329543504794742,0.006137030484460251
2025-07-21,0.0009132826310492104,-0.00015653618946907908,0.00073230887404346,0.0005283405511958248,0.0006293836321202558,0.000630231682403865,0.008995554548278818
2025-07-22,0.0006925159143686308,-0.0003249052150223411,0.0010800779203012465,0.0006660349885738306,0.0008467613521754753,0.0006792650717408032,-0.0011667251685005464
2025-07-23,0.0005111805696059435,-0.0005521294750967257,0.0012117596688179374,0.0008970215769713483,0.0009161102245425707,0.0007040115460415063,-0.0018228109097861238
2025-07-24,0.00029863640576283925,-0.0007837458987487344,0.001152832174331491,0.0010690035794966365,0.0008423198996426969,0.0006836388744299013,0.0005612682597430607
2025-07-25,-6.0461514904167415e-05,-0.0011819155299684619,0.0010858141019121303,0.0010690035794966365,0.0007154132790012609,0.0005040787321289685,0.0007945139379612304
2025-07-28,-0.0004936218846494879,-0.001652776726077219,0.0010858141019121303,0.0010690035794966365,0.0006205721945613911,0.0002875205252898377,-0.013072690313278916
2025-07-29,-0.0005055401664827203,-0.0016455830641516583,0.00034966457565275893,0.0006634309424608634,6.573801449574008e-05,-7.80444803413498e-05,-0.010563484134101978
2025-07-30,-0.0005994829851282935,-0.0016912073891502902,0.0002828856369842601,0.0006096095509161902,-4.415711675552058e-08,-0.00015839883908058724,-0.007104804936428562
2025-07-31,0.0004452926162694067,-0.0004932307258338889,0.0031111712985043474,0.003577543274299645,0.0024851151209955846,0.001778185698407281,-0.025321525035799586
2025-08-01,0.0009527161615295945,0.00016466591629978663,-0.00041101844060404573,0.0007348021626897119,-0.00012074094595747114,0.0004496527673769722,0.004781519939497278
2025-08-04,0.0007257324337806537,6.710476707091852e-05,-0.0007097093328501041,0.0005150907846425035,-0.00038285776085053607,0.00029099128977423845,-0.0021168586931033704
2025-08-05,0.00044312131655403525,-6.687348362533938e-05,5.6378768943953075e-05,0.0005150907846425035,0.00011686214013455735,0.00024971478286607665,0.0496533826968293
2025-08-06,0.00022356060453834086,0.00017402701447491833,0.001128302033128893,0.0013713057843773094,0.0009540297247570304,0.0006760018204613929,0.03129870877236706
2025-08-07,-0.0013140326212705998,-0.0007286957761605679,0.0012819730816598506,0.0005994432557579093,0.0007498466452994135,-6.461358057238407e-05,0.04148535251125784
2025-08-08,-0.0019742467862279654,-0.0007420752829978484,-0.0004975319719440692,-0.00041687150485386317,-0.0006569088484336492,-0.0006199941463432338,-0.009506625091854801
2025-08-11,-0.002908586540557712,-0.001583907519633397,-0.0006138291923998334,-0.0008902515737015643,-0.0009634564893671135,-0.0012372058413163385,0.010813761630775043
2025-08-12,-0.002638729977987644,-0.00136206648420523,-0.0006272572157638487,-0.0012833402991334665,-0.0009552000560006309,-0.0013227164667540966,0.015897384212123035
2025-08-13,-0.002018907797367365,-0.0007602669427587357,-0.0010195360858172768,-0.0012833402991334665,-0.00110512512816484,-0.001151512776668189,-0.002359972136647118
2025-08-14,-0.0016426343672528423,-0.0005544819511554552,-0.0010007486850218893,-0.0013682037224312432,-0.0010400732465117957,-0.0011844355511990306,-0.005125245208979739
2025-08-15,-0.0006912996428291126,4.1381948483707864e-05,-0.000881407025467309,-0.0004927032183815433,-0.0007243588448804555,-0.0005919266268636882,-0.0030271470733911282
2025-08-18,-9.845056495177138e-05,0.000413312799529894,-0.00015521227687284467,-0.0005335337303840502,-0.00011607938801267495,-0.00012682306365011675,-0.0014302823252549874
2025-08-19,0.0007271291944045234,0.0011096190730906603,0.0005558289394808062,0.0006816173058492899,0.0006463766637006156,0.0007044185201934678,-0.01993189988615215
2025-08-20,0.0014173289659326258,0.0015972854107173104,0.0007663533857830821,0.0006816173058492899,0.0009159963599518443,0.0010918845872887007,-0.004923389949559831
2025-08-21,0.0019532259115831695,0.0019772915915640377,0.0008434570424930106,0.0006816173058492899,0.0010644473659049227,0.0013982921887014223,0.012636587025097703
2025-08-22,0.0023824581215229615,0.0024328368025731354,0.0007089439804285649,0.0006816173058492899,0.0010620579259065512,0.0015457074767458658,-0.002637787721060811
2025-08-25,0.0023813070000327135,0.0024707304893443393,0.0005074180121087646,0.0005450689634567131,0.000912367414305006,0.0014632007178358494,0.009420158125637604
2025-08-26,0.002697886573173977,0.002817212838247961,0.0004387382210156611,0.0005450689634567131,0.0009334007670430093,0.001621480362149646,0.00513271212405521
2025-08-27,0.0021883720244044954,0.0022774293996818203,0.0004893734667850515,0.0005450689634567131,0.0008592646355775271,0.0013667294215627267,0.00894074437245586
2025-08-28,0.0019759970174884184,0.0019918771242502615,0.0005107548882012124,0.0005450689634567131,0.0008215633375191489,0.0012605268823830218,-0.001807610441419801
2025-08-29,0.0015666197709705227,0.001283636219899102,0.0005004053596436267,0.0005450689634567131,0.0006942088323483373,0.0009144467021341019,-0.010479454001267798
2025-09-02,0.0008597347510257964,0.000214836633763189,0.0007678312872859901,0.0008512297765135715,0.0007195599916373152,0.0008092682018775476,0.03738234006205715
2025-09-03,-0.0006364393048364662,-0.0013861144692619586,0.0009025115774334966,0.0009877781189061485,0.0005016124712154331,0.00013292064032466506,0.005478309816550939
2025-09-04,-0.0016333955721786553,-0.002332653934307012,0.0007177287346245702,0.0009877781189061485,0.0001685400636421609,-0.0004578875082596213,-0.0003753992479963229
2025-09-05,-0.0016123877382036244,-0.002260948961634118,3.703282451685633e-05,0.0006413833583983052,-0.0003315848970531841,-0.0007876829756181532,-0.0075800665758205465
2025-09-08,-0.0014843532420656135,-0.0019443007027262643,0.00023687981414282193,0.0006413833583983052,-0.00014177054862953798,-0.0006237452811176263,-0.014950614951601654
2025-09-09,-0.0009870462626327499,-0.0014629829271041116,6.595069412988002e-05,0.0006413833583983052,-0.00016056979182028244,-0.0004605319974317414,-0.03279130084628358
2025-09-10,-0.00022861148972585274,-0.000809585392406189,-0.0008620083052536046,0.0013137545715804465,-0.0006137127467208913,-0.0005188693985087677,0.014185280326338959
2025-09-11,-0.000626568709300698,-0.000982934218319346,-0.0017568422231153573,-2.3095992470863063e-05,-0.0014160013929935761,-0.000804768402674162,0.017410517319317524
2025-09-12,-0.0008978020447516407,-0.0008476486965225531,-0.0005890081900101878,0.0001807434506060482,-0.0005829495655524089,-0.0007181270707969878,0.01117325641447065
2025-09-15,-0.0015276906920244963,-0.0009860214385411245,0.00025870096538170323,0.0008534962508814318,-1.8589246881555084e-06,-0.0003636525777049352,0.006107197990995477
2025-09-16,-0.001589952268144559,-0.0006341447924293867,0.00034158380961696766,0.0008534962508814318,9.156324209136699e-05,-0.0001463335866280546,0.0035210314188807313
2025-09-17,-0.001992804157555801,-0.0009373471679845886,-4.481133697508112e-05,0.0006905647996442617,-0.0002679560849218145,-0.0004911093572425082,-0.004655367672117901
2025-09-18,-0.0020978148728467557,-0.0011596590825826646,-0.0006524057187912162,0.0003161095387457568,-0.0007644921567299774,-0.0009060302126780055,0.0315305818698142
2025-09-19,-0.0006556648425178577,0.0003724227150754565,0.0015535376375842506,0.00045002091747954224,0.0011179279291429766,0.0004112230029060934,0.042192895991329665
2025-09-22,-0.002481985304974669,-0.0009962881957460354,-0.0004347473591622243,-0.0013016229200675264,-0.0007637550939125833,-0.001148998332348616,-0.006464122970960471
2025-09-23,-0.003183607709366257,-0.0016956925910849188,-0.000812131665425692,-0.00037352517900508244,-0.0010987635829851636,-0.0012540120770268167,-0.00836723971487303
2025-09-24,-0.0031397437884844244,-0.0017153684433289726,-0.0019520377771431996,-0.0005001753387885895,-0.0019134584733148715,-0.0018337022478964401,0.017911620791906648
2025-09-25,-0.002625075237927473,-0.001170542998226205,-0.0025847165224773478,-0.0008203218396414762,-0.0022766762620783725,-0.0018775531377747052,-0.005504233435866624
2025-09-26,-0.0021746888800814033,-0.0008831579194258484,-0.002727555545128833,-0.00039023351751538463,-0.002266208367930799,-0.0015289325273365214,-0.004040147641167021
2025-09-29,-0.0015054761462863111,-0.0004753207158149877,-0.0022373622968023953,0.0004195502144021525,-0.0017419152268012047,-0.0009903812435329796,0.0007858099960032751
2025-09-30,-0.0009594979969303608,-0.00016559073613757133,-0.0024577273555304088,4.509495350364748e-05,-0.0018424459265108362,-0.000562699399762309,0.0032151535792634424
2025-10-01,-0.00024010029321719828,0.000595883468871662,-0.0028030528531032477,-0.00012961597890902364,-0.001946135720779688,-0.00018488224573601708,0.0065551287383542895
2025-10-02,-6.059467066618109e-05,0.0009748874263307499,-0.0028428734308893156,-0.00012961597890902364,-0.0019137459965106484,-9.5115215923981e-05,0.003455246149057607
2025-10-03,0.00027913144692028014,0.001396628151645957,-0.0028259200063270266,-0.00012961597890902364,-0.0018213195190302702,7.471978702311835e-05,-0.005167918067967592
2025-10-06,0.0006530722949625057,0.001533303314760458,-0.003119232448250624,-0.0005253602555650629,-0.002011267959563856,6.377250901231672e-05,-0.0008184089533852378
2025-10-07,0.0008869366554912075,0.0015282255107220608,-0.0029560705907257473,-0.0006000666895935101,-0.0018809508585205278,0.0001433280048227254,0.006141374866814374
2025-10-08,0.0008159341809509509,0.0012678312659071159,-0.002828229802076799,-0.0006000666895935101,-0.0018272808231672522,0.00010780424738082457,-0.015700398056697228
2025-10-09,0.0005851735304650626,0.0006650808158873248,-0.002542215684620981,-0.0001169887375034536,-0.0016756036732730449,0.00023385843938935163,-0.03513204652712353
2025-10-10,0.0010196004534852592,0.0006366885529399525,-0.00313690505759936,-0.0007526899189981386,-0.0021122201620676984,-5.814667070883913e-05,0.009697190594530327
2025-10-13,0.0007351715498937335,0.0002249557197522605,-0.0029215589640132307,-0.000637194791800047,-0.0020243824182988304,-0.0002062339453805225,0.00044406116059772684
2025-10-14,0.0005185272087274193,6.0731552323156786e-05,-0.0030015255037624407,-0.000637194791800047,-0.0021201171156613155,-0.0002883503928118235,0.006316498495225002
2025-10-15,-1.5261584285342468e-06,-0.0003238964333322319,-0.0029727526610268144,-0.000637194791800047,-0.0021927723650481505,-0.00048065649440791466,-0.007608883164548246
2025-10-16,-0.0004622205440380948,-0.0007762713537999294,-0.003126071463724924,-0.000637194791800047,-0.0023964392065249,-0.0007068445217233885,0.01937066382999947
2025-10-17,-0.0007887163843088826,-0.0008296588204823617,-0.0015381913180695739,-0.00045598739622924504,-0.0012952918501680565,-0.0008092025334622441,0.038680884861185046
2025-10-20,-0.0011569633698178426,-0.00045586632234452713,-0.0016247304372195195,-0.0020742206226040056,-0.0014838592351212202,-0.0013908113388829153,0.0020190052771787686
2025-10-21,-0.0027675684996654347,-0.0017456941790196124,-0.004257850113938031,-0.002528599141311362,-0.0036829918776630395,-0.002648110344705042,-0.016576784159691115
2025-10-22,-0.00299073715807312,-0.002089237654175102,-0.004641636173874495,-0.002528599141311362,-0.0040148343687571135,-0.00275975822588318,0.004362589657176772
2025-10-23,-0.0030966564383937767,-0.0021935376511287427,-0.004251913757743001,-0.0021967593206257807,-0.003733334358011417,-0.002646925419662051,0.012404526552387543
2025-10-24,-0.003125996644115849,-0.0019246555815577095,-0.003712861936883955,-0.0021419811421356056,-0.0033193234556300054,-0.0026340642785904478,0.02253538617237535
2025-10-27,-0.003231461318015002,-0.0016793403503895937,-0.0037559015136003917,-0.0021419811421356056,-0.003331265831353511,-0.0026867314730052126,0.0007065783461586027
2025-10-28,-0.0031161528175823097,-0.0014244866773020321,-0.003044325479447922,-0.001256246025172825,-0.0027134763374709577,-0.0022343819369360167,0.002598895805361544
2025-10-29,-0.0026079767594842772,-0.0008617327952975539,-0.0021167950826449806,-0.0003067646056575602,-0.0018653974119655554,-0.0014892541557071212,0.006283449504564014
2025-10-30,-0.0019630942401928494,-7.768781611192392e-05,-0.003838459479678337,-0.0019569590508097864,-0.003070606165547323,-0.0019600266432618432,-0.003802351703305637
2025-10-31,-0.0013857754448736736,0.0004857728386913839,-0.0025973412788433663,-0.0010875530135933554,-0.002001033776160968,-0.001236653698298648,-0.0048941826438965354
2025-11-03,-0.0015667092873498296,-4.393617642682438e-06,-0.00388559617284062,-0.0022894509124604364,-0.0030864215472117987,-0.0019280814701887702,0.0036729372522777033
2025-11-04,-0.0009553026390716116,0.0003733421035144916,-0.004276302509412099,-0.0022894509124604364,-0.0032619008781681162,-0.0016224088496835623,0.00037026954113186534
2025-11-05,-0.0006918070457697791,0.0006234284249842379,-0.004297619318086293,-0.0022894509124604364,-0.0032234758761409857,-0.0014906640217343175,-0.001370693968215303
2025-11-06,-0.00023079284898867988,0.0010400923115882216,-0.00441925704284448,-0.0022894509124604364,-0.0032182856394379613,-0.0012601657535525972,-0.004830522979991833
2025-11-07,-0.0002077826111293921,0.000868765540970128,-0.0037490601722677086,-0.002214715307660748,-0.0027558378366689647,-0.0012112791980625052,0.0035694087570780166
2025-11-10,-0.0001889889177267342,0.0006282358336814369,0.0006275507496045478,-0.00012398179932363439,0.0004881293495744626,0.0002517467358419922,0.02137118643594642
2025-11-11,-0.000445291511645937,0.00027300335377511734,-0.00021969848887785275,-0.00012398179932363439,-0.00017580519292194688,-0.0001718102283332186,-0.006487844507194079
2025-11-12,-0.0006697732625042469,-0.00014272736002315424,0.00018503087009655425,-0.00012398179932363439,4.133636349727544e-05,-0.0001333610015141179,-0.0019032581452385258
2025-11-13,-0.0010234638622593148,-0.00079360223711838,2.4759269720843097e-05,-0.00012398179932363439,-0.00018017939477842066,-0.0004588222569022167,-0.0019803751859178826
2025-11-14,-0.0014369391795432535,-0.0013797934404719899,-0.00036576505890695504,-0.00012398179932363439,-0.0005625858421088942,-0.0008727173580694232,-0.01833830726819936
2025-11-17,-0.0012616686811429598,-0.0012570970184090104,-0.0016394757226486619,-0.00047607425846392013,-0.001462127566064553,-0.001259380647550413,-7.473925559643532e-05
2025-11-18,-0.0009860463100109262,-0.0010183799091981259,-0.001530702068714518,-0.00047607425846392013,-0.0013319151150716876,-0.0010022131796012645,0.004179092340406962
2025-11-19,-0.0013036768657878578,-0.0013668936071884355,-0.00021809419315004048,-3.587927228955861e-05,-0.00043683960202186596,-0.0007608452433516713,-0.008638626557415126
2025-11-20,-0.0015993069408419473,-0.0016788136903013772,-0.0017274440158269557,-0.00038797173142984424,-0.0015971469799851582,-0.0016388901763147899,0.019489553289023798
2025-11-21,-0.0019183445776368843,-0.0017671373848868245,-0.0004361891346175388,-3.587927228955861e-05,-0.0006946593769974769,-0.0011016079292929212,0.016185746981243
2025-11-24,-0.0022709040189055683,-0.0017518681368451435,-0.0002817402158478048,-3.587927228955861e-05,-0.0006166349096597147,-0.0010168530826085733,0.003798184186466807
2025-11-25,-0.0028700517221294463,-0.0022539497418732728,-0.00046818216896192354,-3.587927228955861e-05,-0.0008623905129167668,-0.0013610910760024745,0.002091851674423675
2025-11-26,-0.003061217297380176,-0.0024326332616381066,-0.0004715228679469534,-3.587927228955861e-05,-0.0009032447172332998,-0.0014521031974802786,0.004672971568938359
2025-11-28,-0.003141576514050005,-0.002513669666631366,-5.731040124578053e-06,2.9927959075458404e-05,-0.0005852787447738996,-0.0012597844047803378,0.015126188953698135
2025-12-01,-0.0025149635833366145,-0.0018006107545582586,-0.000663406292075263,-5.8174567958617436e-05,-0.0009167555542150736,-0.001232022593953048,0.010855720764224917
2025-12-02,-0.002356836381866546,-0.0014511179125798607,-0.00024788520988532347,-0.0001748058255967872,-0.0005776794464808968,-0.0008496511407287205,-0.007153688178430315
2025-12-03,-0.002527328365498423,-0.0015673227573134137,-0.00018614489597168097,-0.0001748058255967872,-0.000563377052099621,-0.0008768999135101564,-0.012215719407566574
2025-12-04,-0.0022692692334090165,-0.00139676138184652,-0.0002580284739170172,-5.8174567958617436e-05,-0.0005605793717448418,-0.0008275050185989671,-0.006863590932648934
2025-12-05,-0.0017545041202342926,-0.000902583857165323,-0.00017124176977023666,-5.8174567958617436e-05,-0.0003940694063144178,-0.0005370639995166622,-0.00319753127588418
2025-12-08,-0.001558035070716935,-0.0007840590137068441,-7.883698070215325e-05,-0.00012398179932363439,-0.0003022416016059535,-0.00045420295128636724,-0.002558316430519311
2025-12-09,-0.0009881932938905122,-0.0003995525972593535,0.0003609777950568251,-7.536704941771134e-05,0.0001104105348768658,-0.00023748196878559065,0.005755847706403448
2025-12-10,-0.0007916341314446317,-5.775098676894582e-05,0.0011836249389595623,0.0003028364665111639,0.0007816461473628676,0.00012255430711693706,-0.002693918776111477
2025-12-11,-0.0007989252812678157,4.6913868011016244e-05,0.0009073504040568283,-7.536704941771134e-05,0.0005659160334678864,-1.422112393451873e-05,0.0008987795219441775
2025-12-12,-0.0005208577679559185,0.00038391993777364046,0.0012069968951263878,0.0004450855867183022,0.0008864424633592452,0.0004144998334872712,-0.015098364430199547
2025-12-15,-0.0001642201371652081,0.0006433259211521648,-3.163228996321484e-05,-0.00021376395399886103,1.8618283947972154e-05,-9.774422352870621e-05,0.0018224236954371396
2025-12-16,-0.00017669324753511752,0.00039930664085861833,0.00024843205970554415,0.0003066886821371525,0.00023105574900055776,0.00027748281842310285,-0.010138211482018081
2025-12-17,0.00036092958176101226,0.0006872861332729225,0.0003717698446474894,0.0003066886821371525,0.00040172403101747993,0.0003663901190808347,0.0012867163670800797
2025-12-18,0.00039161821594551824,0.0006487252670118214,1.1178736950868689e-05,-0.00021376395399886103,0.000101420272166327,0.0002014098987448492,0.005422689224387653
2025-12-19,0.0021511630462045426,0.002286231838196737,0.0012774284971115051,0.0015730880579581774,0.0015004300013231832,0.0018620666782161632,-0.009914931893719238
2025-12-22,-5.2960007030220056e-05,2.4164414767572522e-05,0.0006376622354848945,0.0004784105385106707,0.0004888998362136303,0.00025133496824030876,0.005116548681590436
2025-12-23,-1.7232359892647205e-05,9.329598165927109e-05,0.00043387336083480446,0.0003066886821371525,0.0003417021848735668,0.00020000418708812474,0.005309759449072081
2025-12-24,-0.00030947332083835783,-0.00017244596065846848,0.0010027989591761379,0.0003066886821371525,0.0006859187114748499,6.725276458298685e-05,-0.0014985243151119923
2025-12-26,-0.00019956660818094092,-8.559088142449337e-05,0.0003934903084536258,0.0003066886821371525,0.0002754620437866135,0.00011053067810643589,0.0013159438507369832
2025-12-29,-6.965662566902741e-05,-1.4187576056427418e-05,0.0002792399599578006,0.0003066886821371525,0.00021507255904765798,0.00013249361863298026,-0.0024871024374482713
2025-12-30,-0.00021905281419137444,-5.158050695419278e-05,0.00014143029432903682,0.0003066886821371525,9.93754517834424e-05,4.492376176846302e-05,-0.004477569353830084
