Date,LinearRegression,Ridge,RandomForest,GradientBoosting,ResidualHybrid,ConfidenceWeight,Actual
2022-10-28,0.0006758283134184474,0.00045170200903723527,0.00041251455829432337,0.00022111248669003938,0.00042718441730754604,0.0004321142388246648,0.007839029224840578
2022-10-31,0.0003194029865540511,0.00012271734744324556,0.00042415114236226634,0.00022111248669003938,0.0003970120004243786,0.00027026293938523817,0.01174450957842801
2022-11-01,3.363245778686887e-05,-0.0001346286231366712,0.0004553825703408532,0.00022111248669003938,0.0003922938426748064,0.00012739976340491723,0.0034653178381804216
2022-11-02,7.307531077255247e-05,-6.1455197822867e-06,-0.0013152538189085095,-0.0017654725092721582,-0.0011616939451022834,-0.0006607855614220565,-0.0026337425510345775
2022-11-03,-0.00043098786331048015,-0.00030389053348037394,-0.002946589251120796,-0.004013657673666603,-0.00265410217311581,-0.0016888949709156225,0.025582263453672042
2022-11-04,-0.0003000768202627342,-0.00021460989468562966,-0.003385087164945205,-0.0044810022763985885,-0.003028406234344293,-0.0018426846853039423,0.012908514505062318
2022-11-07,-0.0006284586417734469,-0.0006156988175081564,-0.003345365787302141,-0.0035585495654608034,-0.003026555297905595,-0.0019869449654390274,0.004018659880978499
2022-11-08,-0.00043091543744428775,-0.0005858869152013132,-0.003523446442960762,-0.0035585495654608034,-0.0031689016237182997,-0.002054648114254698,-0.005564567601790596
2022-11-09,-0.0004883129467812534,-0.000792620066222067,-0.003535937137089364,-0.0044810022763985885,-0.0032066036800749947,-0.0021643449479797064,0.044069731754469176
2022-11-10,0.0003050139930827991,-4.918849575533753e-06,-0.003325891813661644,-0.0035585495654608034,-0.0029199269165373844,-0.00166539608875874,0.01797083415115398
2022-11-11,0.0004802672195550274,8.48599973404953e-05,-0.003639140217963214,-0.0035585495654608034,-0.0031773664860125475,-0.0017368088205537123,-0.007322163774580386
2022-11-14,0.0002395281814574977,-0.00023335677805716621,-0.0037130172224851985,-0.0035585495654608034,-0.0032749794038910932,-0.0018959162506419231,0.0013591207417732668
2022-11-15,0.00043527856177744486,-0.00010999897472878915,-0.0037130172224851985,-0.0035585495654608034,-0.003256473390940623,-0.001834231314402615,-0.0014376963527973604
2022-11-16,7.054108682895248e-05,-0.00044790314323625146,-0.003702461038007891,-0.0035585495654608034,-0.0032886052013467748,-0.002003181274673016,-0.006691964455077942
2022-11-17,-0.00018541964137046534,-0.0005700352603395044,-0.003790766724816485,-0.0044810022763985885,-0.0033978045769097955,-0.0021804315560382957,-0.0015282342760071807
2022-11-18,-0.00037273674862098305,-0.0006074404102799428,-0.003275280710762331,-0.004013657673666603,-0.002956277052119009,-0.0019414196870772315,0.0026598171618786846
2022-11-21,-0.0008182033082189927,-0.0008833773956555218,-0.0008266273930167958,-0.0017654725092721582,-0.0008405532367230882,-0.0008552675458911881,0.009580189976607041
2022-11-22,-0.0011715286795996836,-0.001067461215796068,0.0002847361570482414,0.00022111248669003938,0.00011882845492470372,-0.00042318739101007653,0.006181081659049129
2022-11-23,-0.0017687666922781321,-0.0013824628237663955,0.00028269653546084437,0.00022111248669003938,6.44750114010991e-05,-0.0005807455443426579,0.006734346178620084
2022-11-25,-0.001992691765770968,-0.0016288805442925798,0.00045295338372039235,0.00022111248669003938,0.00018485766561250893,-0.0007039072912043221,-0.016856660634045496
2022-11-28,-0.001043600230895903,-0.0009205086553431972,0.00019528374987611753,0.00021409459598569007,5.716764935935587e-05,-0.00036265151536198727,0.003524421279408783
2022-11-29,-0.0012983355177423176,-0.0011637503112590709,0.00025669202869984235,0.00021409459598569007,8.130893547460654e-05,-0.0004748556665097108,0.012875375581191869
2022-11-30,-0.0009028353577678326,-0.0007624216674376239,9.206781866833382e-05,0.00013912399721320085,-1.5850022708993125e-05,-0.0003352174046712353,-0.006078109092004785
2022-12-01,-0.001279414521185364,-0.0010941547126135849,-0.00030959070744165435,4.478064798213958e-05,-0.00040817854797959695,-0.0007018247471290387,-0.008451350227745279
2022-12-02,-0.0015369019192604991,-0.0013426645847764902,-0.0003488372132783933,4.478064798213958e-05,-0.0004721466466921097,-0.0008457018186042245,-0.02403981352479607
2022-12-05,-0.0014433754889220146,-0.0011877156399742544,0.00019111532288572275,-0.00046067668203040983,7.019581086761101e-06,-0.0008241184074844743,-0.023501545526238878
2022-12-06,-0.001408778370501022,-0.0010752955691251636,-0.0018788843483468207,-0.0053744553162854095,-0.0018425162432859857,-0.0016439731057551056,-0.008273092565047567
2022-12-07,-0.0017337786258347899,-0.0013259472577449786,0.008977843609641604,0.004931239800771258,0.007693719932343422,0.001802781359360776,-0.005125524181925427
2022-12-08,-0.001880755184628723,-0.0014504865695580322,0.00897184631322559,0.004931239800771258,0.00767258361181106,0.0017405090106234994,0.0029558967970855516
2022-12-09,-0.0017931456770186312,-0.0012623018101870702,0.008955415684198201,0.004931239800771258,0.007674979498166582,0.0018345963249634138,0.011186390587652684
2022-12-12,-0.001871628443534374,-0.0011691867297038221,0.008881277415358178,0.004931239800771258,0.007612043101643038,0.0018811425997596206,0.015057606959440358
2022-12-13,-0.0011261435818499988,-0.00039057413921521393,-0.0029184271015387396,-0.0053744553162854095,-0.0026887074709622916,-0.002022385422067086,-0.022797330761676355
2022-12-14,-0.0011037461573262628,-0.00041799358137034056,-0.003049199954343401,-0.0053744553162854095,-0.0028030640254889604,-0.0020765742404766085,-0.029711522884932208
2022-12-15,-0.0007291514775205157,-0.0001509109266614362,0.008107802294817987,0.004931239800771258,0.00706558169104488,0.00239027801078597,-0.009997598417383662
2022-12-16,-0.0005700511806134025,-0.00011598637359902221,0.009559681505583582,0.004984445804122492,0.008341039319861155,0.0024343827970601147,-0.005036532748589495
2022-12-19,-0.001328315933843451,-0.0007690282635549445,0.008506483766453661,0.004855502293635712,0.007339915071466885,0.002043359045022646,-0.00034819957096806205
2022-12-20,-0.001840457277561432,-0.0011382192065857882,0.008448431066899402,0.004855502293635712,0.007238019530525229,0.0018587503789322648,0.01632521418718637
2022-12-21,-0.002092593008008218,-0.0012650830276224562,-0.002720727568005127,-0.005450192823420954,-0.002625641019020876,-0.002406732691510336,-0.01316614028971814
2022-12-22,-0.002109394878372081,-0.0011707928756120307,0.0005148750836243989,-0.004072056756259269,0.00021202344020760115,-0.0016401041759000047,-0.00020257843019786705
2022-12-23,-0.002552929554665299,-0.00152252281481768,9.008943254696925e-05,-0.00046144359039346574,-0.00016276704577021856,-0.0009920363499310526,-0.010298539946309582
2022-12-27,-0.0027803374067530465,-0.0018671257369972285,-0.0002052234285779097,-0.00014514350365360515,-0.0004504571554853706,-0.0010363083113878809,-0.003221852909253047
2022-12-28,-0.002699728052858,-0.0020292276329182115,0.00021296345737922075,0.00019367128024467146,-8.83627269690746e-05,-0.0009178777124584461,0.007482196879887381
2022-12-29,-0.0027687386713893115,-0.002172051220639279,0.00035124750319516626,0.00019367128024467146,1.9209191411430392e-05,-0.0009892513236147492,-0.00014561407003044045
2022-12-30,-0.0030668405779667816,-0.002442164013940455,0.0003177155416707146,0.00019215479723501893,-4.338851004994981e-05,-0.0011250699175071167,0.008236580286011593
2023-01-03,-0.0030984446691979767,-0.0024899915948170554,0.00029678191355837747,0.00019215479723501893,-6.636694755427782e-05,-0.0011489846707301555,0.004265759023144237
2023-01-04,-0.003073773216134087,-0.0024924078399750386,0.0002982691122328231,0.00019215479723501893,-6.387692667450269e-05,-0.0011501896573880034,-0.01139637348532335
2023-01-05,-0.002847192904276359,-0.0023661664907481854,0.00030008448332046627,0.00019215479723501893,-4.192317423213314e-05,-0.001087059386291096,0.012488698830746374
2023-01-06,-0.0021693218414889207,-0.001967333107819713,0.0002954945953075512,0.00019215479723501893,1.6371900878395208e-05,-0.0008876078473368575,0.014035696693033662
2023-01-09,-0.00200264313533084,-0.0019378248924830155,0.00025590192224656997,0.00019215479723501893,-7.1189844604741545e-06,-0.0008728352776055392,0.012275418423829508
2023-01-10,-0.00183016014110607,-0.0019164118161925038,0.00022669170841368882,0.00019215479723501893,-2.1766580812834183e-05,-0.0008190143803683436,0.01972827481381278
2023-01-11,-0.001507886897396222,-0.0016487827374233484,0.0002227002387890611,0.00019215479723501893,9.311211002888006e-06,-0.0006578941396299323,0.014869052529894806
2023-01-12,-0.0014731848009236393,-0.0015709755633186654,0.00022342495519349977,0.00019215479723501893,1.676365525171152e-05,-0.0006405328396217192,0.010914960838892445
2023-01-13,-0.0007111466609830831,-0.0008756333163671499,0.0003582235795781377,0.00019215479723501893,0.00021977237716610732,-0.0002594953905990072,-0.06655110868736543
2023-01-17,0.0016697936321463116,0.001064446376366232,0.0012590984612947218,0.00044220512483026097,0.0012598295282789664,0.001161748075644857,-0.002374932529736765
2023-01-18,0.0004891718843359895,-0.00010298498664588064,0.0010242874815717768,0.00044220512483026097,0.0009169966284156013,0.0004656881337945098,0.0047438685377527625
2023-01-19,3.065800473910123e-05,-0.0006084229530689213,0.00029049914467525626,0.00019215479723501893,0.0002182677267226195,0.00011127376719458233,-0.025730712112672995
2023-01-20,0.0008540406796330017,9.89083452280486e-05,0.0010309965396348914,0.00044220512483026097,0.0009555566470229895,0.00064806700064999,0.021130261679738534
2023-01-23,0.00033702881276985577,-0.00022774147423852416,0.00033476501152627874,0.00019215479723501893,0.0002976431904783499,0.00026319591314905933,-0.0023229323595379
2023-01-24,0.0002354226906935599,-0.0003469512618143346,0.0003305286099500118,0.00019215479723501893,0.0002808566407782571,0.00021372068469138256,0.003725210479282951
2023-01-25,1.33905186561482e-05,-0.0006221955157226752,0.0003305286099500118,0.00019215479723501893,0.0002513001308919043,0.00010266525837581843,0.015157896093825946
2023-01-26,0.0003090548122233972,-0.0006073682177271098,0.0003788912217493759,0.00019021586771368994,0.00031047654572635854,0.0002494800947270411,-0.003584219623544789
2023-01-27,0.0003147938642853321,-0.0008192907918784386,0.0005510245831763552,0.00019021586771368994,0.0004472272927639189,0.00025243777908794915,0.010574287406662079
2023-01-30,0.0008282044244276906,-0.0005240144731617834,0.0004508926570996716,0.00019021586771368994,0.0004068051002180476,0.0003205116344105062,0.02309066937552389
2023-01-31,0.0007625387443402777,-0.0006032102625097651,0.0004549093102554998,0.00019021586771368994,0.0004017002421285329,0.00032249779366797584,-0.0002734284856683514
2023-02-01,0.000848457528746375,-0.0005120087948324655,0.00028403551827507414,0.00019021586771368994,0.0002634135681855125,0.00023711898311924595,0.010229058982370476
2023-02-02,0.0007414243626820154,-0.0005912424293862393,0.00028403551827507414,0.00019021586771368994,0.00025254889281035636,0.00023710848193588257,0.0012981013772865601
2023-02-03,0.0005858038950026839,-0.0006812647903745328,0.00028405659191525984,0.00019021586771368994,0.0002383643880632067,0.00023709743689704206,0.0022949211732520396
2023-02-06,0.00017913936187322733,-0.000991446671455233,0.0003225996104546631,0.00019021586771368994,0.00023006015199941197,0.00018465739195563564,0.00966201763883864
2023-02-07,-3.6907550724276435e-05,-0.0010201179660513956,0.00035623783404364624,0.00019021586771368994,0.00024572239969312574,7.653319508122414e-05,0.0018679113998310783
2023-02-08,-0.0006031789688884751,-0.0013199617582446452,0.00035623783404364624,0.00019021586771368994,0.0001957963319018147,-0.0002065953992507264,-0.01913694489736418
2023-02-09,-0.0008121661576460748,-0.001241311771064154,0.0003176737418640574,0.00019021586771368994,0.00015578160905020726,-0.00031105257203176194,0.008900813649587757
2023-02-10,-0.001422091304823862,-0.0014518893709148666,0.0003433166603807766,0.00019021586771368994,0.0001314438963716382,-0.0006159051729617624,0.007352722999510999
2023-02-13,-0.002125689652128625,-0.0017060663468410641,0.0003433166603807766,0.00019021586771368994,7.690365608219749e-05,-0.0007579724107628234,-0.006007074253739663
2023-02-14,-0.0013857637082434918,-0.0008668629056635424,0.00024721333346270757,0.00019021586771368994,8.679737102262029e-05,-0.0003384402332321554,0.0068624256170167685
2023-02-15,-0.0016074985242856253,-0.0010274189314005027,0.0002215704149459884,0.00019021586771368994,4.2193159798719905e-05,-0.0004187281639214861,-0.011121104845095348
2023-02-16,-0.001854103333113944,-0.0012756673756640145,0.0002215704149459884,0.00019021586771368994,1.3002571819337996e-05,-0.0005428393845787239,-0.0046026728311624795
2023-02-17,-0.0016671227714612953,-0.0012444531843900613,0.00029977431298166315,0.00019021586771368994,9.327753322805195e-05,-0.0005271867415028453,-0.020230499820524547
2023-02-21,-0.001520244453524153,-0.001188160518458384,0.00021251637950272327,0.00019021586771368994,2.890476675567781e-05,-0.0004990528855666943,-0.0006370073081639252
2023-02-22,-0.0016041391229018626,-0.001395530622343546,0.00016894507380123925,0.00019021586771368994,-2.6737489876724728e-05,-0.0006133416375009122,0.007316086172447938
2023-02-23,-0.0014246202165826762,-0.0013397653446541404,0.00015117410746257333,0.00019021586771368994,-2.8867636155985115e-05,-0.0005943092273470129,0.0008522093668023944
2023-02-24,-0.0014984669886345262,-0.0013689106878653303,0.00017332391750336473,0.00017589650483149143,-1.5630180530843676e-05,-0.0005978298148834565,0.00460665809104453
2023-02-27,-0.0015310235579276948,-0.0014105047833545404,0.00014785179915843976,0.00017589650483149143,-4.221710353862065e-05,-0.0006313523584779576,-0.03871195983339836
2023-02-28,-0.0010239379260102753,-0.0010274126360453576,0.00085219606696717,0.0009465405369539813,0.0006317745291700675,-8.584849489087944e-05,-0.008398236262270172
2023-03-01,-0.0013033325202764547,-0.0012269986256388467,-1.1246918262030242e-05,-0.00011526935653507139,-0.00016000997364351975,-0.0006711240918774051,0.008255012428158135
2023-03-02,-0.001014633263702363,-0.000994229854314689,-1.1246918262030242e-05,-0.00011526935653507139,-0.00012949879610676523,-0.0005547106192020384,0.022629432345937943
2023-03-03,-0.0010551656736733613,-0.0009983773779013573,0.0003044301960690875,0.00017589650483149143,0.00014618541875873847,-0.00041121597789285386,-0.00011201164673601669
2023-03-06,-0.0013001337070334797,-0.001232483728297999,0.0001947478765053273,0.00017589650483149143,2.249497858019926e-05,-0.0005283094354958219,-0.03120588439851022
2023-03-07,-0.0013052119151238167,-0.001140967755944643,0.00033893569432662653,0.00017589650483149143,0.00015353370659786948,-0.0004825359511541325,0.00923277131445355
2023-03-08,-0.0017342198247628851,-0.001436721218865148,0.00021585175562998635,0.00017589650483149143,4.216586308555662e-06,-0.0006304726568688721,-0.020828813709405165
2023-03-09,-0.0012841916504901761,-0.000966163123347429,0.0002664500581939491,0.00017589650483149143,0.00010264463256911925,-0.00039519624231406237,-0.043066828802993534
2023-03-10,-0.00069068215828068,-0.00045236705758124003,0.0002476476758875472,0.0011687691437383655,0.00016264881153606423,-0.00010224835990245204,-0.03781654871916375
2023-03-13,-0.0003205871455545985,-0.00012804867095908247,0.007909766032485105,0.011705105662278352,0.006994835103796407,0.0038909855094627134,0.020826734561121798
2023-03-14,-0.0007199895110743346,-0.00025414462904711207,0.004245235671878024,0.006718978755151098,0.0037175255025284244,0.0019956520663739936,-0.0314053080888827
2023-03-15,-0.00023738992159291061,0.0003986153423562963,0.011223340361362806,0.013625180389848264,0.009939442504376249,0.00581103421183626,0.009246386548994354
2023-03-16,-0.00034925331776682484,0.0004813489592935352,0.00893001330353237,0.011919204908944856,0.007922485346195668,0.004705754214939673,-0.03734479711426694
2023-03-17,8.500215645074806e-05,0.0008068370955343468,0.005950722327354077,0.009633532533016359,0.0053469051855427295,0.003378895500647067,0.019541530107915223
2023-03-20,6.310697344138599e-05,0.0006424582147215277,-0.0027935269552852825,0.004655823045212403,-0.002334274416228845,0.00035279408601299477,0.024729614587553038
2023-03-21,0.00027604566476540244,0.0007351748662903133,0.004353674414229175,-0.00034070898515890086,0.003847816596295387,0.0005057012638496405,-0.011442986134470208
2023-03-22,0.0005631530795257135,0.0007745495681817038,0.005152139719538775,0.0007369387426655135,0.004573496887075711,0.0007557905770458988,0.003754839637346583
2023-03-23,0.0007673984449726124,0.0008272012631976235,0.00570344958307766,0.0035714860462727647,0.005100526148549251,0.0021995127614253362,-0.007267984389032713
2023-03-24,0.000428718468995751,0.00042714503808708793,0.002281324203894204,0.0013872261816618527,0.002052433886370636,0.0009081657683690005,0.018888165525432397
2023-03-27,-0.00018370597105976305,0.00018334478918611457,0.006484518489654485,0.005325745987346845,0.005707925935365132,0.0027545974855610273,-0.0002827869883690868
2023-03-28,-0.0004958703382921874,-6.703895686669076e-05,0.007610793737990196,0.00695639937047403,0.0066742496123972424,0.0034446931254015416,0.0071344877368021125
2023-03-29,-0.0008929723524970008,-0.0004075825503112477,0.008581361797789858,0.00695639937047403,0.0074759250395486235,0.0032744614348281294,0.0013088167215158366
2023-03-30,-0.0010725672551085298,-0.000629020637280113,-0.0003261948617060233,0.00499027594643719,-0.000325027989957124,-0.00047750796261418726,0.01841931177052764
2023-03-31,-0.00155976517641672,-0.000833584255381817,0.0012502840573149954,0.00508278817486184,0.0010088733842860092,0.0002084838817971373,-0.0018053936409050792
2023-04-03,-0.0019065586635558691,-0.0011235460060873555,0.0025083291558879893,0.002885755829759429,0.002041504898664793,0.0006923549510702456,-0.011923032637265758
2023-04-04,-0.0017528171685069526,-0.0011479493033759226,0.0014144767113341272,0.001022228986142491,0.001074678313304422,-6.288751367860982e-05,-0.0034772448655563514
2023-04-05,-0.002120912918446758,-0.0015632157762351792,0.000586934456044094,0.0003730509876311551,0.0003003916912343163,-0.0005951358027660115,0.0027021635936213245
2023-04-06,-0.0023493186321484633,-0.0018701495521184254,0.00042149113932575576,0.0003730509876311551,0.00012445348164190584,-0.0007486197251614198,0.007909092310224358
2023-04-10,-0.00233985226482224,-0.0018955139509952896,4.231697816476798e-05,0.0002261986742747608,-0.00020841501080625882,-0.0009266423875301573,0.007388908968447142
2023-04-11,-0.0017772774477821298,-0.0015972864627482397,5.419316519517023e-05,0.0002261986742747608,-0.00014845439726454167,-0.0007715484481809262,0.008728715060631635
2023-04-12,-0.0015968919125835864,-0.0015682754802516952,6.118286331629908e-05,0.0002261986742747608,-0.00013067517806476797,-0.0007535109295990211,0.005706832315841444
2023-04-13,-0.001095902644472901,-0.0012773995967275066,0.0003261492432123352,0.0002261986742747608,0.00014578337934636963,-0.00043487497309192174,0.014318946303622836
2023-04-14,-0.000695289451958245,-0.0010455295514398507,0.0001930067110667611,0.0002261986742747608,6.644580940736697e-05,-0.00025124765119864244,0.008158525365499228
2023-04-17,0.00030906811850186556,-0.00041487686299962,0.00019681960811520377,0.0002261986742747608,0.00016457209492481005,0.00021144770832179593,-0.017132534086776778
2023-04-18,0.0015384075163296842,0.00043363696113757377,0.0015079213763292767,0.0004572751533050826,0.001429507211865438,0.0009826012809977173,0.008884995621489441
2023-04-19,0.0009633566925901384,-7.554438761699751e-05,0.00012111402980492673,0.0002261986742747608,0.00015590196277340314,0.0001737204628316427,0.005387802007027803
2023-04-20,0.0007249132141020615,-0.00025996032299409994,0.00012111402980492673,0.0002261986742747608,0.00013119790080006916,0.00017366817221273044,0.008671767842859078
2023-04-21,0.0005412289546747885,-0.0003495315481201177,0.00012111402980492673,0.0002261986742747608,0.00011548993960424428,0.00017363716285159753,0.006709221091751877
2023-04-24,0.0005337492743836851,-0.00026899539599601333,2.0704765016360526e-05,0.00022270727647037643,3.2727098926687826e-05,0.00012171138698974774,-0.013110156453084738
2023-04-25,0.00028010877361994355,-0.00047453659834620034,9.91093817462047e-05,0.00022270727647037643,7.411084875903328e-05,0.00016074665017743356,-0.008638588699771148
2023-04-26,-4.762844369779126e-06,-0.0007132463929323365,4.545933554520379e-07,0.00022270727647037643,-4.245161610873442e-05,-2.159523610891754e-06,0.014864054291678926
2023-04-27,-0.0002195401623543902,-0.0008177192855778573,1.657786384905748e-05,0.00022270727647037643,-4.676585627353982e-05,-0.00010156018448602499,0.0053718008674574795
2023-04-28,-0.00047271168946086753,-0.0010346132550357048,2.1248393446588254e-05,0.00022270727647037643,-7.026466111727589e-05,-0.0002258175704175869,-0.008391819010498784
2023-05-01,-0.0004539085367164645,-0.0010368714848025646,2.1248393446588254e-05,0.00022270727647037643,-6.938002470571788e-05,-0.0002164189567500909,-0.0213675718333171
2023-05-02,-0.0005344279819704308,-0.0009755325511374223,-2.064754921800672e-05,0.00022270727647037643,-0.00010637039919426911,-0.0002775882451232607,-0.01425966308517665
2023-05-03,-0.0008363409623909578,-0.0011997055330421923,-1.672706761578927e-05,0.00022270727647037643,-0.0001336466010508427,-0.00042656599542364716,-0.022742471264147683
2023-05-04,-0.0008211859880015767,-0.0011380742969504963,-0.00014600854921964707,6.353744351491552e-05,-0.00024329383210031303,-0.0004836295433765618,0.017770379780268675
2023-05-05,-0.0011175782740274831,-0.0013185103656884903,-5.554520409525763e-05,6.353744351491552e-05,-0.00019215953103019287,-0.000586587493586747,-0.0015605744323191962
2023-05-08,-0.0014424285564340724,-0.0015740351253237374,-3.475140400412143e-05,6.353744351491552e-05,-0.0002079846180184514,-0.0007385993767545545,-0.0053432466986359575
2023-05-09,-0.0019363222532998376,-0.0018645933120304077,-8.595563835190232e-05,6.353744351491552e-05,-0.00029794362151525794,-0.000975256173566531,-0.006859235558624902
2023-05-10,-0.0017898787924746171,-0.0015446772810026649,-0.00012521474912851086,6.353744351491552e-05,-0.0003038675274049778,-0.0008349592195080812,-0.005689801646384986
2023-05-11,-0.0019423487718521902,-0.0017035068166165875,5.6482395383268917e-05,6.353744351491552e-05,-0.00016407627733129728,-0.0008235665505984598,-0.003811165822090371
2023-05-12,-0.0018521568688664404,-0.0016654462860311965,7.41327883799941e-05,6.353744351491552e-05,-0.00014137253393410848,-0.00080099781589129,0.008011866648576185
2023-05-15,-0.0019443161696038051,-0.0016907819046305492,-8.595563835190232e-05,6.353744351491552e-05,-0.0002873784472676594,-0.0008883918043007268,-0.003920024215457277
2023-05-16,-0.0022561977365702984,-0.0018091772204714498,-4.370263562381596e-05,6.353744351491552e-05,-0.0002751332739025916,-0.0009265039623976623,0.028788927556531
2023-05-17,-0.0023240577728214974,-0.0016227018373115903,6.546399367460035e-05,0.00022270727647037643,-0.00017017259425401065,-0.000778706440122488,-0.0018189546711468926
2023-05-18,-0.0029948762887545798,-0.001861108359226543,0.00015865084588373869,0.00022270727647037643,-0.00014079892229904104,-0.0008513662397329109,-0.010461630402860952
2023-05-19,-0.0031051593065221346,-0.0018507503097435032,4.224684677759573e-05,0.00022270727647037643,-0.0002475062304911498,-0.0009043770108212125,-0.0037782941606250226
2023-05-22,-0.003169815276273112,-0.001960579891956268,1.7007565627842285e-05,7.119372565626275e-05,-0.0002817058529840665,-0.0009719327088242752,-0.0041634800806907455
2023-05-23,-0.0032511834633874802,-0.002078904159333185,6.5523260591002325e-06,7.119372565626275e-05,-0.00030274420079412804,-0.0010363138389770984,-0.011688435143607422
2023-05-24,-0.0034710345628670455,-0.002242970137375116,-2.5469383980759416e-05,7.119372565626275e-05,-0.00035302073161977134,-0.0011343509053849052,0.012645917638869904
2023-05-25,-0.0035265969097975328,-0.002203110838579574,1.8764083378462912e-05,7.119372565626275e-05,-0.00031502647374225884,-0.0010923194709024718,0.024791914968771925
2023-05-26,-0.0034975278429573453,-0.0020237591690457036,7.954075662645644e-05,-0.00018124347908516088,-0.00025207801303679374,-0.0011026260377064241,-0.003560522171113658
2023-05-30,-0.0036508098668498997,-0.0022360838289111618,-1.1371152200478295e-05,7.119372565626275e-05,-0.00035013615022280503,-0.0011238730004200562,-0.013584246816156671
2023-05-31,-0.0034516952541147113,-0.0021077336206446386,-9.811739285967973e-05,-0.00018124347908516088,-0.00040954993368832603,-0.0011446391879524514,-0.0234275331043587
2023-06-01,-0.0027693451362247336,-0.0017858282799058758,-0.0005377863543240451,-0.00018124347908516088,-0.000734639730980176,-0.0011618893564690506,0.022655360963329867
2023-06-02,-0.0021203290194773063,-0.0014247093896343078,0.00045342161228744196,2.1139392410526865e-05,0.00018891465043047623,-0.0007018220353685285,-0.005701363493093077
2023-06-05,-0.002397162825298843,-0.0018209517314464808,-4.984747297508578e-05,7.119372565626275e-05,-0.0002888436236083181,-0.0009354781433443901,0.015387194354835116
2023-06-06,-0.0022194582085561924,-0.0017467302169617979,-5.731961965050415e-06,7.119372565626275e-05,-0.00023602908975131333,-0.0008763069367439516,0.027018379502898756
2023-06-07,-0.0016306414915714623,-0.0011921091217766452,-0.0003547662770445148,-0.00018124347908516088,-0.000475499686188689,-0.0007735060449934044,-0.0008342895763547442
2023-06-08,-0.0019199437200286894,-0.0014249585265061991,5.940957490089217e-05,7.119372565626275e-05,-0.0001425838161235118,-0.0006828816456286953,0.0016381380141181963
2023-06-09,-0.0020044431812199478,-0.0016154777945498499,3.257426257023863e-05,7.119372565626275e-05,-0.00018262288772654395,-0.0007915276103657992,0.010273888609440986
2023-06-12,-0.0016331603498232054,-0.0016103246967678665,2.6935072334810737e-05,7.119372565626275e-05,-0.0001669155753270742,-0.0007916886601925085,0.008827037140349832
2023-06-13,-0.0013735324246070555,-0.0015971869186226395,0.00013124940900109748,7.119372565626275e-05,-6.108412930543977e-05,-0.0006512126099027018,-0.011983821985517626
2023-06-14,-0.0009903290057238865,-0.0013436512194939917,3.8271910586602154e-05,7.119372565626275e-05,-0.00010503585814456296,-0.00047612667697331617,0.003892754038205196
2023-06-15,-0.0009311625394654717,-0.0010806935198741927,-1.5695657314355338e-05,-0.00018124347908516088,-0.00013504159956955142,-0.0005561968030296098,-0.004217788020567186
2023-06-16,-0.001149423279710657,-0.0012841400464793393,0.00045104344306013934,2.1139392410526865e-05,0.0002488015143160447,-0.0005640722674126108,-0.022690642447262387
2023-06-20,-0.0014743281033346265,-0.001485747079645402,-3.503238070771225e-06,7.119372565626275e-05,-0.000176848119724061,-0.0007388959352726343,-0.017231522583285173
2023-06-21,-0.0018207637317419808,-0.001759713759485547,3.8243318003574977e-05,0.00014467824528450977,-0.0001759347968371657,-0.0008607241964363527,-0.01703301522277405
2023-06-22,-0.0017780047082226864,-0.001878739759881847,1.1233280082453231e-05,5.24429349994734e-05,-0.00020570639684398966,-0.0008834005303010918,-0.015356075184528466
2023-06-23,-0.0018677278180367052,-0.002007217844137134,0.00010797711250794983,5.24429349994734e-05,-0.00013452138510403438,-0.0009076613269532647,-0.007495145605038911
2023-06-26,-0.0020487345834550304,-0.002149168333865651,-0.00010328045295261496,5.24429349994734e-05,-0.00033730986411757555,-0.001075995743185792,0.0034834818511454927
2023-06-27,-0.0019569717227163916,-0.00207677181333124,1.3715095153025726e-05,-0.00012168194805688899,-0.00022786337144580136,-0.0010393233504118787,0.0006697292226392986
2023-06-28,-0.0018344095524430839,-0.0021123571674633843,4.82064757204329e-05,-0.00017467002540429895,-0.00019400051041682423,-0.0010045508583443304,0.02962142255547875
2023-06-29,-0.0012373127063590337,-0.001586331891029772,0.00020643711432920798,5.24429349994734e-05,1.2286736871021555e-05,-0.000592480677140182,-0.0017037517564353667
2023-06-30,-0.0010295583211790233,-0.0016080707052498343,6.360893769759518e-05,5.24429349994734e-05,-0.00010207543112842037,-0.0004887009307619445,0.012539539865040592
2023-07-03,-0.0005106673742058241,-0.0013482794838303516,0.00014147460469042425,0.0001976663226319197,1.2182036331553339e-05,-0.00018477906616477737,-0.020289693702600677
2023-07-05,-0.0003068793352228845,-0.0012814614212681473,0.00010465256416482458,0.00014467824528450977,-5.116407037854265e-06,-0.00010133337403403427,-0.022273950697727418
2023-07-06,-0.0003660551669449658,-0.0012993046180419638,8.438827586022992e-05,0.00014467824528450977,-2.712095169116893e-05,-0.00014103261755009177,0.006908986420760784
2023-07-07,-0.0006859824703447891,-0.0013478856024706012,8.047610005368372e-05,5.24429349994734e-05,-5.2146076857832014e-05,-0.00031694338783502574,0.004116358968230022
2023-07-10,-0.001375979745228973,-0.001603517291121962,0.00021764705843840625,0.0001976663226319197,1.5049386408065346e-05,-0.000589209857561953,0.013838868572350407
2023-07-11,-0.0019959166990179324,-0.0017114769334557532,0.00013991272394539258,0.0001976663226319197,-9.333545189891214e-05,-0.0007858296398876494,0.017056264349694112
2023-07-12,-0.0020498812674841246,-0.0013432957258064475,0.00012154725074488008,0.00014467824528450977,-8.957654867481368e-05,-0.0006110065001598564,0.006961047550259928
2023-07-13,-0.0027103053483738923,-0.0016812500099493669,0.00012154725074488008,0.00014467824528450977,-0.00014706033964747713,-0.0007799988994470086,-0.007604627568410403
2023-07-14,-0.00253987769098817,-0.0016673105720320359,0.00014147460469042425,0.0001976663226319197,-0.00011890717145265862,-0.0007630432684903241,0.003091581740360599
2023-07-17,-0.002591900225464265,-0.0018995097214603495,0.00014147460469042425,0.0001976663226319197,-0.0001364480718620867,-0.0008791168420261637,0.03031224247369614
2023-07-18,-0.0017976441938430802,-0.0014472583920729352,0.00017272597403963683,0.00014467824528450977,-3.781878043084813e-05,-0.0006513642109795629,0.009677939574343639
2023-07-19,-0.0009724324883306911,-0.0007012483515384194,0.0008423613314953272,0.0006201713151672837,0.000642921059427401,-4.0549888160284814e-05,0.02982542156282788
2023-07-20,-0.0005498820980526866,-0.00014635934988415413,0.0001450814412991884,0.00021643863931057622,8.947473835169594e-05,-7.771247933602323e-07,0.0031302296562488816
2023-07-21,-0.0006169812416961242,-9.596564727807824e-05,0.00019673580455988087,0.00021643863931057622,0.00013396562930339764,5.017183502290068e-05,0.01960996284199468
2023-07-24,-0.0005120421824674258,0.00012004102388958783,0.00022976685254524895,0.00021643863931057622,0.00018212875827560638,0.00016798987995216374,-0.011855078670385577
2023-07-25,-0.000648059755394837,-9.655426623506866e-05,0.00022976685254524895,0.00021643863931057622,0.0001609852905531808,5.9719599618623636e-05,0.008030714641547301
2023-07-26,-0.0006474605990295019,-0.0002651322950041356,0.00017041246093817662,0.00021643863931057622,9.867600936564602e-05,-4.7504810869419676e-05,-0.008566359871347816
2023-07-27,-0.0007210742244778822,-0.0004883735214071972,0.00026180372563764395,0.00021643863931057622,0.00016008330571852018,-0.00013604862436128928,-0.00361725307150316
2023-07-28,-0.0010586234108606108,-0.0007296004712125659,0.00017041246093817662,0.00021643863931057622,4.6806011047826295e-05,-0.00027968845298840286,0.0074460996082667714
2023-07-31,-0.0017334469929805253,-0.0011091812049631349,0.00021061810864175047,0.00021643863931057622,2.0901619262799523e-05,-0.0004494176241143133,0.0051849478862190275
2023-08-01,-0.0019611422554027787,-0.0013135696454875836,0.0001860234597785739,0.00021643863931057622,-2.5890284942337803e-05,-0.0005638943509916762,-0.01867951226453276
2023-08-02,-0.0019470691291181596,-0.0013373032609755157,7.167387341144663e-05,0.00021643863931057622,-0.00012617109411233946,-0.0006329018413216827,0.005850186445490357
2023-08-03,-0.0016025282563720221,-0.0012577364717113308,0.0002042105526006278,0.00021643863931057622,1.307475407625591e-05,-0.0005268458833522053,0.00016989067950885553
2023-08-04,-0.0014579981434803839,-0.001321563804159086,0.0002042105526006278,0.00021643863931057622,1.6933038551150562e-05,-0.0005587120535184898,0.00660305425925049
2023-08-07,-0.001187968963040623,-0.0014483826142707703,0.0002031239917257231,0.00021643863931057622,2.271657156915655e-05,-0.0004924907954992244,-0.020744808358077092
2023-08-08,-0.00068067800343673,-0.0011593673280066211,0.0002031239917257231,0.00021643863931057622,6.873396732765037e-05,-0.0002389190444063812,-0.01612297530326942
2023-08-09,-0.0006912725956991679,-0.0013767339982443771,0.00022343496762283126,0.00021643863931057622,7.207777116142707e-05,-0.0002375901495667451,-0.006704967452379151
2023-08-10,-0.000728487420727754,-0.0014079958085547462,0.0002413198393548541,0.00021643863931057622,8.363493659080921e-05,-0.00025618489994840775,0.0009690845010977411
2023-08-11,-0.0010668002285202473,-0.0016249143001187886,5.6218695617373656e-05,2.123971846581455e-05,-0.0001119692117939263,-0.0005229100330943431,-0.008814092419398682
2023-08-14,-0.001138370297891097,-0.0017137327665906182,-2.008204310490435e-05,2.123971846581455e-05,-0.0001879265400135252,-0.0005793540685702425,-0.016509115398626227
2023-08-15,-0.0008556421906994653,-0.0015079806460592928,-7.206005095249981e-05,-0.00029694421403683035,-0.00020835970636231643,-0.0005763822623826768,-0.009375287173613984
2023-08-16,-0.000968028796372882,-0.0014565445870226021,-0.00021945319541078447,-0.0031558837754863283,-0.00037242910523332425,-0.0012123375395253259,-0.004842876944601339
2023-08-17,-0.000983274338491268,-0.0012078994857827848,-0.002045477957929112,-0.004230767508070124,-0.001959536159206547,-0.001626863041013688,-0.007939329765071942
2023-08-18,-0.001270196707158636,-0.0014426495928724073,-0.0017678194378768022,-0.004230767508070124,-0.001748358671252762,-0.0016054010547866112,-0.008871979491828637
2023-08-21,-0.0008136982327031489,-0.0011408281250541033,-0.0014617359045800266,-0.0030847796646462614,-0.0014246683689838687,-0.0013013811408289513,-0.010205164775177121
2023-08-22,-0.0009824142160488219,-0.0012363551263523988,-0.0010906637853219836,-0.001647785247458649,-0.0011003753840888228,-0.0011636085136118874,0.011043267742203135
2023-08-23,-0.0013155572147140182,-0.001334681768331954,-0.0003329131113869408,-0.00020576184153266085,-0.0004485627203198604,-0.0008241904868823063,-0.007379983243647629
2023-08-24,-0.0013840211010276626,-0.0012048558556002472,-3.92575330907496e-05,-0.0001938213165337805,-0.00018830583891859946,-0.0006993464294184677,0.0005936678554453142
2023-08-25,-0.001483482072720182,-0.0012441622474920304,-0.00022468395432630585,-0.00020576184153266085,-0.0003577905114051996,-0.0007345008312206134,0.018015835498938
2023-08-28,-0.001434595314505594,-0.0011268200315483418,-7.246616130529803e-06,0.00021819411861928814,-0.0001535258693164333,-0.0005670534532998652,0.019984870844871744
2023-08-29,-0.0013768951633046365,-0.0009397632434777242,-2.93628903946736e-05,0.00021819411861928814,-0.00015778557405478385,-0.0004846066144722185,-0.003706210704737368
2023-08-30,-0.001611381422076181,-0.0011024897084845032,-2.5605113114344595e-05,0.00021819411861928814,-0.00017762911008403494,-0.0005641017795322777,-0.002651269229294238
2023-08-31,-0.001672655131685397,-0.0011913629128550733,-5.3215556988615045e-05,0.00021819411861928814,-0.00021063964101598415,-0.0006223312392979628,-0.0009462596047593869
2023-09-01,-0.001750273482399991,-0.0012905894351083538,9.11732880573415e-06,0.00021819411861928814,-0.00016689814364317433,-0.0006407871450514207,-0.011211063297514775
2023-09-05,-0.0018154028528255919,-0.0013690270600133737,-1.5223363866359528e-05,0.00021819411861928814,-0.00019661232735452547,-0.0006921673120203672,-0.00812561232218662
2023-09-06,-0.002087031747789382,-0.0015080708979621359,-0.00016609259281354056,0.00021819411861928814,-0.0003515978962023486,-0.0008371129437986078,0.002581194085553643
2023-09-07,-0.002383505450877744,-0.001749019110074797,-0.00014633508817619848,0.00021819411861928814,-0.0003658516980888367,-0.0009477168985016595,0.010996780082842907
2023-09-08,-0.002614634206424972,-0.001821581124544453,-9.873470449869638e-05,0.00021819411861928814,-0.00034163706193006285,-0.0009602225832543141,-0.0026763224512466725
2023-09-11,-0.0029479440570571677,-0.0020030388858039787,-0.00012207785280391573,0.00021819411861928814,-0.0003916597489523672,-0.0010626311774405942,0.019068525758128552
2023-09-12,-0.0023771875315427146,-0.0014996431122993761,-1.0029970886933685e-05,0.00021819411861928814,-0.00023106016827517597,-0.0007549315047013057,0.012254566926522034
2023-09-13,-0.001858446271260569,-0.0012874692122186782,-5.277470071968709e-05,0.00021819411861928814,-0.0002264926139089338,-0.0006701765069163624,0.028226576411189
2023-09-14,-0.0010225206224711463,-0.000736888746826864,0.00011851964102523625,0.00021819411861928814,3.16230139172414e-06,-0.0003092464653203191,-0.0059088240739618315
2023-09-15,-0.00034593445820310875,-0.0005075489169228634,-2.3502394519825513e-05,0.0002470046783263009,-6.865255045683192e-05,-0.0001846745929290808,0.0022744096623576997
2023-09-18,-0.0003058166454819904,-0.0007254352098562411,9.440209940253217e-05,0.00018924145841251597,2.1726161632588568e-05,-0.00010582565094716506,-0.004173864990450058
2023-09-19,-0.000131757705524841,-0.0006547911973107852,7.87055493073295e-05,0.00018924145841251597,2.2045329673748658e-05,-2.6646900363228223e-05,-0.01529656167823353
2023-09-20,-0.0003786375866688063,-0.0008459438482833787,6.256770935182127e-05,0.00018924145841251597,-1.7595076376553028e-05,-0.00015814129993075475,-0.019372848054489054
2023-09-21,-0.0007123883985765086,-0.0010705077338154098,-6.895251575484523e-06,0.00018924145841251597,-0.00011052025060505062,-0.0003596884404330635,-0.007141451087117857
2023-09-22,-0.0011171744911449093,-0.0013402605841546652,-2.212492000411451e-05,0.00018924145841251597,-0.0001629748003582471,-0.000569652899494381,0.0028930214462222444
2023-09-25,-0.0017247769256323571,-0.0016863021457696797,3.297047972072526e-05,0.00018924145841251597,-0.00017012027034856022,-0.0008266366809955156,-0.01538332939320026
2023-09-26,-0.0017647796486871302,-0.0016739441271754589,4.64565522256206e-06,0.00018924145841251597,-0.00019618245904883325,-0.0008346270567034115,-0.005791664183252426
2023-09-27,-0.0016981177175648494,-0.0016293572711211888,-4.600603082154201e-05,0.00018924145841251597,-0.0002338122118560007,-0.0008376412761786284,0.010044266493295744
2023-09-28,-0.0012786716551316866,-0.001482903120199629,1.5049384351254487e-05,0.00018924145841251597,-0.00014846732546701803,-0.0006318189652088512,-0.005025035638263468
2023-09-29,-0.0010452927608305398,-0.0014425272343881565,1.5049384351254487e-05,0.00018924145841251597,-0.00013315758757484247,-0.0005151760954356355,-0.015792939733600384
2023-10-02,-0.0007802813508199563,-0.0014250876228977872,8.173902833507409e-06,0.00018924145841251597,-0.00012355647462091338,-0.0003861534667250374,-0.039645382987366
2023-10-03,-5.571330376782018e-05,-0.0009044916757995315,-1.360630558800452e-05,0.00019674016723311973,-6.988093270369671e-05,-3.46926172995556e-05,0.008068745409094382
2023-10-04,-0.00022126771126450116,-0.001011876103993016,1.9357837704571608e-05,0.00013897694731933478,-5.7692677700786354e-05,-0.0001010954558946273,0.006137948653655105
2023-10-05,-0.00042906059317187126,-0.0009667305966535409,0.00013161054968646913,-6.0157294737449e-05,2.9241910408472243e-05,-0.00024469451914589093,0.006356748889398538
2023-10-06,-0.00042233707539873555,-0.0007253191867323302,0.0001687152910430103,0.00018924145841251597,8.005945463929163e-05,-0.0001269393644180024,0.00041575146414522254
2023-10-09,-0.0005839856976551038,-0.0007738613577727286,0.0003847409818306696,0.00018924145841251597,0.0002562150280828345,-0.0001973701790960242,0.0068857210048595486
2023-10-10,-0.0006997443886073667,-0.0007158342958860761,0.00029139426776526764,0.00018924145841251597,0.00017229849635435197,-0.00025521132529316164,-0.005574950954797265
2023-10-11,-0.0007702589088326825,-0.0006754614987400135,0.0002125407557324961,0.00018924145841251597,0.00010235416310709596,-0.0002431441011327333,-0.010178728903512882
2023-10-12,-0.00043521991785243054,-0.0004972281145009811,0.0002436886858558926,0.00018924145841251597,0.0001590617383797799,-0.00012299388593031954,-0.001776862903267196
2023-10-13,-0.00033044696383721303,-0.0004952970076311791,0.0001273177942857087,6.860631796991842e-05,6.221554279641032e-05,-0.0001309879562882421,0.01632276651794422
2023-10-16,-0.0002657902075633052,-0.0004248359328337643,0.0002978287867922022,6.860631796991842e-05,0.00021864825901745226,-9.856104485365064e-05,-0.01612865058487022
2023-10-17,-0.0002729169710674693,-0.00015512700806687537,0.0027159585192536775,0.0023587938501539343,0.002366776171877581,0.0011018701147384284,-0.024211158364942423
2023-10-18,-0.00077302871415267,-0.00047627992172997357,0.0012959910939152892,0.0023587938501539343,0.0010829572933979974,0.00040994745873356234,-0.009215616981007469
2023-10-19,-0.0010403600658126302,-0.0005966750177818399,0.00013345497334218102,6.477580862140325e-05,2.230089280490897e-05,-0.00026607264963230814,0.0028702793618589034
2023-10-20,-0.0013786856754574523,-0.0008400002409666655,0.00026896914128308585,6.477580862140325e-05,0.0001063819776993914,-0.00038768609779174187,-0.0027700427560482244
2023-10-23,-0.0014594518915409145,-0.0008773993317241291,0.00012104108061924181,6.477580862140325e-05,-2.9178647620859267e-05,-0.00040644514082394524,-0.0001335804415733402
2023-10-24,-0.0016832663203122608,-0.0011433828730975332,0.0005288432282294003,6.477580862140325e-05,0.0002967677784899385,-0.0005393156428433715,-0.008121712141537495
2023-10-25,-0.0016679292662382466,-0.0011867114613498464,0.0008170416666815501,6.477580862140325e-05,0.0005457558476577658,-0.0005609310122615108,0.0007745825111990027
2023-10-26,-0.0016105375177935441,-0.001161918180043897,0.0009328159374881014,0.00011405489162834717,0.0006518160721516748,-0.0005238823429769594,-0.02412782360226949
2023-10-27,-0.0013734079811087907,-0.001013121942221713,0.0011444363853031782,0.0004280195894656851,0.0008620305472052164,-0.0002924990481130262,0.03697475224625172
2023-10-30,-0.0006881634804784265,-0.0005199346462323013,0.00027878705777552315,6.860631796991842e-05,0.00017296935399094195,-0.0002256477497988169,0.00919856991940659
2023-10-31,-0.00046647224859235536,-0.00039332588008024466,0.00041535021758557183,6.860631796991842e-05,0.0003119845217517114,-0.00016224607649333817,0.011624875433109687
2023-11-01,-0.0004917409411505391,-0.00039566333554524874,0.00042593287155926564,6.860631796991842e-05,0.0003196684280250652,-0.00016342753398595903,0.021259613273596302
2023-11-02,-0.00038695501641375883,-0.00024699210625809225,0.0003466602356102514,6.860631796991842e-05,0.0002657944237656146,-8.913485786846278e-05,0.04322590406073927
2023-11-03,0.00038266881192130847,0.0004727995857290659,0.000472819491939197,6.860631796991842e-05,0.0004632442725649776,0.00042745549088065473,-0.011388562461845655
2023-11-06,0.00022721697163573037,0.00018004959200710642,0.00037923137819937893,6.860631796991842e-05,0.00035474465379809134,0.0002036511787136887,0.0001235778168457463
2023-11-07,9.261960822129145e-05,-7.947173704392954e-05,0.0003001685581103252,6.860631796991842e-05,0.00026213311429069703,8.062313825433553e-05,0.0018811117319285481
2023-11-08,-0.0002869159408336345,-0.000447062652721875,0.0003001685581103252,0.00017136309566103119,0.0002193051357301348,-5.779235872478559e-05,-0.011714914881472856
2023-11-09,-0.0004934832262763179,-0.0006048129405332912,0.0002906663486332186,0.00017136309566103119,0.0001897587920313944,-0.00016105627787477503,0.014637672926994891
2023-11-10,-0.0009660933097249887,-0.0007111717809543171,0.0002888322105016884,0.00022958514651054058,0.00015627126604165383,-0.00024086097545595526,0.004291798241640679
2023-11-13,-0.001269462338756541,-0.0009327772951350552,0.0002888322105016884,0.00022958514651054058,0.00012566501516066383,-0.0003516734618269077,0.03548891366945499
2023-11-14,-0.0006134465916497082,-0.00017269175471834494,0.00033633097782879485,0.00022958514651054058,0.00025097853689939117,2.833217456504036e-05,-0.0033119544011763766
2023-11-15,-0.0008282495367191103,-0.0003470509622899353,0.0004192716997911958,0.00022958514651054058,0.00030040744080326746,-5.880960326890071e-05,-0.00275867685839623
2023-11-16,-0.0010336793446354296,-0.0006370863359675589,0.0004946411450717265,0.00022958514651054058,0.0003364352174297815,-0.0002037818658855687,0.007457185181004542
2023-11-17,-0.0007995922111860358,-0.0008091897111272459,0.0002955201212947315,0.00022958514651054058,0.00016498822270223277,-0.00028497894592490743,0.0007663575493996107
2023-11-20,-0.0006440201168390688,-0.0008633047511720944,0.00025871363208938175,0.00022958514651054058,0.00013802265111111526,-0.00020729277576324854,-0.013285887775594894
2023-11-21,-0.0010024280437374157,-0.0013375634017606943,0.00023367927767512875,0.00022958514651054058,6.662216776503408e-05,-0.00038651629841920287,0.010896584517566572
2023-11-22,-0.0012923931894837765,-0.0015950382433637925,0.0001609354054099108,0.00022958514651054058,-2.8849583886637317e-05,-0.0005657862206980553,0.0015050139609509474
2023-11-24,-0.0019873783482219722,-0.002030714651633055,0.000192816369269862,0.00022958514651054058,-6.665366938413399e-05,-0.0008972824148363072,-0.004254926376076155
2023-11-27,-0.0022664581853280626,-0.00210211509880692,0.00027421245243843364,0.00022958514651054058,-1.556499065041725e-05,-0.0009362875347367077,-0.0001778188774992124
2023-11-28,-0.0025858362206105778,-0.0022199970278344496,4.092694784779586e-05,0.00015724048748479757,-0.00024440014084282664,-0.0010895763008014546,0.01587829810516296
2023-11-29,-0.0021790572924989065,-0.0019067263864568395,-4.266875784150144e-05,0.00015724048748479757,-0.0002751149746892983,-0.0009747113260551838,0.003754772680921092
2023-11-30,-0.0022360657568912872,-0.002013792898457011,-4.266875784150144e-05,3.4861183738020354e-05,-0.000286414628607187,-0.0010282604849869057,0.019972443914250425
2023-12-01,-0.0017850614281565832,-0.0015809702229861481,-7.779393116351667e-05,-0.00019059882362324477,-0.000267540968542281,-0.0008858085360973958,0.002751451515204868
2023-12-04,-0.0015564795650352568,-0.001508751074827153,-3.929699814973181e-05,3.4861183738020354e-05,-0.0002143719153884402,-0.0007740160713951145,-0.022109257229489664
2023-12-05,-0.0015025757038604612,-0.0016075422484918866,-8.717672508052403e-05,3.4861183738020354e-05,-0.0002593613885143655,-0.0007948714082914366,0.0006433792757023635
2023-12-06,-0.0018368707849928737,-0.001851644337027479,-8.717672508052403e-05,3.4861183738020354e-05,-0.00029308173089908653,-0.0009619963772896519,0.007719336352396519
2023-12-07,-0.0021445702732205063,-0.0021021964587182567,-5.264167495163315e-05,3.4861183738020354e-05,-0.00029569226511950525,-0.001077409038089136,0.01785948635989099
2023-12-08,-0.0020692140684881706,-0.0018970534924904706,-6.982179292533052e-05,3.4861183738020354e-05,-0.0002935450521607115,-0.0009834525436764924,0.0026473778140880745
2023-12-11,-0.0019958906048050964,-0.0018013447510952865,6.774500050475266e-05,0.00025964693061819084,-0.00016113590646362868,-0.0008668004060613808,0.0024134279909138606
2023-12-12,-0.0023216834829187807,-0.001970439786910811,1.7779139342621484e-05,0.00025964693061819084,-0.00023314178385211123,-0.0009763487666813084,0.02829624710485992
2023-12-13,-0.001655753120962802,-0.0012978085826594,7.801193918545019e-05,0.00025964693061819084,-0.00010173650710063963,-0.0006099369596092847,0.055602566080865994
2023-12-14,-0.0004320510331912204,-4.778923492251743e-05,0.001432868414014543,0.0006943870328187014,0.0012287377301674965,0.0003233544030178401,-0.007748849070083762
2023-12-15,-0.0003499198201316994,-0.0001864322270634654,0.000352249921449427,0.0005573159869052796,0.00028213661431817976,8.29259221840475e-05,-0.010860181067730798
2023-12-18,-0.00045616619075278264,-0.0005323941466527366,0.0001590821726148689,0.00025964693061819084,8.28459229392129e-05,-0.00014852859705511022,0.015945634208310758
2023-12-19,-0.0005193537013561848,-0.0005254183717840368,0.0003704850598469345,0.00025964693061819084,0.00026387213843979203,-0.00012979870628485605,-0.01297435760541977
2023-12-20,-0.0009245661930675529,-0.0007971252292287943,-2.7997193707887204e-05,0.00025964693061819084,-0.00012237180279732338,-0.00041250740980930693,0.008046566185024404
2023-12-21,-0.0015088194805157845,-0.0011910467664006984,-0.0003531468641718594,8.24424042170517e-06,-0.0004651866006305202,-0.0007720865863476054,0.0002102044747620223
2023-12-22,-0.0019805175418283333,-0.0015495337740164595,-0.0004114889324314619,8.24424042170517e-06,-0.0005644463100093945,-0.000980513411154465,0.0025187664136970384
2023-12-26,-0.0026713613045458214,-0.0020350390267940377,-0.00041347822643393123,8.24424042170517e-06,-0.0006346640899780184,-0.001224288927056063,0.007492639141651356
2023-12-27,-0.0031517331322351246,-0.0022224174092438423,-0.00041347822643393123,8.24424042170517e-06,-0.0006727768896291971,-0.0013180072504609941,0.0050071430302157756
2023-12-28,-0.003488554336686059,-0.002472750344838616,-0.00038202095175550856,8.24424042170517e-06,-0.0006796444039007131,-0.001427453928122348,-0.0016576865156245836
2023-12-29,-0.003269215912081819,-0.002681249249141736,-0.0005499829697736899,8.24424042170517e-06,-0.0008270755710949253,-0.0016156196836774137,0.006536908127968483
2024-01-02,-0.0027437705455546054,-0.0024506130254272128,-0.0005942749956472679,8.24424042170517e-06,-0.0008223200069080121,-0.0015223984082108246,-0.016907373864806997
2024-01-03,-0.0025759877666782943,-0.00242104019420248,-0.0006370481623987895,8.24424042170517e-06,-0.0008485152595861579,-0.0015289650475269567,0.0030336503696642104
2024-01-04,-0.0025154138632970838,-0.002534633678960056,-0.000760007095503507,8.24424042170517e-06,-0.0009594377548184557,-0.0016375837576181258,0.00907221356866726
2024-01-05,-0.002384730499814607,-0.002380955187650719,-0.0011377125578892397,8.24424042170517e-06,-0.0012713816778794082,-0.0017591420248869863,0.006242680852734881
2024-01-08,-0.00248527481910367,-0.0024930576277216606,-0.0007979146061949212,8.24424042170517e-06,-0.00098815953455286,-0.0016414578966844526,-0.013254067273605667
2024-01-09,-0.0026549052871971575,-0.002689575936118949,-0.0008347602177444073,8.24424042170517e-06,-0.001041945203548804,-0.0017447052847025851,-0.004649468016032795
2024-01-10,-0.0022623852039014643,-0.0023697689494485336,-0.0009423449376967598,-0.0002987005827662919,-0.0010974382651702023,-0.0016022600511200553,-0.0058026128595170525
2024-01-11,-0.002351106631129411,-0.002508089199228603,-0.0007177137425054045,-0.0002987005827662919,-0.0009154885424785122,-0.0015343594023338538,-0.0052805999384879804
2024-01-12,-0.002276571081009128,-0.0024784055193533576,-0.0006421155576334129,-0.0002987005827662919,-0.0008437239196125597,-0.0014593154386074115,0.007122089057334593
2024-01-16,-0.0015572694097381484,-0.0017517866301867485,-0.0012865718821616944,-0.00027384494002989483,-0.0013191693651352205,-0.001421804697546279,-0.00863224394190823
2024-01-17,-0.0017135468572716428,-0.0019373241631660766,-0.0009418345746212887,-0.0002987005827662919,-0.0010396271330708874,-0.0013276049965226188,-0.0007158877690699821
2024-01-18,-0.001873638354047467,-0.0019864656518066488,-0.0007654451512101915,-0.0002987005827662919,-0.0008979299452528238,-0.0013194564475196575,0.013937607054745492
2024-01-19,-0.0015478317097030597,-0.0015874827196036832,-0.0011015537311313216,-0.0002987005827662919,-0.0011474706937285779,-0.0013244869014677977,0.009789612578973074
2024-01-22,-0.0012065809058328515,-0.0012636199210715262,-0.0009269915644275642,-0.0002987005827662919,-0.0009563555328569338,-0.001066603623694686,-0.01353826987316228
2024-01-23,-0.0011662585723691676,-0.0013325074817888331,-0.0011413192716136578,-0.0002987005827662919,-0.0011450964664933205,-0.00115376059888283,-0.003604449136951396
2024-01-24,-0.0013937756437662173,-0.0015710133791332988,-0.0006199169956016006,-0.0002987005827662919,-0.0007187179435172418,-0.0010068032199788118,0.008660420212090129
2024-01-25,-0.0013855884196550747,-0.001538820759659563,-0.0008859432526888257,-0.0002987005827662919,-0.0009478232189670879,-0.0011356557436063598,-0.012912944225703977
2024-01-26,-0.0015437247136719928,-0.0016627230681021757,-0.0013950882615654703,-0.0002987005827662919,-0.0014075467793836034,-0.0014692746198014574,0.0073053382777590785
2024-01-29,-0.001876329944222189,-0.00186991651544157,-0.0009536722845510548,-0.0002987005827662919,-0.0010545616767571638,-0.001411625458079593,0.016444726253464548
2024-01-30,-0.001686231323545478,-0.0016431245787217376,-0.0015129688037296362,-0.0002987005827662919,-0.001516715588722094,-0.0015778383263051914,-0.0074199218121275
2024-01-31,-0.0017538192587577112,-0.0016318876661541427,-0.0011657959375246157,-0.0002987005827662919,-0.0012174649130585135,-0.0013986867767779377,-0.0004168553450839191
2024-02-01,-0.001763920287480987,-0.001554097377351216,-0.0009190359661944503,-0.0002987005827662919,-0.0009982748093176094,-0.001236477076492376,0.010392606083407285
2024-02-02,-0.001651094577680611,-0.0014601677760007128,-0.0007505168967294318,-0.0002987005827662919,-0.0008394582438220229,-0.0011052743325846005,-0.01255723667539849
2024-02-05,-0.0016481105435555633,-0.001580010658560003,-0.0007052276412347269,-0.0002987005827662919,-0.000807454285429455,-0.001142516712520368,0.005130052906921203
2024-02-06,-0.0019172647163760454,-0.0018443368169431807,-0.0006943412364569956,-0.0002987005827662919,-0.0008294176664744698,-0.001269254322568004,0.00432850145223417
2024-02-07,-0.0020103884713045246,-0.0019103807475730243,-0.0006943412364569956,-0.0002987005827662919,-0.0008386873109309533,-0.0013022880495629087,-0.004198453379952312
2024-02-08,-0.0017766978177112612,-0.00176535856975386,-8.895878574459485e-05,-4.033018923945808e-05,-0.00028674740810216487,-0.0009271481381316854,-0.002027866372014178
2024-02-09,-0.00205075559393133,-0.00198073782205952,-8.895878574459485e-05,-4.033018923945808e-05,-0.0003153577047990055,-0.0010348534570648383,0.021573876684682334
2024-02-12,-0.001677934820613964,-0.0015738432195546847,-0.000336194017994145,-4.033018923945808e-05,-0.0004844592395784863,-0.0009549678657479083,-0.03601704087637339
2024-02-13,-0.001375625746411437,-0.0014085246519050618,-0.0004495986124809534,-4.033018923945808e-05,-0.0005561987266751265,-0.0009124960372043914,-0.0018761849171628263
2024-02-14,-0.0016012445236930938,-0.0016406741158578161,-0.0004835551466950382,-4.033018923945808e-05,-0.0006127844239581156,-0.0010422921499586527,0.019333610414045466
2024-02-15,-0.0014766063713678253,-0.0014960363555912668,-0.0003354374856623473,-4.033018923945808e-05,-0.00046787310136701715,-0.0009059371050632964,-0.0025459647290755607
2024-02-16,-0.0013774033957162856,-0.0014910711254461529,-0.0003354374856623473,-4.033018923945808e-05,-0.0004621374340574981,-0.000856367739262909,0.00020808870302360539
2024-02-20,-0.0014985272407666745,-0.0016192089279940395,-0.0003354374856623473,-4.033018923945808e-05,-0.00047686772569622643,-0.0009169352188266034,0.009705107998024844
2024-02-21,-0.0013762885833051382,-0.0015329744078533588,-0.0003112955368907484,-4.033018923945808e-05,-0.0004437120426830014,-0.0008437601036530265,0.005650143433199003
2024-02-22,-0.001173765341983157,-0.001409234254993128,-0.00032209751773495243,-4.033018923945808e-05,-0.00043421541227584763,-0.0007479184608470094,0.0014843371423214555
2024-02-23,-0.0010677694636910394,-0.0013581294243731137,-0.00032209751773495243,-4.033018923945808e-05,-0.0004251879407156494,-0.000694935845229408,-0.002124652614314239
2024-02-26,-0.0010329949430135726,-0.0013657626928034615,-0.0003112955368907484,-4.033018923945808e-05,-0.0004143669959596064,-0.0006721616900013806,0.001510766770888344
2024-02-27,-0.0008581886625702955,-0.0013685901148138455,-0.0003112955368907484,-4.033018923945808e-05,-0.0004049929245700704,-0.0005847959087262364,0.013107476748671283
2024-02-28,-0.0009070932757010901,-0.0012799322868009848,-0.00032589186572477954,-4.033018923945808e-05,-0.000414760507942581,-0.0006165151122785213,-0.01055958420781181
2024-02-29,-0.000991572555065424,-0.001235067367302021,-0.0003715904166797944,-4.033018923945808e-05,-0.0004563204475014184,-0.0006815563162581622,-0.0024447751692081117
2024-03-01,-0.001271726199660181,-0.0014968484383603533,-0.00030099338462138286,-4.033018923945808e-05,-0.0004267424642848028,-0.0007863500391966605,0.010636426424830266
2024-03-04,-0.001151895680579318,-0.001309814577242314,-0.00031179536546558685,-4.033018923945808e-05,-0.0004177585250138815,-0.0007318097714957828,-0.0034220852226099344
2024-03-05,-0.0012242715296069708,-0.0013298145193218968,-0.00032589186572477954,-4.033018923945808e-05,-0.00043525156285416263,-0.0007750237760010092,-0.003433756032872269
2024-03-06,-0.0011671698968584064,-0.001267237717848249,-0.00032589186572477954,-4.033018923945808e-05,-0.00042816996748075854,-0.0007464686139184623,-0.002930734055018553
2024-03-07,-0.0012857202202135535,-0.0014000287146748189,-0.00031179536546558685,-4.033018923945808e-05,-0.0004307823821776551,-0.0007987092330734864,-0.0037140830350090408
2024-03-08,-0.0010940235040062497,-0.0012414222887299525,-2.6598318417941813e-05,8.788015844892791e-05,-0.00016051298060325216,-0.0005603219302064773,-0.0021471088270722917
2024-03-11,-0.0012881129721129642,-0.0014002138946260056,-3.9732513534640225e-05,8.788015844892791e-05,-0.00019260517698303081,-0.0006639179928731088,0.0052174632455948165
2024-03-12,-0.0013787368835409886,-0.001450756928264935,-3.9732513534640225e-05,8.788015844892791e-05,-0.0002007570200607609,-0.0007092178946592763,0.01058320464593851
2024-03-13,-0.0010232165123607339,-0.0011508933783481762,-3.7838376515701164e-05,8.788015844892791e-05,-0.0001606981518407763,-0.0005305281438499926,-0.009476174037985827
2024-03-14,-0.000933056798680721,-0.0010534214859329412,-6.50693966409099e-05,8.788015844892791e-05,-0.00017330723813479052,-0.0004990507761958482,-0.003609085648835149
2024-03-15,-0.0010880303807804996,-0.0011856607263599564,-0.0003657020105134917,-0.00031045253175659163,-0.00045644387313913,-0.0007268880743409035,-0.007361429398105717
2024-03-18,-0.0012807934268394686,-0.0014284379143841243,-0.00019812732120910042,8.788015844892791e-05,-0.00033188308322827545,-0.0007394222155883028,0.011099247663481918
2024-03-19,-0.0012478562305169242,-0.0013864172698525752,-6.64357455537589e-05,8.788015844892791e-05,-0.00021277849377088518,-0.0006571412393677172,0.019895419724053405
2024-03-20,-0.0009863820064409756,-0.001087639274216083,-4.9773106775079215e-05,8.788015844892791e-05,-0.00016507110619612368,-0.0005180638396077453,0.042564855877841916
2024-03-21,-0.0002154038626329209,-0.000292449518646915,-0.00020618452796175964,-0.000266934889052898,-0.00021284727418388393,-0.0002412405838129408,-0.016794302985936777
2024-03-22,-0.0002544437660214687,-0.00035722969898102544,4.156470654248864e-05,8.788015844892791e-05,6.773725844986679e-07,-0.000106490531797963,-0.004631980763250931
2024-03-25,-0.0004312313383721667,-0.000540583978507863,1.1839279124066606e-05,8.788015844892791e-05,-4.646765038823216e-05,-0.00020971793007076357,0.003057401720260864
2024-03-26,-0.0006368377075789999,-0.0007646696819959461,1.954251596240023e-05,8.788015844892791e-05,-6.518214129799976e-05,-0.00030867797573643483,0.022084419752688753
2024-03-27,-0.00038462296042924356,-0.000579313523957603,7.66267689870032e-05,8.788015844892791e-05,1.0029000202928611e-05,-0.00015411543924590554,0.005858691754579674
2024-03-28,-0.0005693500254533256,-0.0007333765696935049,0.0001064668222695484,8.788015844892791e-05,1.615920552003692e-05,-0.00024081209818296184,-0.010057765617948822
2024-04-01,-0.0009612008272068546,-0.0010440611673623143,8.786682708476252e-05,8.788015844892791e-05,-4.111342023938581e-05,-0.0004367022427018165,-0.008158820700723634
2024-04-02,-0.001509630807627029,-0.0013830171473391798,8.786682708476252e-05,8.788015844892791e-05,-9.254021635296316e-05,-0.0006476132279321156,0.009343189747732928
2024-04-03,-0.0019037034762983665,-0.0015649442368947573,8.786682708476252e-05,8.788015844892791e-05,-0.00012559176629732132,-0.0007386170104445418,-0.018897334947598425
2024-04-04,-0.001940991658479431,-0.001552147788132026,6.617831935827506e-05,8.788015844892791e-05,-0.00014570057727848274,-0.0007430664464105471,0.004470029183343069
2024-04-05,-0.0017148439487494934,-0.0015729119492156572,6.617831935827506e-05,8.788015844892791e-05,-0.00013465610421655792,-0.0007533986168880911,0.0060345595600782495
2024-04-08,-0.0016628121804256536,-0.0015455917125414631,0.00022024613335029034,0.000272123140552915,6.1594802108407844e-06,-0.0006626888970275567,0.0004140542030459661
2024-04-09,-0.001782839571305149,-0.0016317774976521491,0.00022024613335029034,0.000272123140552915,-5.855382751940904e-06,-0.0007057885686964584,-0.024524595801191453
2024-04-10,-0.0017433670363512016,-0.0015899112842916716,-7.732908202256104e-05,0.000272123140552915,-0.0002601037106177684,-0.0008335782992086436,-0.008218107677334737
2024-04-11,-0.0017275464328384174,-0.0017153713225141762,-0.00010310282400460922,0.000272123140552915,-0.00028961803941193265,-0.0009091546003198473,-0.0203064806405051
2024-04-12,-0.001526347615968423,-0.0016891206939034314,-0.0004156597110450385,0.000272123140552915,-0.0005490589501138708,-0.0009709023005153905,0.028823952088414075
2024-04-15,-0.0005767999128882097,-0.0007440706057530123,0.0005302490239429258,0.0005686815541227505,0.00038952864373911625,-2.332051809713178e-05,-0.010078542823612119
2024-04-16,-0.0006740031889326307,-0.0007688759378901796,-0.00018095368152855134,0.000272123140552915,-0.00023990413707699183,-0.0004273582834709351,0.017608489459541337
2024-04-17,-0.0003617850825047338,-0.0005231965902425728,-0.00010021542874849148,0.000272123140552915,-0.00013700336894687494,-0.00023093088263965344,-0.001982634802587858
2024-04-18,-0.0005697991702541152,-0.0006603357924604546,4.613158606041396e-05,0.000272123140552915,-2.9648823867646893e-05,-0.0002617753532358217,0.0022054730696427645
2024-04-19,-0.0005207143583137496,-0.0006508153191067596,-1.8418721979802944e-05,0.000272123140552915,-8.255832368627749e-05,-0.00026950412008902894,0.0325102520748511
2024-04-22,6.488001927220088e-05,-0.00017563900845538093,-0.0001239613594210713,0.000272123140552915,-0.00011235860535205086,-2.9428179598777504e-05,0.015808262557989
2024-04-23,0.0003972316441423177,-1.2169559161930976e-05,0.00014807270881011264,0.000272123140552915,0.00015297216902081882,0.00021007778301479404,-0.002266695052593626
2024-04-24,0.00015719079698803398,-0.00022576802271024286,0.00018904894751320113,0.000272123140552915,0.00016200565981982736,0.0001730624705812687,-0.007092939665160631
2024-04-25,2.5415650037787527e-05,-0.0003188669712366043,0.00017911969536181963,0.000272123140552915,0.00014026723699044343,0.00010216493527981469,0.017744208541415438
2024-04-26,-0.00034466940724028455,-0.00040270553807079945,0.00019923757085099148,0.000272123140552915,0.00013224918405451406,-7.27061202926625e-05,0.007549154391117177
2024-04-29,-0.0005621098396046136,-0.000577136246379794,0.00017040726938207215,0.000272123140552915,8.422661683572e-05,-0.0001958038512084253,-0.009562529126748773
2024-04-30,-0.0011023797322550748,-0.000956495517010368,0.00016505500905638249,0.000272123140552915,2.6028851846980746e-05,-0.0003957329324836107,0.0005623155975024702
2024-05-01,-0.0013036823571353313,-0.0011135900756392009,0.00012952217225729146,0.000272123140552915,-2.5849364235933504e-05,-0.0004920472345317946,0.013077297864031053
2024-05-02,-0.0016130089925859752,-0.0012549307542918985,0.00012637797636713916,0.000272123140552915,-5.4437729439241276e-05,-0.0005643243305451813,0.01288549563647028
2024-05-03,-0.001805616041890086,-0.0012517739660961088,0.00016018703032447747,0.000272123140552915,-3.5331115763556636e-05,-0.0005458818378381459,0.012451366115542999
2024-05-06,-0.0016104889883080747,-0.0011560305700269188,0.0008003637348102749,0.00026310713575405324,0.0005385981639272195,-0.0004464489880545294,0.0002928343539377348
2024-05-07,-0.0016259737372463312,-0.0013620242235177391,0.000956920183063265,0.00026310713575405324,0.0006610037801853126,-0.0005493931926855318,0.007072837712061026
2024-05-08,-0.001553787928749817,-0.0014096767153360106,0.0009427363208082705,0.00026310713575405324,0.0006495845140548082,-0.0005731963432932167,0.01908063170560606
2024-05-09,-0.001383381369829101,-0.0012382825607105358,0.0010809945800529946,0.00026310713575405324,0.0007901075435282468,-0.0004874793989106217,-0.001823566737525851
2024-05-10,-0.0013755707613343196,-0.0013638532840252883,0.0010918706647880085,0.00026310713575405324,0.000792054152761118,-0.0005502322820426376,-0.0025762664697172467
2024-05-13,-0.0014065358872925899,-0.00153036439908511,0.0009205138968133846,0.00026310713575405324,0.0006306465243419929,-0.0005716236586917173,0.010767277278038409
2024-05-14,-0.0013707979780688444,-0.001460424383738255,0.0009306930115777526,0.00026310713575405324,0.0006458881666177,-0.0005537438420468073,0.01648389989637462
2024-05-15,-0.0014440199164564244,-0.0014333978756284093,0.0009947325838179305,0.00026310713575405324,0.0006993473419180658,-0.0005850175789959489,-0.003374176843443755
2024-05-16,-0.0016252128732162261,-0.0015964609703434647,0.0009306930115777526,0.00026310713575405324,0.0006233736275905544,-0.0006665677782064649,0.00686518732842335
2024-05-17,-0.0017666132796858318,-0.0017620334075282714,0.0008940027050551854,0.00026310713575405324,0.0005732247471268294,-0.0007493581622405698,-0.010272347712551746
2024-05-20,-0.0016982007561937558,-0.0017813860318092202,0.0007343841602306919,0.00026310713575405324,0.00043678174778710325,-0.0007174783621899281,0.016007216828183145
2024-05-21,-0.0016885363735008373,-0.0017505940572695577,0.000717908282760148,0.00026310713575405324,0.0004249158363656696,-0.000712643413591811,-0.017217540626102645
2024-05-22,-0.0018491803096135357,-0.0019188647914164505,0.0006158073444238802,0.00026310713575405324,0.00031660096766697975,-0.0007929855215890794,-0.009190494601238337
2024-05-23,-0.0019952754645924265,-0.0021506687579518438,0.0005828973474722172,0.00026310713575405324,0.00026529411953417435,-0.00086605692046621,0.006591845701309996
2024-05-24,-0.002095604194053794,-0.002234472655621056,0.0005694446951104257,0.00026310713575405324,0.00024279527333399478,-0.0009162212056434078,-0.0029750469515623136
2024-05-28,-0.002401920085200819,-0.002463576680749595,0.0005859499364947283,0.00026310713575405324,0.00022592205065841993,-0.0010693663995495959,-0.005758091363417335
2024-05-29,-0.0024118443739660116,-0.0024774979167892035,0.0005340288169447681,0.00026310713575405324,0.00017929831563504603,-0.001074336496805401,-0.009263354869162368
2024-05-30,-0.0022993947739954816,-0.0024872343016545174,0.0006148149058072804,0.00026310713575405324,0.0002551560315385787,-0.0010181198991606705,0.013873917089839491
2024-05-31,-0.0020734791895105457,-0.002287926381059547,0.0005966696681322365,0.00026310713575405324,0.0002643216710462153,-0.0009051675409029831,-0.003379026238526452
2024-06-03,-0.0019149155154476198,-0.0021892792837049954,0.0006126378279410821,0.00026310713575405324,0.0002931324596002599,-0.0008258924591055777,0.000703044821699499
2024-06-04,-0.0016474540725942965,-0.0018675173704574004,0.00026549952796378525,0.00028644512264606564,2.6181538740649218e-05,-0.0006910209139584157,0.013915510600711169
2024-06-05,-0.0012847028719915796,-0.001675868331971456,0.0003134752475538207,0.00028644512264606564,9.990227478688763e-05,-0.0004992111137179215,-0.00778443885942344
2024-06-06,-0.0012860856392839758,-0.0016835067785171596,0.00026549952796378525,0.00028644512264606564,5.757770761072615e-05,-0.0005103789363777084,-0.006987856376238737
2024-06-07,-0.0014917093210074697,-0.0017786833240701575,0.00026549952796378525,0.00028644512264606564,4.031596250767867e-05,-0.000613164599785697,-0.0029942523881288474
2024-06-10,-0.001698473940193116,-0.0019356265608675453,0.00026549952796378525,0.00028644512264606564,1.9082114635399553e-05,-0.0007165330481559837,-0.020672950068411952
2024-06-11,-0.0018664503590706373,-0.002038768217264498,8.083478074801242e-05,4.905360991115046e-05,-0.00016011652694174257,-0.000908729894028859,0.009922124376423848
2024-06-12,-0.0018315432727274389,-0.0018182710499613217,5.278350660796272e-05,4.905360991115046e-05,-0.00016867186752503484,-0.0008846112379475985,-0.005251205830171227
2024-06-13,-0.002230808972362068,-0.001954463173126642,-6.664574702033141e-05,4.905360991115046e-05,-0.0003030819670032385,-0.0010105864394130686,0.0002464113580602117
2024-06-14,-0.002253309890370115,-0.0019151144970357384,-5.579721614434112e-05,4.905360991115046e-05,-0.0002923766653394218,-0.0009855013608008484,0.0082976430695894
2024-06-17,-0.0022902819166675825,-0.0018725968613375684,9.65354248395074e-05,0.00028644512264606564,-0.00015636261012577478,-0.0008880691547491772,0.01597636381196358
2024-06-18,-0.0020782228982661943,-0.0016176755234283782,0.00018897824015727579,0.00028644512264606564,-4.81609977223175e-05,-0.0007144159957054567,0.0013545518925991693
2024-06-20,-0.001787199534271621,-0.0015610107481130613,0.00018897824015727579,0.00028644512264606564,-2.8669963487091372e-05,-0.0006860446990571018,-0.017330915704562803
2024-06-21,-0.0015177139815945977,-0.001513716453257962,0.00030031103179708666,0.00028644512264606564,8.597220839248762e-05,-0.0006136329675797682,0.026112228390045105
2024-06-24,-0.0011357312675717521,-0.0011929875100922592,0.00024285608752448663,0.00028644512264606564,7.713134629600416e-05,-0.0004464420405178435,-0.010245126868621864
2024-06-25,-0.0010525647235180551,-0.0012498831445130775,0.0002670932504292865,0.00028644512264606564,9.91747013411249e-05,-0.0003927895861129411,-0.0033288622146165248
2024-06-26,-0.0013815782390787343,-0.00143388534662438,0.0002562447195532962,0.00028644512264606564,6.0102996291904257e-05,-0.0005626730204730235,-0.021956404630411104
2024-06-27,-0.001405748992700369,-0.0014528140483686105,0.00010555664457617391,0.00028644512264606564,-7.359831801823118e-05,-0.0006500603250616643,0.014160543547364622
2024-06-28,-0.001458897289418197,-0.0013300200655607815,0.0002376745900843929,0.00028644512264606564,4.628578392548583e-05,-0.0005461944565833592,0.024761699444380978
2024-07-01,-0.0014554576697550043,-0.0011440138951729455,0.0002562447195532962,0.00028644512264606564,7.441402231477318e-05,-0.0004439575190732731,0.0041968630848578225
2024-07-02,-0.0014549759257478636,-0.0011319726509895715,0.00028495777422178853,0.00028644512264606564,0.00010019883387367632,-0.00042359176629323434,0.004949000311918628
2024-07-03,-0.000980763531211147,-0.000952224770893964,0.0002497074627676138,0.0005326990978181935,0.00010963590458003307,-0.00035118313281434733,-0.006797741168771889
2024-07-05,-0.0008194689517473232,-0.0009549694348588222,0.00026399207199058315,0.0005326990978181935,0.00013071234531008047,-0.0002777005725584003,0.00015055168348658592
2024-07-08,-0.000787944573362578,-0.0008962356414596117,0.0002530674090129943,0.0005326990978181935,0.00012664238531098844,-0.00026738767768659814,0.01708564031619379
2024-07-09,3.9359464893027815e-06,-0.00031010139761002327,0.0007123866006884616,0.0005222163260371193,0.0006067616854879147,0.0002630350161755637,0.012735084966118167
2024-07-10,5.562772805746668e-06,-0.00037812024693528485,0.000351292094631224,0.00032629922388447227,0.0002859400242696565,0.0001657507838244461,0.0007096831859617259
2024-07-11,1.3592243509264607e-05,-0.0004024926086464688,0.000351292094631224,0.00032629922388447227,0.00028483609050995956,0.00016975814366603973,0.00135544966256448
2024-07-12,-0.0003920512030501926,-0.0006180344110528871,0.0002956804338491235,0.00032629922388447227,0.00020061143591118273,-4.827461666887188e-05,0.02540999502196209
2024-07-15,-8.257335762049383e-05,-0.00021342690471449924,0.00034479529165611214,0.00032629922388447227,0.0002858924962662711,0.00012177606033569001,0.021683851756746204
2024-07-16,0.0003862965094827628,0.0001350804796904744,0.0005989275298674422,0.00032629922388447227,0.0005548120347813219,0.0003563032754325284,-0.0016713096661766622
2024-07-17,0.00048143512073039584,9.83918999089183e-05,0.0006084454796274991,0.00032629922388447227,0.0005659748527804469,0.000403819486722813,-0.03231802129274065
2024-07-18,0.0004951991203840924,-1.8495792328392124e-05,0.00080191826205589,0.00032629922388447227,0.0007277568790735403,0.0004107411924437024,-0.002636008824183842
2024-07-19,-5.3450643586676165e-06,-0.000425067984179203,0.0006623269854105541,0.00032629922388447227,0.0005531451253717554,0.00016045898517869488,0.00434166966410756
2024-07-22,-0.00048291788425720156,-0.0007037580578405338,0.0004723265620355771,0.00032629922388447227,0.00034399958500172,-7.833528838211081e-05,0.010437240503173158
2024-07-23,-0.0006715558252332848,-0.0007848495346579272,0.00045165191327043217,0.0005326990978181935,0.0003129322530916671,-0.00010996320707279547,-0.011135539473797085
2024-07-24,-0.0008749609762007415,-0.0009681234058553386,0.0004433265438682184,0.0002741575313266006,0.00027999512925968694,-0.0003003775472856863,0.010241172210174026
2024-07-25,-0.0008639102680222011,-0.0008764284664497451,0.0004433265438682184,0.0002741575313266006,0.00028640321344349564,-0.00029482106604420316,0.014777111222779617
2024-07-26,-0.0007164637097415811,-0.0006190873644493301,0.000720534794244506,0.0002741575313266006,0.0005520754156564907,-0.00017236839979454177,-0.012725181138398723
2024-07-29,-0.0006050729945379476,-0.0006348610685501544,0.0007314594572220949,0.0002741575313266006,0.0005666749055064711,-0.0001653276127199083,0.025943272790691693
2024-07-30,0.0002513338221948689,-9.295603570420006e-05,0.0012180655463102095,0.0007088679068032721,0.0010763940513249632,0.0004801338096521406,0.0066226101654412615
2024-07-31,0.0007578981856458901,0.00012105110874941871,0.0012332808031447848,0.000967409473294865,0.0011338420198395858,0.0008625952537173254,-0.01765888920198769
2024-08-01,0.0010253045430688877,0.0004850461939819354,0.0010113799215005722,0.0005936874192706838,0.0009740223914869697,0.0008024561292011955,-0.06075457600951802
2024-08-02,0.0010628615691078197,0.0006599938481385223,0.001822428373456099,0.0008708103837075782,0.0016963971083475272,0.0009669191201941917,-0.02499966618437654
2024-08-05,0.0009757152903313328,0.00078314250746132,0.00047028344023682046,-0.0016724525572769692,0.0004930732295083792,0.0006265615374343056,0.024106865912598707
2024-08-06,0.0008163963866633206,0.0007952703515313941,0.004422805346697354,0.005666679900986851,0.004010400285656572,0.002619711613361197,0.005915873725465598
2024-08-07,0.0007147224423990695,0.0009235861069653555,0.004375293997206261,0.005666679900986851,0.003971604858356266,0.002649532413116421,0.02661868218574423
2024-08-08,0.0007996774559747581,0.0011087788748625205,0.0007151543002931276,-0.00018713706405567126,0.0007343156071690101,0.0007573803596106173,0.00920067294177896
2024-08-09,0.0009856922100816054,0.0011910489798770867,0.0008667192263657875,0.0006321711913998807,0.000891054044194637,0.0009261964637336323,-0.00975653195733139
2024-08-12,0.000972632202141779,0.0011177840425127114,0.0008848953457981818,0.0006321711913998807,0.000901526057562393,0.0009287280149272656,0.013177364053979058
2024-08-13,0.0012633639228713546,0.0011224749336921991,0.000900983306901208,0.0006321711913998807,0.0009317167271682968,0.0010116747756345533,0.01364794336257539
2024-08-14,0.0018735689416427513,0.0013428033398757344,0.0009963311259491743,0.0006321711913998807,0.0010620160233595962,0.0011695969820084212,0.000641492171767824
2024-08-15,0.0021790342821707614,0.0013854150174923766,0.001040973714967238,0.0006321711913998807,0.0011202705820024762,0.0012132421930357172,0.010445836074047594
2024-08-16,0.0017535086365990649,0.0012094088562007218,0.0011307846563948884,0.0007095058897983287,0.0011649494136930303,0.0011701052680756438,0.0008326184325708023
2024-08-19,0.0009223398149724568,0.0008140143962834991,0.0011307846563948884,0.0007095058897983287,0.0010944986510451446,0.0008682304246544238,-0.014650732843741668
2024-08-20,0.0003715912085836269,0.0005090354202941395,0.0011590952871428754,0.0007095058897983287,0.0010697418011866556,0.0006093628194184457,-0.0017709686759664397
2024-08-21,-0.0003089416350245605,7.691661511565178e-05,0.0011081037466240408,0.0006321711913998807,0.000959918528387671,0.00035456185322520727,0.0025949866261635026
2024-08-22,-0.0006452427943877926,-0.00022327685035008864,0.0008768569498807338,0.0006321711913998807,0.0007212250197171453,0.00020440492583981027,0.02317493827284685
2024-08-23,-0.0003562830950360085,4.0506703786129684e-05,0.0011237366417380388,0.0007095058897983287,0.0009695250689624843,0.00037500996481292935,-0.0030473215660198946
2024-08-26,-0.0006063431337380361,-0.00016065863014668152,0.0009802572550416352,0.0007095058897983287,0.0008182192764746795,0.00027438429304514384,-0.0012018530358219519
2024-08-27,-0.0008294919326682154,-0.00042241661383746404,0.0011494133393201318,0.0007095058897983287,0.0009367150593885389,0.0001435506727483766,-0.0077777227010499715
2024-08-28,-0.0007910266015783336,-0.0005084331431006719,0.0011267324295492838,0.0006321711913998807,0.0009127383263373865,6.191053810628095e-05,0.01336084409387233
2024-08-29,-0.000739067745530674,-0.0004026736665499544,0.0006417633281555078,0.0003578169200237212,0.0004969257852377545,-2.244186606134357e-05,0.006192543892882967
2024-08-30,-0.0006068094599700532,-0.00035733359416588987,0.00013787235965176617,0.0003578169200237212,6.835884301796788e-05,-0.00010974100058903334,-0.04569251787987188
2024-09-03,-0.00017812576913447167,-7.262805910901611e-06,-2.4683822956573965e-05,-9.327889011629339e-05,-3.2755238054532264e-05,-5.9108157469061544e-05,0.006502428786032064
2024-09-04,-0.0001700883088198686,-3.974469162102838e-05,-0.00011715789173587952,-0.00020948154583287518,-0.00011621180369191322,-0.00014356738088310952,-0.005641199703295185
2024-09-05,-2.7802871053380794e-05,1.9757821675265446e-05,-8.007339736756483e-05,-0.00020948154583287518,-7.238548311925533e-05,-5.401301191892949e-05,-0.017096267641610166
2024-09-06,0.0001965052707679485,0.0002061811833309871,5.6755418152663585e-05,0.0013646216686560935,8.888780084096549e-05,0.00020136038256932345,0.018509522248384657
2024-09-09,0.0005285666884806721,0.0004609727396121982,4.47769274047309e-05,0.0013646216686560935,0.00011273477106158458,0.0004947872846629005,-0.04487515005387335
2024-09-10,0.0009784630109460572,0.0008661930805519428,0.000334937476263929,-0.0022612827845049158,0.0003738844460177104,0.000600346974043379,0.008611427494810796
2024-09-11,0.0010987868057405013,0.0009557005669670671,0.003163627613691668,0.006296724704480146,0.0029470481493043973,0.0021314088309388243,0.00611482022924522
2024-09-12,0.0010467208304164623,0.0008570901021288204,0.0016829410509305964,0.002102497491876885,0.0016007204490287288,0.0013648947620611739,0.010345843540535306
2024-09-13,0.0010664911550367197,0.0008196117247123095,0.0002790735638468617,0.0013646216686560935,0.00036880143367163266,0.0009430081820616929,0.012799062377294322
2024-09-16,0.0011372397505134335,0.0008464338628088595,0.00012163559283653207,0.0013646216686560935,0.00023730721068670305,0.000991749441857729,0.00047392742566867687
2024-09-17,0.001062636919138122,0.0007196193487229525,0.00010913856700750734,0.0013646216686560935,0.00021432367638325373,0.0008910726967169318,-0.0016702239060709552
2024-09-18,0.0011277815617881989,0.0007470356240759644,2.9290234948618617e-05,0.0013646216686560935,0.0001501068470831419,0.0009373196317622667,0.03895641181477564
2024-09-19,0.0018030366475943749,0.0013286739937371443,-0.0001606879481730089,0.0015360520116258478,6.041055141115697e-05,0.0014322709861914918,-0.010775743535870828
2024-09-20,0.0015696184453782664,0.001068015277418255,0.0007334457195548144,0.0017091420362695918,0.0008115375001667699,0.0013187472085088177,-0.0020484921621558593
2024-09-23,0.001199830047041264,0.0007975231871091895,0.0005647171107145292,0.0015360520116258478,0.0006253294716113392,0.0009987080494741614,0.0012255514014364354
2024-09-24,0.000768506939481611,0.00045486938891647015,0.0004513875732435296,-3.8051202863120656e-05,0.0004633111886987631,0.0004531269447794493,-0.01391091817404413
2024-09-25,0.00045319300544431016,0.0002749002279739137,0.00031381806729866403,-3.8051202863120656e-05,0.0003149258811748942,0.0002943287102172144,0.011699799138770955
2024-09-26,0.00015368937480266664,7.50116582065098e-05,0.0005610516124184428,-3.8051202863120656e-05,0.0005011358918220835,0.00011442397816473695,0.00319457276511719
2024-09-27,-0.00020221812700935913,-0.00017036056074149836,-0.0008493302250233012,0.00038146691086250766,-0.0007568374747963808,-0.00018629142195031884,-0.0068436910574617
2024-09-30,-0.0005610618503822287,-0.0003291283267050416,-0.0008493302250233012,0.00038146691086250766,-0.0007864978319043364,-0.0004450344706056344,-0.010027617198488019
2024-10-01,-0.0006540922016239129,-0.00038818555740444686,-0.0010087416534071633,0.00027916537478887984,-0.0009352726903779975,-0.0005210950562772857,0.0037059986180368217
2024-10-02,-0.0008753692054334556,-0.0005776088423922973,-0.0009604685143706824,0.00027916537478887984,-0.0009173311588970831,-0.0007263135660391075,-0.01204393475401898
2024-10-03,-0.0011264128250307226,-0.0007223978383781434,-0.0008824948122571882,0.00027916537478887984,-0.0008723350903602155,-0.0008023712299770931,0.018466580773652368
2024-10-04,-0.0009191979763071608,-0.0005670745627296401,-0.000942150640403603,0.00027916537478887984,-0.0009031128506761688,-0.0007429033881864329,-0.0010911757383766168
2024-10-07,-0.001010516742039346,-0.0006306472312830251,-0.0009310350229704931,0.00027916537478887984,-0.0009024506711830506,-0.0007806577997433348,0.003934676801650001
2024-10-08,-0.0008365968120820023,-0.0006117022490001933,-0.0011249071117792823,0.00027916537478887984,-0.0010605231636579317,-0.0007240788024734049,0.017190313519865066
2024-10-09,-0.00048247043961534183,-0.00042842171037413144,-0.0013038961062389887,0.00027916537478887984,-0.0011853887199970502,-0.00045544854012802196,-0.0028942097847715264
2024-10-10,-0.0005073251037265084,-0.0005223106724080531,-0.0012735753137051498,0.00027916537478887984,-0.0011662941462164743,-0.0005148176430892548,0.024667349679342705
2024-10-11,-0.00010367967490092813,-0.00021164396091935496,-0.0014134827738958094,0.00027916537478887984,-0.0012463675209360143,-0.00015769954047217097,0.012415465550382665
2024-10-14,-6.925343633656613e-05,-0.0002890188455279664,-0.0009668040866559785,0.00027916537478887984,-0.0008605255754657146,-0.00017917846694310522,-0.0007081128399105012
2024-10-15,0.0005908828964325621,0.00024648348854353124,-0.00029435178406460956,0.0005352708839574487,-0.0002022018753488141,0.00039070293682050554,0.014217473800846182
2024-10-16,0.0007500183063732021,0.0003239695964222952,-0.0010163812252523424,0.00027916537478887984,-0.0008201111828910793,0.00030155090185574903,-0.0016243190540462169
2024-10-17,0.000407261331507313,5.03394771435187e-05,-0.0009962375780561677,0.00027916537478887984,-0.0008386268978731083,0.00016460683975348507,-0.0009456971261961636
2024-10-18,-7.970759333623332e-05,-0.00032167506180099656,-0.0010034367465584864,0.00027916537478887984,-0.0008950547243942766,-0.00020073369424849255,-0.020453756806417017
2024-10-21,-0.00044988098196742274,-0.0005612332699859919,-0.0009837834595470523,0.00027916537478887984,-0.0009133389053491869,-0.0005055360643284049,0.0009652299316086012
2024-10-22,-0.0008311705414134338,-0.0008445754542449227,-0.0009331329649508859,0.00027916537478887984,-0.0009080172763353087,-0.000837837956500874,-0.002124450850412198
2024-10-23,-0.0010913657121446572,-0.001061443453621828,-0.0009424365680401198,0.00027916537478887984,-0.0009440635238322744,-0.001001711056710457,0.014015618573247483
2024-10-24,-0.0011812709121814364,-0.0011522897741935347,-0.0009660063039823451,0.00027916537478887984,-0.0009752459838504233,-0.0010589031192198744,-0.02294959070408925
2024-10-25,-0.0011401941107013788,-0.000984347723478187,0.00014608466999810503,0.0003466035117451578,6.540902077426837e-06,-0.000419118556935113,0.021194112826103194
2024-10-28,-0.0009487662349656128,-0.0007888199259756248,0.00012921331097998516,0.0003466035117451578,1.4691516299421644e-05,-0.0003297849151395483,0.0013360619719551441
2024-10-29,-0.001021345797246117,-0.0009011661768649091,0.00015230285657357145,0.0003466035117451578,2.3714437454066064e-05,-0.0003744080763070567,0.00022889034209954882
2024-10-30,-0.0009763350973263026,-0.0009190262701623568,0.00015230285657357145,0.0003466035117451578,2.5043720679485094e-05,-0.00038331515818436086,-0.012685157574662126
2024-10-31,-0.000869678716458676,-0.0008978451260379786,6.00504349283028e-05,0.0003466035117451578,-4.8097636808488574e-05,-0.00040472323211286355,0.0030083282996288736
2024-11-01,-0.0007554159007805112,-0.0008175084928663829,1.6148185359477213e-05,0.0003466035117451578,-7.498736465034209e-05,-0.0003695390591038152,-0.015289086735695102
2024-11-04,-0.0009023799154936719,-0.0009573343521259055,-3.137754411172493e-05,0.0003466035117451578,-0.00013324339773308698,-0.0004667758545920769,0.029835767825241458
2024-11-05,-0.00040768689111850807,-0.0005063169254713585,-2.0853081436951385e-05,0.0003466035117451578,-6.849782327436133e-05,-0.00021416451271774793,0.12308235735217399
2024-11-06,0.0022672337157764694,0.0018419493486829114,0.0011164018690172878,0.0018316658621839062,0.0012334437286272634,0.0018368047764459245,-0.02344463769727597
2024-11-07,0.0020816620410275322,0.001525309597168476,0.004146998333424991,0.0022457577262547028,0.003846320841061031,0.0021637504185994584,0.012105055752286762
2024-11-08,0.0017652708525949649,0.001265970697139387,0.004509588185178346,0.0024497283564709656,0.004130613897970005,0.0021076033415973537,0.021954650904370557
2024-11-11,0.001579849919265555,0.0011711740478835024,0.0040830091006755775,0.0022457577262547028,0.0037407746940317918,0.0019129174699423616,-0.01631928764001958
2024-11-12,0.0009451293092755884,0.0006794519083556097,0.0040361788412987135,0.0022457577262547028,0.003634193964464681,0.001595592502718866,0.0027467417228553706
2024-11-13,0.0002813943224870902,0.00024175611425486515,0.004083864523234432,0.0022457577262547028,0.0036117287291954135,0.0012637611629913643,-0.009485707097464515
2024-11-14,-0.00031976727919406976,-0.00010745210808692061,0.003969214787870313,0.0022457577262547028,0.0034569623474380623,0.0010692884689729016,0.008340642261454605
2024-11-15,-0.001072740304298022,-0.0006606358783633028,0.0040607749776408455,0.0022457577262547028,0.0034605052419075417,0.0007926646370121451,-0.009394617594953468
2024-11-18,-0.0017727491195930483,-0.0011806987048660336,0.004083864523234432,0.0022457577262547028,0.003409431654414265,0.0005326103339410338,-0.011305285432757306
2024-11-19,-0.002235538301248219,-0.001538693481314247,0.00397979330245932,0.0022457577262547028,0.003270880230553999,0.0003535963764528259,0.00094552118788525
2024-11-20,-0.0022004140881918956,-0.0015592837044213007,0.003957222203135077,0.0022457577262547028,0.0032518470300202064,0.0003433046476131119,0.02407503183797286
2024-11-21,-0.0017950013908361374,-0.0012393598709323182,0.003900464597358896,0.0022457577262547028,0.0032448427094942402,0.0005032738983587118,0.011127175615854908
2024-11-22,-0.000868306487856259,-0.0005015295334975024,0.008878746526759185,0.002783387709340453,0.0076822384072081935,0.0011411288230648072,0.00041468992605366527
2024-11-25,-0.0007701647637264435,-0.0004694111232993558,0.00889407281972635,0.0026971888468640998,0.007701986179335386,0.0011140980715132955,0.004087484407013436
2024-11-26,-0.0005564230166248546,-0.0003589836334909417,0.00889407281972635,0.002783387709340453,0.0077216479745726915,0.001212423111118087,-0.00011555299753978327
2024-11-27,-0.0004131494317652692,-0.0003499385613764155,0.008823352212469823,0.002783387709340453,0.007668484150410217,0.001216963002638374,0.005172936483818672
2024-11-29,-0.00018360667876261665,-0.0003404648087976173,0.00881252251713658,0.002783387709340453,0.007672200336945337,0.0013001183870457887,-0.006394440539622601
2024-12-02,0.0001676006075307119,-0.0002311098777402595,0.008854490927621418,0.002783387709340453,0.007734851403708413,0.0014756942870900046,0.0006147079668411911
2024-12-03,0.0008776046112823135,0.00011246556015075522,0.006230107866080806,0.0002399246422265697,0.0054814885763080365,0.0005590022876994203,-0.005613022423066805
2024-12-04,0.001400425173154122,0.0003549286147439676,0.006089618486768879,0.0002399246422265697,0.005403104245601099,0.000877923256804834,-0.0031952884443562047
2024-12-05,0.0007736058459935605,9.764646489014581e-05,0.005895700470788749,0.0002399246422265697,0.005183747100264976,0.0005069884917759583,0.004814120848514992
2024-12-06,0.0004648494335678156,-4.707004643527416e-05,0.006001574488148532,0.0002399246422265697,0.005249882547581859,0.0003525013252626811,-0.009314905766852614
2024-12-09,0.00011433281088889984,-0.00018885779280210533,0.005888542687335498,3.0927507632267903e-05,0.005120948825140571,7.270174511311787e-05,-0.015418117582950034
2024-12-10,-0.00031158050782125347,-0.0003180406611087444,0.007105290884297055,0.000897423197451048,0.0061587041127830755,0.0002932138991513314,0.012788924390151796
2024-12-11,-0.0004359428814462844,-0.0003044974210755467,0.007697860493929465,0.0050649500698268755,0.006716543967551253,0.0023803559763887613,-0.001604499738441891
2024-12-12,-0.0006364434799080746,-0.00038479881235904933,0.007795530281706262,0.005151148932303229,0.006786521720868869,0.0023832932512272056,-0.01041557315905974
2024-12-13,-0.0007279893447281792,-0.0004421487382964407,0.008802802775288956,0.005151148932303229,0.007654774597070416,0.0023546418198101913,0.0014507804073544638
2024-12-16,-0.0008035005389345983,-0.0004662986168815987,0.009003725104859962,0.005151148932303229,0.007824033217798575,0.002342567290983509,-0.02006942841746742
2024-12-17,-0.0008203476567691728,-0.0004906441953349831,0.008744750163363825,0.0050649500698268755,0.0075951285568604384,0.0022872924263030872,-0.04344062626088612
2024-12-18,-0.0002848625563671185,1.0079294313024604e-05,0.008526812077297077,0.004851796474047497,0.0074639098840551315,0.00243108816032322,0.006773825617498316
2024-12-19,-3.1348568073933e-05,0.00017076756867202104,0.00882962120034231,0.0050649500698268755,0.007753998216497666,0.0026180184723094413,0.021624079814414558
2024-12-20,0.0003096478797110988,0.00045978674196440816,0.009060835215326213,0.005043316592631198,0.007991963740334762,0.0027517258720506947,0.008233237229812838
2024-12-23,8.38774714644514e-05,0.00024681409512761644,0.003297904263925896,0.002854726402092923,0.0029240345882921106,0.0015508094495581793,0.020822970500182263
2024-12-24,0.00018104211627502728,0.00032392711700650334,0.0017415236901240896,0.00013517697666810407,0.0015480440619754874,0.0002526964609672177,-0.0026803758884987117
2024-12-26,-0.00012313748248544786,6.30818575058827e-05,0.0020831216064728674,4.8104535569432016e-05,0.0018112883353613802,5.5614179743944934e-05,-0.008726335323795804
2024-12-27,-0.00031341935247896133,-3.315770730630361e-05,0.002048586542597733,0.0003023057091594536,0.0017676556349074913,0.00013469076251248856,-0.0045750692177983715
2024-12-30,-0.0004806107082531845,-7.70767662209848e-05,0.0019686369088280846,0.0003023057091594536,0.0016861381796938947,0.00011270451164023616,0.0033236416517560315
2024-12-31,-0.0007022065517444732,-0.00021637465856788954,0.0018925499434322701,0.0003023057091594536,0.0015989728649735261,4.304916226875051e-05,0.004095502645778058
2025-01-02,-0.0006004855715747149,-9.161538714393819e-05,0.00217265231520735,0.0003023057091594536,0.0018562734294737962,0.00010542275931281418,0.00893441020364756
2025-01-03,-0.0005821957622498322,-0.0001444479477068954,0.002079223120614498,0.0003023057091594536,0.0017725934825833026,7.9021397690425e-05,0.0056037167245968165
2025-01-06,-0.00046345824087463597,-0.00010774427090766165,0.0019180758566261335,0.0003023057091594536,0.0016411181670501992,9.738301308475524e-05,-0.005620971222550287
2025-01-07,-0.00028634365439748796,0.00010876865347337044,0.001998025490395782,0.0003023057091594536,0.0017341028875040312,0.00020560103233795355,-0.0001723508971721504
2025-01-08,-0.00039148436474546294,-2.540095956070701e-05,0.002066710996024417,0.0003023057091594536,0.0017796587586242465,0.0001385463027707199,-0.035125835648781384
2025-01-10,-0.00019756896284883128,0.0001518742390396394,0.00206215209708301,0.0003023057091594536,0.0017975086206822599,0.00022715191471379536,0.005254052203985925
2025-01-13,-0.00023497278594271088,0.00014386157881297705,0.002030872909202916,0.0003023057091594536,0.0017677270871597622,0.00022314240775661736,0.01512619062270357
2025-01-14,-0.0001422501573286066,0.00019534387114255886,0.002018750033832456,0.0003023057091594536,0.0017654994494039765,0.00024887465432557436,0.058430909392814194
2025-01-15,0.0010196378804750467,0.0011730638870084062,0.0025548528917260353,0.0003023057091594536,0.0023575911936889707,0.0010963715720503277,0.011600670709615084
2025-01-16,0.0008806806728873979,0.000923346251655595,0.0019289251815874258,0.0003023057091594536,0.0017892860615920092,0.0009020209667951341,0.02090591710321806
2025-01-17,0.0009656686978224192,0.0007940785841380549,0.0019724201202819796,-0.0006161998633035186,0.0018130526874660662,0.0008798636314829771,0.013960927079969947
2025-01-21,0.0016364549505966978,0.001124449429176719,0.002466545959030703,0.0018479805096111592,0.0023291173671898106,0.001742228657410322,-0.0031716908440910796
2025-01-22,0.001271060905822805,0.0006594888138704569,0.0027842501663622953,0.0018479805096111592,0.0025562963735899806,0.0015595539838380045,0.010642861021486786
2025-01-23,0.0011530243985947354,0.0005056825357191959,0.003564533923829423,0.00318659149875739,0.0032347800117250576,0.0021697726303550233,-0.004073925308931563
2025-01-24,0.0016219537074767456,0.00047389069495224205,0.0026202373898379706,0.001017896161910416,0.0024113986070095567,0.0013199731428000727,-0.0056999870336465535
2025-01-27,0.001045074603021939,0.00018134979750854198,0.002508234745576906,0.001017896161910416,0.0022638506531921804,0.001031488968181964,0.0071120267603601165
2025-01-28,0.00034661963654695186,-0.0002144179904320241,0.0022921259786898448,0.0010966875614812507,0.0020134003160292946,0.000721714948782927,-0.0006587037559466417
2025-01-29,-0.00010011394450038376,-0.00038393346795718357,0.00229999011500157,0.0010966875614812507,0.001985102684335126,0.0004984017652816498,0.012968986856801088
2025-01-30,-0.00016188992521036142,-0.000454438650901995,0.002287955760749778,0.0010966875614812507,0.001966787217143486,0.00046751006698549894,-0.008241999291829241
2025-01-31,-0.000273202680346543,-0.0005907762132068178,0.0023288958496420677,0.0010966875614812507,0.0019877146543161215,0.0004118496149204594,-0.01261836108724024
2025-02-03,-2.3694212256563177e-05,-0.00045741177361980213,0.002240684930860476,0.0010966875614812507,0.001932999472435122,0.0005365778848096899,0.0028581561062772614
2025-02-04,4.8238923659984524e-05,-0.0005284271646432647,0.002066040450303423,0.0010966875614812507,0.0017803977846604277,0.00057250752618575,0.017614952600411786
2025-02-05,0.00016068690269512817,-0.00047081067282617856,0.002020020318657028,0.0010966875614812507,0.0017501269892568365,0.0006287195612941191,0.019591410574140416
2025-02-06,0.00022220243488375104,-0.00046223292934021907,0.0020184269169883405,0.0010966875614812507,0.0017526445874123404,0.0006594701081495146,-0.003530801917371868
2025-02-07,5.1281307268798485e-05,-0.0006469357618698243,0.0020184269169883405,0.0010966875614812507,0.0017316124154620907,0.0005740081818531788,-0.00822091522690384
2025-02-10,0.00023364848965361159,-0.0004516476895393537,0.002058176313991698,0.0010966875614812507,0.0017885441693850153,0.0006651964484743365,-0.0050703068515157695
2025-02-11,0.00011966536019765716,-0.0005523071208257608,0.000906588165214579,0.00034060917000484946,0.0007647300692407098,0.00023012761475451552,0.0027155632605876173
2025-02-12,0.00020620065891500358,-0.00039271023995870904,0.0008856218924944425,0.00034060917000484946,0.0007613091485554817,0.0002734008547160543,-7.702575988799856e-05
2025-02-13,0.00020299045255173595,-0.0003278378480661606,0.0007566644896258906,0.00034060917000484946,0.0006529755565156284,0.00027178766243207025,0.017717111900059253
2025-02-14,0.00018361680310921053,-0.0001971874250246261,0.000748800353314166,0.00034060917000484946,0.0006533406397630912,0.0002621171388498481,0.01746823944326192
2025-02-18,-0.0002230663046025436,-0.0003527494959114899,0.0007616899504853075,0.00034060917000484946,0.0006324899109326649,5.886336260622384e-05,-0.006028306520660995
2025-02-19,-0.0007486663004186249,-0.0006669440537847508,0.0005683575107610098,0.00034060917000484946,0.0004155716275089408,-0.00016311910907827444,-0.03951951443218641
2025-02-20,-0.00014207182856797938,7.873141484538966e-06,0.0007903976221371677,0.00026181777043401467,0.0006838288773354481,0.00013494546157569322,-0.026282071128610963
2025-02-21,0.00018908908668641855,0.0003436048975971036,0.0005412982376438373,-0.003832275557189567,0.00045925302477546024,0.0002662321242843427,0.0008628614572027367
2025-02-24,0.0005174711266620627,0.0005900069146182428,0.0027116324644275115,0.002535553534765001,0.0024554025083588344,0.0015628024101176016,-0.018098139702941954
2025-02-25,0.0007940945057431271,0.0009987012386683458,0.002768782853959383,0.002535553534765001,0.0025461421561221525,0.0017671337258033126,0.004640379556502301
2025-02-26,0.0002940765350524984,0.0008311466902576866,0.0030197905471017355,0.002013871129920066,0.0027207286558932646,0.001422562052730775,-0.01594136955066056
2025-02-27,0.00010406218455925322,0.00089468177271419,0.0032292353232510856,0.002013871129920066,0.002896699359002704,0.001454312790171745,0.023231304750644836
2025-02-28,4.848060307190898e-05,0.001131409563958758,0.0032672156330490333,0.002535553534765001,0.0029477082127796453,0.0018334481271823763,-0.027748052802230867
2025-03-03,0.0005855668074217785,0.0015366149411457503,0.0033052570800650603,0.002535553534765001,0.003035825746896754,0.0020360662643370267,-0.04066641702799207
2025-03-04,0.00192786498512188,0.0023303807861975636,0.0035932967173063646,0.0028006309427658794,0.003413227704027883,0.002565559808366805,0.020320731339036804
2025-03-05,0.0026751709976125374,0.002644627591177527,0.004025355507660942,0.0026025255703888096,0.0038478121220822804,0.002660015786016819,-0.043772214362926526
2025-03-06,0.0032092577211893674,0.0030389188356099335,0.005685124151209056,0.007676519921125234,0.005405213698573232,0.004447342836203187,-0.01419294008043062
2025-03-07,0.0032974626616003038,0.0033049809986077944,-0.005483988001644478,-0.0021150419411805907,-0.004409024246316451,0.0005910501175911114,-0.051343157007490495
2025-03-10,0.004044192674714241,0.004057034308386373,-0.0017358147392408652,0.0005992764083889528,-0.0010264146547301982,0.0023215683392723363,-0.0004326641765642495
2025-03-11,0.0036645338294039706,0.004014762280196094,-0.001568044177336864,0.002527529959748002,-0.0008816156781909285,0.0030958505460760713,0.00802153829488156
2025-03-12,0.003393459891425536,0.0039646231703281895,-0.000545899518840222,0.0011517339599764692,-2.5588105858254562e-05,0.002272510423474477,-0.02055672321869032
2025-03-13,0.0032135401752439213,0.003936500969739922,0.0019644179630367645,0.003542409011834306,0.0021756542778034204,0.003377900517541859,0.031140510364079176
2025-03-14,0.003564040398505847,0.004052745914835669,-0.0016612452571873218,0.0005754042482948991,-0.0009882837331511634,0.002069610414288753,0.018174929411814228
2025-03-17,0.0036353914405318076,0.003971752278091689,-0.0015081967573425384,0.0005754042482948991,-0.000856274123253944,0.002105275654645699,0.0007977417549192645
2025-03-18,0.003189673487667189,0.0035227442166724434,-0.005884246454262032,-0.002494443106575807,-0.004753939685516833,0.0003474841976468798,0.010026045607338864
2025-03-19,0.0037358391985723694,0.003598184411877134,-0.006012014204578916,-0.0021398202156773863,-0.004826468532730212,0.0007290257169228012,0.009535555060270479
2025-03-20,0.003776194730301576,0.0035353610414255807,-0.00641174288965016,-0.0021398202156773863,-0.0051762255202273035,0.0006976130561178257,0.004362444109968669
2025-03-21,0.0037711686253001915,0.0034128635280338297,-0.007018367676410651,-0.003296966769979869,-0.005725658136976954,5.782126557016731e-05,0.02612694640326689
2025-03-24,0.0038424200937143107,0.00362431639828581,0.002791571981412177,0.001016207045905249,0.0028813001715348166,0.0032077803603643242,0.01001693903698097
2025-03-25,0.0038951529093132044,0.0035684361247604653,0.0011962457193401567,0.005984683860344215,0.0015489489568246612,0.0037317907157631766,-0.02072741541646876
2025-03-26,0.003998486011896264,0.0035627874787735377,0.007902542909998235,0.0077268767443895315,0.0074124683379362824,0.005862653647109414,-0.026483664370875404
2025-03-27,0.003915774375034973,0.003440904546072859,0.007793663973772027,0.0077268767443895315,0.007305448084554385,0.0058212816063504275,-0.028676038632609376
2025-03-28,0.003677675965853839,0.00332612687442864,0.0044690746977066684,0.005984683860344215,0.0043709033232407464,0.004073493217334481,0.0058196490488016915
2025-03-31,0.0036254413276353903,0.003312576164835775,0.0014088623240596022,0.005984683860344215,0.0017031082203431004,0.0034690152098641146,0.003946210062778483
2025-04-01,0.003637767149224865,0.003305093308450752,0.0011988437388634069,0.005984683860344215,0.0015204754616371086,0.0034714335207074627,0.02636104878937068
2025-04-02,0.003914218858867065,0.0036279264451510485,0.008744885290279473,0.007134936103394555,0.008138486054635012,0.005524681654862057,-0.09663758062663921
2025-04-03,0.00442558851687339,0.00402496394684662,-0.00770583731014532,-0.001514868422512894,-0.0062291404173233055,0.001254870408914385,-0.0823649978605986
2025-04-04,0.004900113666489876,0.0043945670286846235,0.006267497004557622,0.005032207409122498,0.006060014137204839,0.00496619079330378,-0.011321010674965545
2025-04-07,0.005757925997465985,0.004918309072127617,0.00986308471828926,0.008847059304307021,0.009314061366540193,0.007302506375873944,-0.007092628885655893
2025-04-08,0.006560097561277669,0.005345724240328724,0.009327212236763846,0.008217801018218163,0.008911213265180368,0.007388941536429532,0.11175041190935563
2025-04-09,0.008555827779606675,0.007009313137272043,0.0004813101587570002,0.003513335187551387,0.001370650674569389,0.005261267232369348,-0.053794263169951444
2025-04-10,0.009163479470377961,0.007320373961915474,5.009717276869453e-05,0.002884076901462528,0.0010409189496750667,0.0051021895504079085,0.009428694361756288
2025-04-11,0.009185009226527225,0.007262058121847457,-0.00040701321671504154,1.1520788833861728e-05,0.0006074384297572189,0.0036368579206748604,0.01911079258610579
2025-04-14,0.00924757914557368,0.007246690445150279,-0.0004395277331603975,0.0027410720750676485,0.0006129613806849423,0.004993842205948924,0.007728310996532918
2025-04-15,0.009333338486175204,0.007200408502769497,0.0006647025592815445,0.0034607816358350465,0.0015842861230163847,0.005330571919462167,-0.017558650867923287
2025-04-16,0.009467401286597654,0.007167190843856342,0.0006647025592815445,0.0034607816358350465,0.0015895099286036478,0.005313969511810422,0.020703939545278226
2025-04-17,0.009177118861059513,0.007047957592715331,0.0008282462273912862,0.0034607816358350465,0.0017084726190102458,0.005254351448549871,-0.016085829518320018
2025-04-21,0.008313582957818172,0.0066367618702742005,0.0006647025592815445,0.0034607816358350465,0.0014928790820206827,0.005048728161323041,0.036485185141903256
2025-04-22,0.0041174974830141845,0.00323453816176003,-0.0013188208426771033,-0.0007137332368904321,-0.0007265512952847752,0.00126042399340251,0.017764705109507884
2025-04-23,0.0016958188497132498,0.0024467738496537776,-0.009284390378315884,-0.006210995421757825,-0.007906426822922114,-0.002257669895484152,0.02989018749444209
2025-04-24,0.0016096972114459478,0.002217825053083191,-0.0016329747530597109,0.002833650151073421,-0.001160661013329871,0.001913659660838681,-0.0009356003998509332
2025-04-25,0.0008547956234093893,0.001810724099260821,-0.0056015795436625115,-0.0008892032042718672,-0.004725375124978311,-1.732568593110727e-05,0.002822498893227114
2025-04-28,0.00043189219111045495,0.0015444972417540958,-0.005682155505032985,-0.002312600305755079,-0.004851849081374216,-0.0009404465571838025,0.00460132732960806
2025-04-29,0.0001786494944394911,0.0013012001214463226,-0.004972175197376568,-0.0016393146574774616,-0.004255271357005937,-0.0007304201915081046,-0.002498920839997365
2025-04-30,-0.00026489372449783595,0.0009802868921035622,-0.004190257444038319,-0.0007822735967656547,-0.003609268273761663,-0.0005236290214740227,0.011404051880293272
2025-05-01,-0.00133950234066223,0.0005262585330800794,-0.005128104477066199,-0.002772719253767839,-0.00453606599028259,-0.0020561284211798427,0.02191288660769714
2025-05-02,-0.0017645584935380683,0.00030646170393124864,-0.005753180759755841,-0.003568085203509284,-0.005126515487236626,-0.0026663261687398885,-0.01161994167069919
2025-05-05,-0.002234905804523802,-1.039902434599475e-05,-0.0044915369283992,-0.001976234676978442,-0.0040556446487168725,-0.0021055738192554633,-0.0183968185972776
2025-05-06,-0.001994265128015998,-0.00013138264234794023,-0.00447807031132876,-0.001976234676978442,-0.0040384284773565034,-0.0019852505909624327,0.004649139625633309
2025-05-07,-0.0015855940483825172,-0.00016524497238036497,-0.0037395888945374427,-0.001976234676978442,-0.00337534973323039,-0.0017809239300354501,0.024660846654237012
2025-05-08,-0.0017264886174235702,-0.00041858184317740464,-0.0032448110177673143,-0.0018432320058738778,-0.0029668249841333354,-0.001784861647589152,0.0024716880415225503
2025-05-09,-0.0014835826724695629,-0.0005313352071018598,-0.0016527344663803559,-0.0007220199399173618,-0.001561806785922719,-0.0011027935482653699,0.04185558154035826
2025-05-12,-0.001324512692378555,-0.0003578310643735774,-0.0042633781359466445,-0.0018432320058738778,-0.003827730390942122,-0.0015839221708654873,0.02086838135805965
2025-05-13,-0.000995851631885412,-0.00016074098843841503,-0.004153364538727142,-0.0018432320058738778,-0.003701520870850911,-0.0014196147683398787,0.012818859268876236
2025-05-14,-0.0007016960966699956,-6.754268873669986e-05,-0.0019778794060668556,-0.0007220199399173618,-0.0017727762654686416,-0.0007118622072505249,0.007006218196093112
2025-05-15,-0.0003704701450669334,-5.8356934265441345e-05,-0.0017049196796443298,-0.0007220199399173618,-0.001516467129587204,-0.0005463282361995414,0.005069131771168809
2025-05-16,0.00038595154636056133,5.0513811810293924e-05,-0.001770163505706733,-0.0007220199399173618,-0.0015250361555677679,-0.00033584789493413777,-0.010931445556267232
2025-05-19,0.0005215199389613563,-0.00014912014437863576,-0.0017804330885794297,-0.0007220199399173618,-0.001539204241177778,-0.0004356044324292976,-0.009484602412660612
2025-05-20,0.0026279114816032565,0.001346989453689238,0.000597759336904733,0.001273659353603303,0.0007639019565912368,0.0013103360401473209,-0.021767884130424974
2025-05-21,0.002064658257153685,0.00087145658398506,0.0005980993158260255,0.0012144173225784938,0.0007026347983467791,0.0010430223448878854,0.008005410736847064
2025-05-22,0.0014887376323274443,0.0005540647846011297,0.0005346106050107835,0.0012144173225784938,0.0005958002358123623,0.000884354921707649,0.0005180570640600453
2025-05-23,0.0010344855329808948,0.0004108887026109446,0.0006552553621085746,0.001273659353603303,0.0006676218025955067,0.00084486861022936,0.02831520423270981
2025-05-27,0.000937293331851141,0.00046768493190846614,0.0006559985327097073,0.0012144173225784938,0.0006658713010732978,0.0007966788280734161,-0.011910215581973978
2025-05-28,0.0007941441344346818,0.00032863404453622975,0.0006911010579899959,0.0012144173225784938,0.0006798052291139082,0.0007426295115119348,-0.00590130638010177
2025-05-29,0.0008094963387161968,0.00021813822431421102,0.000831591014895001,0.001273659353603303,0.0007966353029137635,0.0008205404695409866,-0.0073176076395105
2025-05-30,0.0007517422386248231,4.727769973343409e-05,0.00046409854115008587,0.0009236691840579781,0.00045871759219824626,0.0006078469627980524,-0.0028854002832876023
2025-06-02,0.0006411213045975888,-3.375170863779059e-05,0.0005744045084137921,0.0009829112150827875,0.0005442516867775866,0.0006077452510182815,0.008498735513930092
2025-06-03,0.0005403923506608953,-0.0001025192339686219,0.0004462132673805487,0.0003275832048285519,0.00041526213150364186,0.00038679183946570836,-0.007680572015455506
2025-06-04,0.0003524079992139055,-0.00032488654889185675,0.0004214896322720718,0.0003868252358533611,0.00037007118499271123,0.0003694823864375184,0.011069797066183018
2025-06-05,2.55480179742122e-05,-0.00048358343034768505,-3.025206228792544e-05,0.0003275832048285519,-5.1783838657523916e-05,-2.3647819504523357e-06,0.013312973429275631
2025-06-06,-0.00023011865392711653,-0.0004943696674449436,-6.783002293822886e-05,0.0003275832048285519,-9.915227851351711e-05,-0.00014894730353401874,-0.000782032855798685
2025-06-09,-0.0005624800410694679,-0.0007521425564683145,-5.0127607786299204e-05,0.0003868252358533611,-0.0001175402535057414,-0.0003062342247732192,0.0021979601157938716
2025-06-10,-0.0007726879407449049,-0.0008497655093146123,3.325428432024294e-05,0.0003868252358533611,-6.261886546129729e-05,-0.0003696259587166545,0.015011884375694355
2025-06-11,-0.0010682647860540291,-0.000800042063454901,-2.505773773534575e-05,0.0003275832048285519,-0.00012706943528983385,-0.0004125282743075659,0.0015048710340105046
2025-06-12,-0.0015470393175220738,-0.0008504597829614184,-1.2871591558736718e-05,0.0003275832048285519,-0.00014581680289593702,-0.0004317258420706671,-0.0186821849301974
2025-06-13,-0.0023235098292703135,-0.0010969498679921762,-0.00026949714130864875,0.0003275832048285519,-0.00042725950798247914,-0.000683282546541881,0.023055819663143382
2025-06-16,-0.00269339080411568,-0.001016043545274306,-0.00019941177824835793,0.0003275832048285519,-0.00038133883100029847,-0.0006078191813444027,-0.005125738314108126
2025-06-17,-0.002896886419662163,-0.0011109533393047454,-0.00019941177824835793,0.0003275832048285519,-0.0003984673937190823,-0.0006552802502783605,0.016827357633638552
2025-06-18,-0.0020479835790727955,-0.0005593925040562567,0.0006757475597989549,0.0004380139024029193,0.0004459815047375092,-6.08348478519773e-05,0.008714511835156034
2025-06-20,-0.0021035798099007063,-0.0007883354460890269,0.0007353458734580913,0.0004380139024029193,0.00048033501993877185,-0.00017527957733335135,0.009443436736236498
2025-06-23,-0.0018249707160730047,-0.0004349778087565204,0.0005725998831432162,0.0004380139024029193,0.0003762485817415369,1.3431727966058311e-06,0.02327086971085164
2025-06-24,-0.0015633895282563693,-0.0002149844087424903,0.0005299903064088496,0.0004380139024029193,0.000367375136610014,0.00011131807725392662,0.011651973267281329
2025-06-25,-0.0016291424089591921,-0.00015135637229438706,0.0003173238732184001,0.0004380139024029193,0.00018267156047109916,8.2796629373492e-05,0.02548346625757173
2025-06-26,-0.0014361917001406163,3.911914225869349e-05,0.00033632216278791044,0.0004380139024029193,0.0002218120906562915,0.00018753338596993408,0.005297695927100321
2025-06-27,-0.0014049475663067312,-6.481968487820502e-05,0.0001943744628202941,0.0004380139024029193,9.336710749205194e-05,6.467066360044569e-05,0.02422610538849243
2025-06-30,-0.0012390262461534013,0.00017295880965818828,8.757803855161757e-05,0.0004380139024029193,2.451351700958651e-05,0.0001302179843349406,-0.0018243094944406558
2025-07-01,-0.0011080275019056491,0.00014519904061390296,-0.0010301489779678927,-0.0008077418561505874,-0.0009574499423880018,-0.0009187655152727717,0.013259929837521332
2025-07-02,-0.0010999104561728373,0.00011414404931193019,-0.0035753896251105306,-0.0022987203249832514,-0.003191885677751977,-0.0016993195546834848,0.010822751273645865
2025-07-03,-0.000980885306082971,0.00014396385044390252,-0.0043994494575922945,-0.0022987203249832514,-0.0039008827773028315,-0.0016398529174002393,-0.017775333837867318
2025-07-07,-0.0012218417973769067,-0.00019552641696566638,-0.005153061561705931,-0.0022987203249832514,-0.004591600861910371,-0.001760355187858745,-0.019386867998673424
2025-07-08,-0.0015925548305947505,-0.0005548901088038088,-0.005165772502943113,-0.0022987203249832514,-0.0046456729019466216,-0.0019456986904271374,-0.0010331627567820548
2025-07-09,-0.0017181968732221135,-0.0007732276815894141,-0.0045212262268447,-0.0022987203249832514,-0.004105246741146862,-0.002008509519573036,0.01787082677766172
2025-07-10,-0.0017254701380566891,-0.0008251639508163454,-0.0045212262268447,-0.0022987203249832514,-0.0041089317184644005,-0.0020121493480927243,-0.005897862165538435
2025-07-11,-0.0017581342652196216,-0.0009986282829480355,-0.00450930936999314,-0.0022987203249832514,-0.004111322579812281,-0.002028492154092467,0.01177517654299604
2025-07-14,-0.0016511023201395904,-0.0010313218873382768,-0.004663519105122612,-0.0022987203249832514,-0.004241790855316638,-0.001975001842615277,-0.015242422287453594
2025-07-15,-0.0012705231831948334,-0.0010990033859500832,-0.004716398147459294,-0.0022987203249832514,-0.0042713107246445175,-0.0017848181294422205,0.008941976046972102
2025-07-16,-0.001013440583638585,-0.0010886542671302826,-0.0052756418602395196,-0.0022987203249832514,-0.004743458586367548,-0.0016939228346409011,-0.0042130049686717125
2025-07-17,-0.0005088246109199208,-0.001005106321624561,-0.004826349412025101,-0.0024859883632385904,-0.004321612508107969,-0.001745673573824372,0.0034226507459167417
2025-07-18,0.0001885276859454939,-0.0005121063230497562,-0.0017179732318158595,-0.0006609076814041214,-0.0015253012462986618,-0.0005865211353919718,-0.0031960342140533175
2025-07-21,0.00031837023826897774,-0.0006163537243686931,-0.002004561356878871,-0.0006609076814041214,-0.0017742948516620597,-0.000638634263710071,-0.00794939797028444
2025-07-22,0.00020492581450294974,-0.0007435290679614769,-0.001890173152776702,-0.00011371971794719647,-0.0016826722536970142,-0.0004287282475304006,0.024135009507285386
2025-07-23,0.0002710630798476369,-0.0005637198949074839,-0.0025205043309475613,-0.0006609076814041214,-0.002222705169183825,-0.000612328245697019,0.0023108148800675466
2025-07-24,0.00029365934350144375,-0.0005410305198070855,-0.001848015708920864,-0.0006609076814041214,-0.0016345958485334475,-0.0006009781766858293,0.013534606087182273
2025-07-25,0.00023679795685300993,-0.00044371109140196483,-0.0017630683882850257,-0.0006609076814041214,-0.0015575917876357074,-0.0005523310392123977,-0.007338386176489472
2025-07-28,0.00014337916611900382,-0.000486936965612232,-0.0017447680943967483,-0.0006609076814041214,-0.0015495017923705643,-0.0005739438964541171,0.011445280679908049
2025-07-29,-0.0001799982209020554,-0.0005373005110035486,-0.0022235634123816783,-0.0006609076814041214,-0.0019871796861095714,-0.0005991547591512433,-0.0016817605095560064
2025-07-30,-0.0003897366651716339,-0.000537427185424817,-0.0019306401990059462,-0.0006609076814041214,-0.0017436440379830368,-0.0005992744869491327,-0.00984643324144269
2025-07-31,-0.0009283751422475657,-0.0008052840459365626,-0.0022046176046642474,-0.0006609076814041214,-0.0020285476169567902,-0.0008669383851026809,-0.01956580766554849
2025-08-01,-0.0014512182120507105,-0.0009572466377722327,-0.0024717046299187555,-0.0006609076814041214,-0.0022992535768930214,-0.0012043305299489415,0.022932213552892416
2025-08-04,-0.0016109438284592414,-0.000832289962817884,-0.0020399027391521376,-0.0006609076814041214,-0.001924165640033765,-0.0012216857844380342,-0.00707711102566073
2025-08-05,-0.0019523830270752776,-0.0009736458775102944,-0.002421341224097973,-0.0006609076814041214,-0.002283835833426143,-0.0014630463031769022,0.0052986907589863096
2025-08-06,-0.002015874303918713,-0.0010639797084390544,-0.0018090215914317257,-0.0006609076814041214,-0.0017599657665160768,-0.0014364486064261071,-0.006922934256177955
2025-08-07,-0.0021654363982861447,-0.0011281255762567084,-0.001858317860269834,-0.0006609076814041214,-0.0018151146893878303,-0.0014931866954925196,0.002123552038465856
2025-08-08,-0.0021234921913497605,-0.001189214552493071,-0.001858317860269834,-0.0006609076814041214,-0.001816689320038059,-0.0015237084721722047,-0.0028184887671333005
2025-08-11,-0.002266487525170734,-0.0013399592858311092,-0.001858317860269834,-0.0006609076814041214,-0.0018340458629135122,-0.0015990964647064143,0.033012275267171334
2025-08-12,-0.0015357807366658226,-0.0007265705315450013,-0.002330578409487605,-0.0006609076814041214,-0.0021664152451545977,-0.0011313390754959045,0.0017606670258205413
2025-08-13,-0.0011452494943831265,-0.0004543580702061679,-0.0021661188715614314,-0.0006609076814041214,-0.0019846712339595474,-0.0009032060405223625,0.0033648755729373354
2025-08-14,-0.0009466250943829801,-0.00037230733183235684,-0.0016636196468301767,-0.0006609076814041214,-0.0015311696960203605,-0.0008038326105363918,-0.022302593908139545
2025-08-15,-0.0007522534283242615,-0.00019138916956756928,0.0006165885726995456,-7.600593491496242e-05,0.0004826755126381997,-0.0001336899078072107,0.0003284594068362835
2025-08-18,-0.0007700515516214576,-0.00036277187114845585,0.0006955730380113449,0.00037938086540424405,0.0005448505012435841,8.283561981565872e-06,-0.013192717766779457
2025-08-19,-0.0008835219178458028,-0.0006040288534675305,0.00045615148406957687,-7.600593491496242e-05,0.0003097129353962979,-0.0003399626749933546,-0.0009708503990117167
2025-08-20,-0.0009847214694999667,-0.0006835525774398477,0.0003496872627536388,-7.600593491496242e-05,0.00020646575483192927,-0.00037974989414130063,-0.006584851414439536
2025-08-21,-0.0012394102522399384,-0.0008839163621841679,0.0004150171944482852,-0.0012725888697902273,0.00022298045515894264,-0.0010614195897812998,0.035590654773750445
2025-08-22,-0.0009596234363505791,-0.0004348448449050328,0.0006243027946826671,-7.600593491496242e-05,0.0004626481091901922,-0.00025540466826131107,-0.004187320914726071
2025-08-25,-0.0011021408683006264,-0.0005120549962822443,0.0009355806325563592,0.00037938086540424405,0.0007261923989325866,-6.634212673987299e-05,0.013658558884431524
2025-08-26,-0.000803225852373668,-0.00033605276261774525,0.0007332229198630351,-7.600593491496242e-05,0.0005722694855357651,-0.0002059955622205739,0.0009608449918750156
2025-08-27,-0.0006595140989351044,-0.00037296508122318985,0.0005611990051282935,-7.600593491496242e-05,0.00042803047657056397,-0.00022442517700858167,0.002065425703271331
2025-08-28,-0.00042911533523731907,-0.0004179789972560206,0.0004870300886784382,-7.600593491496242e-05,0.0003732041777006882,-0.0002467702285762717,-0.007978780050553443
2025-08-29,-0.00032674851506148556,-0.0005035707218411425,0.0006865620559621633,-7.600593491496242e-05,0.0005470841344240259,-0.00020126989970584516,-0.019511525627904584
2025-09-02,-0.00043305368154152463,-0.0006213064689063181,0.000562544483420592,-7.600593491496242e-05,0.0004258580087557706,-0.00025443057349614623,-0.00039684693067406403
2025-09-03,-0.0006453854736353836,-0.0007918785860596979,0.0006578945836950075,-7.600593491496242e-05,0.00048646472205713455,-0.0003605662219627949,0.02479413585561515
2025-09-04,-0.0006033632417811398,-0.000633753124607265,0.0005361581888201607,-7.600593491496242e-05,0.0003927921336044279,-0.0003394985367821976,-0.01437712912192205
2025-09-05,-0.0006305537609249206,-0.00047389335722200016,0.0005361581888201607,-7.600593491496242e-05,0.0004014251059623198,-0.00027483760583922357,0.00491866675380472
2025-09-08,-0.0005381672787327747,-0.0004972760925969883,0.0006357982516321252,-7.600593491496242e-05,0.0004917360087253777,-0.00028644250056067156,0.029316015783598836
2025-09-09,-5.4980569066292344e-05,-8.247938017170298e-05,0.0005291188299282781,-7.600593491496242e-05,0.0004515276349265835,-6.525983321269957e-05,0.007381884423843509
2025-09-10,3.900613996111682e-05,3.1644038287928814e-05,0.0003819298707236441,-7.600593491496242e-05,0.0003357517436748562,3.5338813427171357e-05,0.01949475099010669
2025-09-11,0.000378799091263561,0.0003997184435889884,0.0003934995697035712,-7.600593491496242e-05,0.00038769188525264805,0.00038593509658478445,-0.005968848012283888
2025-09-12,0.00034486543050357704,0.0003669213791909999,0.0003907358342730254,0.00037938086540424405,0.00038659107463289116,0.00037309719500506214,0.008552422121784146
2025-09-15,0.0004741379472040853,0.0006854238966280423,0.0007861863001406511,0.0005284282496874586,0.0007597914674533457,0.0006069765438584361,-0.0015645722978538177
2025-09-16,0.00025177033202847845,0.0004508497077025903,0.000752616223641948,0.0005284282496874586,0.0007035663946570031,0.0004896458159195107,0.011001777569831611
2025-09-17,0.000339455288568414,0.0003291999243331093,0.0007172135497997402,0.0005284282496874586,0.0006698380742432651,0.0004341168638013428,0.01262429990290257
2025-09-18,0.0005715498558641712,0.0004110456701762844,0.0006078343858173208,0.0005284282496874586,0.0005924820493511144,0.0005499017395288366,0.0008575134495336822
2025-09-19,0.0005716600196953904,8.142475550801392e-05,0.0008796703745448819,0.0005284282496874586,0.0008082716368074785,0.0005500345695186898,0.0006954072894026688
2025-09-22,0.0003670913456003116,1.4651096332110114e-07,0.000746534437169097,0.0005284282496874586,0.0006760451534045445,0.00044772297256815346,0.0009430104221700759
2025-09-23,0.0002409443767712823,3.0218650828736865e-07,0.0007310515742999581,0.0005284282496874586,0.0006556824803824675,0.0003846715915643703,-0.017376530598297284
2025-09-24,-0.0001684007514176652,-0.00013740910268687047,0.0008596879818089246,0.0005284282496874586,0.0007365801542303745,0.00019563045833350618,0.002936030040563956
2025-09-25,-0.00046984279641772516,-0.00021044170727964236,0.0007180217495215578,0.0005284282496874586,0.0005921554559927184,0.00015897071080604687,0.009704133582171282
2025-09-26,-0.00059275189508572,-0.00023852995870553973,0.0007897503311812905,0.0005284282496874586,0.0006461042738904223,0.00014492511591090407,0.002004177546262162
2025-09-29,-0.0006144439771992485,-0.00028321603569729726,0.0008540431602198157,0.0005284282496874586,0.0006980606810107591,0.00012260474726165949,-0.009709748660499099
2025-09-30,-0.00041499659585128985,-0.00033478041101607465,0.0007842855619967998,0.0005284282496874586,0.0006449685692741299,9.688590616975493e-05,-0.013705556248738185
2025-10-01,-0.00017871768296036519,-0.00036234847415430926,0.000825990775314708,0.0005284282496874586,0.0006924427038883823,0.00017489122303500362,-0.00783446271592782
2025-10-02,-0.00015231520545019227,-0.0003384851623175542,0.00039531467997164606,-0.0001854448800811862,0.0003122614439675338,-0.0001688463607277788,0.013508865885505785
2025-10-03,0.0003697239227446819,-0.00011655961993589989,0.0005618221888385789,-0.0010734547934983935,0.0004895824910827042,0.0001264531670340321,0.00857103836167376
2025-10-06,0.0009819415926800308,0.0001996091314925759,0.0006171558967002557,0.0005284282496874586,0.0006096409051832438,0.0005727968366262975,-0.008988802089212964
2025-10-07,0.0011156027792673534,0.0003493300304931481,0.0003903867560225893,0.0005284282496874586,0.00042900755700763703,0.00045959889767135015,-0.016780306851452924
2025-10-08,0.00106566405356787,0.000293216414435216,0.00024187924070566045,0.0003819812159969226,0.0002917588619486089,0.0003377595794895296,0.00443313110671801
2025-10-09,0.0008738408724717546,0.00021051215426691434,0.0003049157449865467,0.0003819812159969226,0.000330917519765596,0.00034354164820474,-0.020203801280049203
2025-10-10,0.0008025843287307393,0.00024166568918574657,-0.0004791624083686253,0.0003819812159969226,-0.0003535876751229821,0.0003117989050394203,0.02890984079895965
2025-10-13,0.001122528495607763,0.000614185411620577,0.0007347759055108514,0.0010119334156273197,0.0007515196099322967,0.0008733477336022803,-0.020571650279987252
2025-10-14,0.0012994110175769298,0.0008812637923270338,-0.0004352825375565971,0.0003846193557580224,-0.00024772054164488063,0.000632887731148996,-0.0036784801051332056
2025-10-15,0.0012135148519945797,0.0009262142105460707,-0.0006597963987893987,0.00021965717855780602,-0.0004469176291679132,0.0005728423503192489,-0.012896426094179616
2025-10-16,0.0009645810994756742,0.0009289136890227735,-0.0008638735032857877,-0.0005985926132907459,-0.0006474186452969735,0.00016510294158368803,-0.009702774978314642
2025-10-17,0.0006955874341987352,0.0008453179715572042,-0.0008792119290150983,-0.0005985926132907459,-0.0006807634063934257,4.8464794868388546e-05,0.01657797752372891
2025-10-20,0.0006975853190412814,0.0009661926398411905,-0.0008016760996036762,-0.0005985926132907459,-0.000605503820277726,4.9512030274795674e-05,-0.005701949220160375
2025-10-21,0.0004124697524277142,0.0007648440677061037,-0.0008342499537062086,0.00021965717855780602,-0.0006527801069211087,0.0003160061209264073,-0.01912827220330884
2025-10-22,0.0002479862631528575,0.0006288130862056914,-0.0005154222993015774,-0.0005985926132907459,-0.00040223014948855506,-0.00013362163711544281,0.008265576476477186
2025-10-23,0.00020080435079029927,0.0005863490720292455,0.00040492393494851646,0.0010640359638007537,0.00041283080345926824,0.0004956967792956788,0.04314324851294891
2025-10-24,0.0006818964958070477,0.0011214846074973264,-0.00039730052883022983,-0.00041357122102790556,-0.0002423730903001606,0.0001424170121883489,0.007764321151511965
2025-10-27,0.0007447650981820355,0.001236667106812183,-2.3226691033130306e-05,0.00043080756421504194,0.00010371326035677677,0.0005877923446285195,0.0026547808351106896
2025-10-28,0.0006998526497977295,0.0011983598631178634,0.0009120746028674151,0.00043080756421504194,0.0009130651197767118,0.0008059685065883205,-0.011465737336791917
2025-10-29,0.0006576419600623292,0.0011158578536631877,0.0006199743462798253,0.00037870501604160794,0.0006506477355567087,0.0006388244333971309,0.009026104322776089
2025-10-30,0.0008647279160997356,0.0012632325942702057,-0.0001357636746209049,-0.00041357122102790556,4.27316616628866e-06,0.00036450908825041127,-0.0010002698386028558
2025-10-31,0.0005528965350131529,0.0009732858743395007,0.0009219203796545779,0.00043080756421504194,0.0008993584665144586,0.0007373552826007058,-0.004889209048750518
2025-11-03,0.00010813230563064524,0.0007161416254564559,0.0009219203796545779,0.00043080756421504194,0.0008587755090125493,0.0005734366953921819,0.006737104728843186
2025-11-04,5.828940379418857e-05,0.0008276994132520178,-0.00014665219710955697,-0.00041357122102790556,-7.684588715254758e-05,-4.411433075698918e-05,0.002853693667146674
2025-11-05,-2.7862494926178245e-05,0.0007449386668319984,-5.196632172701379e-05,-0.00041357122102790556,-4.3634275935898e-06,-3.9905522694019284e-05,-0.006971767580207714
2025-11-06,-0.00024094987076501035,0.0005973244475956372,-5.3483958910524304e-05,-0.00036146867285447156,-2.6074452405394415e-05,-0.00014709497621547744,-0.0015756715160886382
2025-11-07,-0.00010349846943978055,0.0006230243568193688,-0.00015377158395172403,-0.00041357122102790556,-0.00010484096569258419,-0.00012860836733033878,0.013716300626191334
2025-11-10,-2.7315763894935838e-05,0.0006635842319408617,0.0005774598514690936,0.0003771368336564603,0.0005475577023092062,0.0004771742400579822,0.016311283834809644
2025-11-11,0.00022283694127351602,0.0007915871920268094,0.0007705384597537586,0.0003771368336564603,0.0007374163194441045,0.0005737389205690488,0.03475802656863486
2025-11-12,0.0007778385322798366,0.0011283786854629997,0.0007626754407038011,0.0003771368336564603,0.0007822200508934493,0.0007702559491818611,-0.040711711437437285
2025-11-13,0.000981634947650744,0.0012684725494976096,0.0008512353450509474,0.0003771368336564603,0.0008793214007282414,0.00091640701244214,-0.018279055303249633
2025-11-14,0.0011025795212208313,0.0012187455224729118,0.0009049263106937597,0.0003771368336564603,0.0009295242140548436,0.001003637276008506,-0.019598801398902015
2025-11-17,0.0010855422043688342,0.0011594119445468966,0.0003035962636336199,0.0003771368336564603,0.00040134659931069484,0.0007313396928429407,0.0009536817721257612
2025-11-18,0.0012018152369421755,0.0011154652047653286,0.0001582395645469088,0.0003771368336564603,0.0002783780876655131,0.0007462479690195946,0.012405029590341897
2025-11-19,0.001598629059922213,0.001088790448418583,0.00031700090946394394,0.0003771368336564603,0.00043658567532923364,0.0007330995407823552,-0.01575983994446294
2025-11-20,0.002065866402411154,0.0013032550514542505,0.00013164765516425874,0.0003771368336564603,0.0003143350294449944,0.0008402868669398608,0.0004264530454220005
2025-11-21,0.0020381865989746936,0.0013042254193255207,2.514684226668312e-05,0.0003771368336564603,0.00022016896924794983,0.0008407424549059722,0.021320633428744785
2025-11-24,0.002159127101183755,0.0014209516152392393,0.000327000593465684,0.0003771368336564603,0.0004969471534261193,0.000899193859451879,0.014576236101703789
2025-11-25,0.002373025295478767,0.0016835712732523377,0.0003383389667840524,0.0003771368336564603,0.000535130702544897,0.0010304872918129148,0.016919081849755397
2025-11-26,0.002659915137817596,0.0019492388018017006,0.0003538904426746398,0.0003771368336564603,0.0005811638584406881,0.001163315309550431,0.012216550140092049
2025-11-28,0.0027668128294057186,0.0020933169855070566,0.0008109781809404367,0.0003771368336564603,0.0009940456607647923,0.001452182822907799,-0.018547777137323605
2025-12-01,0.0024019263098834726,0.0017986149888604742,0.0008237726224778431,0.0003771368336564603,0.0009665888721074392,0.001311219047743851,0.005350380953730584
2025-12-02,0.0021665957022470356,0.0015621963978064278,0.0008237726224778431,0.0003771368336564603,0.0009387632258439963,0.001193010405755788,0.025864431974153616
2025-12-03,0.002249060621267249,0.001687917142405589,0.0008682249017151824,0.0003771368336564603,0.0009899259850202089,0.0012780824288404443,0.0015050286491778146
2025-12-04,0.0020296576411491306,0.0015344417598902001,0.0008471590806237611,0.0003771368336564603,0.0009498820169872217,0.0011908048991000617,0.019771477396205696
2025-12-05,0.00200730128332106,0.0014862597564617743,0.0008682249017151824,0.0003771368336564603,0.0009639493521744986,0.00117724738265936,0.014094647138354491
2025-12-08,0.0019589542430145826,0.0014137042615578338,0.0007911265951580843,0.0003771368336564603,0.0008895962450058403,0.0011024389833123335,0.011346630924353967
2025-12-09,0.002481004317499411,0.0015618042919302764,0.000846316746382643,0.00041436056787673154,0.0009759744840068371,0.001204123780946739,0.014339162554548032
2025-12-10,0.0019877033355664335,0.001565627459356515,0.0009061480718534126,0.00041436056787673154,0.00100134437619497,0.001235874661288268,0.02420870536914351
2025-12-11,0.0009272306991299905,0.001561071479548482,0.0006022688903261356,0.00041436056787673154,0.0006785583849511168,0.0007648472392480465,-0.02564913804328089
2025-12-12,-0.00016355478001351683,0.0012910718571587962,0.0007342647962951238,0.00041436056787673154,0.0007167667583162536,0.0005743100588055069,0.001833990936870602
2025-12-15,-0.0005488561955488095,0.0010186362689399478,0.000949664643279942,0.00041436056787673154,0.0008659828659223183,0.0006818209440058648,-0.011805153253909994
2025-12-16,-0.0006081894328453269,0.0007477781557265312,0.0009992810897632195,0.00041436056787673154,0.0008887892173494836,0.0005809673702237676,-0.007787747084135596
2025-12-17,-0.0005485597344559287,0.0006991686610634657,0.0009992810897632195,0.00041436056787673154,0.0008889710216694506,0.000556685643580273,0.004540671855120136
2025-12-18,-0.00034927410909217177,0.0006038935322345436,0.0009517585492431741,0.00041436056787673154,0.0008524600738467554,0.000509082176031852,0.01941544447399678
2025-12-19,0.00016002443052955015,0.0004895492134173213,0.0009427637162345269,0.00041436056787673154,0.0008652245478124701,0.0004519789959883242,0.006159105866015094
2025-12-22,0.000992581389781883,0.0007864013805515403,0.0010171109531561648,0.00041436056787673154,0.000994236920996558,0.0008892963096807548,0.0030099505035341492
2025-12-23,0.0012140584483609784,0.0007583376928137482,0.0010171109531561648,0.00041436056787673154,0.0010045640956164506,0.0008876781376105176,0.010008422422519076
2025-12-24,0.0013208188972382068,0.000822521135385832,0.0007498656360491874,0.00041436056787673154,0.0007818094983156329,0.0007862074096485583,-0.004114881046252854
2025-12-26,0.0007381016398096804,0.0006543622028973247,0.001072171373638832,0.00041436056787673154,0.0010199049854756211,0.0006962486172583219,-0.0165186286164038
2025-12-29,0.00028128895823312824,0.0004094829289853594,0.0009380146109430846,0.00041436056787673154,0.0008626491227007639,0.00041193139112797705,-0.008735854128926242
2025-12-30,0.0003320669622681856,0.0002646512295603498,0.0008299531886809554,0.00041436056787673154,0.0007621830504258955,0.0003733319060348181,-0.006147145920913788
