Date,LinearRegression,Ridge,RandomForest,GradientBoosting,ResidualHybrid,ConfidenceWeight,Actual
2022-10-28,-0.0019129727681049332,-0.0023142844059259723,0.00025567913378915773,-0.00027681690431020093,-0.00014465678103793003,-0.0010948749583778315,-0.0015876984724846792
2022-10-31,-0.0027663999804053343,-0.002610641362420168,5.140383108933471e-05,-0.000808648195042779,-0.0004167281382485946,-0.001709543477251693,0.017872423568570113
2022-11-01,-0.003736823596339257,-0.0029713256139009894,-0.002265648647090371,-0.002341718945391254,-0.002441375530823217,-0.0026566881389259917,-0.009250596217970832
2022-11-02,-0.004225377123221195,-0.0032494009169292846,-0.0022710996334441343,-0.0015218730238618446,-0.0024827420420926723,-0.0027602726815055103,0.0018098655614271703
2022-11-03,-0.004098684499614831,-0.003172198666105794,-0.0021235110436011733,-0.0015218730238618446,-0.002347080628302799,-0.002647891736601843,0.0269908692820294
2022-11-04,-0.004407128970780279,-0.003294437846077332,-0.0021516928845336887,-0.0015218730238618446,-0.0024040723166817725,-0.002723113818333407,0.0052662121497973145
2022-11-07,-0.004330033767916413,-0.0030646408469884433,-0.0022796879617604728,-0.0015218730238618446,-0.0024822400759651362,-0.002672204953229012,0.0006087133238061713
2022-11-08,-0.0038955600397985284,-0.002594147444148842,0.0003094584199776648,0.00043413765810812477,-0.00025732644310201135,-0.0011424586155668961,-0.01309394048282557
2022-11-09,-0.003438525573814395,-0.001982130243748308,-7.747437770876505e-05,0.00043413765810812477,-0.0004832294134332114,-0.0010298860643318708,0.04033469963810262
2022-11-10,-0.003311754163629118,-0.0021543408894003024,-7.747437770876505e-05,0.00043413765810812477,-0.0004879047271718371,-0.0011159703073104754,0.0016272170461004113
2022-11-11,-0.0027934382961005443,-0.0016664679387562373,-7.747437770876505e-05,0.00043413765810812477,-0.0004066408174064188,-0.000872035611725598,-0.010326470187930703
2022-11-14,-0.002749134012995472,-0.0015924887009355435,-7.747437770876505e-05,0.00043413765810812477,-0.0003969764401597494,-0.0008350487365039592,-0.007270131763842595
2022-11-15,-0.002955816276820733,-0.0016393780086712377,1.2496303336963673e-05,0.00043413765810812477,-0.0003441970493038513,-0.0008135315619502088,0.0013531099599816832
2022-11-16,-0.002260350570554422,-0.0011198888953686294,-8.581827006021024e-05,0.00043413765810812477,-0.0003260348256109509,-0.0006029199982941496,-0.004366428531214461
2022-11-17,-0.0016473034516448675,-0.0008372306366221936,0.00010001978221854384,0.00043413765810812477,-0.00010444199121239318,-0.0003686790618526784,0.009760572504284836
2022-11-18,-0.0014594223957118198,-0.0008129310100573775,0.00010001978221854384,0.00043413765810812477,-8.78315194575027e-05,-0.000356510262302181,-0.005920247967584887
2022-11-21,-0.0010327550701196633,-0.0004945340998220174,0.00017096320737585463,0.00043413765810812477,2.9420261059196937e-05,-0.00016184539534243412,0.014846066819152157
2022-11-22,-0.0007829026650422468,-0.0004998366577739046,0.00017096320737585463,0.00043413765810812477,4.834173102685735e-05,-0.0001644425291891271,0.01060718009996383
2022-11-23,-0.00011309468957251736,-0.0003502506816226822,0.00017096320737585463,0.00043413765810812477,0.00011286085315303387,2.8943091157866592e-05,0.0019031935787098733
2022-11-25,0.0001562330133194306,4.598007146884857e-05,0.00017096320737585463,0.00043413765810812477,0.00016710628843848716,0.0001636170103556869,-0.017632916911810945
2022-11-28,5.445938495666895e-05,0.00015545224524946856,0.00043237363097161784,0.0003945291346173887,0.00037863509453371885,0.0002749250527177342,0.0163158309781315
2022-11-29,0.00030219810332281606,0.0003185343614315598,0.00043237363097161784,0.0003945291346173887,0.00041157287705198624,0.00035659315830113933,0.011792963432482036
2022-11-30,0.00016393788028060043,-0.00014360290692979705,0.0003489257561516675,0.0003945291346173887,0.0002944619882118562,0.0002562807085186064,-0.014139099669388144
2022-12-01,0.0010997702608528143,0.0005959180196670023,0.00043237363097161784,0.0003945291346173887,0.0004967582128496162,0.0005143386363569944,-0.007958839579762428
2022-12-02,0.0014957293901010713,0.0007690195870568296,0.00043237363097161784,0.0003945291346173887,0.0005420294854721642,0.0006009056220268085,-0.02844147228635502
2022-12-05,0.001648009933553762,0.0009057789125863197,0.0005529651784271253,0.0003945291346173887,0.0006628602819832236,0.000729495277866911,0.0016732563415980072
2022-12-06,0.0016383428013828753,0.0005951677619524493,0.0003257569100593235,-0.0002262155218355915,0.0004338129044215297,0.00046049789342644717,-0.0006842233962153603
2022-12-07,0.001958112673328959,0.0007588270160293478,0.00042012479541197155,-0.0002262155218355915,0.0005486881682881451,0.0005895120014467117,0.01043973325356901
2022-12-08,0.0022822205898170387,0.0009690036499180793,0.0004192847832924926,-0.0002262155218355915,0.0005908326625909032,0.0006941950889272171,-0.00543328209205259
2022-12-09,0.0023454442938599662,0.001050392271676684,0.00046521023958045424,-0.0002262155218355915,0.0006397225853537164,0.0007578468685799946,0.015392591988292967
2022-12-12,0.002415444554116103,0.0008556714337429574,0.0006444310556046521,0.0003945291346173887,0.0007920890831281659,0.0007501507240800981,-0.0009691736837239452
2022-12-13,0.0023708086032892184,0.0008420872088278102,0.00039724710538929374,0.0003945291346173887,0.0005876139029509608,0.0006199433471755833,-0.005009710974252078
2022-12-14,0.002129655352936118,0.0009467954597597448,0.00039724710538929374,0.0003945291346173887,0.0005777380137091729,0.00067227328023607,-0.02512347931064151
2022-12-15,0.0018750430408594296,0.0009770391603603971,0.0005870834444976522,0.0003945291346173887,0.0007140482053301496,0.0007821825091303172,-0.006245492951210681
2022-12-16,0.0007933447875487119,0.00013890466667393635,-0.0014137299822090355,0.0001686566565451719,-0.0010649306287364168,0.00015377345602129284,0.005937961899924914
2022-12-19,0.0020067853920081096,0.000974993840842595,0.0006569715199811199,0.0003945291346173887,0.0007805993288425282,0.0008160799760657869,0.004832180309730627
2022-12-20,0.002246246921005675,0.000881580847878185,0.0006444310556046521,0.0003945291346173887,0.0007811551582663652,0.0007631070541556222,0.011185122721879675
2022-12-21,0.0024126262542770952,0.0007542742581272936,0.00039724710538929374,0.0003945291346173887,0.0005834605332616403,0.0005760485439370547,-0.011414736385449188
2022-12-22,0.0024505082171583344,0.0008002168228726281,0.00039724710538929374,0.0003945291346173887,0.000590266016831381,0.0005990153800039778,0.004733758704561602
2022-12-23,0.0026160228149059543,0.0009773685960032278,0.00039724710538929374,0.0003945291346173887,0.0006180148113281686,0.0006875752058177039,0.0034980623250147847
2022-12-27,0.002053149891391753,0.000787259418031686,0.0004055207508479951,0.0004453606131765064,0.0005665710001860584,0.0006165461765001616,0.005450310266524334
2022-12-28,0.0014364494283036933,0.0004583012725607917,0.0004055207508479951,0.0004453606131765064,0.0004910632069190554,0.00045190036013651456,0.0057212762482410475
2022-12-29,0.0012721536577528759,0.0006032994942360453,0.00036756194157936225,0.0004453606131765064,0.0004598448618898614,0.0005244831280129126,0.006584005278428392
2022-12-30,0.0010024303176504887,0.00026617985091278377,0.00036756194157936225,0.0004453606131765064,0.0004105466753695576,0.00040655304032530937,0.007577295434935224
2023-01-03,0.0008898459302111869,-7.091337412627112e-06,0.00036756194157936225,0.0004453606131765064,0.00037880642112996616,0.00040646764634904567,0.009281990221096145
2023-01-04,0.0008462240839180691,-0.00020189020554760393,0.0003555194409575823,0.0004453606131765064,0.0003492828962181565,0.0004004277876312156,-0.00022182278037884967
2023-01-05,0.0010042933561576239,-1.267858953084343e-05,0.0003700276833961777,0.0004453606131765064,0.00038920139817180904,0.00040770669663359394,0.018954953567647793
2023-01-06,0.0005217033330108831,-0.0003855996159686164,0.0003700276833961777,0.0004453606131765064,0.00032038731233509685,0.00040757358769719836,-0.004140769829838573
2023-01-09,0.0005320427172618412,-0.00032677065714187736,0.0003700276833961777,0.0004453606131765064,0.0003261429558122523,0.0004075857652337036,0.00891402850885746
2023-01-10,0.00013007673703436916,-0.000630149457502102,0.0003700276833961777,0.0004453606131765064,0.000269435022214952,0.00024987826393769823,0.007403958013979708
2023-01-11,-0.0001942115190565452,-0.0008483064350560742,0.0003700276833961777,0.0004453606131765064,0.0002259252728864219,8.775033180649742e-05,-0.0010033241085808618
2023-01-12,-0.0007560693457972312,-0.0012285912907998649,0.0003700276833961777,0.0004453606131765064,0.000150346390344464,-0.00019311948776831896,0.0249215076297655
2023-01-13,-0.0015043357363105558,-0.0021010463092436464,-0.0002084954014595352,0.00039443732896963856,-0.00045043031154234697,-0.0008564147169381287,-0.015573888359244174
2023-01-17,-0.0008275640786571405,-0.0013734192531238056,0.0003167464000129426,0.0004453606131765064,8.952503700140942e-05,-0.0002555003193621427,-0.03050302943185479
2023-01-18,-0.0007012472690958145,-0.0009670166103718047,0.0003167464000129426,0.0004453606131765064,0.00013354118390053463,-0.00019229128875035293,-0.013416120688812153
2023-01-19,-0.0008847247892993888,-0.0008700099688115206,0.0003287889006347226,0.0004453606131765064,0.00013722509449302385,-0.0002705741718381479,0.0024459755277410297
2023-01-20,-0.0008899870792804,-0.000893275664069494,0.0003287889006347226,0.0004453606131765064,0.00013485790168698522,-0.0002805586655524543,0.016082441718009793
2023-01-23,-0.0007121994564033376,-0.0007365737647340452,0.0003820701840179578,0.0004453606131765064,0.000204918786744101,-0.00016504882410198698,0.008559482714105488
2023-01-24,2.9470800281548306e-05,-0.0002878599398141436,0.0003820701840179578,0.0004453606131765064,0.0003001989384549821,0.00020564821726951228,0.004827820529375789
2023-01-25,-2.4289734914337486e-05,-0.0003801322050376066,0.0003820701840179578,0.0004453606131765064,0.0002882610243605474,0.0001787627354630763,0.006162645560532399
2023-01-26,0.0002854597425204023,-4.5676975400408095e-05,0.0004666491574459278,0.00039467116779752075,0.0004073232193546801,0.0003399522377977815,0.0024260085418713303
2023-01-27,0.00018485515643511285,1.61327682200398e-05,0.0004666491574459278,0.00039467116779752075,0.00040472974864388787,0.0002896928061301102,-0.008516672460838303
2023-01-30,-0.00022227012327915143,0.00028132891403660705,0.0004666491574459278,0.00039467116779752075,0.00039550321982228555,0.0003378657667638938,0.00594791664296752
2023-01-31,-0.0007880001661544324,8.501106348272571e-05,0.0004666491574459278,0.00039467116779752075,0.00033511656567795163,0.00023965329027223606,-0.002647457382883734
2023-02-01,-0.0004794353169884402,0.00020288308767524933,0.0004666491574459278,0.00039467116779752075,0.0003689621845014977,0.0002986105587200515,-0.004667246660376628
2023-02-02,-0.0002994210650631887,-4.336729905600933e-06,0.0004666491574459278,0.00039467116779752075,0.00036546591604619066,0.0001950617345392314,0.015355873690359394
2023-02-03,0.0001970694716260322,-3.442734649003698e-05,0.0004666491574459278,0.00039467116779752075,0.00040141876208098703,0.000295773262010797,0.0058654180426157025
2023-02-06,0.0006011333411310781,0.0001533424218190397,0.0004666491574459278,0.00039467116779752075,0.0004485535481672186,0.00043062490313168776,0.012116403510203318
2023-02-07,0.0004339129644762321,-0.00012737751564176005,0.00045410537542160906,0.00039467116779752075,0.0004018079401579338,0.0004141083442585954,-0.007056041136776592
2023-02-08,0.0006865380273456109,0.0002196761367198326,0.00045410537542160906,0.00039467116779752075,0.0004506172771672285,0.00042440265444290606,-0.015685916292826563
2023-02-09,0.0006573249195021743,0.0004495272585422221,0.0004666491574459278,0.00039467116779752075,0.0004778519794666528,0.00045813404888948894,0.004405637035498118
2023-02-10,0.00035761234773381233,0.0003655822218077601,0.0004666491574459278,0.00039467116779752075,0.00044754965973098354,0.0003802970062562,0.010789725521522657
2023-02-13,0.0001823129462568072,0.00016253448468885333,0.0004666491574459278,0.00039467116779752075,0.0004168615944769,0.00028856350930467367,0.004408938772477147
2023-02-14,-0.00012273325418640606,-0.00014893184563035577,0.0004143172917960233,0.00039467116779752075,0.0003246704333294889,0.00013596340531027738,0.004181357521401066
2023-02-15,0.00030119832414457557,7.577452917103411e-05,0.0004143172917960233,0.00039467116779752075,0.00037645585946528907,0.00034774964477968435,-0.0138648519496675
2023-02-16,0.0005682210050442644,0.00015959657867159282,0.0004143172917960233,0.00039467116779752075,0.0004042137730186942,0.00040448394945689334,0.002957173437522696
2023-02-17,0.0006562938644029476,0.00025696380420629387,0.0003998873434871899,0.00039467116779752075,0.000407572614523602,0.0003972849708640989,-0.018519777924107597
2023-02-21,0.000572934450229404,0.0003063035269866479,0.0004234511414537694,0.00039467116779752075,0.00042431932982790434,0.00040908568186413515,-0.007692665861885982
2023-02-22,0.0002029557963421218,0.000262930563800501,0.00036563591264740465,0.00039467116779752075,0.0003452378578284377,0.0003142262557947432,0.007979045968429714
2023-02-23,0.00042874866403895724,0.0005191703298624683,0.0004234511414537694,0.00039467116779752075,0.00043106849181699143,0.0004261341744052916,0.008980851958904334
2023-02-24,0.0005693498467591218,0.0003573508462379995,0.0004617804560373452,0.00048655563369355114,0.00046205992415597046,0.0004741566989638372,0.008689602253103147
2023-02-27,0.0006623248763332175,0.00021268098577809297,0.0004617804560373452,0.00048655563369355114,0.0004570840779340184,0.0004741587261608753,0.008336018866140363
2023-02-28,0.0005576135583838285,7.673246300247613e-05,0.00043815142819130757,0.00048655563369355114,0.0004184122072877855,0.00046226903272247535,-0.005596186830627018
2023-03-01,0.0008644131359371184,0.0005482046188002347,0.00043815142819130757,0.00048655563369355114,0.00048189867697242075,0.0005175028020008331,-0.010436471549207642
2023-03-02,0.0002970464573918186,0.00030507548232111493,0.00043815142819130757,0.00048655563369355114,0.0004174430404776533,0.00037170298681426416,0.018193271647503555
2023-03-03,0.0003225895061731514,0.000326307845773984,0.00043815142819130757,0.00048655563369355114,0.00042121112073230306,0.00038234410498059736,-0.0058642854578824675
2023-03-06,0.0002231888268903498,0.0003662141303624587,0.00043815142819130757,0.00048655563369355114,0.0004168664205495384,0.0004020965011139819,-0.029848874596478447
2023-03-07,0.0002797020970640518,0.00037589560170054996,0.0004617804560373452,0.00048655563369355114,0.0004411687696262181,0.0004187276698681087,-0.005932911400215305
2023-03-08,0.0004897020676410014,0.0004352574292344364,0.0004617804560373452,0.00048655563369355114,0.00046244654088159937,0.00047401725338202817,-0.05565717358057479
2023-03-09,-0.0009550570754980547,-0.0009461329658575511,-0.00015898686983197634,0.00014239508856550247,-0.00027804035380000195,-0.0005524439939338262,0.025078271355329945
2023-03-10,-0.0015190851120052563,-0.0018150280796443647,-0.0001871953323404935,-0.00024204727269119467,-0.00042915285268394773,-0.0008806320421407564,-0.018120652852151222
2023-03-13,-0.0014291518981054691,-0.001856257390974322,-0.0006889767943199873,-0.0009369338248435653,-0.0008520121572658781,-0.0011830891439052885,0.025351899426836348
2023-03-14,-0.00031220724309499655,-0.0009130385576721073,-0.0012718410846362413,-0.00024204727269119467,-0.0011366757732031872,-0.0006127314295250449,-0.04839647492018825
2023-03-15,-0.0004061827212430928,-0.0008782445314102128,-0.0006981149840147762,-0.0013752641228427463,-0.0007107497525610921,-0.0007882144138930674,0.019227706845601256
2023-03-16,0.00034157099787950946,-0.00029709930900306423,-0.0011971969871692673,-0.000435795525153431,-0.000979519402514798,-0.00036645412124459965,-0.03851431545575781
2023-03-17,-0.0007535863623573929,-0.000898316388875302,-0.0042190985657125195,-0.0013752641228427463,-0.0035864115697486682,-0.0011369922691119867,0.010516143726446872
2023-03-20,-0.0002985748955941332,-0.00014958063112666695,-0.0006952078614148668,0.00022210458082571986,-0.0005912901669099652,-0.0002240815942118766,0.026467509097154684
2023-03-21,0.00021844911738042229,8.107576556237197e-05,-1.1030984084059422e-05,0.0009169911329780915,4.205493886753161e-05,0.00014989728707604164,-0.026152999966652254
2023-03-22,0.00026583468056443305,0.00019981219658369643,0.0003977536997667931,0.0009169911329780915,0.00038626760431576185,0.00033194290418613834,-0.002676995229278208
2023-03-23,0.0008315527619415692,0.00016721055053412024,0.0005078563482924424,0.0009169911329780915,0.0005164035527893597,0.000669592968795354,-0.015332912200436711
2023-03-24,0.0002709479571249152,-0.00030031875677141804,0.00025040824223086707,0.000860944817625894,0.00022374077639928446,0.0002606787420738577,0.028257615833397934
2023-03-27,0.0006460758840511141,-0.0002489128111754558,-0.00038976237280204074,0.000860944817625894,-0.0002604883514797493,0.0001986062417448497,0.003030754171293435
2023-03-28,0.0007850949713995605,0.00012368354200266224,0.000984568231857614,0.0014784911288506363,0.0009112658641216772,0.0008848154268146979,0.002015182435664359
2023-03-29,0.0008646927367462645,-6.045747715923344e-06,0.0008541111155986195,0.0014784911288506363,0.000801024561573449,0.0008594004963424424,-0.0030245808347088405
2023-03-30,0.0008004681575802845,0.00012836018022347102,0.0009070746139495186,0.0014784911288506363,0.0008501906213967717,0.0008537658204148939,0.012043695189718302
2023-03-31,0.0008893833120291481,3.977234241756499e-05,0.0008655768451847645,0.0006649666212075691,0.0007919254512229035,0.0007650444565805482,-0.0011516241661500065
2023-04-03,0.0009867305048744945,0.00018706936209690952,0.0008655768451847645,0.0006649666212075691,0.000811875901879779,0.0007651650972582951,-0.013458331957170255
2023-04-04,0.0006931615215056072,0.00034406415566842893,0.0006842358510202704,0.0006649666212075691,0.0006557090607623046,0.0006744026123322727,0.0014900358864084827
2023-04-05,0.000630889139646564,0.0004203388981058019,0.0006842358510202704,0.0006649666212075691,0.0006573051583842716,0.0006477699846826636,-0.001097815057661371
2023-04-06,0.0006368430493102933,0.00040046742976561724,0.0005413371610029321,0.0006649666212075691,0.0005405464244960904,0.0005889596897454914,0.0032894602377018163
2023-04-10,0.0007946969803806891,0.00035604887930524307,0.0004332790608409324,0.0006649666212075691,0.0004616673140160469,0.000549164516022071,0.004914021559586414
2023-04-11,0.0005749334956934198,0.00026562358522757646,0.0004332790608409324,0.0006649666212075691,0.00043701675197645607,0.0005040538546871078,-0.00015557568475084636
2023-04-12,0.00041396559005829934,0.00029420727871805634,0.00033576521548769466,0.0006649666212075691,0.0003480970053310867,0.00037499980514639513,0.0038059895490710097
2023-04-13,0.00023370927079177385,0.00022860418810291918,0.00033576521548769466,0.0006649666212075691,0.00032859930224508487,0.00028499130978333886,0.07279468308604645
2023-04-14,-0.001603325259571965,-0.0018551737057714995,0.0006262581332932447,0.0001710988395269165,0.0002309495453057406,-0.0007160789363784924,0.007897867887834316
2023-04-17,-0.00042019808152113526,-0.0006398665617774575,0.00031603806280542735,0.0004859585002687502,0.0001835098083403252,-5.2097480233890157e-05,0.011165366730313719
2023-04-18,-0.0008346244682560895,-0.0007520214809155091,-6.969007559555495e-05,0.0004859585002687502,-0.0001699574595979897,-0.0004107225896911239,-0.0012739753144237213
2023-04-19,-0.001204552716729769,-0.0007795285083535184,-0.00021959883184621782,0.0004859585002687502,-0.00032216505965555,-0.0004995214861952888,-0.002907191226372874
2023-04-20,-0.0018021910305125717,-0.0010565291203643676,-0.00021959883184621782,0.0004859585002687502,-0.000391819702340445,-0.0006380686721998159,-0.0019194180925569831
2023-04-21,-0.0022434966299039894,-0.0013019340902183563,-4.1881381335518644e-05,0.0004859585002687502,-0.0003029939845189644,-0.0006719563660872081,0.001350857841619671
2023-04-24,-0.002003823369590878,-0.001030782660137411,0.0005271982175997572,0.0005449713240512943,0.000200324307140161,-0.0002519478847772198,-0.02198352488065198
2023-04-25,-0.0020813680267547006,-0.0011222089351591595,0.00041840728782766056,0.0004492274042079918,9.580503916701839e-05,-0.00035205222057034915,-0.017882714879318196
2023-04-26,-0.0020643329632089686,-0.0013099450123354327,0.00041840728782766056,0.0004492274042079918,8.131576153905755e-05,-0.000445892126050664,0.013369018140059566
2023-04-27,-0.0013778810039697298,-0.0011668439310195382,0.00041840728782766056,0.0004492274042079918,0.00014657897723070507,-0.0003742643368042983,0.008645467537323344
2023-04-28,-0.0017145181431553632,-0.0012361742815680588,0.00041840728782766056,0.0004492274042079918,0.0001146450905679258,-0.00040897527302871125,0.021186092124432176
2023-05-01,-0.002526568603468144,-0.0018919614642306385,0.00033910770427845403,0.0004492274042079918,-6.765009052424716e-05,-0.0007765037223591967,-0.016279260033911502
2023-05-02,-0.0022709031403242924,-0.0012385824106238333,0.00041840728782766056,0.0004492274042079918,7.131254307114358e-05,-0.00041023967002980547,-0.0213904809557213
2023-05-03,-0.0023956789872233834,-0.0008974783156764179,0.00041840728782766056,0.0004492274042079918,9.036555489080146e-05,-0.00023973480555162878,-0.01377296299951564
2023-05-04,-0.002735997426808593,-0.0009144965279819844,0.0003929356629058735,0.0004492274042079918,4.195548912111236e-05,-0.00026098651702743047,0.019346633029464277
2023-05-05,-0.0022960875336663304,-0.0004912009859205032,0.00047375141816160827,0.0004492274042079918,0.0001770503159134014,-2.122225875152587e-05,0.002410323480520113
2023-05-08,-0.001912960609052585,-0.00010157648053359613,0.00047375141816160827,0.0004492274042079918,0.0002395608875207256,0.00017356779485673118,-0.004826588147691367
2023-05-09,-0.0014003567789818933,0.0001288848283984925,0.00047375141816160827,0.0004492274042079918,0.00029870463295792544,0.00028879539501133007,0.0005129365659747718
2023-05-10,-0.000609674731029779,0.00033612341922882073,0.00047375141816160827,0.0004492274042079918,0.00037744874326397533,0.00039244201350232427,-0.0031555480749961605
2023-05-11,5.9286910091474975e-05,0.0006865577707243814,0.00047375141816160827,0.0004492274042079918,0.0004588162826046238,0.00046147708924279844,-0.01443665695561975
2023-05-12,0.00017463895223989622,0.0006639225995089585,0.00047375141816160827,0.0004492274042079918,0.0004658519481228777,0.0004614803557484742,0.008391026289681615
2023-05-15,-1.8081923234932438e-05,0.0007645105138383459,0.00047375141816160827,0.0004492274042079918,0.0004593834455167235,0.0004614816738734794,-0.006751897338684405
2023-05-16,6.704710226275115e-05,0.0009291324716863229,0.00047375141816160827,0.0004492274042079918,0.000479845753682687,0.0004614919518379222,0.03028417519479934
2023-05-17,-0.00015026735036706673,0.0003504491105772744,0.00045158839441327233,0.0004492274042079918,0.0003963465511087726,0.00039955473216575965,0.007555400809819235
2023-05-18,0.0004398262875549129,0.00046340898799557533,0.00045158839441327233,0.0004492274042079918,0.00045160200175904826,0.0004504217792122251,-0.0022965468799184367
2023-05-19,0.0002930916054111323,0.00031760351282451567,0.000403953745743149,0.0004492274042079918,0.00038943171986580724,0.0003608262152256743,-0.008296861591389263
2023-05-22,0.0005485599927742473,0.0006279010175646786,0.00041693382579534576,0.0003555531463664473,0.0004430817868934399,0.0004827684135951931,-0.010487395099631015
2023-05-23,0.0006615028564128987,0.0008261383923832209,0.00041693382579534576,0.0003555531463664473,0.00046853101474417165,0.0005392956784049016,-0.00919373420126023
2023-05-24,0.0006705981429318032,0.0009107587712399935,0.00041693382579534576,0.0003555531463664473,0.0004763621886325991,0.0005438745604633275,0.0024355811320437965
2023-05-25,0.0006129092361783688,0.0008188222460725014,0.00041693382579534576,0.0003555531463664473,0.00046414802938165835,0.0005150209890611443,0.009317188131126168
2023-05-26,0.0008154742367318594,0.0006770020765108609,0.00041693382579534576,0.0003555531463664473,0.0004679073395085481,0.0005470294558238982,0.003790173452096967
2023-05-30,0.0010752686743861419,0.0007443037077690979,0.00041693382579534576,0.0003555531463664473,0.0004937137031521578,0.0005807482197391721,-0.01281267472603173
2023-05-31,0.0008745866401256748,0.0003081872679626438,0.00036732443038270813,0.0003555531463664473,0.00040131684750904735,0.00036149183126041285,0.013685204056854148
2023-06-01,0.0008281163000257849,0.0003583012347828655,0.00036732443038270813,0.0003555531463664473,0.0004019348102987992,0.00036305749201825195,0.020788540087483584
2023-06-02,0.0005332613013056804,0.00017198799388714838,0.00036732443038270813,0.0003555531463664473,0.00036338831617447394,0.000361437011958679,-0.009872793642177448
2023-06-05,0.0007156613981917864,0.0006153003620964525,0.00041693382579534576,0.0003555531463664473,0.00045497398585504366,0.0005161557290052323,0.0017956475981082674
2023-06-06,0.0003001771924175378,0.00044615311599979416,0.00041693382579534576,0.0003555531463664473,0.0004085221767129574,0.0003861892937015569,0.009642059209350106
2023-06-07,0.00013987726956601643,0.0002933087324519331,0.00041693382579534576,0.0003555531463664473,0.0003832246080997608,0.0003243632198500372,0.00028417356738121924
2023-06-08,0.0002716795715372833,0.00032711542084736396,0.00041693382579534576,0.0003555531463664473,0.0003962885943104802,0.0003413412083385067,0.0019875253248316585
2023-06-09,0.00021976302195660292,0.00020799029058922084,0.0003946122720082305,0.0003555531463664473,0.00036418321954815935,0.00028771989855551534,-7.080952394462412e-05
2023-06-12,0.00011290592602381156,0.00013044020986301515,0.0003870430096774681,0.0003555531463664473,0.00034324872352552307,0.000243019517809434,0.007208152197681765
2023-06-13,-5.616332683667082e-06,1.8652682061976475e-05,0.0003870430096774681,0.0003555531463664473,0.0003246471850502842,0.000187111368573691,-0.0037388182977271594
2023-06-14,0.00017495246315994754,-2.390908856624859e-05,0.0003870430096774681,0.0003555531463664473,0.0003350602345021257,0.00026511256074758467,0.01124455830526252
2023-06-15,5.203521060163132e-05,-0.00022093906586291063,0.0003870430096774681,0.0003555531463664473,0.0003089394922091446,0.00020364665939311786,0.0011873084660566722
2023-06-16,-0.0007993021132079619,-0.0007440600530777982,0.0003374336142648305,0.0003555531463664473,0.00015877835220433817,-0.00020332874685919706,-0.005108363253794742
2023-06-20,-0.0004410913287155171,-0.0003023402776253657,0.0003870430096774681,0.0003555531463664473,0.000263858366247014,2.654867372223763e-05,-0.001474650282594541
2023-06-21,-0.0006763635100178887,-0.000442345740295601,0.00043004305324611256,0.0004526694760019601,0.00027148191795392984,-6.234472482289223e-06,-0.01944012174220333
2023-06-22,-0.0005265718000114009,-0.00013916668230348577,0.00043004305324611256,0.0004526694760019601,0.00030862503101879315,0.00014528831112026815,-0.005243743655246209
2023-06-23,-0.0005287907055207179,-4.575120876499012e-05,0.00043004305324611256,0.0004526694760019601,0.0003163198137956106,0.00019196635994999333,0.002445705066185963
2023-06-26,-0.0003445936298658318,0.00010158359463877749,0.00045127304707609614,0.0004526694760019601,0.00036017227741285264,0.00027621169131981677,7.184541632793495e-05
2023-06-27,-0.00018237091172131764,0.0001526254263685521,0.00045127304707609614,0.0004526694760019601,0.00037704580928562924,0.0003017428901884529,-0.004391581327744047
2023-06-28,-3.036171240524484e-05,0.00029146131377044075,0.0004796244973134002,0.0004526694760019601,0.00042344577807055633,0.00037187940008553575,0.03432692195262568
2023-06-29,-0.0006262842320189717,-0.000558940680497392,0.0003220416187427699,0.0004526694760019601,0.00017821598801559893,-0.00011842315944847043,0.01391658066152616
2023-06-30,-0.0005307786029109449,-0.0005098168157784787,0.00043004305324611256,0.0004526694760019601,0.000277085407938884,-3.9886055758249936e-05,0.008012458406007105
2023-07-03,-0.0002833603388458039,-0.00011584268698193424,0.00043004305324611256,0.0004526694760019601,0.0003294424344268595,0.00015701464486238148,-0.006684082253516225
2023-07-05,-0.000599322266051389,-0.0001536631834741165,0.00043004305324611256,0.0004526694760019601,0.0003017647811628586,0.00013803000625661093,-0.009935688136440836
2023-07-06,-0.0008009643270173571,-5.9996681867887226e-05,0.00043004305324611256,0.0004526694760019601,0.0002940218555018507,0.0001848125997737477,0.007859482737240018
2023-07-07,-0.0007776496201258058,-0.00011920011153437459,0.00043004305324611256,0.0004526694760019601,0.0002908434685254017,0.0001552260627504986,0.005595902674423182
2023-07-10,-0.0007279671278131044,-0.00028652366104280015,0.00043004305324611256,0.0004526694760019601,0.0002806039464548058,7.161452274437625e-05,0.015518147015955526
2023-07-11,-0.0008222925305638716,-0.0006910405260103586,0.00043004305324611256,0.0004526694760019601,0.00023922651047266445,-0.00013053869606292564,0.004939463476135394
2023-07-12,-0.0006095560866002741,-0.0008228451522810067,0.00043004305324611256,0.0004526694760019601,0.00024461772661614885,-8.982438076628547e-05,0.004848362353185041
2023-07-13,-0.0004088457653162981,-0.0010086176195056528,0.00043004305324611256,0.0004526694760019601,0.00024453191580738835,1.0438925908050383e-05,0.00602726375834244
2023-07-14,-0.0017761290124718558,-0.00224137214361607,0.0003741232059850255,0.0004526694760019601,-1.0487107237115126e-05,-0.0007010673120495263,0.023817906788023067
2023-07-17,-0.0014513104409142397,-0.0017845410885106061,0.0003432940444500502,0.0004526694760019601,2.823495188636994e-05,-0.0005540529498158534,0.001823755668180849
2023-07-18,-0.0018404881569408867,-0.00175918606136382,0.000316790487819582,0.0004526694760019601,-2.1228617715414444e-05,-0.0007211864843108413,0.0038323030969440227
2023-07-19,-0.0021795326885187755,-0.0018715110991618582,0.00044613291866887726,0.0004526694760019601,4.7615514945195084e-05,-0.0007127430575914952,0.012242216875147257
2023-07-20,-0.0019408712389625223,-0.0016589676631333444,0.0004373221157664278,0.0004717991645048085,7.745828192294178e-05,-0.0006108706851054794,-0.007714568510216448
2023-07-21,-0.001980820944857881,-0.001698164316744821,0.0004373221157664278,0.0004717991645048085,7.10606041308929e-05,-0.0006304684213675712,0.019492647259219578
2023-07-24,-0.002111466482182248,-0.002044902720555319,0.00042289522637513224,0.0004717991645048085,2.0067924907599913e-05,-0.0008110070846290939,-0.007496300394973271
2023-07-25,-0.0018497133906058166,-0.001722103179132506,0.00042289522637513224,0.0004717991645048085,6.754233789621299e-05,-0.0006496202542631553,0.0059761645059069335
2023-07-26,-0.001835437269748498,-0.001707128408455121,0.0003903080809793031,0.0004717991645048085,4.356033337047922e-05,-0.0006584198204830547,-0.011090589550093427
2023-07-27,-0.0016042188707469486,-0.001544426157001218,0.0004800611837193914,0.0004717991645048085,0.00014775920872836133,-0.0005363256451467788,0.005688037594642083
2023-07-28,-0.001511261299932896,-0.001528328531885163,0.0004498573865400139,0.0004717991645048085,0.00013189813540030038,-0.0005307007513272691,0.006669492281935903
2023-07-31,-0.0017334615747022328,-0.0015641130724775275,0.0004498573865400139,0.0004717991645048085,0.00011166013475957413,-0.0005571597963242444,-0.004950119844699821
2023-08-01,-0.0016903259980229203,-0.0013824537379070574,0.00030655469743837984,0.0004717991645048085,1.4428464345477303e-05,-0.0005379784995656785,-0.011389108153246244
2023-08-02,-0.0016056375463354392,-0.0012204558471843555,0.0002501298100734533,0.0004717991645048085,-1.098911074511055e-05,-0.000485195736394167,0.006094645282433807
2023-08-03,-0.0014408129220184732,-0.0009637103779261166,0.0002501298100734533,0.0004717991645048085,2.340901411569389e-05,-0.00035684267044897754,-0.002112947161065831
2023-08-04,-0.001100727022012504,-0.0007749217448814302,0.0002714031749407827,0.0004717991645048085,8.287165605459299e-05,-0.0002517912414685901,0.004731596877428778
2023-08-07,-0.001170820425493857,-0.0006876457214242502,0.0003501168962761932,0.0004717991645048085,0.00014843527339981866,-0.00016885214754174107,-0.00562946993204732
2023-08-08,-0.0008887625916038286,-0.0004770000375030492,0.0003501168962761932,0.0004717991645048085,0.00018803886468366095,-6.352444379191279e-05,-0.013498467135455067
2023-08-09,-0.0005100957670387983,7.85118618703884e-06,0.0003501168962761932,0.0004717991645048085,0.00025822301671902013,0.0001788653885180447,-0.0014966851482990581
2023-08-10,-0.00012380051708778868,0.00020662007807690114,0.0005200950017419516,0.0006963535980335963,0.0004490137514652643,0.0003633041860033484,0.005779103230251388
2023-08-11,0.0002200636406263488,0.000390343534959923,0.0005200950017419516,0.0006963535980335963,0.0004911412355374308,0.0004552219683585099,0.002069613246178476
2023-08-14,0.00028624078683408237,0.0004502637072416685,0.00032106010558279887,0.0006963535980335963,0.0003403790356068486,0.0003858165284289457,-0.025786717807736788
2023-08-15,0.0001366056607857635,0.0003195683789399464,3.752340373586901e-06,0.0006963535980335963,6.120068000077828e-05,0.00022816883841591905,-0.004252198361880819
2023-08-16,0.0004984867588202109,0.0004955744633604042,-0.00022657278632863393,0.0006963535980335963,-8.216431473185114e-05,0.0004970262098841281,-0.010441013416622586
2023-08-17,0.0001234326391765405,4.698062267897681e-05,-0.0005177754965570923,0.00038222375139992167,-0.0003938017658702392,8.517627554408872e-05,0.002284884213097644
2023-08-18,0.0003589869553106635,8.826035690846822e-05,-0.0004691277181522096,0.00038222375139992167,-0.0003327295855875399,0.00022340803688458222,0.003417673436962123
2023-08-21,0.0003946605275700236,8.389512227920679e-05,-0.0006137245168567292,0.00038222375139992167,-0.0004472517694352236,0.00023281871619271592,-0.02095669932044228
2023-08-22,0.0004342225651082092,0.00012307938797231433,-0.0006130171412190277,0.00038222375139992167,-0.00044031320731197207,0.0002524545856170859,0.006740450661023889
2023-08-23,0.000716971570972151,0.00018608938158957413,-0.00042462872579886494,0.00038222375139992167,-0.0002607593739388552,0.0002841190700072181,-0.0009504915262128209
2023-08-24,0.001094110147128415,0.0003318340161354693,-0.00038429840603583835,0.00038222375139992167,-0.00018664003491696156,0.000357028785736171,-0.0012232658261984858
2023-08-25,0.001108421291996022,0.00038559709968250476,-0.00014781606343083057,0.00038222375139992167,1.0214768900064286e-05,0.0003839110926758785,0.003462220573000125
2023-08-28,0.001014562882279196,0.0005391897123060846,0.0002466495262638264,0.0004741949252616217,0.00033756492740562386,0.0005067208011425346,0.008099256263875736
2023-08-29,0.001011993267395673,0.000389063515581311,0.0002549441570410808,0.0004741949252616217,0.0003314301524658019,0.0004317025992829936,-0.00404137469420873
2023-08-30,0.0012240471767462151,0.0004847666084966608,0.00011653983703670697,0.0004741949252616217,0.00024401482432661573,0.00047948513111171955,-0.01242829315693896
2023-08-31,0.001029086048811365,0.00021920760871556343,0.00033299254087160147,0.0004741949252616217,0.00038156044142018705,0.00040370248593762405,0.003343068820444098
2023-09-01,0.0012797524676966304,0.00045693260616929657,0.00028708365028757643,0.0004741949252616217,0.00038388947337532597,0.0004655840258346228,-0.011095360947665993
2023-09-05,0.0012600425463637033,0.0006033734359633326,0.0003939000503114677,0.0004741949252616217,0.00048106476820812554,0.000538925412536784,-0.0016542531992567065
2023-09-06,0.0013578697324141335,0.0005327389075702135,0.00014115460210514794,0.0004741949252616217,0.00027833166203471957,0.0005034895401024423,-0.008590733479350538
2023-09-07,0.0014496189085596526,0.0005833582920762458,0.000583729985429975,0.0006659397232061522,0.0006532602118706364,0.0006251439234800727,0.0007648875821903775
2023-09-08,0.001557003203317137,0.0006477647846390188,0.0004847728319012288,0.0004741949252616217,0.0005813019005203462,0.0005665392770093744,0.0043707257590039315
2023-09-11,0.0015783728501959369,0.0006427144399356957,0.0003140780162147524,0.0004741949252616217,0.00044451054707949353,0.0005585632611336761,0.012929974336058395
2023-09-12,0.0013906380755433641,0.0005114399634574613,5.7312134836653686e-05,0.0004741949252616217,0.00021128374186510536,0.0004928286319140714,0.00047803149371826036
2023-09-13,0.0012342267833336078,0.0005866072906539308,0.00011725797545786106,0.0004741949252616217,0.00025396090540940653,0.000530426777297672,0.019212090985352582
2023-09-14,0.0007008977109634608,0.0002830151321088712,0.0002490458562708978,0.0004741949252616217,0.0002936147389492735,0.0003787501777044738,-0.0029524152961949417
2023-09-15,-0.0002028052685864894,-0.0003991039042600524,0.0009070723733203137,0.000410071314938482,0.0006962908858939025,0.00010370925999256573,0.002081044341615142
2023-09-18,0.0004989746303427566,0.0005438709033055937,0.0005280202831490183,0.0004824613980291347,0.0005257515208529291,0.0005134940218625638,-0.0012751890652943243
2023-09-19,0.0002260734024879726,0.00042057441424544855,0.0005021260871457065,0.0004824613980291347,0.00047327580108026847,0.0004513447569922055,-0.00423905011618163
2023-09-20,0.0002317382767945139,0.00047597006664214074,0.00043170699682720657,0.0004824613980291347,0.00042143959740830855,0.00045360376882463244,-0.007852593885664408
2023-09-21,0.00029868822088982837,0.00045833966996680024,0.0004295751919699286,0.0004824613980291347,0.0004234209425704418,0.0004438434942098436,-0.009629069756895868
2023-09-22,0.0005395388772943455,0.0005724756706250304,0.0004283153979675483,0.0004824613980291347,0.00045068422323644585,0.000510957732219812,0.0049284584570600965
2023-09-25,0.0006030950451494457,0.0004575685729356568,0.0004999942822884286,0.0004824613980291347,0.0005038933202747187,0.000491310284459017,-0.010433273082590774
2023-09-26,0.0006101330506758545,0.0005017449812345828,0.0003605133541826627,0.0004824613980291347,0.0003953758575138471,0.0004920989754361275,0.005847718137044914
2023-09-27,0.0005506989042473175,0.00044402595667652046,0.0004445013976205192,0.0004824613980291347,0.00045382008264743167,0.0004637156203304509,0.012339663097691985
2023-09-28,5.843017832023298e-06,0.00016206221004311748,0.0004545832293163125,0.0004824613980291347,0.0003959911539878362,0.00030821581180638473,-0.017566504464322324
2023-09-29,-0.00020209129894616275,0.00018336430637208502,0.000392440999972988,0.0004824613980291347,0.00033141869879500774,0.0002877847686525249,-0.008656800044964894
2023-10-02,-0.0002537113374462587,0.00045687845901571755,0.0005306930055891763,0.0004824613980291347,0.0004622402037841558,0.0004695792167377418,-0.007400226046562454
2023-10-03,-0.000548603849034322,0.0004491650961515154,0.0007035301829497547,0.0004824613980291347,0.0005784860902630578,0.0004657862070949139,0.004474463653767081
2023-10-04,-0.0006345637516035343,0.00047312929384287774,0.0006129840998085217,0.0004824613980291347,0.000500625860860342,0.0004777775048408055,0.004207657675326589
2023-10-05,-0.0005389065194869706,0.00044720077265758844,0.00047211359681615154,0.0004824613980291347,0.00039195062817778677,0.00045944319289459404,0.015278137136140181
2023-10-06,-0.0003885345129087284,0.00026334128762498194,0.0004802517348221114,0.0004824613980291347,0.00039470423751198974,0.00037152876192934935,-0.0022768492739397993
2023-10-09,4.886509337895397e-05,0.0005980703872845004,0.0004802517348221114,0.0004824613980291347,0.0004567990080239245,0.0004813501269362581,0.006060079557999508
2023-10-10,-0.00016125126469458234,0.0002524613598887236,0.0005357761003361279,0.0004824613980291347,0.00045630310445829035,0.00036730087213834894,0.0034270714305773935
2023-10-11,3.0397777064430638e-06,0.0004279735553237618,0.0005241076405012941,0.0004824613980291347,0.0004743839468692529,0.0004550788987548242,-0.0023291738011870823
2023-10-12,-0.0004855068722606864,0.00036096565335864365,0.000439688504511829,0.0004824613980291347,0.00036260925119388704,0.0004001532412103293,0.01490802628087528
2023-10-13,-0.00175911805068438,-0.0009768937248180094,0.0010486427293489218,0.0004612911101497104,0.0006429843411633245,-0.00025782488494850437,-0.0010139926610113292
2023-10-16,-0.0004271703312731519,0.00018937220502910918,0.0004901125215406955,0.0004612911101497104,0.000392825220050541,0.0003251174279941156,-0.0021668696443360746
2023-10-17,-0.00016408127413105683,0.0002722488378432003,0.00047466552161614344,0.0004612911101497104,0.0004077082603906257,0.0003665417667049855,-0.011041453801423302
2023-10-18,0.00014696622688879752,0.0005013662707808846,0.00047466552161614344,0.0004612911101497104,0.0004511146269347914,0.00046788947111829675,-0.004258457207287195
2023-10-19,0.0001000880632678394,0.0003937215669580278,0.00047466552161614344,0.0004612911101497104,0.0004384156617176482,0.0004272884011425061,-0.016236622459148066
2023-10-20,-3.213449552949213e-05,0.0003967508518656856,0.00041416609420873147,0.0004612911101497104,0.0003795017681977864,0.00040539067508774617,-0.013735114816914331
2023-10-23,0.0001776176945427823,0.0006199243679168968,0.0006756885646358025,0.0004612911101497104,0.0006260205427196157,0.0005404762648901242,0.0012050481321573693
2023-10-24,0.00019763485521865053,0.000603562153751411,0.0007372506820996123,0.0004612911101497104,0.0006759729972220671,0.000532373753175713,-0.0054694133961458846
2023-10-25,0.00025265203337379707,0.0006291996063984446,0.0007526976820241643,0.0004612911101497104,0.0006948871440419547,0.0005452015350001936,0.002560935416159886
2023-10-26,0.00026024631829646964,0.0005406196822086859,0.0007526976820241643,0.0005842676278576192,0.0006916657906292534,0.0005624235782168253,-0.03668339202448696
2023-10-27,-0.0003869898098523468,0.00021856202271089344,0.0003750347031889499,-0.00044650709444301923,0.0002784066319143938,-8.416351109706316e-05,0.012669092280607131
2023-10-30,-0.0002982924779730051,0.0004523705988793525,0.0008936447872367412,0.0005842676278576192,0.0007549061669481624,0.0005182766237049567,0.011863484980366252
2023-10-31,-0.00041564541245954907,0.000378811831825752,0.0006515911822829566,0.0005842676278576192,0.0005438918544946138,0.0004813593678091193,-0.0008633479896078209
2023-11-01,-0.0002940987262747082,0.0004574846956996207,0.0007041446157482882,0.0005842676278576192,0.0006024334796453474,0.0005207647571497577,0.017691853929593312
2023-11-02,-0.00042206933465704384,0.00031732396543985913,0.0004944539797031229,0.0005842676278576192,0.000411155823724337,0.0004057389116436045,0.01111062675196653
2023-11-03,-0.0002545050040388699,0.00034190362706392743,0.0005967606239641652,0.0005842676278576192,0.0005089393730047984,0.00046284606223880183,0.007524076137479533
2023-11-06,2.971856761302741e-06,0.0004135809879700082,0.0005412114009920736,0.0005842676278576192,0.0004900178811752948,0.0004772264856730186,-0.00048604470464418185
2023-11-07,2.6002477721818876e-05,0.0004992743951499134,0.0005412114009920736,0.0004612911101497104,0.0004953701285703225,0.0004801649077895954,0.004918091593050915
2023-11-08,-0.00022610344410276965,0.00034300413684757065,0.0005239501804454442,0.0004612911101497104,0.00044871015972966147,0.0004019951566747302,-0.002975656046232868
2023-11-09,-0.00044603700863467185,0.0003224225326380674,0.0005042602156106918,0.0004612911101497104,0.0004140069914666128,0.0003916582546497539,0.014722215821042188
2023-11-10,-4.517346319270432e-05,0.00018543446079377765,0.00046836304230220234,0.0005071972286590348,0.00040588104393943377,0.00032677123442896073,-0.004448891029106532
2023-11-13,0.00016499346564337179,0.00023595045374162128,0.00046836304230220234,0.0005071972286590348,0.00042642682409305734,0.0003521187427366771,0.018082277285880532
2023-11-14,-0.0002073466418188224,-0.00021561803257625853,0.0004525107455354148,0.0005071972286590348,0.00034671788999543203,0.00012261268237035109,0.008719781037042922
2023-11-15,-0.00017610004657571567,-0.0003307392507784797,0.0004525107455354148,0.0005071972286590348,0.0003394453668387982,0.00013815390276738568,0.01135498494669404
2023-11-16,-0.0005409122404963346,-0.0005783111219028502,0.00043188390774485957,0.0005071972286590348,0.00027363846688660976,-5.4497676723174165e-05,0.00900514801922487
2023-11-17,-0.0010135396283875889,-0.0008188178755835845,0.00043188390774485957,0.0005071972286590348,0.00021674765210538235,-0.00019350249745248095,0.00307092279393011
2023-11-20,-0.0014545572911434167,-0.0009593854238889742,0.0003819477648603369,0.0005071972286590348,0.00013034532475883216,-0.00028879699415625473,-0.002089684212392895
2023-11-21,-0.0019047662716222332,-0.0011247630593044134,0.0003819477648603369,0.0005071972286590348,8.151917661662747e-05,-0.0003715169149773052,0.0023505364421152917
2023-11-22,-0.0021703457467835163,-0.0011679957800344082,0.0003819477648603369,0.0005071972286590348,5.729128212051288e-05,-0.00039315279856339517,0.0013685905202921278
2023-11-24,-0.002212838898713013,-0.0011931116070853958,0.0003730277524763993,0.0005071972286590348,4.466957243018523e-05,-0.00041016940146985345,-0.0022820258871708216
2023-11-27,-0.002382744245637078,-0.0013679471108254343,0.0003730277524763993,0.0005071972286590348,1.6775476381459902e-05,-0.0004975812236033175,0.002282025887170731
2023-11-28,-0.0022430384057829413,-0.001416111695899437,0.0003730277524763993,0.0005071972286590348,2.354908934603208e-05,-0.000521645162871558,0.005067219749555297
2023-11-29,-0.0024355973076753703,-0.0016431546950571023,0.0003730277524763993,0.0005071972286590348,-1.0497605242162965e-05,-0.0006351571499333014,0.011340495968106021
2023-11-30,-0.002430288318452476,-0.0017125960578552553,0.0003730277524763993,0.0005071972286590348,-1.5933922188193794e-05,-0.00066986853368424,0.004857428956172085
2023-12-01,-0.002411809242782538,-0.0016238276556215776,0.0002489151575006428,0.0005071972286590348,-0.00010738255561228372,-0.000687528587524388,0.00730544633708317
2023-12-04,-0.0026868236590273345,-0.0017116783309983395,0.0001582396043060477,0.0005071972286590348,-0.00020941882148530535,-0.0007767935273798455,-0.00012642060672728858
2023-12-05,-0.0028880473132865923,-0.0016731380064532065,0.0001502210294258017,0.0005071972286590348,-0.00022825540906579175,-0.0007615505735416396,-0.01056408094690697
2023-12-06,-0.0027050109501219497,-0.0013938931568468998,0.0001502210294258017,0.0005071972286590348,-0.0001905508119518609,-0.0006219385781690732,0.003066152179025018
2023-12-07,-0.0027065510997630214,-0.0013032969224222972,0.00020607937168284692,0.0005071972286590348,-0.00013787418336777153,-0.0005487278715057316,0.01097346960776817
2023-12-08,-0.0025036008377010074,-0.0012294387197202222,0.0001312966703763235,0.0005071972286590348,-0.0001763908529609579,-0.0005491699354691863,0.003652214309462934
2023-12-11,-0.0016999605251160207,-0.0008562439146648268,0.00015580907603939106,0.0003325513518937628,-6.802893869243905e-05,-0.0003503348919805154,0.008885595404380142
2023-12-12,-0.0015621093457690407,-0.0009982417822665078,0.00015580907603939106,0.0003325513518937628,-6.930106736595813e-05,-0.0004212957022656273,0.003358423755579572
2023-12-13,-0.0015631694077408718,-0.0011688488385095549,0.00014339849064141257,0.0003325513518937628,-9.378566367992364e-05,-0.0005127697182339616,0.018028648668559716
2023-12-14,-0.0016209673443519587,-0.0013235649716287392,8.042354357689863e-05,0.0003325513518937628,-0.0001622162081834204,-0.0006215804007176624,0.007532784782663266
2023-12-15,-0.002171980874970893,-0.0018240050879942931,0.00029345074144009243,0.0003325513518937628,-7.482085502006497e-05,-0.0007653341001966064,0.006034039739724664
2023-12-18,-0.0016082728658531728,-0.001084715544580233,0.00013380591774538562,0.0003325513518937628,-9.795336132975845e-05,-0.00047552044566191785,0.013266389460568392
2023-12-19,-0.0019557464827957825,-0.0013379725591817085,0.00013380591774538562,0.0003325513518937628,-0.00014621626502950513,-0.0006021564450942255,-0.011343237071598134
2023-12-20,-0.001750234693713973,-0.0012243492245160167,0.00013380591774538562,0.0003325513518937628,-0.0001207168891987231,-0.0005453345459193079,0.005687749263195761
2023-12-21,-0.0015225120570552606,-0.0011433654371952476,0.00013380591774538562,0.0003325513518937628,-9.62444476706467e-05,-0.0005048196040419371,-0.000597204217535642
2023-12-22,-0.0014971152752021935,-0.0011516307556120643,0.00013380591774538562,0.0003325513518937628,-9.497179090486109e-05,-0.0005089456110846022,0.005896470727971403
2023-12-26,-0.0012473335066354317,-0.0011007279692046565,0.00013380591774538562,0.0003325513518937628,-7.13225817445647e-05,-0.00048344655599061504,0.005980184191546442
2023-12-27,-0.0012243542106560314,-0.0012619373121914989,0.00013380591774538562,0.0003325513518937628,-8.311718234412635e-05,-0.0005452274499566684,0.005298902558361116
2023-12-28,-0.001010060430351808,-0.0012891567437373246,0.00013380591774538562,0.0003325513518937628,-6.879782282738229e-05,-0.00043814775978227676,-0.001175295537339535
2023-12-29,-0.0011286587717655673,-0.0013018497453575447,0.00013380591774538562,0.0003325513518937628,-7.906022210810797e-05,-0.0004974196190692269,0.011573088066933945
2024-01-02,-0.0014837413433367523,-0.0016063742308711829,0.00013380591774538562,0.0003325513518937628,-0.00013223033754322216,-0.0006749498603575912,-0.004367997973145913
2024-01-03,-0.0015872552039129888,-0.0015316231826527254,0.00013380591774538562,0.0003325513518937628,-0.00013395950414047813,-0.000698873934207392,0.006614172168385958
2024-01-04,-0.002086021421719829,-0.0017198679328184437,0.00013380591774538562,0.0003325513518937628,-0.00018847540939892645,-0.0007930611011657341,0.005004755427149092
2024-01-05,-0.0018500099187753938,-0.0015877264493695494,0.00013380591774538562,0.0003325513518937628,-0.00015905229531852806,-0.0007269730988490693,-0.0014522849490317936
2024-01-08,-0.001805768447347442,-0.0015815761453522,0.00013380591774538562,0.0003325513518937628,-0.00015510485799816593,-0.0007238904071214493,-0.007937423581603768
2024-01-09,-0.0014271946378251912,-0.0012896611502938998,0.00013380591774538562,0.0003325513518937628,-0.00010117563471130525,-0.0005779120663280485,0.0021071919510493357
2024-01-10,-0.0007187941156257511,-0.0007333483356061946,0.00045128267002779714,0.00047322303637584086,0.00026147077735746017,-0.00013375271385091407,-0.00421892575011679
2024-01-11,-0.0007104082635095739,-0.0007604935876121553,0.00047097235292705244,0.00047322303637584086,0.0002757557834428075,-0.00011973690608072317,-0.007367070624249094
2024-01-12,-0.0009372121568545746,-0.0010659100904656421,0.00039090602491560647,0.00047322303637584086,0.0001677133857211934,-0.0002731670145312338,-0.006289996748676125
2024-01-16,-0.0006454565315443162,-0.0008827832854481804,0.0004511349256268135,0.00047322303637584086,0.0002544519321597126,-9.723268061031e-05,-0.005372034531147625
2024-01-17,-0.00032237391714091176,-0.0004707728591290321,0.0005340699061935823,0.00047322303637584086,0.00038125380079916615,7.538596007736103e-05,0.001973026501585012
2024-01-18,-9.390318658535296e-05,-0.000350877708722673,0.00040244906080085234,0.00047322303637584086,0.00030263341993982344,0.0001541853515672604,0.01711472065295871
2024-01-19,-0.00030805995216402575,-0.000632070623569794,0.0005687436437193924,0.00047322303637584086,0.0003968169666046377,8.250495011621884e-05,-0.001175036010881692
2024-01-22,-0.00020926413915973703,-0.00047450699283241456,0.0005384212569230633,0.00047322303637584086,0.00039322583230994013,0.0001318981744635317,-0.006605598147629778
2024-01-23,5.8971288057753e-05,-4.008865091476618e-05,0.0005384212569230633,0.00047322303637584086,0.00045060248418676645,0.000266072754589726,0.008895622516607374
2024-01-24,1.0728016837183228e-05,-0.00011331538496924941,0.00047097235292705244,0.00047322303637584086,0.00038615744594104574,0.0002407569133641061,0.01420941845970478
2024-01-25,8.353863973172481e-05,-5.570563198953446e-05,0.00047097235292705244,0.00047322303637584086,0.0003966530507866895,0.00027714195675528476,-0.003823543957131662
2024-01-26,0.00020114984860489314,0.0001352887574944333,0.00047097235292705244,0.00047322303637584086,0.0004218542058165155,0.00033597630516480216,0.002608567507524434
2024-01-29,0.00023832655418178506,0.00015437964207442472,0.00045128267002779714,0.00047322303637584086,0.0004104228282693248,0.0003447253043902043,0.020287318290303922
2024-01-30,0.00023278858531587768,-0.0001686295974657289,0.00045128267002779714,0.00047322303637584086,0.0003827919937197245,0.0003418327891504912,-0.0108948657894764
2024-01-31,0.0005147142533111647,-0.00011389575350904957,0.00045128267002779714,0.00047322303637584086,0.0004092555523334957,0.00046216234302643035,-0.0036197728458942967
2024-02-01,0.0007367539336793055,-4.515456721490975e-05,0.00045128267002779714,0.00047322303637584086,0.0004322564786009375,0.0004622432236103343,0.005739636871595834
2024-02-02,0.0005012676969153459,-0.0001146931555903708,0.00045128267002779714,0.00047322303637584086,0.00040814605305922603,0.00046213283192654683,-0.001317256349579136
2024-02-05,0.0003718038088737815,-0.0001264365950338005,0.00045128267002779714,0.00047322303637584086,0.0003971213456726495,0.0004113325019867866,0.0034324566874450206
2024-02-06,0.00046632501401937764,-0.0001611882539528873,0.00045128267002779714,0.00047322303637584086,0.0004015218856102021,0.00045859385081143214,0.0018828546670423998
2024-02-07,0.0004182975975038153,-0.00025010292002252484,0.00045128267002779714,0.00047322303637584086,0.00039031114352286315,0.0004346208015144491,-0.0035975653724567005
2024-02-08,0.0003458244920947211,-6.456839949240984e-05,0.0005084751985914679,0.0005298917977563129,0.00044824478193233733,0.0004269382443820047,0.001200597174578096
2024-02-09,0.00020782457740892493,-0.00012388615209727079,0.0005084751985914679,0.0005298917977563129,0.0004325520097159593,0.00035797344167552735,0.004447013156120421
2024-02-12,2.6620844570353418e-05,-0.00033335533241356295,0.0005084751985914679,0.0005298917977563129,0.00040086548524328314,0.0002673924064218459,-0.008741662711683392
2024-02-13,-0.00017634547556315608,-0.00017965634812694485,0.0005084751985914679,0.0005298917977563129,0.000398075415078446,0.00016607736342512676,0.010105909294992355
2024-02-14,-0.00010329280085452348,-0.00010270156008405386,0.0005084751985914679,0.0005298917977563129,0.0004102188846657418,0.00020290293221984359,0.021580046096059867
2024-02-15,2.058589833861627e-05,-0.00027302751652760846,0.0005084751985914679,0.0005298917977563129,0.0004054780494125759,0.00026439281185191145,-0.0046810272403331
2024-02-16,8.574500641837421e-05,-0.00014836809310028102,0.0005084751985914679,0.0005298917977563129,0.00042102697238987567,0.0002969822239240813,0.0039023033072495177
2024-02-20,-0.00012934021351350476,-0.0002946523988996034,0.0005084751985914679,0.0005298917977563129,0.00039203501012801035,0.00018949021039274557,0.006488707890235738
2024-02-21,-1.0240837318695835e-05,-0.00012599260601139884,0.0005084751985914679,0.0005298917977563129,0.00041547066359904966,0.00024905309338439565,0.01192423246649344
2024-02-22,-0.0002968695706028622,-0.00037601616897924646,0.0005084751985914679,0.0005298917977563129,0.0003721966209533574,0.00010577282091420555,0.005012834762127944
2024-02-23,-0.000251589222243843,-0.0003158685409978821,0.0005084751985914679,0.0005298917977563129,0.00038077186073903817,0.00012841902166639408,-0.0034300749051320266
2024-02-26,-0.0003239524529409012,-0.00033684200128106874,0.0005084751985914679,0.0005298917977563129,0.00037339618504291926,9.226618195337275e-05,0.0004907927651615136
2024-02-27,-0.00040207114178556565,-0.0003068971860226429,0.0005084751985914679,0.0005298917977563129,0.0003698623341870228,0.00010075202574945214,0.005056817345624936
2024-02-28,-0.0004293450107659719,-0.000513304051100672,0.0005084751985914679,0.0005298917977563129,0.0003503660036027329,3.953670965969517e-05,0.009070197203146627
2024-02-29,-0.0006608110671938927,-0.0009315213302732553,0.0005084751985914679,0.0005298917977563129,0.00029720397158771806,-7.624490642613198e-05,-0.004147045400147072
2024-03-01,-0.0006079249333558389,-0.0006280584048918093,0.0005084751985914679,0.0005298917977563129,0.00032685908095162885,-4.972432437261179e-05,0.007473676864380672
2024-03-04,-0.0007661553161713143,-0.0007981837933065439,0.0005084751985914679,0.0005298917977563129,0.0003002666551162395,-0.00012884396632766606,0.009967478101623723
2024-03-05,-0.0007279187803605951,-0.0008487836172780639,0.0005084751985914679,0.0005298917977563129,0.00029896951033151305,-0.00010975594214557031,0.005184056845666545
2024-03-06,-0.0008669136198788468,-0.000983927979118423,0.0005084751985914679,0.0005298917977563129,0.00027681403540520466,-0.00017924929792220525,-0.00879714767183376
2024-03-07,-0.0010331527051489476,-0.0008876027571822245,0.0005084751985914679,0.0005298917977563129,0.0002720393697731058,-0.00018960132748762528,0.0018612836685940046
2024-03-08,-0.0008166888884986205,-0.0004552348958355157,0.0005502784592888665,0.0005260357334002949,0.00035891749786438545,3.5293681978458015e-05,0.00037170792627113763
2024-03-11,-0.0008078055283998312,-0.0004078080408180812,0.0005502784592888665,0.0005260357334002949,0.00036360006934910003,5.8995901590515434e-05,0.008198401880016715
2024-03-12,-0.000670917466764844,-0.0004097524305910098,0.0005502784592888665,0.0005260357334002949,0.00037404759075785937,5.80557728075285e-05,0.008079466435797383
2024-03-13,-0.0005844399531212872,-0.0005276800924868136,0.0005502784592888665,0.0005260357334002949,0.0003708201092348446,-8.359600164546254e-07,-0.01797871097497502
2024-03-14,-0.0005173343237974753,-0.0004168361537564886,0.0005502784592888665,0.0005260357334002949,0.0003853564803286901,5.4566260340474526e-05,0.012319457650390742
2024-03-15,-0.0010352625556089082,-0.001067937821653272,0.0002909059085907352,0.0005260357334002949,8.064991161203084e-05,-0.0003721201951953205,0.012325230174570562
2024-03-18,-0.0001666299733018617,-0.0003869664089032099,0.0005502784592888665,0.0005260357334002949,0.0004150577346868908,0.0001796118357086419,0.005848090365307299
2024-03-19,-9.866895400544246e-05,-0.0002676770166584973,0.0005502784592888665,0.0005260357334002949,0.00043037162983926823,0.0002136055300965292,0.01302182607850659
2024-03-20,-0.0002530111085334882,-0.00033595802272441753,0.0005502784592888665,0.0005260357334002949,0.00041265722129344416,0.00013648131697364035,0.013809217396153846
2024-03-21,-0.00033958359538919256,-0.0005494518432226717,0.0005502784592888665,0.0005260357334002949,0.00038796737809651966,9.315064299117025e-05,-0.01233319741312039
2024-03-22,-0.00011277563488440662,-0.00023031918811772364,0.0005502784592888665,0.0005260357334002949,0.0004324241215965188,0.00020657595457389028,-0.009196846439284237
2024-03-25,-0.00024607782867015803,-0.0002362794135939764,0.0005502784592888665,0.0005260357334002949,0.0004215888983091727,0.0001448870106007759,0.0046600245625632
2024-03-26,-0.000187699390123292,-9.048383099265786e-05,0.0005502784592888665,0.0005260357334002949,0.000438392135727155,0.00021773081305274136,0.01917842062658851
2024-03-27,-0.00043439463366859844,-0.0003913660954067372,0.0005502784592888665,0.0005260357334002949,0.0003939306916439497,6.732563348001638e-05,0.0039017844269848773
2024-03-28,-2.2050086274268133e-05,-0.00043389514273887097,0.0005502784592888665,0.0005260357334002949,0.00042231324777315123,0.000251836597585636,-0.006813083209176607
2024-04-01,0.0002905360333718922,-0.0002835263156501811,0.0005502784592888665,0.0005260357334002949,0.0004592072365778629,0.00040806633349115364,-0.00040226527603970635
2024-04-02,0.00022916350795191203,-0.0002748355233038512,0.0005502784592888665,0.0005260357334002949,0.0004551816489948455,0.0003773951205590378,-0.002819921800771495
2024-04-03,-7.488818611835072e-05,-0.00045234442666092277,0.0005502784592888665,0.0005260357334002949,0.0004166636858526717,0.00022543086783672814,-0.007637526198197565
2024-04-04,-0.0003780458825321858,-0.0004415361882574051,0.0005502784592888665,0.0005260357334002949,0.00039407375520578516,7.397607595439768e-05,0.009158040672620507
2024-04-05,-0.0005597094509592635,-0.0002633229463358265,0.0005694573661796242,0.0005260357334002949,0.0004105073681600456,0.00013126155040202097,0.005202947015252233
2024-04-08,-0.00019905533726578947,2.5909005180614793e-05,0.0005854624930471287,0.0005612050145774553,0.00047680688220045963,0.0002934492699965878,-0.006723540681509794
2024-04-09,0.0002492443841415116,0.00017772082436346532,0.0005854624930471287,0.0005612050145774553,0.0005243426120795924,0.00040517427515038664,-0.008557872871863204
2024-04-10,0.0004940505088440997,0.0002720280027639483,0.0005854624930471287,0.0005612050145774553,0.0005512613296945311,0.0005274613861400632,-0.0002047340706890697
2024-04-11,0.00016842188625545247,0.00013647221656735704,0.0005854624930471287,0.0005612050145774553,0.0005146037635583707,0.0003648054878177761,-0.06686432118741126
2024-04-12,-0.0015310291919788215,-0.0010525520802981444,-0.0081963355319401,-0.006606699944362719,-0.00703088183370182,-0.004068930089012561,0.0005470070542843845
2024-04-15,-0.0007016800017064925,-0.00025191708576599353,-0.01225537434661125,-0.006732244356752045,-0.010185003489605552,-0.003717122571808779,-0.01149346260036051
2024-04-16,-0.0006939906656236476,-0.000417842355354165,-0.011808537595511492,-0.006128228431468448,-0.009819146407683207,-0.003411290313687309,-0.0039902175241578785
2024-04-17,0.00011707633338539007,1.8107029661306893e-05,-0.011474074120747807,-0.006128228431468448,-0.009449116986292663,-0.003055241781765054,0.006475999220785553
2024-04-18,0.0006574248787083821,8.506304011880695e-06,-0.01205510130559554,-0.006732244356752045,-0.009895778320582138,-0.00336200875587438,0.02479362107870009
2024-04-19,0.0008014537967449156,-0.00015519641293838392,-0.012226980184559581,-0.006732244356752045,-0.01003737939524866,-0.0034438474729639092,0.01924319560389323
2024-04-22,0.0011623178617523728,0.00015156390985793136,-0.00011693123421023727,0.00017103841467144642,1.3390082951519547e-05,0.00016131469805020487,0.014310133468695335
2024-04-23,0.0014117782112374468,0.0005310985018859457,0.0005943210968530173,0.0005612050145774553,0.0006513816593747616,0.000577908422959391,0.004880377925642814
2024-04-24,0.0013281533609456203,0.000834356726768983,0.0004927809787656869,0.0005612050145774553,0.0005883329006763927,0.0006979367904800426,0.0015009497680794938
2024-04-25,0.0004015677430125637,0.0007566263297448957,0.0005251542694959749,0.0005612050145774553,0.0005361369076536909,0.0005431997526070145,0.0006204548923456271
2024-04-26,0.0009612097719773659,0.0009715350078425544,0.00047397863934772787,0.0005612050145774553,0.0005562369799389422,0.0007611378388749086,-0.0010859478532652513
2024-04-29,0.0012448470970886324,0.001015927500036395,0.0004277677259880691,0.0005612050145774553,0.0005445965412315217,0.000788608356297105,-0.007999721179297788
2024-04-30,0.0014096792462477844,0.0007835246218995562,0.00047894335613631614,0.0005612050145774553,0.0005791828905340345,0.000672520555624406,0.0006256464443820552
2024-05-01,0.0018601098719571306,0.0006735078184797264,0.0004277677259880691,0.0005612050145774553,0.0005634542173746042,0.0006174646589192865,-0.0010428801826461015
2024-05-02,0.0023196882214313163,0.0005899420335340853,0.00047397863934772787,0.0005612050145774553,0.0006294082184509372,0.0005756388400563508,-0.006018353584689242
2024-05-03,0.0021076882184147333,0.0003634599578757168,0.0005251542694959749,0.0005612050145774553,0.0006352819687874719,0.0005432236212128961,0.007790660234353083
2024-05-06,0.0018625979424468438,0.00023774503005747087,0.00027695224035417386,0.0004964719030746923,0.0004030808847833358,0.0003869479175510976,-0.0013029614655243437
2024-05-07,0.001170857314103623,0.00026683371044578354,8.864987972824263e-05,0.0004964719030746923,0.00019964839176895544,0.0003817501771137693,0.020134979822379984
2024-05-08,0.00037222267932730075,-2.5717759494287744e-05,8.864987972824263e-05,0.0004964719030746923,0.00011310336971223959,0.0002304429291542964,0.00941127465493821
2024-05-09,-0.0002148075987695188,-1.2275902024542042e-05,8.864987972824263e-05,0.0004964719030746923,6.873004010539085e-05,3.82261150846118e-05,0.006409699239135856
2024-05-10,-0.0005211435790498132,-0.00016825640257944838,8.864987972824263e-05,0.0004964719030746923,3.1847973207888066e-05,-3.9792325576271185e-05,-0.0002011776005543391
2024-05-13,-0.0007715774969307918,-0.00010040276088910983,0.00010833456923825264,0.0004964719030746923,3.4065929261860217e-05,3.932777549519497e-06,0.013891848289314432
2024-05-14,-0.0007837665783620044,-0.00027319892714840037,1.5104864574319656e-05,0.0004964719030746923,-5.681546355765765e-05,-0.0001290512371704411,0.0029730705078559647
2024-05-15,-0.0005786955096570167,-0.00021933011601194582,1.5104864574319656e-05,0.0004964719030746923,-3.6382352844502705e-05,-0.00010209202307643234,0.0017796858538622995
2024-05-16,-0.00038612675260983186,-0.0001874505141783527,3.948456438075944e-05,0.0004964719030746923,9.430776416498513e-07,-7.391857753709771e-05,0.011393239895748922
2024-05-17,-0.00018320520200617977,-0.000370215509707556,3.948456438075944e-05,0.0004964719030746923,1.2819444080003334e-06,-7.179114329552717e-05,-0.04601552348463411
2024-05-20,-0.0008455834939295786,-0.0008358942925931793,-0.0010136039559362467,0.0004964719030746923,-0.0009407999995853975,-0.000840724541693521,0.01994504670415632
2024-05-21,-0.0005397328748775306,-0.000794318999722274,-2.5508347412646588e-05,0.0004964719030746923,-0.00011462307876031038,-0.0002825597269353626,-0.006083006355810207
2024-05-22,-0.0003012111423548019,-0.0004383466027272566,1.9799874870749523e-05,0.0004964719030746923,-2.9520031180806145e-05,-0.00014060264824085187,-0.007034045760357914
2024-05-23,-0.00041463487391368587,-0.0003014380539632046,1.9799874870749523e-05,0.0004964719030746923,-2.6782926284824558e-05,-0.00014070122346049023,0.01906363867918576
2024-05-24,-0.0004128546171419601,-0.0003056912949918445,1.9799874870749523e-05,0.0004964719030746923,-2.7003102402625478e-05,-0.000142823776272465,-0.006046909568747767
2024-05-28,-0.0003111292168658106,-0.00016841582058153164,1.9799874870749523e-05,0.0004964719030746923,-7.557205993555481e-06,-7.42169541587121e-05,-0.006991863254212872
2024-05-29,-0.0005270595668948225,3.907185714596196e-06,1.9799874870749523e-05,0.0004964719030746923,-9.783836676415898e-06,1.185261991529368e-05,0.0061394160301640865
2024-05-30,-0.000794531855041763,5.6769146339379984e-05,1.9799874870749523e-05,0.0004964719030746923,-2.6066046566837443e-05,3.827528181377893e-05,0.01641992884018115
2024-05-31,-0.001387740617326876,-0.0004456961533638251,-2.5508347412646588e-05,0.0004964719030746923,-0.00015100025090275838,-0.00023564470122298733,-0.004005449349635637
2024-06-03,-0.0011993664278295135,0.00028858333720567996,1.9799874870749523e-05,0.0004964719030746923,-3.792619585938335e-05,0.00015407355842068354,-0.013267732393478782
2024-06-04,-0.000457190014773305,0.0005190090924510379,-0.0007088066802152303,0.0005568105641177952,-0.0005483447553471485,3.083487087163724e-05,-0.009585863847793256
2024-06-05,-0.0004482207370998828,0.0005630826774796525,-0.000688649841032215,0.0005568105641177952,-0.0005276392397671565,5.4210078818682576e-05,-0.0017759087873123606
2024-06-06,-0.00014869363888507492,0.0006636714924030773,-0.000688649841032215,0.0005568105641177952,-0.0004959496767866448,0.00020394082732845526,0.015320591744740968
2024-06-07,0.00048709349641148903,0.0006805031232524945,-0.000688649841032215,0.0005568105641177952,-0.0004452474038042424,0.0005218654638087175,-0.0017018580395106312
2024-06-10,0.000669964454267048,0.000850247580316363,-0.000688649841032215,0.0005568105641177952,-0.00041677697364391836,0.0006133009588919324,-0.02665332510400367
2024-06-11,0.00047222259492412294,0.000694551637949885,-0.0006618257208019536,0.0005568105641177952,-0.00042352731042134546,0.0005144276597174668,-0.014667651453037086
2024-06-12,0.00027133959772755907,0.0003995981233149455,-0.0009536409830554423,0.0005568105641177952,-0.0006998978955489227,0.0003353654040521416,0.011059617106602394
2024-06-13,0.0007451344732635992,0.0006832331843233056,-0.0008234577160930312,0.0005568105641177952,-0.000534019383888212,0.0006198398944363919,0.0006193649124807129
2024-06-14,0.0007122239537048995,0.000878810510825088,-0.0005110690564852775,0.0005568105641177952,-0.0002675052205896592,0.0006344117045674891,0.006173522252115136
2024-06-17,0.0004575174405965869,0.0008336422472974322,-0.0001402498250634206,0.0005568105641177952,8.788450066391895e-06,0.0005071297184612983,0.010306731757163765
2024-06-18,0.0007339194613171763,0.0007450841670731614,-0.00026760517602722494,0.0005568105641177952,-8.022180421396192e-05,0.0006451001547967865,0.008441396053114737
2024-06-20,0.0011091507803378457,0.000778330324486239,-0.0003790705136943598,0.0005568105641177952,-0.00013846499087235016,0.0006675086261359978,-0.012000993269336875
2024-06-21,0.0003838235139978594,-1.914351250797031e-05,-0.00023227404327132265,0.0005683113943104238,-0.0001428085035581745,0.00018232802221921425,0.01305749458290702
2024-06-24,0.0009521510440413499,0.0008086076733520409,-0.00039922735287737515,0.0005568105641177952,-0.00016438419746292676,0.0006825730045722772,-0.0040811289334488745
2024-06-25,0.0006623836830548075,0.0010439549294862377,-0.00039922735287737515,0.0005568105641177952,-0.00016702705770508725,0.0006095648367073744,-0.003236464044133464
2024-06-26,0.0007108135512041997,0.0010186640108640229,-0.00039922735287737515,0.0005568105641177952,-0.0001654027013930931,0.0006337564197730554,0.008774645075230372
2024-06-27,0.0011852061748111801,0.0009305205595167297,-0.000507883358274611,0.0005568105641177952,-0.00022391008482533037,0.0007435589325281712,0.015395331313555713
2024-06-28,0.0008945323350513702,0.0003072706221827219,-0.000729521793660647,0.0005568105641177952,-0.00047814338438706807,0.0004319720210637443,0.015648679051761424
2024-07-01,0.0013413301967566816,0.000443556024946148,-0.0007088066802152303,0.0005568105641177952,-0.000415281510872062,0.0005001734636157094,0.01631784085598185
2024-07-02,0.0014398604889993255,0.0004123539719932659,-0.0009722910238496081,0.0005261550195934597,-0.0006242325356625672,0.00046924523038851726,-0.0006706208893996141
2024-07-03,0.0013190125455841092,0.0005641586043520809,3.7103408536689775e-05,0.0005616526403260134,0.00019642589668857275,0.0005629062704565184,-0.013339104182796458
2024-07-05,0.00048004359405553196,0.0003731545603438942,-7.760617547884603e-05,0.0005616526403260134,2.25525196253949e-05,0.00042648248630504056,0.0018539102485767426
2024-07-08,0.00015614421604890705,0.0002035613874680429,0.00019551871119325784,0.0005616526403260134,0.00020400939676660032,0.00019958672463478167,0.011918789350122281
2024-07-09,-0.0003070175600337374,-5.0462384982512157e-05,0.00019551871119325784,0.0005616526403260134,0.00014671402828960524,7.255641085964469e-05,0.0008184345484435823
2024-07-10,-0.00038760442070640423,-0.0001024276371537604,0.00015537206324677983,0.0005616526403260134,0.00010362868072084518,2.649987598934306e-05,-0.001685813466789541
2024-07-11,-0.00033571920050609095,-0.0003412865263997196,0.0001497443666763762,0.0005616526403260134,8.298519700946989e-05,-9.280651312551589e-05,-0.012173041562747637
2024-07-12,-0.0004094220689781924,-0.0006308358084929674,0.00016931663266240397,0.0005616526403260134,6.871411886743211e-05,-0.00012000525370289391,0.02462835338357407
2024-07-15,-7.386747448936168e-05,-0.0005636166040410855,9.185283102011908e-05,0.0005616526403260134,3.7749640667643686e-05,8.990385612844526e-06,0.01685310334981016
2024-07-16,-0.0002106895817768434,-0.0007291990688287301,-0.0009031314827037109,0.0002760000426082142,-0.0007998149185070646,-0.000469859184464235,0.015099308168096926
2024-07-17,-0.0007152626426446691,-0.0008227185366773372,-0.0014788156422460565,0.0002760000426082142,-0.001312297862164188,-0.000768979003531424,-0.032285840769371535
2024-07-18,-0.0014799382484577163,-0.0007988302109326563,-0.0012167363234788957,0.0002760000426082142,-0.0011576467253595706,-0.0010076757492779131,-0.0009529188439321457
2024-07-19,-0.0015804828820732285,-0.0006105803761433351,-0.000696627201864448,0.0002760000426082142,-0.0007290312362705002,-0.0006536037226876647,0.0023807076140990257
2024-07-22,-0.0014728258223295496,-0.0005379127502592126,-0.0006564805539179698,0.0002760000426082142,-0.0006821040590565488,-0.000597196741598787,0.00023772980259520847
2024-07-23,-0.0013745573113545279,-0.00032965585709255284,-0.0006580134220198262,0.0002760000426082142,-0.0006581880483020089,-0.0004938458607962587,-0.008307161159461476
2024-07-24,-0.0013231223149435581,-0.0003062629309589427,-0.0007599643223638164,0.0002760000426082142,-0.0007346676847662059,-0.0005331109827097752,0.00038349592688367325
2024-07-25,-0.0008439162051847334,-8.605360799270555e-05,0.00011680108794927789,0.0005616526403260134,3.8447082304283824e-05,1.534421282982702e-05,0.016963618751656195
2024-07-26,4.5071485867309645e-05,-0.00012687437597372938,-0.00030649804238472804,0.0002760000426082142,-0.0002468319419698441,-4.088119376587226e-05,-0.00657068711725018
2024-07-29,0.000401213442695792,0.0001364404040205317,6.122322071481407e-05,0.0005024748153228087,0.00010700762942002951,0.00026884904748198437,0.02037440236265428
2024-07-30,6.318262493165932e-06,-5.147907174225211e-05,-0.0008573571381868292,0.0002760000426082142,-0.0006889073806515271,-2.2610386375832874e-05,-0.01116867145771635
2024-07-31,-0.0008303515988960286,4.1239373971877435e-05,-0.0008573571381868292,0.0002760000426082142,-0.0007459561154758367,-0.0003944750059369154,-0.02300690066067902
2024-08-01,-0.0012369835104645932,-8.281329796990076e-05,-0.0007283085958360308,-0.0005644250588760642,-0.0007085174305958181,-0.000646369765810423,-0.04333772579379481
2024-08-02,-0.0019191286787720123,-0.0005582969520073312,-0.0012163393239980056,-0.0020410325998798527,-0.0012398764692838694,-0.0015676064917858673,-0.021521558341993464
2024-08-05,-0.0017416343136007252,-0.00044293286319147657,-0.005124191841458178,-0.006467818561556467,-0.004507635269204624,-0.003432915758295192,0.027529344394062332
2024-08-06,-0.0009332283889924953,-0.00039027964280679867,-0.004738587513995526,-0.004548810876885999,-0.004071788848211937,-0.0027409826410013842,0.0002994206883008924
2024-08-07,0.00023687840618427376,-0.00019666594059456323,-0.004124619832898026,-0.004548810876885999,-0.003468330180029381,-0.002160642006045652,0.0180987032101992
2024-08-08,0.0013814819457834615,8.299753504314197e-06,-0.00034177845688163365,-0.0007696411795848273,-0.00019141148257572943,-0.00016666539648203907,0.00849079434877522
2024-08-09,0.001831923422972106,0.00029841026394358176,0.00010509072387912496,0.00042837297436520175,0.000264824949163283,0.0003634827572247879,0.0018933161981117637
2024-08-12,0.0017259157528883478,0.00033259840914433585,0.00019378798401793612,0.00042837297436520175,0.0003312065032787468,0.0003805832849293857,0.008451536481168502
2024-08-13,0.00073330967635144,0.00046968159535295975,3.792942291726722e-05,4.833380409051646e-05,0.0001285016513846097,0.00025915711987639,0.011000117824895767
2024-08-14,-0.0002949074531997716,0.0004780618062011488,-0.0003363753341103717,4.833380409051646e-05,-0.00025315786198669806,-0.00012311878538420528,0.00621163108615371
2024-08-15,-0.0006949745587091023,0.0004418045960088319,-0.0005420838022202955,4.833380409051646e-05,-0.00045355787706901143,-0.00024680051854028594,0.01137442652441137
2024-08-16,5.8515435159256046e-05,0.00038645990616678757,-0.001191689697820978,-0.0009466305533067978,-0.0009546034496808346,-0.00044403710611117897,0.006893112662267436
2024-08-19,0.0014819960333976657,0.0005160410664599886,-0.0010484429721028725,-0.0003962326637322104,-0.0007011837361141932,5.9937439298839146e-05,-0.0043258844276113755
2024-08-20,0.001835184665174901,0.0005516296329100248,-0.0003186889737216624,-1.4027169301477222e-05,-6.939200597514853e-05,0.00026891432669347873,0.00037282448626655985
2024-08-21,0.0022134072524151067,0.0005466005121949434,-0.0003186889737216624,-1.4027169301477222e-05,-4.0496532411333716e-05,0.00026641457296168393,0.00941499341380359
2024-08-22,0.002124397829441195,0.00044361360712843144,-0.0003876350381007864,-1.4027169301477222e-05,-0.00011181845695069616,0.00021489739966228482,0.007725158925207387
2024-08-23,0.001658078583197137,0.00017683640491975667,-0.0004325369994009424,-0.0006295010760991204,-0.00022500516452463875,-0.00012769302956562538,0.003931635481601764
2024-08-26,0.0015885183305235785,0.00023640258646937662,1.863886564147995e-05,0.0004645667284089964,0.00017190463953630798,0.00035058835138371757,0.004597744020138182
2024-08-27,0.0011097971735927283,0.00013555583290780646,0.0001576653093133983,0.0004645667284089964,0.00023871838610352867,0.00031133820094802415,0.005028661031948216
2024-08-28,0.0003880927715551167,-0.0001213416811024409,-6.921366373460974e-05,0.0004645667284089964,-2.2313325028040054e-05,0.0001594577342468182,0.004148890799364943
2024-08-29,1.4429734230164888e-05,-0.00016148368222773028,0.0005030369889906515,4.601858540051678e-05,0.00039563725354398437,3.0248518866911587e-05,0.011588089637217823
2024-08-30,-0.0006398350252923975,-0.0005960529897877465,0.00033775366448251897,4.601858540051678e-05,0.00017467685057856298,-0.0002749127577958549,-0.020220827435230525
2024-09-03,-0.001094724239449996,-0.000586622955907858,0.0006874215708193012,0.0005751824812947105,0.0004386516589941239,-5.810521157664387e-06,-0.004412788526499917
2024-09-04,-0.0011686609089566085,-0.0005003710841710283,0.0005731906936471318,0.0005751824812947105,0.0003478175188034011,3.624990288144642e-05,-0.007781052493893824
2024-09-05,-0.0010576808819304285,-0.0005013465803192132,0.00021049321460309708,0.0005751824812947105,6.306377417439156e-05,-0.00014546265470696818,-0.02404262328431476
2024-09-06,-0.001077300086298636,-0.00041292762950280687,0.00021387797617476124,0.0005751824812947105,7.17258454895252e-05,-9.957653058028648e-05,0.02026760634159431
2024-09-09,-0.0009672658789412852,-0.0005418062058860338,-0.00010937430208274338,0.0005751824812947105,-0.0001919772052813036,-0.00032555259774051377,-0.05328348233459522
2024-09-10,-0.0026703958809995575,-0.0021373497543234234,0.002350235396388036,0.0037681615539816855,0.0016252137074589815,0.0001064998898689173,0.008091393006342552
2024-09-11,-0.00119232175077307,-0.0008504352416834574,1.567468755875426e-05,-0.0009965806869548176,-0.00018094449471822273,-0.0009234247850467589,-0.00304477330182014
2024-09-12,-0.0005048074015911382,-0.0002933360385718024,-1.8532419740927068e-06,0.0001906052165237644,-5.96762476833985e-05,-0.00014760271895902693,-0.011097132003660868
2024-09-13,-0.0005115550450793073,-0.00019372795179433203,-0.0013492297903928718,0.00036465302969168644,-0.001136124684307483,-0.00035266765504181417,0.017177436097071532
2024-09-16,-0.000712047719083929,5.040393101813376e-05,0.0005865823212583669,0.0003121326193000839,0.00043261748053454856,0.0001811966360386561,0.006664889929345599
2024-09-17,-0.0003935253520561618,0.000340883496621753,0.0021248385774455215,0.0030735877253820526,0.0018075441312869595,0.0012328820880652997,-0.008253848309747982
2024-09-18,-0.0004772231010311054,0.00043891731633383113,0.0019166421605134743,0.002930525130568754,0.001636720065517634,0.0011777884186132057,0.014114797289587264
2024-09-19,-0.0006739540569235877,0.00027716653557614324,0.0008248078701963953,0.0013057767214028012,0.0006767821753968632,0.0005509333154426921,0.0028939220290386284
2024-09-20,-0.0007027540993877253,-0.00011346321545429683,-0.0008679228098205983,0.0013057767214028012,-0.0007270760330740139,-0.00040794192778951567,0.0016566942024679567
2024-09-23,-0.0004039259149592893,0.0008708231012703408,0.0003792020156083606,0.0005751824812947105,0.0003657125164886636,0.00047713358564257114,0.0007091095694469038
2024-09-24,0.0006066753429646971,0.0009645730939186371,0.0002524457004713605,0.0005751824812947105,0.0003494528530491636,0.0005909311229995425,-0.00663843598987245
2024-09-25,0.0009885362094336793,0.0009391310705226868,0.00010522819006228396,0.0005751824812947105,0.00025787232781243423,0.0007569914502059182,-0.0019526514985351657
2024-09-26,0.0015555655591923952,0.0011052759532266133,0.00033579330991088783,0.0005751824812947105,0.0005022520155704346,0.0008402826968930045,0.0034263700317369956
2024-09-27,0.002296737642804074,0.0010863536894624474,0.0003126315782346984,0.0003378250483861946,0.000532340190635574,0.0007123100621105663,0.0017087557268932315
2024-09-30,0.0022421825459334214,0.0009467300795498586,-0.00014883029901352845,0.0003378250483861946,0.0001432183960045377,0.0006423531805079503,-0.018282407305531104
2024-10-01,0.0020398210711738457,0.0010189940137752518,-4.444793573216267e-05,0.0003378250483861946,0.00021802014520001323,0.0006784907670155924,0.0012066655864277902
2024-10-02,0.0023827054147623266,0.0012439225729399678,-4.95512627674141e-05,0.0003378250483861946,0.0002594151643204671,0.0007909639311336085,-0.009987385291172001
2024-10-03,0.002046101351790768,0.0012625648037037894,4.093957597396888e-05,0.00044524648535725563,0.00031125040085799036,0.0008539618369712558,0.034878297540487255
2024-10-04,0.0018259500863178233,0.0008400719149945551,-0.00022328286160268587,0.0003378250483861946,4.176917354876565e-05,0.0005889907993815239,-0.0013739897885900968
2024-10-07,0.0017853840690622144,0.0010748171209750915,-0.0002123927028841159,0.0003378250483861946,6.719886036528276e-05,0.0007063428223661243,-0.0008537263100618084
2024-10-08,0.0015121767965929414,0.0010164037488294916,-0.00022924251770415043,0.0003378250483861946,2.747663219426484e-05,0.0006771029032354432,0.012589505880777539
2024-10-09,0.0013168807578660168,0.0008296904908137173,-0.00022924251770415043,0.0003378250483861946,-3.385955004908686e-06,0.0005837452655541057,-0.0027213399430118922
2024-10-10,0.0010856714264499937,0.0007576181148765652,-0.00041136069204386865,0.0003378250483861946,-0.00017463764362086773,0.00054765584180118,0.04344203966868863
2024-10-11,0.00023044839447593235,-0.00044019118298330227,-0.0012542363232302734,0.0009090049263778444,-0.001006396037344125,-0.00010488627018421163,-0.0036505366389827493
2024-10-14,0.00021993417027642032,-2.2473195208222484e-05,-0.0009367919638284212,0.0002329390688760174,-0.0007354139942432665,9.84703972962753e-05,0.004100366790747087
2024-10-15,-7.74346351189747e-05,-0.00027605165390931084,-0.001049724603716834,-0.0003382408091156322,-0.0008880871394139345,-0.0003071901989202975,0.005605076577968572
2024-10-16,-3.1110538719556586e-05,-0.0002643535922218529,-0.0020318407208143384,-0.0003382408091156322,-0.0016776429676898727,-0.0003013517857958371,0.003481672883306777
2024-10-17,0.000181487861578114,-0.0004582905712144222,-0.0020266487001729893,-0.0003382408091156322,-0.00167329656784397,-0.0003982972537782184,0.004224191098018937
2024-10-18,-0.0006067730168341615,-0.0006950901995440456,-0.001267376528465038,-0.0003382408091156322,-0.001140400498087822,-0.0006509635513517422,-0.010571702738495444
2024-10-21,-0.0009632593201412731,-0.0006570793455950609,-0.0006918958508022531,-0.0003382408091156322,-0.0006995040741503851,-0.0006744833761262062,0.00500977200593807
2024-10-22,-0.0013337357046292065,-0.0010963453391664509,-0.0006366333624772551,0.0003378250483861946,-0.0007004662713556393,-0.0008663770451236222,-0.0031728988853644132
2024-10-23,-0.001131582957801944,-0.0008445985649006326,-5.963912035275939e-05,0.0003378250483861946,-0.00019704218834828437,-0.00045209258197023326,0.007002777919946632
2024-10-24,-0.0006662992976742816,-0.0008847974849517377,-5.963912035275939e-05,0.0003378250483861946,-0.0001643596808505064,-0.00036291998760340787,-0.011938681259991717
2024-10-25,-0.0015218076730717238,-0.0008176258273122735,0.0005691847428969713,0.0005446803438625106,0.00028958102864038153,-0.00013660962823282312,0.014247394685868364
2024-10-28,-0.0018487771429327518,-0.0008797817399268099,0.0005691847428969713,0.0005446803438625106,0.0002590007388173705,-0.00016771078106576177,-0.011596963836446489
2024-10-29,-0.001936556566581866,-0.0007080280378324258,0.0005009861626861844,0.0005446803438625106,0.00021151527335867344,-0.00010370560624030093,0.006751550801217902
2024-10-30,-0.002075252185813979,-0.0006668001744227879,0.0005009861626861844,0.0005446803438625106,0.0002042358090789021,-8.310461223082888e-05,-0.01115782576023466
2024-10-31,-0.00208557793289748,-0.00043241541503726835,0.0005009861626861844,0.0005446803438625106,0.0002231735988833803,3.406399686440908e-05,0.004585780389157398
2024-11-01,-0.002153394663087183,-0.0002929225249653242,0.0005363375184392672,0.0005446803438625106,0.0002582485412940219,0.0001214552886130116,-0.014275741516959064
2024-11-04,-0.0018828036315461758,-0.00014857580285637466,0.0005188336408364644,0.0005446803438625106,0.0002772265163039029,0.00018488085602187614,0.007750450215538464
2024-11-05,-0.0012202549094439126,0.0003404524384859652,0.0005363375184392672,0.0005446803438625106,0.0003839218401052994,0.0004381056884202731,0.10925382110047324
2024-11-06,-0.0014202462572419747,-0.0018637663267648884,0.002617558636462918,0.003397777417316903,0.0019503257019791449,0.0005986840309997684,-0.044190514584576526
2024-11-07,-0.0008787131920329313,-0.001270944677844785,0.002847866635512113,0.002078128007015234,0.0021892900333331205,0.0005997458825101483,0.002534999301847353
2024-11-08,-0.0006889795388692763,-0.0008987606005262651,0.0018412434643275144,0.002132699982029573,0.001423011859083216,0.0005761442175870353,0.009700436614887143
2024-11-11,-0.0012306087544796634,-0.0010054415986663267,0.0014409911107284685,0.002132699982029573,0.001048400905879889,0.00021783379742933877,0.0011277641229331316
2024-11-12,-0.0012302345179340526,-0.0009072153499135254,0.0013871999452826497,0.002328408583114978,0.001019014657969714,0.00024006163964889485,0.006656692338422741
2024-11-13,-0.00177130482655649,-0.0013812226571748945,0.0016434195741041728,0.0018498096540879205,0.0011301286613323034,0.00013107534993046576,0.0029397722608368367
2024-11-14,-0.0013011513644904148,-0.0013599602913642564,-0.0004023764756891593,0.000624255759117309,-0.0005222214875812099,-0.0008515822025533208,0.014122296475321788
2024-11-15,-0.0009050009107842754,-0.0016351219869818918,-0.0028112441903753137,-0.00028256469312378424,-0.0024893890779454954,-0.0012701124347869496,-0.0011420625135715884
2024-11-18,0.00046708656734675266,-0.0015666619882231951,-0.0029474685271663587,-0.00022799271810944522,-0.002485793123082238,-0.0008973856011413883,-0.007948954286421098
2024-11-19,0.001639569335384456,-0.0014330401742644046,-0.0027284733452042024,-0.00022799271810944522,-0.002206574235135619,-0.0008304877253414237,-0.009548072753501469
2024-11-20,-0.0008923113783584675,-0.0016393339967079265,-0.0027284733452042024,-0.00022799271810944522,-0.002420212708254824,-0.0012658626807780528,0.016394452779609634
2024-11-21,-0.0011403628673896512,-0.0016792143557198026,-0.0027284733452042024,-0.00022799271810944522,-0.0024427995593933644,-0.0014097983568696984,0.015365988319366844
2024-11-22,-0.00033525255038901753,-0.0009546937582061364,0.0007863999663240957,-0.0012104852407531495,0.0004935685830755424,-0.0006448532613021956,0.00697619879747491
2024-11-25,-0.0006803410813620109,-0.0012389109665233004,0.0007691315209982384,-0.0012104852407531495,0.0004289201800782603,-0.0009451684774423151,-0.0012793323157289076
2024-11-26,-0.00032014285013483973,-0.0007547816845453141,0.0009028482843274686,-0.0012104852407531495,0.0006057342856543281,-0.0005373926084158328,-0.0007204061092101891
2024-11-27,-0.0003505737666178087,-0.0005598394107173954,0.001497157013560007,-0.0012104852407531495,0.0011003456861579692,-0.0004551675700915289,-0.00028021231935543555
2024-11-29,-0.00029639255238179073,-0.00035659763382700526,0.0014196172067323673,-0.0022034533998878856,0.001029495226342709,-0.00032649570281097575,-0.013992981404574958
2024-12-02,-0.0006716106553246683,-0.00036386978980228234,0.002925912601930828,0.00025495914217613254,0.0022907334999092365,-5.430259873258781e-05,-0.005824084449983103
2024-12-03,-0.0002246680133731145,0.00025200144323116007,0.0031073636895622737,0.0005940751571812616,0.00253402765268755,0.00042312465118733646,-0.005817054183842961
2024-12-04,0.0004402252329057898,0.0007676569453786775,0.003039306646451686,0.0005940751571812616,0.0025739631438115927,0.0006810018981757507,0.008509279673047194
2024-12-05,0.0007458350046986501,0.0003915874288852963,0.0029755187523749726,0.0005940751571812616,0.002514405020277042,0.0006700598499422049,0.0076292725126346364
2024-12-06,0.0011985862248366807,0.0004783820682404585,0.0030589896839833108,0.0005940751571812616,0.002624304519598525,0.0008965344929539174,-0.014455502769642622
2024-12-09,0.001199258520079847,0.0005984752275102234,0.003041228215598193,0.0005940751571812616,0.0026201082338660675,0.0008991371659002697,-0.003904080053717479
2024-12-10,0.0008572155966193256,0.0004747314106438846,0.003023959770272335,0.0005940751571812616,0.0025692098486391293,0.0007258267283584826,0.002754987168436578
2024-12-11,0.0009759554162590176,0.0007884208272624969,0.00302392312047846,0.0005940751571812616,0.002604801359836495,0.000882307665394229,-0.008246496340975783
2024-12-12,0.0011348744790440016,0.0011526348186501742,0.002742618973904546,0.0005940751571812616,0.002420331461309379,0.0011437604618247657,-0.00660471949107339
2024-12-13,0.0005366327928918608,0.0007919139080865132,0.0028560217473963217,-0.0015550097686280885,0.0023714988162773483,0.0006642730067558907,-0.0015014985591414543
2024-12-16,0.0008950341031243056,0.0010048216874884164,0.0026646807011821033,-0.0015550097686280885,0.002262493916505201,0.0009499228963362287,-0.005105308709498684
2024-12-17,0.0013412340216764607,0.0012239095626498516,0.0026963562673985447,-0.0015550097686280885,0.0023411450165428324,0.001282561539966472,-0.0340954212461328
2024-12-18,0.0012170908342356084,0.0008971200056859728,0.0014186058304702087,-0.0014606634675509843,0.0012736220463076917,0.001056953832592208,0.011180096898367346
2024-12-19,0.0013006273784320315,0.0007808548205208724,0.0009601763146260653,-0.002268306758268841,0.0008756557260978359,0.000870434546146816,0.019721847300423704
2024-12-20,-0.0005625293311339218,-0.0012102134596732165,0.0011464962795501967,-0.0014085016069551835,0.0007397273157254723,-0.0008862055213068266,0.003319328918690578
2024-12-23,0.0018985503035837234,0.0009076010913548658,0.001083643275063367,0.0006921463848958861,0.0011203697690818138,0.0009957032806612604,0.016309877654831748
2024-12-24,0.002589346312078417,0.0013680836887728367,0.001205976275631511,0.0005651365706156895,0.0013078456900110168,0.0012870532078037675,0.0034195676965908316
2024-12-26,0.0024580618642234572,0.0014045728881003632,0.0011374368134758478,0.0005651365706156895,0.0012453211598675805,0.0012710383216641785,-0.008135313490129253
2024-12-27,0.002204687916939662,0.0014097209791674218,0.0011374368134758478,0.0005651365706156895,0.0012261136995219764,0.0012735986271157954,-0.0077004946575106575
2024-12-30,0.0020513662810636452,0.001497877258117876,0.0011374368134758478,0.0005651365706156895,0.0012216524360643723,0.0013176545600261265,0.012920262033027425
2024-12-31,0.001973613736582414,0.0014822591628290433,0.0011173450852453772,0.0005651365706156895,0.0011980639590174727,0.001299793204424763,0.0012090359483829913
2025-01-02,0.001520311617646044,0.001064948052989178,0.0010501394066144414,0.0005651365706156895,0.0010734399707161872,0.0010575431949091476,0.01357411500943004
2025-01-03,0.002245935350246062,0.0009088354972615787,0.0010230522381029063,0.0005651365706156895,0.001094639564122407,0.0009659891902435966,-0.010038679933628156
2025-01-06,0.0026205768562631866,0.0008807413300620137,0.0010230522381029063,0.0004854677894343378,0.001118950766445318,0.0009519473630985637,0.00958642127223813
2025-01-07,0.002600935558500623,0.0008810581365303518,0.0010501394066144414,0.0005651365706156895,0.0011417216804017112,0.000965669752711668,-0.0001644798929549398
2025-01-08,0.0024106324043688637,0.0008078276607151206,0.0010501394066144414,0.0005651365706156895,0.0011208028443891638,0.0009290879616246923,-0.013499210232215961
2025-01-10,0.0017293107335652003,0.0006898774769405114,0.0010230522381029063,0.0004854677894343378,0.001033788562026099,0.0008565627748582233,0.017931448806451502
2025-01-13,0.001145088972025897,0.0004983447735543247,0.0010230522381029063,0.0005651365706156895,0.0009747357405498571,0.0007941298812602663,0.013260829102170016
2025-01-14,0.0006882111380058133,8.804757234722078e-05,0.001015735302321587,0.0004854677894343378,0.0008964865316971577,0.0005868258315918278,0.019527669499496577
2025-01-15,7.666780135456299e-05,-0.0008215829198518377,0.0010210002218355384,0.001619509357531921,0.0008103900918974324,0.0005487993807821822,0.007579674398321116
2025-01-16,-0.00010091587952709637,-0.000797061563750914,0.0008594644104440089,0.0013512125445572874,0.0006601103928947852,0.00037924469098252916,0.01904893434114596
2025-01-17,-0.0008291280170922103,-0.0014096138472380784,-0.0011557419246217503,0.0013512125445572874,-0.0010774049080922122,-0.00099230389705113,0.01482244376014642
2025-01-21,-0.001316424898302377,-0.0014870371451047538,-0.0012017253446309452,0.0009910424213097524,-0.0011695696246422531,-0.0012589747497022596,-0.0007226213757713639
2025-01-22,-0.0012565818164255158,-0.0012447838316823256,-0.0014301525268951686,0.00042210373140160124,-0.001346118584140279,-0.0012506661245668363,0.011762898991227722
2025-01-23,-0.0020352092981842642,-0.0016955993746808578,-0.0019378084958880542,-0.000294193949172584,-0.0018761847557423885,-0.0018165233400612255,-0.00418251085903244
2025-01-24,-0.0012961927178600356,-0.000855766856891377,-0.0007469986582607069,0.001505677081785278,-0.0007318788917090392,-0.0008013416898583201,0.0038064066798253133
2025-01-27,-0.0012044673163219156,-0.001040380251551534,-0.00018418926921402411,0.0011412551965917764,-0.0002960466231712386,-0.0006121234312193064,0.00484065747442639
2025-01-28,-0.0012126298655731694,-0.001167340330731422,-0.0006238241660245774,-0.0006603453523464648,-0.0007163219950257211,-0.000913849711021624,-0.002098584577771001
2025-01-29,-0.0012637976181613174,-0.0013076193092772413,0.0007944946736050471,-0.0006603453523464648,0.0004147405188096938,-0.0009618412309201513,0.006170526568449543
2025-01-30,-0.0014856828692555134,-0.0014246008287056144,0.0006033395245689671,-0.0006603453523464648,0.0002331224520235276,-0.0010422695958262227,-0.0034732848969797887
2025-01-31,-0.0014008402612501764,-0.0012899014223270088,0.0006817859903010894,-0.0006603453523464648,0.000314473930653492,-0.0009749358586428916,-0.0018347920288876132
2025-02-03,-0.001743741708206941,-0.001394312601249766,0.0006817859903010894,-0.0006603453523464648,0.0002791001903818254,-0.0010272198350564851,0.0042262985125258
2025-02-04,-0.0019150817814973281,-0.0011668267781656627,0.0006817859903010894,-0.0006603453523464648,0.00028497552125387587,-0.0009135469640032785,0.009250173716028319
2025-02-05,-0.0019792250303827742,-0.0010929700371448262,0.00011897660125440757,-0.0006603453523464648,-0.00016886058330284098,-0.000876666443594779,0.023643150457973234
2025-02-06,-0.0021790780907386975,-0.0012729459906804992,0.00011897660125440757,-0.0006603453523464648,-0.0001995090529667743,-0.0009666573252354541,-0.003980487035852408
2025-02-07,-0.00207325498054768,-0.0010925647256254736,0.0002592492466599528,-0.0006603453523464648,-6.269201392070063e-05,-0.0008764591457158188,-0.017409478108640825
2025-02-10,-0.002077682776721985,-0.0008881924189074933,0.0006383659324910565,-0.0002050056187778696,0.00027423945134635554,-0.000546624993283397,0.014468254866266234
2025-02-11,-0.0018964675630869787,-0.0007094003048455428,0.0010951508853609298,0.0023897213412395076,0.000749699126474877,0.00019288272446454468,0.0016714703790319191
2025-02-12,-0.0015452088752916666,-0.00045166091375064903,0.0007627471169013862,0.0005881207923012666,0.0004763882665247544,6.8091156621707e-05,0.0031534726692497364
2025-02-13,-0.001481387374644272,-0.00044536058916940316,0.0007627471169013862,0.0005881207923012666,0.0004818661386888119,7.124554548910864e-05,0.0009766111422928028
2025-02-14,-0.000869398438613047,-5.62366102893131e-05,0.0007627471169013862,0.0005881207923012666,0.0005620754436809323,0.0002658177376339149,0.012074807352274482
2025-02-18,-0.000591977154881329,-0.0002592315851796523,0.0007627471169013862,0.0005881207923012666,0.0005664857422043696,0.00016439935513560213,-0.002503621449917913
2025-02-19,-0.00010225088219853863,-0.00011194025796620324,0.00074163691891087,0.0005881207923012666,0.0005997825328294655,0.0002430113386483011,-0.045608169661332985
2025-02-20,-0.0004879360228321319,-0.0004948745011625453,0.0013043669102549408,0.0027541432264330088,0.001056936610940639,0.0004083962238372157,-0.009641524162849809
2025-02-21,-0.0007504158483339639,-0.000340990860589076,0.0008551069799982455,0.00021208469466219227,0.0006108407673023751,-6.441519006199331e-05,-0.01103551657694353
2025-02-24,-0.0006759348958685528,-0.0003347981651885063,0.0016210468069260586,0.0036746845580382208,0.0013392274302280634,0.000643260978492917,-0.01519095609833975
2025-02-25,-2.5871422437559878e-05,-0.00023266321612602195,0.0008877893973416835,0.002811696767913289,0.0007797028910869349,0.000431131364535176,0.005385683572757526
2025-02-26,0.0008130614528443858,0.0002687061961459371,0.000829512312508012,0.002811696767913289,0.000839834484457681,0.000821292835486654,0.0010040911158967361
2025-02-27,0.0010812863453979445,0.0002128853991837259,0.0008610990611830944,0.002811696767913289,0.0008814666760510365,0.0009712316682569243,0.02138712910290357
2025-02-28,0.0012276647693005341,4.971555915091793e-05,0.000884845830984864,0.002811696767913289,0.0008982740718177338,0.0010562874517316407,-0.015344786260013489
2025-03-03,0.0015145601404390387,0.0003539263375244158,0.0007465656910681384,0.002811696767913289,0.0008343197376287837,0.0011306606455074016,-0.04060297078605837
2025-03-04,0.000449477485807889,-7.309776510043076e-05,0.0004046168402529067,0.002691158782781679,0.0004357214213477036,0.00042706486252269384,0.005101843671781286
2025-03-05,0.000421594775514658,0.0005323873206651479,0.000537276837620096,0.0023447539505939783,0.0005815374479577116,0.0005348459823955764,-0.020038036976102964
2025-03-06,0.0005394560312561393,0.0004499107050854258,0.000579029263139848,0.0023447539505939783,0.000617488906417249,0.0005593229937896469,-0.017430147816660108
2025-03-07,0.00010958345588906631,-0.0002690621844377095,-0.005445631132865093,0.0001870461564137207,-0.0044119103873758465,-7.998525619778177e-05,-0.04240887361882149
2025-03-10,0.0006353156949641935,-0.000150804058129498,-0.004913987556664572,0.0014425912324724883,-0.003894054488830628,0.00024215117429134437,-0.01335203565370912
2025-03-11,0.0014470517309805354,5.6946833667805355e-05,-0.006926856326254839,0.004550978249378378,-0.005348979734145103,0.0007519585844072471,-0.005426258331730892
2025-03-12,0.0023415182773169722,0.0003964458127187912,-0.0037148441725719738,0.0069338652537748215,-0.0025831269376771966,0.0013689890378920015,-0.01196240832229903
2025-03-13,0.0028727427320305267,0.0006424137941741376,0.005661058701327318,0.00903141644795928,0.005122300697925868,0.00426693509782926,0.03168763656249976
2025-03-14,0.0031888309322481577,0.0010372895099783589,-0.010357949388560939,0.0012413913374320182,-0.008003977349617553,0.0011393203702618033,0.006389756285941823
2025-03-17,0.0034447386190133763,0.0014895082368123298,-0.009087491503441214,0.0013832879423086803,-0.006914563344685563,0.001436387367419502,0.004435957619429258
2025-03-18,0.0038506232231811663,0.0017957626529064722,-0.009605258948345628,0.0025727811037176643,-0.007240672323865348,0.0021841833890379973,0.017465848031449436
2025-03-19,0.003806084409220538,0.0019540158647466154,-0.006930177516488359,0.002004003522414866,-0.005084626052027204,0.001979004090627406,-0.0004183305697119722
2025-03-20,0.0037166050839245036,0.0021901647447295286,-0.007166001827995787,0.002004003522414866,-0.005262361324350452,0.0020970609732827326,0.010902281667773829
2025-03-21,0.002723875940606133,0.0015283048755624987,-0.006268332147507057,0.0018834655372832563,-0.004672780689043612,0.0017058156500020243,0.026262991800014537
2025-03-24,0.004269720725991457,0.003001847447711412,0.004380519297336313,0.009315053901540842,0.004402268740652735,0.004325135245461637,0.01230011023825629
2025-03-25,0.005068311957425201,0.0031483821696046983,-7.616012265762367e-05,0.008220084329996914,0.0008403805844386546,0.004108345414319958,-0.00039830374425852024
2025-03-26,0.0052390393900926665,0.002932149136067128,-0.0008960013392068342,0.0036747874888037953,3.7598791954533434e-05,0.0033034228831511645,-0.011659968613503243
2025-03-27,0.005916599026759901,0.00319953208527201,0.0010978197384602136,0.004033660741642346,0.0017354780912742346,0.00361658969398026,-0.021468486501063005
2025-03-28,0.004861029717414663,0.00259834767503303,9.812849495938865e-05,0.003601135161921938,0.0007818462699360735,0.0030996933995874132,0.010037969780748253
2025-03-31,0.004200142119196629,0.0021043138296450493,0.0002505436773173573,0.003414305557767169,0.0008067090146029086,0.0027592384229387654,-0.006708137749515204
2025-04-01,0.00429779739784447,0.0023014913864886975,0.0004923992112657904,0.00223416394827204,0.00099142394378312,0.002267828868207717,0.008825764626033607
2025-04-02,0.003851607342775163,0.0021271211404883636,-0.00012424305057981037,0.0018001043577888693,0.000430658206957867,0.0019636089018887025,-0.07223220523797609
2025-04-03,0.002006868246601163,0.0008180093377424235,0.0004257983320133764,0.0016280607091050878,0.0006170677199406106,0.0012230321526850458,-0.08392741519779091
2025-04-04,-0.00051804180044194,-0.0007560710686514098,-0.005877595222856064,-0.001247204102294987,-0.004893421640866072,-0.0010018166341792512,0.019590020198253403
2025-04-07,-0.0011552635850046568,-0.0012308520115228401,-0.004518556830626863,-0.0008656681036103672,-0.003872569177644434,-0.00119310779012567,0.011268082821018092
2025-04-08,-0.0012000690869518479,-0.0011926279195429096,-0.006161934937186761,0.00023383120342197365,-0.0051690175299521695,-0.0011963496747176591,0.07747496344728888
2025-04-09,-0.0010191564409691048,-0.001889889262394038,-0.00353094183399336,0.0006042264955101504,-0.0030753181433742843,-0.001454523595698957,-0.031338552317702634
2025-04-10,-0.0007656478588898185,-0.0014274712429775257,-0.0006363846185905086,0.0012249408777900792,-0.0006577866888545459,-0.0007009898010154143,0.03924440654806097
2025-04-11,-0.0004771064005524528,-0.0013594025404004778,-0.000670097268245343,0.003272184182494264,-0.0005961918835852685,-0.0005735559724808387,-0.006285571247684518
2025-04-14,-0.0006150285851462453,-0.0005435370109141666,-0.00130328977562205,0.002824372412630233,-0.001063461270828494,-0.0005792634475521083,-0.006797060761498228
2025-04-15,-0.001515194439794875,-0.000160283587823551,-0.0018587601884167278,0.002824372412630233,-0.0015501145922843904,-0.0008375710195300387,-0.015214038671709567
2025-04-16,-0.0031733140399154204,8.716971000792626e-05,-0.001977802654785675,0.002824372412630233,-0.0017540665164582046,-0.0009452472287772824,0.010182751790170844
2025-04-17,-0.002928480403735062,0.0002556449879650302,-0.0025290502822217075,0.002824372412630233,-0.0021666345497993816,-0.0011365666462653087,-0.01288661348516045
2025-04-21,-0.000816733289471859,0.0004337808428863439,-0.002538250572087996,0.002824372412630233,-0.001995374468327452,-0.0001914523144134272,0.0284146320433232
2025-04-22,0.000861142172804799,0.00029225105496036893,-0.0032468386052593055,-0.0007321337250736447,-0.0025557319902340886,-0.00022005661638558436,0.022205913933728963
2025-04-23,0.001297320566764354,-0.0001908777787994327,-0.004324074069205981,-0.0012544230861869276,-0.003449150553295934,-0.000722698422773918,0.015488835241651148
2025-04-24,0.0009630410263747598,-0.00012777564434716482,-0.004931846834691674,-0.004010119557495058,-0.004042969494973209,-0.0020689362080560415,-0.004465466902990442
2025-04-25,0.0007469254386326984,-0.00016934172344523866,-0.005153496529584644,-0.0036208163883342612,-0.004230893825857126,-0.0018951178719027765,-0.0013558842110856445
2025-04-28,-2.8773957982787665e-05,-0.00019678772593332194,-0.004847436909244155,-0.0036208163883342612,-0.0040458580919686205,-0.001908895933746347,0.005739577526630971
2025-04-29,-0.0007073047710541281,-0.00023785957132430697,-0.004771810489621727,-0.0036208163883342612,-0.004040764131325134,-0.0021641201886985094,0.0
2025-04-30,-0.001570087389071416,-0.0006801538810502847,-0.004711198630275117,-0.0036208163883342612,-0.004095881737759594,-0.002595468680517397,0.009236924732703681
2025-05-01,-0.0014770755513653579,-0.0005401432445649338,-0.004839616712708341,-0.0036208163883342612,-0.004180718882677423,-0.002548967841406162,0.02250793930623684
2025-05-02,-0.0013905073893169617,-0.0006677286107037136,-0.0021599473150106484,-0.0024214078653886245,-0.0019823972145084014,-0.0017751431003600864,0.00019800444574649115
2025-05-05,-0.0007886462523554057,-0.0006539507678330147,-0.0027018653514160416,-0.0024214078653886245,-0.0023727729342966288,-0.0016050586952682754,-0.013192425741149578
2025-05-06,-0.0007790800180380302,-0.0006571935531493553,-0.0028254476568708975,-0.0024214078653886245,-0.002472232212033872,-0.0016003005281848117,0.0005615249217808569
2025-05-07,-0.0011220271936432436,-0.0007941785858143262,-0.0041001701478236416,-0.0024214078653886245,-0.0035410839052405674,-0.0017718485046759344,0.01622754388510143
2025-05-08,-0.0015756803922187639,-0.0009283958519315801,-0.0027981134929673072,-0.0024214078653886245,-0.002534719462402079,-0.0019984984071797236,-0.0015398261350639355
2025-05-09,-0.001445670038603962,-0.000648951466350615,-0.0035472594054634103,-0.0024214078653886245,-0.0031068624202460196,-0.0019335678414855333,0.027168221764221286
2025-05-12,-0.0020226645146146326,-0.001359131142655237,-0.0029226136303486727,-0.0024214078653886245,-0.002706312062223662,-0.0022220148737461813,0.011318218120858066
2025-05-13,-0.0020404196057517434,-0.0013773565749944797,-0.003384242298327148,-0.0024214078653886245,-0.003082492774382676,-0.0022309380845739525,0.009949972417610906
2025-05-14,-0.002116637289828944,-0.001516287133445305,-0.0034679228187525935,-0.0024214078653886245,-0.0031677642035686585,-0.002269055034792039,0.006940082134891746
2025-05-15,-0.002291843492803478,-0.001692122703084483,-0.002948860008446798,-0.0024214078653886245,-0.002776443042273923,-0.0023566202297785476,0.00026168517415334257
2025-05-16,-0.0027024594009180695,-0.0017190503539671466,-0.003100631249425295,-0.0017252791253280597,-0.002912603120943802,-0.0022139924500474252,-0.010066919452455613
2025-05-19,-0.0032543584211860727,-0.002012394591559551,-0.0030714077269887803,-0.0017252791253280597,-0.0029564585711467145,-0.0025418732349652227,0.0030156378276238404
2025-05-20,-0.0008662011834120429,-0.00029638918852342776,0.0005021441264893374,0.000872624656215605,0.00033982078470654487,0.00010284107312431896,-0.0176188644814573
2025-05-21,-0.0006737565367876413,-0.0002311316320332947,0.0005474342749673285,0.000872624656215605,0.00039685548426423385,0.00015812580433142783,-0.0014183939876004448
2025-05-22,-0.0006174468922774352,-0.00019741892921071378,0.0007336719680630249,0.000872624656215605,0.0005546499640157552,0.00026805242199752185,0.00015335466280898467
2025-05-23,-0.00027347552290561304,-0.00022533488374920792,0.0007336719680630249,0.000872624656215605,0.0005789629913022997,0.000254204705882337,0.017414953771071936
2025-05-27,-0.000278640230778265,-0.00037409872219407257,0.0005181580698768623,0.0005762188142997654,0.0003829755209460115,0.00011974099078742391,-0.006808219930959697
2025-05-28,-0.00014225895145222975,-0.00013449927604761657,0.0005316064715551366,0.0005762188142997654,0.00042459914256012885,0.0001985782417713486,0.003334239087997735
2025-05-29,-0.0003325001540903,-0.000109221016565151,0.0005316064715551366,0.0005762188142997654,0.0004119808147060211,0.00021110967733492728,-0.0014005154762147022
2025-05-30,-0.0013016269480936502,-0.0007326190553084066,0.0006079237495287275,0.0005025067640365921,0.0003438801329800029,-0.00011515496134603559,0.002496894035620979
2025-06-02,-0.0010686520015763079,-0.00015984519296694802,0.0006441268970794975,0.0005762188142997654,0.0004416359118788858,0.00020800943371720944,0.0060647931313156135
2025-06-03,-0.001204400570031862,-0.00025592981945335013,0.0006336192833066656,0.0005762188142997654,0.00041452503467776815,0.00015996437334204225,-0.007728696243019221
2025-06-04,-0.0010441752529697177,-3.455193910761878e-05,0.0006441268970794975,0.0005762188142997654,0.00045408460373937213,0.00027064147360901535,-0.008628401615390233
2025-06-05,-0.0008417208116275778,-0.00016453630685986267,0.0006633252383912855,0.0005762188142997654,0.0004743557088645294,0.00020569719343349613,0.014327104577298754
2025-06-06,-0.00028785084577667285,-9.666057423779364e-05,0.0006633252383912855,0.0005762188142997654,0.0005230065130626565,0.00023973353632240663,0.003793567551080139
2025-06-09,0.0002355677394803823,-7.660232045413756e-05,0.00041796691711500745,0.0005762188142997654,0.00036687500280294257,0.00032671335383884685,0.006948942229353606
2025-06-10,0.0003597698722809479,3.9196264052089244e-05,0.00039719859641333455,0.0005762188142997654,0.0003694615034293169,0.0003784651047474645,-0.0016768041452139895
2025-06-11,0.00046249959709749146,9.090371092752435e-05,0.00039719859641333455,0.0005762188142997654,0.0003817793215416602,0.0004297935168471933,0.00033556308431433436
2025-06-12,0.00047770909299595977,0.0001885391744792565,0.0003115012015116192,0.0005762188142997654,0.00032188620774024467,0.0003945861754810438,-0.012340890739943905
2025-06-13,0.00042945088720407925,0.00024121948480450663,0.00023225871030014693,0.0005762188142997654,0.0002585068003059519,0.0003354926254299414,0.020213175039189468
2025-06-16,0.00018792883512698088,-1.9918435954772778e-05,-4.612383704930654e-05,0.0005762188142997654,-7.3047318045151285e-06,8.420016883260844e-05,-0.0031117917151957343
2025-06-17,0.00018982572423147245,0.0001661994459179947,-0.0019708028889324405,0.0001926932233342099,-0.0015591472867295562,0.00017772525072469225,0.016339520803578655
2025-06-18,0.00031697699662534416,3.0931896784241694e-05,-0.003458449349670464,-0.000502809461887108,-0.0027842222627069988,-0.00023609481813621818,0.0037890185272670056
2025-06-20,8.120018501460305e-05,-0.00047593034537056294,-0.0036719308505367694,-0.000502809461887108,-0.003017803082031792,-0.0004893801151382585,0.011820728232901907
2025-06-23,0.0007774905153598659,0.00011352073727998238,-0.004885972023052236,-0.0009363563734049514,-0.0039087197935771464,-0.00041154459437719396,0.010687717263615615
2025-06-24,0.000503436432509738,-0.00013817977676130382,-0.005085666017779944,-0.0009363563734049514,-0.00411263139914036,-0.0005373878671595224,0.009905931695207851
2025-06-25,0.00040634930262108387,-2.586733285966751e-05,-0.0054169399228376405,-0.001263319682935406,-0.004388268041320503,-0.0006447624311237879,0.016375786977706582
2025-06-26,-5.590578859751257e-05,-0.000432356094925317,-0.005531951108604208,-0.001263319682935406,-0.004551329846197541,-0.0008480048074640354,-0.005695895266557229
2025-06-27,-0.0012194331067130078,-0.0013898777934678432,-0.007046478382957217,-0.001263319682935406,-0.005946795282844566,-0.0013268225067609495,0.00970517604844902
2025-06-30,-0.0006010896461488384,-0.0010117992960522715,-0.005578747228632938,-0.001263319682935406,-0.004680226899793554,-0.0011376510423531227,0.001723187611709073
2025-07-01,-0.000509825220021903,-0.0008059632453543233,-0.005622622915570177,-0.001263319682935406,-0.004691295789754671,-0.0010347969832874729,0.005460072038677546
2025-07-02,-0.0004747144045935043,-0.0008445832496191529,-0.0056310832938603495,-0.001263319682935406,-0.004698667378184269,-0.0010540829191062894,0.013605652055778678
2025-07-03,-0.00041587586921770087,-0.0008295983551612563,-0.005620827778266182,-0.001263319682935406,-0.004684551887056517,-0.0010465832908783355,-0.013708392878973494
2025-07-07,-0.0005715341736091399,-0.0010091756392416977,-0.005622622915570177,-0.001263319682935406,-0.0047131924373559845,-0.001136335402024722,-0.03198185559818681
2025-07-08,-0.0012159816158742586,-0.0014280249665749322,-0.0058222022460288425,-0.001263319682935406,-0.004959799497455723,-0.0013459054106823162,0.0013429159920923279
2025-07-09,-0.0009098660618769494,-0.001003801188923643,-0.005635740088428948,-0.001263319682935406,-0.004749573039595798,-0.0011337721976579424,0.01760787146965052
2025-07-10,-0.0005811193556644087,-0.0007630501184906595,-0.005622622915570177,-0.001263319682935406,-0.004693208517057212,-0.0010133843522082651,-0.004625752507338657
2025-07-11,-0.000613287478257462,-0.000593147347885792,-0.005583032123792009,-0.001263319682935406,-0.004649381291300469,-0.0009385929711349101,0.006393888150338949
2025-07-14,-0.0006456490567143692,-0.0006969785946666783,-0.005649893898360311,-0.001263319682935406,-0.004714697761419319,-0.0009804194988045569,-0.0074751305539019096
2025-07-15,-0.0008237291175994962,-0.0008103755938238231,-0.005515733005278981,-0.001263319682935406,-0.004629570113618827,-0.00104382303397899,-0.002550730718808579
2025-07-16,-0.0005283632117649055,-0.0004289695679616345,-0.005419664306066618,-0.001263319682935406,-0.0044968742402727024,-0.0008960875707842372,0.014173747194811473
2025-07-17,-0.0003619995056411724,-0.00022789447449398693,-0.005483574609657366,-0.001263319682935406,-0.004518722376053769,-0.0008128947569972453,0.004714619457710295
2025-07-18,-0.0007300882991281762,-5.8466510318551054e-05,-1.9395214221916027e-05,0.00027405076640574564,-6.906841801703133e-05,-3.8947918925200735e-05,-0.0010304610626046076
2025-07-21,-0.0005403719169029241,0.000354027938369983,-4.506878240757843e-05,0.00027405076640574564,-4.038412504165562e-05,0.00011434585004047542,0.0015796413308685278
2025-07-22,8.684561972351036e-05,0.0005318618868789066,-4.506878240757843e-05,0.00027405076640574564,2.3212322658173746e-05,0.00018050373801407213,0.018123949629090495
2025-07-23,0.0005356223885314278,0.00046561405466033934,-0.00016195150584761856,0.00027405076640574564,-4.208891646366748e-05,0.0003696880874507367,-0.0007079671075582178
2025-07-24,0.0005348098171688976,0.00046061975535518715,-0.00016195150584761856,0.00027405076640574564,-4.257248962874239e-05,0.00036719577363606733,0.006956048626009627
2025-07-25,0.0006169533176746382,0.0004723814910929492,-0.00016195150584761856,0.00027405076640574564,-3.521441473438775e-05,0.0003731304384955853,-0.0011392071641400919
2025-07-28,0.0004764298923371934,0.0004114467620429074,-0.00015604262122071377,0.00027405076640574564,-4.6461093432641765e-05,0.0003426064775803218,-0.00416579994738951
2025-07-29,0.00041199837883031446,0.0002535426010428955,-0.0001660412093168205,0.00027405076640574564,-7.283803557097459e-05,0.00026377322139162543,0.008681557801796866
2025-07-30,0.0005601916596207653,0.0001376044195487004,-0.0001660412093168205,0.00027405076640574564,-7.111390546971155e-05,0.00020582375131394357,-0.01137849279741864
2025-07-31,-2.0351601935707274e-05,-0.00036785156949745406,-0.00019058644700285974,0.00027405076640574564,-0.00017852936514129486,-0.00010542960389415377,-0.023463774440539893
2025-08-01,0.0003087972131053815,0.00011199383501393594,-3.0887713747728114e-05,0.00027405076640574564,1.6525930239713664e-05,0.00019291218846206583,0.016757634257293774
2025-08-04,0.0008842228707596249,0.0005321164058780908,-9.396626125809257e-06,0.00027405076640574564,0.00011388894682925827,0.0004031009162119006,-0.009869843023453378
2025-08-05,0.0013509553023328363,0.0006961591482455041,-0.00022572332560399355,0.00027405076640574564,-1.1036643067916348e-05,0.00048512591077167893,-6.86058952424624e-05
2025-08-06,0.0013957342917790979,0.000839225468696693,-0.00019424627461429677,0.00027405076640574564,2.993466851684693e-05,0.0005566527058976144,-0.015252171359502352
2025-08-07,0.0012852126280391905,0.000838007147962566,-0.0010788306540031052,-0.001983686826077555,-0.0007610057746153622,-0.000120464131346375,0.006322783911470089
2025-08-08,0.0013853863758623414,0.0010530906816683368,-0.0011219210631979821,-0.001983686826077555,-0.0007699703062329641,-3.4477758409080426e-05,0.002766593903370819
2025-08-11,0.0014097991451343566,0.0011999042583647288,-0.0006249153057146017,-0.0007510377950955612,-0.0003172582263761221,0.0002875122260105654,0.011298032384066478
2025-08-12,0.0011968404780560572,0.0009358770298200135,-0.00020424486271040349,0.00027405076640574564,1.4571376394237806e-05,0.000604913326816858,-0.007953716395498953
2025-08-13,0.0010807760788398807,0.0010894679311619243,-0.00020424486271040349,0.00027405076640574564,1.8508651701810362e-05,0.0006772618874379725,0.012417012460322263
2025-08-14,0.0012113297332252957,0.0012903587157412346,-0.00014251158520513983,0.00027405076640574564,9.546355700736016e-05,0.0007425939637513252,-0.012554730768613305
2025-08-15,0.00136129051815186,0.0012103861556394422,0.0005690289616433422,0.0005463367325623601,0.0006837804680789925,0.0008897776660913256,0.003573793586024126
2025-08-18,0.0014094908524302436,0.001397348654508609,0.0005214030845597772,0.0005463367325623601,0.0006647515708751209,0.0009718356601304853,-0.0029887004624930278
2025-08-19,0.0013573843305549644,0.0013314077972874034,0.0005214030845597772,0.0005463367325623601,0.0006551593163930168,0.0009388728676914825,0.005421137273257518
2025-08-20,0.0012610086859274042,0.0012147208990721452,0.0005114007995047129,0.0005463367325623601,0.0006297741705555957,0.000880535937037313,-0.0026382603401145024
2025-08-21,0.0015880356288302958,0.0013038181372072627,0.0005114007995047129,0.0005463367325623601,0.000662627722589354,0.0009251760150670099,0.01623281490965249
2025-08-22,0.001545559149826354,0.0010554299774041664,0.0005582299621873018,0.0005463367325623601,0.0006762832703918672,0.000807017426872572,-0.004533608515778015
2025-08-25,0.0018300093075093115,0.0013423659732756355,0.0005790312466984063,0.0005463367325623601,0.0007393167037535663,0.0009608419005027047,0.012368140609763835
2025-08-26,0.0014519875391906423,0.0011378229666871708,0.00039864433471656753,0.0005463367325623601,0.0005469285858124811,0.0008421375468875165,0.0023751502269962945
2025-08-27,0.0013483424551006616,0.0011334189129457099,0.00042218545523792293,0.0005463367325623601,0.0005575585443682713,0.00083991601736476,0.005963234217161959
2025-08-28,0.0007840567893634299,0.0009070525999931502,0.00041218317018285863,0.0005463367325623601,0.0004866656127373682,0.0006651894502281148,0.0011618653615289843
2025-08-29,0.0006325406909978356,0.000765405774489699,0.0004048631378117658,0.0005463367325623601,0.000457073001271216,0.0005894340631865462,-0.005722670486330495
2025-09-02,0.00046931986054438764,0.0007233982162262774,0.00041218317018285863,0.0005463367325623601,0.000446801824794464,0.0005079156570791996,-0.0006341764683730806
2025-09-03,0.0005290793925722117,0.000775391648090897,0.00041218317018285863,0.0005463367325623601,0.0004558127708673331,0.0005377249589756878,0.014287606301536436
2025-09-04,0.00047115776187381104,0.0006105096728050931,0.0004155647974263649,0.0005463367325623601,0.00044017198282941046,0.0005087595297002761,-0.03156397853540755
2025-09-05,0.00041158411617063864,0.00046154408484282345,0.00037581844701167023,0.0004960537431636836,0.0003893783037742802,0.0004365610352880005,-0.005006059252646132
2025-09-08,0.0005188961866665631,0.0007177686370295895,0.0005006018000486725,0.0005463367325623601,0.0005216654468445542,0.0005327617276934522,0.016724617468045693
2025-09-09,0.0007907284227088535,0.0007502212555871689,0.0005006018000486725,0.0005463367325623601,0.000545470218116413,0.0006482715944247087,0.008990860462868564
2025-09-10,0.0008455516059656357,0.0007516315760807309,0.0005006018000486725,0.0005463367325623601,0.0005498387589316999,0.0006490367328881114,0.016565265653742584
2025-09-11,0.0008324116887397954,0.0006537810843155313,0.0003878453352605272,0.0005463367325623601,0.0004494058564204409,0.000600067799970304,0.004408406247373074
2025-09-12,0.0007004755573176999,0.0007008140621758974,0.0004155647974263649,0.0005463367325623601,0.0004655529924735824,0.000623221589269235,0.00646302323507242
2025-09-15,0.0005757132204250623,0.0007872801746785584,0.0004942163433283944,0.000596092939669183,0.0005282369092557696,0.0005859331512837949,0.0009384023942207043
2025-09-16,-8.520088302472388e-05,0.0003199883143718607,0.0006323771791100373,0.0005522973908487607,0.000548068424814151,0.00043601167288196286,0.008245602000261533
2025-09-17,-0.00010992060737746387,0.0004127308908390701,0.0006445625288799719,0.0005522973908487607,0.000563815311132471,0.00048239083591957485,0.0047361954842986935
2025-09-18,-0.0006358564605946278,0.00033473313663984173,0.0006445625288799719,0.0005522973908487607,0.0005164774937015988,0.00044334825443248396,0.00493619820105407
2025-09-19,-0.0018026644781277534,-0.0012240446450177914,1.132725041427067e-05,0.0007740294936267921,-0.00021068926128797182,-0.0006063354702024707,-0.007461519689401627
2025-09-22,0.00025358324193502284,0.0003722013849521425,0.0006445625288799719,0.000596092939669183,0.0005898799333891157,0.0004840806615854043,0.0009596846332485094
2025-09-23,0.00034677354320332735,0.00024555566280016756,0.0006346012673505717,0.000596092939669183,0.0005783840363196613,0.00047136950274046093,0.002172043748345067
2025-09-24,0.0005272517270910711,0.0003152004459560453,0.0006445056518747086,0.000596092939669183,0.0006062479132808515,0.0005615634396029264,9.570972639640803e-05
2025-09-25,0.00031772259296115716,0.00027988470857206397,0.0006445056518747086,0.000596092939669183,0.0005870316311129942,0.00045692027162548316,0.008292164592368312
2025-09-26,0.00011368817910759434,0.0001667784384361534,0.0006445056518747086,0.000596092939669183,0.0005616903216901234,0.00038143176155636707,-0.0011713341020686693
2025-09-29,-2.629783894031489e-05,0.00020627156008284746,0.0006445056518747086,0.000596092939669183,0.0005541647408809275,0.00040107650582990703,-0.0008239630572537917
2025-09-30,-0.0005516471431765063,-0.0002540906443542325,0.0006092307829477044,0.0005522973908487607,0.0004448496699908683,0.00014901631937715815,-0.015076790329513094
2025-10-01,-0.0003141471736726652,0.00020419294484358148,0.0006313773942470391,0.000596092939669183,0.000521060828839012,0.00039995957763706125,-0.010222337804451751
2025-10-02,-0.0003503673525342576,0.0004832349364954806,0.0006412817787711761,0.000596092939669183,0.0005497606663545722,0.0005394752300290796,0.008031427089881379
2025-10-03,-3.777997395095422e-05,0.000805359569336345,0.0006200890536144908,0.000596092939669183,0.0005839825241018999,0.0006080691981358807,-0.0027454551740353104
2025-10-06,0.0004405590073848989,0.0009786441123233267,0.0005873425952898093,0.000596092939669183,0.0006091765658091189,0.0005917282447861779,-0.004830817332018259
2025-10-07,0.0007889692566147669,0.0011080159979653626,0.000536407956308251,0.000596092939669183,0.0006058939737899091,0.0006926664074137823,-0.01196641381428859
2025-10-08,0.001289639484248393,0.0015103249045461836,0.00035441065565893675,0.000596092939669183,0.0005314227518499226,0.0009428594056750799,0.004921592734975841
2025-10-09,0.0014703407805070397,0.0015463918970405706,4.1601220822120006e-05,0.0003917883123115466,0.0002894691417843566,0.0009309870719962734,-0.015303171332673341
2025-10-10,0.0013765918704662376,0.0015805158747290208,-0.0003468851945673771,-5.976353820710501e-06,-4.0855966991315974e-05,0.0006852780079583878,0.023257581460929006
2025-10-13,0.0011217586488963616,0.0012711986373866544,0.00020817391223076746,0.0005536760580641478,0.00037876673133417264,0.000837651720878028,-0.019310541089725422
2025-10-14,0.0007576311900854468,0.0010325901187094196,-0.0005312516966473612,-8.747706742911637e-05,-0.0002864749318791786,0.00033503892457485793,0.01187968603311222
2025-10-15,0.001495392104223339,0.0015638365674521322,-0.0001520152832508851,0.0005536760580641478,0.00014112752428576284,0.0010243897301398877,-0.023667568711863887
2025-10-16,0.0018874401713783648,0.0018072673226639025,-0.00020858129274869763,-8.747706742911637e-05,0.00012725213270591582,0.0008598858625042496,-0.0032880787090740662
2025-10-17,0.0017552561851537892,0.0018083632424145688,-0.0002775331283239109,-8.747706742911637e-05,6.134385963450344e-05,0.0008338587203372736,0.016002434858578732
2025-10-20,0.0021694177404613076,0.0020981555382026907,-0.00010582558742845435,0.0005536760580641478,0.00027572171941030925,0.0013258070021186705,-0.01758320110224455
2025-10-21,0.002182068939794312,0.002134200483456925,-0.00012296389695377666,0.0005536760580641478,0.000265879950448127,0.001343822270730417,-0.010081313658689842
2025-10-22,0.002346975431822651,0.002143576421584854,-0.00032900808014088535,-8.747706742911637e-05,9.381964894931305e-05,0.0010280432018411206,0.001461049093058298
2025-10-23,0.0026248354606717345,0.0023984926532263917,-0.0005123561197170626,-8.747706742911637e-05,-1.1427895348846005e-05,0.0011554797677538482,0.019833228634823355
2025-10-24,0.0029585583052984467,0.002246183038895331,0.00018322133447439047,0.0005536760580641478,0.0005830812239274973,0.0013999766419597911,0.012272905755348288
2025-10-27,0.0028781666047713937,0.0023832015362801316,-5.377142589474952e-07,0.0005536760580641478,0.0004398019380638177,0.0014684308010577654,0.003970379766668846
2025-10-28,0.0028084667469378947,0.0023095969295486053,-5.377142589474952e-07,0.0005536760580641478,0.00042820049999910836,0.0014316289168025962,0.0004911827992139265
2025-10-29,0.002242678557415657,0.0021563958382074646,-0.0001237336391959564,0.0005536760580641478,0.0002718250030150193,0.0013549312536430983,0.012781676889541125
2025-10-30,0.0023020412680804314,0.0020503660930131385,-9.591030234155111e-05,0.0005536760580641478,0.00028999534548457447,0.0013019562428128214,0.005414453998499606
2025-10-31,0.0022156548319113576,0.0019049800261140223,-0.00010197230548709266,0.0005536760580641478,0.0002661537843125859,0.00122927246967267,-0.0057053324460583105
2025-11-03,0.0017060581533207956,0.001825277856485248,-0.00010197230548709266,0.0005536760580641478,0.00021993901031873433,0.0011297577246295561,-0.00032333043452999677
2025-11-04,0.0016770083589802654,0.0018001285972733753,-0.00010197230548709266,0.0005536760580641478,0.0002155692416610422,0.0011152329473934788,0.00782698568241091
2025-11-05,0.001973832587162123,0.0016925722508877984,-0.00010197230548709266,0.0005536760580641478,0.00022952077736862543,0.001123058919345714,0.005567189982682156
2025-11-06,0.002131542325579777,0.0014712168773376288,-0.00010197230548709266,0.0005536760580641478,0.00022310511555830663,0.001012447077466714,0.00251733804429832
2025-11-07,0.0020735767778756143,0.0013407752367665126,-0.00010197230548709266,0.0005536760580641478,0.00020762688445122185,0.0009472350804572564,0.008493231746813138
2025-11-10,0.001880163807210379,0.001340686256783625,0.0006640548338292336,0.0006030922367226743,0.0008134968781629857,0.0010025132819694942,-0.004015813879357545
2025-11-11,0.001551139555230153,0.0012841138053496194,0.0006640548338292336,0.0006030922367226743,0.00078322750554175,0.0009741726541317018,0.01506249427342186
2025-11-12,0.0005763333201062619,0.00041531260075553997,0.00024276546913189412,0.0006030922367226743,0.00029384689191951427,0.0004956824078113392,-0.034707931942297925
2025-11-13,0.0004604971418458079,0.0007611540016358535,0.0006441216179325037,0.0006030922367226743,0.0006385254718404066,0.0006235963479436716,-0.019149570372671135
2025-11-14,-0.00018889718013932614,0.0006575009253637408,0.0006276950696998046,0.0006030922367226743,0.0005661745275302962,0.0006152680456717362,-0.010728903005143373
2025-11-17,-6.318010656178731e-05,0.0009516735776891011,0.0006199670451087244,0.0009141454814260651,0.0006036751532782885,0.0007668480408821992,-0.0032011480103118243
2025-11-18,0.00027196949706991165,0.0010806733300200563,0.0005653002282833327,0.0006030922367226743,0.0005870844692387702,0.0005842074164998285,0.012809577815405367
2025-11-19,0.0009840908480846706,0.0014400279681926363,0.0006074423441843463,0.0006030922367226743,0.0007066246646158875,0.0007959757502933767,-0.016255603288735897
2025-11-20,0.0011915232388831033,0.0014685130079839961,0.0005682838308598989,-3.355701395649897e-05,0.0006745463009022473,0.0008798379543135318,-0.0012072968361968488
2025-11-21,0.0009155109170415935,0.0011547300189535116,7.822496471725537e-05,9.601620932432942e-05,0.00023431313758833015,0.0005058545082211765,-6.707497751019905e-05
2025-11-24,0.0008515502662635533,0.0013544002460825965,0.00043346626866484,-3.355701395649897e-05,0.0005295700778508933,0.0006425142526083618,0.016639319003964724
2025-11-25,0.0010386932207953172,0.0016186897786107132,0.0007991134397102617,0.001396499528335001,0.0009044324319633594,0.0012175899261431013,0.015197510294999206
2025-11-26,0.0005400586535801357,0.0017015341831862203,0.0008661514489625994,0.0009141454814260651,0.0009126477452921641,0.0008901676988181161,0.017528390243120227
2025-11-28,0.0009601513769102177,0.002024103456217708,0.0006481332733085883,0.0009141454814260651,0.0007960890097791256,0.0009371772686014304,-0.013376318879722009
2025-12-01,0.0007166370227686008,0.0016921741168912925,0.0008255751458713747,0.0009141454814260651,0.0008927377757381636,0.0008699619173511703,-0.0033722746421838996
2025-12-02,0.0009197308141440808,0.0017007994357612724,0.0006530080836766955,0.0006030922367226743,0.0007604400586123018,0.0007865719428063665,0.013709670812637503
2025-12-03,0.0010781415507704324,0.0014663182175784794,0.0006530080836766955,0.0006030922367226743,0.0007529733712748072,0.0008657187581498244,0.01263885519216397
2025-12-04,0.0009529522277473778,0.0012490849815752214,0.0006530080836766955,0.0006030922367226743,0.0007249751281222807,0.0008031141254511132,-0.00335899651627737
2025-12-05,0.0014706380907387705,0.0014913134303865135,0.0006530080836766955,0.0006030922367226743,0.0007855037665907503,0.0010618073332192856,0.0005394142460225113
2025-12-08,0.001531591674993692,0.00128070316666317,0.0006530080836766955,0.0006030922367226743,0.0007724926554619023,0.0009669452908751494,-0.04775799247150885
2025-12-09,0.00033605405783892356,8.115799283757864e-05,-0.0009751187646294719,0.0005398355230456732,-0.0007395686755914872,0.00020849452261473278,0.031445962223618416
2025-12-10,0.000559163267426477,9.502605072412575e-05,0.0006119836337265397,0.0013882321884750278,0.0005873910442868979,0.0005855838130916806,0.023172783507208777
2025-12-11,0.0013810531933504005,0.0008693434786674424,0.0009175510988045721,0.0013981163955764718,0.0009636826159205156,0.001149274679077491,0.003585423377995607
2025-12-12,0.0009459603175836808,0.0007819862042591728,0.0007918440945504859,0.0013981163955764718,0.0008209527928422803,0.000869146235462167,0.004698226613154766
2025-12-15,0.0005788765792666121,0.0004376443588219324,-0.00047933975758304796,0.00040810875356620284,-0.0002937507841443791,0.0004228373782928267,-0.01406635016528549
2025-12-16,0.0007663703156151901,0.0006801309906564434,-0.0006119068046761609,0.00040810875356620284,-0.000365988920430538,0.0005439385870370928,-0.0018079297194320673
2025-12-17,0.00045569112771182195,0.000631418957337934,-0.00031722088179017094,0.00040810875356620284,-0.0001558933962618461,0.00043185793843964935,-0.006305989085727517
2025-12-18,-0.0002649878962203827,0.0004219658478436841,-0.00016941907292911693,0.00040810875356620284,-0.00010988605570517497,0.00011929023747920997,0.013360797637063713
2025-12-19,-0.0014301954693790213,-0.0006371565231007994,-0.0002664670694316354,0.0005398355230456732,-0.00036396526309377306,-0.0004518107271577985,0.018366922669401427
2025-12-22,-4.0016787273165744e-05,0.0006523310895650086,-0.00010834533638046785,0.0005497197301471171,-1.9460752165131076e-05,0.00025487113253576843,0.008751701065471759
2025-12-23,0.001080167033557389,0.0006987995115971551,-0.00010834533638046785,0.0005497197301471171,7.128669581496794e-05,0.0006242321298551479,0.009891763518785068
2025-12-24,0.0014097652921026167,0.0007196237893232535,-0.00010834533638046785,0.0005497197301471171,9.859010696336238e-05,0.0006346739044358419,-0.0038351837744928156
2025-12-26,0.0009070519264899087,0.0005939097195169819,-0.00013638515530121085,0.0005497197301471171,2.6361324847142784e-05,0.0005717975342415629,-0.012767578642635108
2025-12-29,-0.0001739828903981321,0.00014189412371094925,-0.00013638515530121085,0.0005497197301471171,-9.550367939037852e-05,2.9294784232543604e-06,-0.0010197833460037775
2025-12-30,-0.0006929629921671093,0.00014794088162202007,-0.00013729900712684568,0.0005497197301471171,-0.0001359636043258302,5.297463990688441e-06,-0.003717283816488067
